experiment_id,customer_id,experiment_name,group,assignment_date,converted
EXP00001,C09766,New_Product_Page,Control,2025-10-06 11:02:05,0
EXP00002,C02483,New_Product_Page,Treatment,2025-08-05 14:19:18,0
EXP00003,C01362,New_Product_Page,Control,2025-08-31 21:45:09,0
EXP00004,C04899,New_Product_Page,Control,2025-08-22 03:25:43,0
EXP00005,C07251,New_Product_Page,Treatment,2025-08-20 23:48:42,0
EXP00006,C03379,New_Product_Page,Control,2025-08-08 16:36:19,0
EXP00007,C08207,New_Product_Page,Control,2025-08-19 08:29:33,0
EXP00008,C08415,New_Product_Page,Control,2025-10-05 17:45:17,0
EXP00009,C02710,New_Product_Page,Control,2025-08-07 14:56:38,0
EXP00010,C00070,New_Product_Page,Treatment,2025-07-02 03:15:54,0
EXP00011,C02754,New_Product_Page,Treatment,2025-08-19 04:57:54,1
EXP00012,C05188,New_Product_Page,Control,2025-08-05 09:21:47,0
EXP00013,C01192,New_Product_Page,Control,2025-10-29 18:34:40,0
EXP00014,C03704,New_Product_Page,Control,2025-08-17 03:06:28,0
EXP00015,C08392,New_Product_Page,Treatment,2025-07-17 13:36:13,0
EXP00016,C01334,New_Product_Page,Control,2025-10-23 10:44:04,0
EXP00017,C08264,New_Product_Page,Control,2025-10-24 23:42:41,1
EXP00018,C07139,New_Product_Page,Treatment,2025-08-27 18:27:54,0
EXP00019,C03368,New_Product_Page,Treatment,2025-07-05 13:38:08,0
EXP00020,C09080,New_Product_Page,Treatment,2025-10-10 06:27:34,0
EXP00021,C09507,New_Product_Page,Treatment,2025-07-19 02:17:30,0
EXP00022,C03673,New_Product_Page,Control,2025-08-23 11:24:50,0
EXP00023,C04551,New_Product_Page,Control,2025-07-16 22:16:14,0
EXP00024,C03259,New_Product_Page,Control,2025-09-22 22:08:12,1
EXP00025,C04974,New_Product_Page,Treatment,2025-10-29 12:51:27,0
EXP00026,C04023,New_Product_Page,Treatment,2025-08-10 23:15:06,1
EXP00027,C08001,New_Product_Page,Treatment,2025-08-18 22:01:57,0
EXP00028,C01817,New_Product_Page,Control,2025-08-07 15:02:28,0
EXP00029,C02964,New_Product_Page,Treatment,2025-07-01 12:37:16,0
EXP00030,C08611,New_Product_Page,Treatment,2025-08-23 21:03:36,0
EXP00031,C05483,New_Product_Page,Treatment,2025-08-20 19:57:53,0
EXP00032,C02358,New_Product_Page,Treatment,2025-08-12 15:02:18,0
EXP00033,C05849,New_Product_Page,Control,2025-08-21 22:55:59,0
EXP00034,C06005,New_Product_Page,Control,2025-07-16 21:30:51,0
EXP00035,C02787,New_Product_Page,Control,2025-07-12 02:45:52,0
EXP00036,C09912,New_Product_Page,Treatment,2025-07-26 11:24:23,1
EXP00037,C00805,New_Product_Page,Control,2025-07-12 08:04:43,1
EXP00038,C07052,New_Product_Page,Control,2025-10-15 07:05:45,0
EXP00039,C05879,New_Product_Page,Control,2025-10-23 23:54:59,1
EXP00040,C03165,New_Product_Page,Control,2025-09-03 11:10:13,0
EXP00041,C04939,New_Product_Page,Control,2025-10-22 00:52:02,0
EXP00042,C01905,New_Product_Page,Control,2025-07-14 07:55:49,0
EXP00043,C09584,New_Product_Page,Control,2025-07-02 22:18:06,0
EXP00044,C05225,New_Product_Page,Treatment,2025-08-21 23:40:44,0
EXP00045,C00240,New_Product_Page,Control,2025-07-21 19:51:25,0
EXP00046,C07046,New_Product_Page,Treatment,2025-09-12 00:31:05,0
EXP00047,C02526,New_Product_Page,Control,2025-10-07 16:31:28,0
EXP00048,C03211,New_Product_Page,Control,2025-10-15 21:22:07,0
EXP00049,C01445,New_Product_Page,Control,2025-08-11 09:25:21,0
EXP00050,C04727,New_Product_Page,Treatment,2025-08-02 21:30:05,0
EXP00051,C01804,New_Product_Page,Treatment,2025-08-22 05:18:36,0
EXP00052,C06906,New_Product_Page,Control,2025-10-28 09:37:25,0
EXP00053,C08564,New_Product_Page,Control,2025-10-10 23:14:22,0
EXP00054,C02248,New_Product_Page,Treatment,2025-08-02 00:59:08,1
EXP00055,C08962,New_Product_Page,Treatment,2025-07-24 13:08:04,0
EXP00056,C06817,New_Product_Page,Control,2025-08-03 18:30:00,0
EXP00057,C06190,New_Product_Page,Treatment,2025-09-10 05:04:21,0
EXP00058,C02599,New_Product_Page,Treatment,2025-10-27 03:27:09,0
EXP00059,C06295,New_Product_Page,Control,2025-07-14 04:05:16,0
EXP00060,C09327,New_Product_Page,Control,2025-09-09 02:54:37,0
EXP00061,C07088,New_Product_Page,Control,2025-09-08 19:28:26,0
EXP00062,C05020,New_Product_Page,Control,2025-08-20 15:07:37,0
EXP00063,C07357,New_Product_Page,Control,2025-09-21 06:00:18,0
EXP00064,C07272,New_Product_Page,Treatment,2025-07-09 02:18:46,0
EXP00065,C08715,New_Product_Page,Treatment,2025-08-21 12:36:34,0
EXP00066,C04238,New_Product_Page,Treatment,2025-10-11 20:18:00,0
EXP00067,C01837,New_Product_Page,Treatment,2025-10-08 12:47:56,0
EXP00068,C02236,New_Product_Page,Control,2025-09-19 01:56:55,0
EXP00069,C09720,New_Product_Page,Control,2025-10-21 14:25:10,0
EXP00070,C06859,New_Product_Page,Control,2025-08-21 20:24:25,0
EXP00071,C07640,New_Product_Page,Treatment,2025-09-10 12:17:17,0
EXP00072,C04929,New_Product_Page,Treatment,2025-07-21 00:02:43,0
EXP00073,C00137,New_Product_Page,Control,2025-09-22 21:06:26,0
EXP00074,C01961,New_Product_Page,Control,2025-08-28 21:14:04,0
EXP00075,C04960,New_Product_Page,Control,2025-09-04 10:23:37,1
EXP00076,C03752,New_Product_Page,Control,2025-09-28 08:17:38,1
EXP00077,C02720,New_Product_Page,Control,2025-10-06 05:38:22,0
EXP00078,C06160,New_Product_Page,Control,2025-10-19 20:41:57,0
EXP00079,C02714,New_Product_Page,Control,2025-07-17 22:26:11,0
EXP00080,C00634,New_Product_Page,Treatment,2025-07-10 21:51:03,0
EXP00081,C05105,New_Product_Page,Control,2025-09-16 23:34:48,0
EXP00082,C01313,New_Product_Page,Control,2025-09-02 13:53:53,0
EXP00083,C01367,New_Product_Page,Treatment,2025-10-24 12:46:37,0
EXP00084,C06736,New_Product_Page,Control,2025-08-18 20:48:40,0
EXP00085,C00794,New_Product_Page,Control,2025-09-11 14:37:17,0
EXP00086,C06657,New_Product_Page,Control,2025-10-29 18:06:08,0
EXP00087,C00949,New_Product_Page,Control,2025-08-28 23:46:00,0
EXP00088,C08952,New_Product_Page,Treatment,2025-08-12 21:25:02,0
EXP00089,C03856,New_Product_Page,Treatment,2025-07-02 21:01:02,0
EXP00090,C02270,New_Product_Page,Treatment,2025-10-30 23:17:54,0
EXP00091,C05294,New_Product_Page,Control,2025-07-22 16:12:41,0
EXP00092,C02398,New_Product_Page,Treatment,2025-08-20 08:39:12,1
EXP00093,C02247,New_Product_Page,Treatment,2025-08-02 06:02:04,0
EXP00094,C09260,New_Product_Page,Control,2025-10-16 02:25:53,0
EXP00095,C00803,New_Product_Page,Control,2025-07-06 20:14:42,0
EXP00096,C02878,New_Product_Page,Control,2025-07-11 02:45:42,1
EXP00097,C05514,New_Product_Page,Control,2025-08-14 00:13:35,0
EXP00098,C04824,New_Product_Page,Treatment,2025-08-15 22:38:02,1
EXP00099,C02888,New_Product_Page,Treatment,2025-08-13 05:08:19,0
EXP00100,C00504,New_Product_Page,Treatment,2025-08-23 10:23:21,0
EXP00101,C05435,New_Product_Page,Control,2025-10-10 06:20:19,1
EXP00102,C01940,New_Product_Page,Treatment,2025-07-04 15:37:27,0
EXP00103,C02771,New_Product_Page,Control,2025-07-28 20:10:02,0
EXP00104,C00621,New_Product_Page,Treatment,2025-09-21 20:49:56,0
EXP00105,C05573,New_Product_Page,Treatment,2025-10-30 11:53:18,0
EXP00106,C04675,New_Product_Page,Control,2025-10-28 08:34:25,0
EXP00107,C08124,New_Product_Page,Control,2025-07-31 04:21:39,0
EXP00108,C07940,New_Product_Page,Treatment,2025-07-12 07:33:14,0
EXP00109,C02984,New_Product_Page,Control,2025-08-15 10:07:20,0
EXP00110,C01283,New_Product_Page,Treatment,2025-07-27 20:39:07,0
EXP00111,C04126,New_Product_Page,Control,2025-07-29 10:19:25,0
EXP00112,C05015,New_Product_Page,Control,2025-09-19 02:06:59,0
EXP00113,C06797,New_Product_Page,Treatment,2025-08-28 17:37:48,0
EXP00114,C01080,New_Product_Page,Control,2025-07-07 16:49:49,0
EXP00115,C05630,New_Product_Page,Treatment,2025-08-12 13:14:11,0
EXP00116,C02171,New_Product_Page,Control,2025-08-03 05:39:24,0
EXP00117,C06973,New_Product_Page,Treatment,2025-08-12 06:09:57,0
EXP00118,C07672,New_Product_Page,Treatment,2025-08-18 14:49:59,0
EXP00119,C01717,New_Product_Page,Control,2025-08-09 00:58:36,0
EXP00120,C02387,New_Product_Page,Control,2025-08-03 07:10:04,0
EXP00121,C06702,New_Product_Page,Control,2025-07-22 10:34:20,0
EXP00122,C05577,New_Product_Page,Treatment,2025-07-02 22:14:39,0
EXP00123,C09819,New_Product_Page,Treatment,2025-08-10 14:33:58,0
EXP00124,C05938,New_Product_Page,Control,2025-07-29 12:48:18,0
EXP00125,C02689,New_Product_Page,Treatment,2025-09-27 06:48:28,1
EXP00126,C05942,New_Product_Page,Control,2025-09-24 13:49:57,0
EXP00127,C01275,New_Product_Page,Treatment,2025-10-04 14:49:44,0
EXP00128,C03451,New_Product_Page,Control,2025-09-30 04:50:29,0
EXP00129,C09085,New_Product_Page,Treatment,2025-08-04 06:35:38,1
EXP00130,C08949,New_Product_Page,Control,2025-09-24 14:28:26,1
EXP00131,C05226,New_Product_Page,Control,2025-08-14 08:26:00,0
EXP00132,C01158,New_Product_Page,Control,2025-08-15 02:28:18,0
EXP00133,C04476,New_Product_Page,Control,2025-10-30 02:51:59,0
EXP00134,C09198,New_Product_Page,Treatment,2025-09-24 21:09:27,1
EXP00135,C07664,New_Product_Page,Control,2025-09-28 14:19:50,0
EXP00136,C04987,New_Product_Page,Treatment,2025-08-05 23:49:47,0
EXP00137,C06078,New_Product_Page,Control,2025-10-03 06:05:55,0
EXP00138,C00010,New_Product_Page,Treatment,2025-10-21 06:21:54,0
EXP00139,C01041,New_Product_Page,Treatment,2025-10-10 16:13:39,0
EXP00140,C09528,New_Product_Page,Control,2025-07-22 22:30:09,0
EXP00141,C02726,New_Product_Page,Treatment,2025-09-02 09:29:10,0
EXP00142,C09178,New_Product_Page,Treatment,2025-10-10 20:06:57,0
EXP00143,C03075,New_Product_Page,Control,2025-08-22 05:23:22,0
EXP00144,C02083,New_Product_Page,Treatment,2025-10-20 20:05:20,0
EXP00145,C09185,New_Product_Page,Treatment,2025-09-28 08:37:29,0
EXP00146,C09129,New_Product_Page,Control,2025-09-12 11:49:00,0
EXP00147,C04228,New_Product_Page,Treatment,2025-10-17 10:11:11,1
EXP00148,C01134,New_Product_Page,Treatment,2025-08-21 04:19:27,0
EXP00149,C08978,New_Product_Page,Control,2025-09-25 02:43:17,0
EXP00150,C09014,New_Product_Page,Treatment,2025-08-05 06:44:43,0
EXP00151,C00645,New_Product_Page,Control,2025-07-01 01:37:56,0
EXP00152,C01680,New_Product_Page,Control,2025-09-20 19:35:24,0
EXP00153,C06704,New_Product_Page,Control,2025-07-28 02:41:05,0
EXP00154,C03048,New_Product_Page,Treatment,2025-07-03 07:26:44,0
EXP00155,C04634,New_Product_Page,Treatment,2025-09-03 18:00:40,0
EXP00156,C01787,New_Product_Page,Treatment,2025-07-13 04:14:29,1
EXP00157,C02251,New_Product_Page,Treatment,2025-09-25 20:22:44,0
EXP00158,C03515,New_Product_Page,Treatment,2025-10-02 06:21:03,0
EXP00159,C08899,New_Product_Page,Control,2025-07-16 17:54:40,0
EXP00160,C02614,New_Product_Page,Treatment,2025-10-19 01:15:51,0
EXP00161,C09529,New_Product_Page,Treatment,2025-09-05 15:01:02,0
EXP00162,C07152,New_Product_Page,Treatment,2025-09-10 18:30:21,0
EXP00163,C05637,New_Product_Page,Treatment,2025-09-13 00:13:56,0
EXP00164,C01289,New_Product_Page,Treatment,2025-08-08 12:24:09,0
EXP00165,C01731,New_Product_Page,Control,2025-10-04 01:44:43,0
EXP00166,C02573,New_Product_Page,Control,2025-09-09 14:47:55,0
EXP00167,C03627,New_Product_Page,Treatment,2025-10-24 01:23:29,0
EXP00168,C05113,New_Product_Page,Control,2025-08-20 18:57:11,0
EXP00169,C09656,New_Product_Page,Treatment,2025-07-25 08:43:31,1
EXP00170,C03764,New_Product_Page,Treatment,2025-07-25 00:50:27,0
EXP00171,C08004,New_Product_Page,Treatment,2025-08-02 12:58:16,0
EXP00172,C03331,New_Product_Page,Control,2025-08-07 03:25:38,0
EXP00173,C08455,New_Product_Page,Treatment,2025-09-18 06:41:41,0
EXP00174,C05982,New_Product_Page,Control,2025-08-27 09:44:20,0
EXP00175,C05479,New_Product_Page,Control,2025-08-06 06:13:04,0
EXP00176,C08647,New_Product_Page,Treatment,2025-09-11 17:33:24,0
EXP00177,C08653,New_Product_Page,Treatment,2025-09-15 13:14:13,0
EXP00178,C05641,New_Product_Page,Control,2025-09-05 01:23:29,0
EXP00179,C07169,New_Product_Page,Treatment,2025-08-02 06:33:58,0
EXP00180,C05186,New_Product_Page,Treatment,2025-10-28 19:30:00,0
EXP00181,C05614,New_Product_Page,Treatment,2025-09-06 19:39:36,0
EXP00182,C05579,New_Product_Page,Treatment,2025-09-25 18:57:51,1
EXP00183,C06115,New_Product_Page,Control,2025-08-06 04:11:20,0
EXP00184,C09797,New_Product_Page,Control,2025-08-04 08:42:23,0
EXP00185,C03499,New_Product_Page,Control,2025-07-31 05:49:57,0
EXP00186,C07484,New_Product_Page,Treatment,2025-07-19 05:01:06,0
EXP00187,C02778,New_Product_Page,Treatment,2025-08-20 18:30:56,0
EXP00188,C06529,New_Product_Page,Treatment,2025-07-02 21:44:55,0
EXP00189,C07273,New_Product_Page,Treatment,2025-07-29 19:18:06,0
EXP00190,C08759,New_Product_Page,Control,2025-10-16 11:11:07,0
EXP00191,C05918,New_Product_Page,Treatment,2025-07-05 08:18:35,0
EXP00192,C07257,New_Product_Page,Treatment,2025-08-23 14:28:12,0
EXP00193,C05499,New_Product_Page,Treatment,2025-10-03 19:12:41,0
EXP00194,C06618,New_Product_Page,Control,2025-08-08 22:32:30,0
EXP00195,C01531,New_Product_Page,Control,2025-09-16 23:40:56,0
EXP00196,C00265,New_Product_Page,Control,2025-08-08 13:52:53,0
EXP00197,C05193,New_Product_Page,Control,2025-08-30 01:22:09,1
EXP00198,C06435,New_Product_Page,Control,2025-07-05 20:38:07,0
EXP00199,C06624,New_Product_Page,Control,2025-07-02 21:42:32,0
EXP00200,C00658,New_Product_Page,Treatment,2025-09-08 09:16:22,1
EXP00201,C02341,New_Product_Page,Control,2025-08-23 08:49:34,0
EXP00202,C02259,New_Product_Page,Control,2025-08-14 19:20:09,0
EXP00203,C04638,New_Product_Page,Control,2025-09-20 04:55:51,1
EXP00204,C04204,New_Product_Page,Control,2025-08-28 05:21:57,1
EXP00205,C08472,New_Product_Page,Treatment,2025-09-06 08:49:11,1
EXP00206,C03748,New_Product_Page,Control,2025-09-01 04:47:58,1
EXP00207,C09816,New_Product_Page,Treatment,2025-09-19 23:58:06,0
EXP00208,C09177,New_Product_Page,Control,2025-07-12 15:41:17,0
EXP00209,C00174,New_Product_Page,Treatment,2025-07-17 11:36:15,0
EXP00210,C09240,New_Product_Page,Treatment,2025-07-26 15:00:33,0
EXP00211,C08280,New_Product_Page,Treatment,2025-10-22 16:11:43,0
EXP00212,C03705,New_Product_Page,Treatment,2025-08-05 19:32:20,0
EXP00213,C03574,New_Product_Page,Treatment,2025-10-16 20:17:26,0
EXP00214,C03125,New_Product_Page,Control,2025-10-24 01:07:30,0
EXP00215,C02563,New_Product_Page,Control,2025-07-20 06:51:20,0
EXP00216,C04542,New_Product_Page,Control,2025-09-04 07:37:17,0
EXP00217,C02123,New_Product_Page,Control,2025-10-19 04:29:34,0
EXP00218,C06161,New_Product_Page,Treatment,2025-10-24 11:07:27,0
EXP00219,C09505,New_Product_Page,Treatment,2025-09-14 12:35:08,0
EXP00220,C00960,New_Product_Page,Control,2025-09-05 21:05:09,0
EXP00221,C01484,New_Product_Page,Control,2025-07-03 00:29:20,0
EXP00222,C05085,New_Product_Page,Control,2025-07-14 02:51:50,0
EXP00223,C05583,New_Product_Page,Treatment,2025-09-27 09:59:08,0
EXP00224,C08758,New_Product_Page,Treatment,2025-07-16 13:00:01,0
EXP00225,C09593,New_Product_Page,Treatment,2025-07-01 11:05:49,0
EXP00226,C08669,New_Product_Page,Treatment,2025-10-01 16:07:57,0
EXP00227,C06824,New_Product_Page,Treatment,2025-08-28 20:05:53,0
EXP00228,C06392,New_Product_Page,Control,2025-07-28 11:29:41,0
EXP00229,C00133,New_Product_Page,Control,2025-07-08 06:50:50,0
EXP00230,C08945,New_Product_Page,Treatment,2025-07-31 16:17:48,0
EXP00231,C03122,New_Product_Page,Control,2025-07-13 15:45:49,0
EXP00232,C02512,New_Product_Page,Treatment,2025-10-24 18:04:46,0
EXP00233,C02691,New_Product_Page,Treatment,2025-09-21 16:18:43,0
EXP00234,C09588,New_Product_Page,Treatment,2025-08-26 09:41:13,0
EXP00235,C04255,New_Product_Page,Treatment,2025-07-27 12:03:37,0
EXP00236,C00044,New_Product_Page,Treatment,2025-09-30 01:07:47,0
EXP00237,C01812,New_Product_Page,Treatment,2025-09-14 18:13:05,0
EXP00238,C09444,New_Product_Page,Treatment,2025-09-16 02:50:19,1
EXP00239,C04030,New_Product_Page,Treatment,2025-07-09 19:58:44,0
EXP00240,C01030,New_Product_Page,Treatment,2025-10-16 04:58:01,0
EXP00241,C09586,New_Product_Page,Control,2025-09-24 02:36:21,0
EXP00242,C05428,New_Product_Page,Control,2025-07-21 13:23:14,0
EXP00243,C06438,New_Product_Page,Control,2025-07-11 11:42:44,0
EXP00244,C06476,New_Product_Page,Treatment,2025-09-06 09:37:41,1
EXP00245,C08201,New_Product_Page,Treatment,2025-10-16 00:25:48,0
EXP00246,C06022,New_Product_Page,Control,2025-07-29 08:46:56,1
EXP00247,C00699,New_Product_Page,Control,2025-09-11 14:12:16,0
EXP00248,C08595,New_Product_Page,Control,2025-07-27 07:06:26,0
EXP00249,C06195,New_Product_Page,Treatment,2025-10-22 12:21:56,0
EXP00250,C08806,New_Product_Page,Treatment,2025-08-11 08:41:26,0
EXP00251,C04693,New_Product_Page,Treatment,2025-08-18 08:09:15,0
EXP00252,C02250,New_Product_Page,Treatment,2025-08-19 18:47:03,0
EXP00253,C01111,New_Product_Page,Control,2025-10-13 07:14:09,0
EXP00254,C00867,New_Product_Page,Treatment,2025-07-06 06:58:25,0
EXP00255,C03768,New_Product_Page,Control,2025-09-18 04:06:31,0
EXP00256,C00832,New_Product_Page,Control,2025-08-21 09:46:45,1
EXP00257,C03221,New_Product_Page,Treatment,2025-07-26 13:01:41,0
EXP00258,C07280,New_Product_Page,Treatment,2025-10-14 06:37:30,0
EXP00259,C07725,New_Product_Page,Treatment,2025-10-01 13:30:09,0
EXP00260,C05943,New_Product_Page,Control,2025-08-04 08:23:02,0
EXP00261,C05750,New_Product_Page,Control,2025-09-18 21:52:54,0
EXP00262,C07207,New_Product_Page,Control,2025-10-13 18:19:14,0
EXP00263,C03495,New_Product_Page,Treatment,2025-07-21 09:00:25,0
EXP00264,C05231,New_Product_Page,Control,2025-10-18 11:26:10,0
EXP00265,C00185,New_Product_Page,Control,2025-07-12 05:12:20,0
EXP00266,C02143,New_Product_Page,Treatment,2025-09-26 19:12:20,0
EXP00267,C02669,New_Product_Page,Control,2025-09-05 13:36:48,0
EXP00268,C09122,New_Product_Page,Treatment,2025-09-25 19:50:52,0
EXP00269,C09804,New_Product_Page,Control,2025-09-20 16:31:30,1
EXP00270,C05473,New_Product_Page,Control,2025-09-24 10:45:57,0
EXP00271,C07035,New_Product_Page,Treatment,2025-08-29 01:44:16,0
EXP00272,C00123,New_Product_Page,Treatment,2025-10-25 13:34:39,0
EXP00273,C05696,New_Product_Page,Control,2025-07-22 10:25:36,0
EXP00274,C02661,New_Product_Page,Control,2025-08-06 05:27:02,0
EXP00275,C03859,New_Product_Page,Control,2025-08-26 16:19:14,0
EXP00276,C03337,New_Product_Page,Control,2025-07-23 01:38:07,0
EXP00277,C00784,New_Product_Page,Treatment,2025-10-15 14:48:41,0
EXP00278,C03588,New_Product_Page,Treatment,2025-07-19 05:43:14,0
EXP00279,C03228,New_Product_Page,Control,2025-10-15 06:04:04,0
EXP00280,C00851,New_Product_Page,Control,2025-07-03 22:43:30,0
EXP00281,C04650,New_Product_Page,Control,2025-09-30 01:56:25,1
EXP00282,C05308,New_Product_Page,Control,2025-08-08 14:59:53,0
EXP00283,C02699,New_Product_Page,Treatment,2025-09-15 09:31:44,0
EXP00284,C03517,New_Product_Page,Treatment,2025-08-04 14:15:50,0
EXP00285,C09875,New_Product_Page,Control,2025-07-21 23:45:36,0
EXP00286,C04081,New_Product_Page,Treatment,2025-10-22 20:47:47,0
EXP00287,C03722,New_Product_Page,Control,2025-07-09 13:12:35,0
EXP00288,C06541,New_Product_Page,Treatment,2025-10-04 06:02:20,0
EXP00289,C07449,New_Product_Page,Treatment,2025-07-14 22:18:18,0
EXP00290,C09761,New_Product_Page,Treatment,2025-10-01 09:40:47,0
EXP00291,C02097,New_Product_Page,Treatment,2025-08-13 23:11:36,0
EXP00292,C03031,New_Product_Page,Treatment,2025-08-21 06:09:35,0
EXP00293,C03817,New_Product_Page,Control,2025-10-13 10:59:53,1
EXP00294,C04810,New_Product_Page,Treatment,2025-10-25 09:02:47,0
EXP00295,C01061,New_Product_Page,Control,2025-10-07 18:59:29,0
EXP00296,C07212,New_Product_Page,Treatment,2025-07-29 10:21:54,0
EXP00297,C05324,New_Product_Page,Control,2025-07-08 10:59:34,0
EXP00298,C01673,New_Product_Page,Treatment,2025-10-20 18:56:20,0
EXP00299,C02221,New_Product_Page,Treatment,2025-08-21 20:13:27,0
EXP00300,C03676,New_Product_Page,Control,2025-08-18 19:13:16,0
EXP00301,C09995,New_Product_Page,Treatment,2025-10-07 05:48:37,0
EXP00302,C05578,New_Product_Page,Control,2025-08-11 16:27:07,0
EXP00303,C07427,New_Product_Page,Treatment,2025-09-10 03:21:47,1
EXP00304,C08167,New_Product_Page,Control,2025-07-30 22:38:50,0
EXP00305,C00160,New_Product_Page,Treatment,2025-10-07 12:51:56,1
EXP00306,C02594,New_Product_Page,Control,2025-09-02 17:28:01,0
EXP00307,C08166,New_Product_Page,Treatment,2025-07-11 14:47:43,0
EXP00308,C08155,New_Product_Page,Treatment,2025-09-21 00:16:43,0
EXP00309,C03201,New_Product_Page,Control,2025-09-28 07:48:52,0
EXP00310,C00111,New_Product_Page,Treatment,2025-09-25 15:29:45,0
EXP00311,C01269,New_Product_Page,Control,2025-09-30 04:53:57,0
EXP00312,C01770,New_Product_Page,Control,2025-10-07 18:21:21,0
EXP00313,C01211,New_Product_Page,Control,2025-07-09 19:46:20,0
EXP00314,C02609,New_Product_Page,Treatment,2025-07-09 07:01:50,0
EXP00315,C05232,New_Product_Page,Treatment,2025-07-04 13:31:19,0
EXP00316,C03381,New_Product_Page,Control,2025-09-11 03:31:27,1
EXP00317,C00138,New_Product_Page,Control,2025-07-23 10:48:46,0
EXP00318,C09073,New_Product_Page,Control,2025-07-03 08:50:53,0
EXP00319,C03286,New_Product_Page,Treatment,2025-09-14 21:22:37,0
EXP00320,C01023,New_Product_Page,Treatment,2025-10-07 03:29:44,0
EXP00321,C05014,New_Product_Page,Control,2025-09-18 05:51:17,0
EXP00322,C01082,New_Product_Page,Treatment,2025-08-09 04:47:01,0
EXP00323,C02746,New_Product_Page,Treatment,2025-10-16 11:42:19,0
EXP00324,C08686,New_Product_Page,Control,2025-07-27 17:44:12,0
EXP00325,C00202,New_Product_Page,Control,2025-10-30 02:21:22,0
EXP00326,C01565,New_Product_Page,Control,2025-07-20 02:55:01,0
EXP00327,C01818,New_Product_Page,Control,2025-08-16 13:07:33,1
EXP00328,C05688,New_Product_Page,Treatment,2025-08-12 16:09:56,0
EXP00329,C02827,New_Product_Page,Treatment,2025-09-03 23:47:52,0
EXP00330,C03628,New_Product_Page,Control,2025-07-29 19:56:14,1
EXP00331,C03138,New_Product_Page,Control,2025-10-18 04:53:53,0
EXP00332,C08850,New_Product_Page,Treatment,2025-09-29 19:16:12,0
EXP00333,C05403,New_Product_Page,Treatment,2025-07-02 16:55:37,0
EXP00334,C06735,New_Product_Page,Treatment,2025-07-24 10:00:31,0
EXP00335,C00888,New_Product_Page,Treatment,2025-10-20 12:34:46,0
EXP00336,C02242,New_Product_Page,Control,2025-07-03 02:05:36,0
EXP00337,C06230,New_Product_Page,Treatment,2025-09-20 17:21:38,0
EXP00338,C06861,New_Product_Page,Control,2025-07-01 15:04:11,0
EXP00339,C00989,New_Product_Page,Control,2025-07-24 03:05:28,0
EXP00340,C06151,New_Product_Page,Treatment,2025-09-16 07:02:53,0
EXP00341,C03761,New_Product_Page,Control,2025-10-21 22:53:38,0
EXP00342,C04395,New_Product_Page,Treatment,2025-09-05 09:41:38,0
EXP00343,C08967,New_Product_Page,Treatment,2025-08-26 12:52:57,0
EXP00344,C09922,New_Product_Page,Control,2025-09-12 09:25:25,1
EXP00345,C00868,New_Product_Page,Control,2025-07-28 17:07:53,0
EXP00346,C00466,New_Product_Page,Control,2025-10-20 00:52:58,0
EXP00347,C03677,New_Product_Page,Control,2025-09-13 12:17:51,0
EXP00348,C00577,New_Product_Page,Control,2025-07-04 08:30:02,1
EXP00349,C03871,New_Product_Page,Treatment,2025-09-02 06:02:45,0
EXP00350,C04182,New_Product_Page,Control,2025-08-13 15:35:22,0
EXP00351,C05034,New_Product_Page,Control,2025-10-24 11:55:43,1
EXP00352,C09926,New_Product_Page,Treatment,2025-09-23 01:55:29,0
EXP00353,C00523,New_Product_Page,Treatment,2025-09-03 08:39:06,0
EXP00354,C08193,New_Product_Page,Treatment,2025-09-27 12:30:01,0
EXP00355,C05352,New_Product_Page,Treatment,2025-07-03 08:38:05,0
EXP00356,C04469,New_Product_Page,Control,2025-09-09 16:23:52,0
EXP00357,C09385,New_Product_Page,Treatment,2025-07-07 17:44:48,1
EXP00358,C08780,New_Product_Page,Treatment,2025-09-19 07:18:12,0
EXP00359,C07700,New_Product_Page,Control,2025-08-26 08:03:45,0
EXP00360,C08980,New_Product_Page,Treatment,2025-09-24 19:37:55,0
EXP00361,C07621,New_Product_Page,Control,2025-09-23 00:44:44,1
EXP00362,C08061,New_Product_Page,Control,2025-07-01 16:14:50,0
EXP00363,C01942,New_Product_Page,Control,2025-10-10 04:16:26,1
EXP00364,C07402,New_Product_Page,Control,2025-08-05 07:03:14,0
EXP00365,C03152,New_Product_Page,Treatment,2025-07-26 22:54:28,0
EXP00366,C07494,New_Product_Page,Treatment,2025-08-13 00:08:22,0
EXP00367,C03492,New_Product_Page,Treatment,2025-07-26 17:55:33,0
EXP00368,C02634,New_Product_Page,Treatment,2025-10-03 16:48:19,0
EXP00369,C00241,New_Product_Page,Treatment,2025-09-24 11:56:12,0
EXP00370,C01550,New_Product_Page,Treatment,2025-10-09 23:06:01,0
EXP00371,C02617,New_Product_Page,Treatment,2025-09-13 02:16:12,0
EXP00372,C07539,New_Product_Page,Control,2025-09-05 18:18:34,0
EXP00373,C00565,New_Product_Page,Control,2025-09-07 10:10:28,0
EXP00374,C09076,New_Product_Page,Treatment,2025-07-31 13:43:05,0
EXP00375,C00384,New_Product_Page,Control,2025-07-18 22:21:29,1
EXP00376,C00499,New_Product_Page,Treatment,2025-09-25 05:09:16,0
EXP00377,C08910,New_Product_Page,Treatment,2025-07-28 23:51:53,0
EXP00378,C05584,New_Product_Page,Treatment,2025-10-15 04:31:34,0
EXP00379,C07795,New_Product_Page,Control,2025-07-29 09:59:10,0
EXP00380,C03432,New_Product_Page,Treatment,2025-10-07 21:11:47,0
EXP00381,C03706,New_Product_Page,Control,2025-07-21 10:12:03,0
EXP00382,C00064,New_Product_Page,Control,2025-08-16 21:21:12,0
EXP00383,C03266,New_Product_Page,Treatment,2025-08-26 10:44:34,1
EXP00384,C04218,New_Product_Page,Treatment,2025-08-03 00:27:00,0
EXP00385,C01035,New_Product_Page,Control,2025-07-14 06:12:44,0
EXP00386,C03582,New_Product_Page,Treatment,2025-09-02 15:33:55,0
EXP00387,C06012,New_Product_Page,Treatment,2025-08-18 23:48:36,0
EXP00388,C07570,New_Product_Page,Treatment,2025-10-27 23:26:18,0
EXP00389,C09298,New_Product_Page,Treatment,2025-07-27 02:30:16,0
EXP00390,C09207,New_Product_Page,Control,2025-07-06 17:32:58,1
EXP00391,C05979,New_Product_Page,Control,2025-09-20 07:08:55,0
EXP00392,C03036,New_Product_Page,Treatment,2025-09-29 02:11:05,0
EXP00393,C02119,New_Product_Page,Control,2025-09-04 01:51:47,1
EXP00394,C05639,New_Product_Page,Control,2025-08-19 13:41:25,0
EXP00395,C09812,New_Product_Page,Control,2025-09-04 00:50:46,0
EXP00396,C04372,New_Product_Page,Treatment,2025-07-24 14:18:25,0
EXP00397,C00773,New_Product_Page,Control,2025-10-25 20:34:50,0
EXP00398,C09234,New_Product_Page,Treatment,2025-07-21 11:32:27,0
EXP00399,C05009,New_Product_Page,Control,2025-09-15 17:48:50,0
EXP00400,C09147,New_Product_Page,Treatment,2025-07-24 16:24:39,0
EXP00401,C01098,New_Product_Page,Treatment,2025-10-26 22:12:12,0
EXP00402,C00810,New_Product_Page,Control,2025-07-01 16:32:56,0
EXP00403,C06728,New_Product_Page,Control,2025-10-20 10:29:24,0
EXP00404,C04900,New_Product_Page,Control,2025-07-26 12:12:13,0
EXP00405,C00557,New_Product_Page,Control,2025-09-22 08:44:57,0
EXP00406,C05898,New_Product_Page,Control,2025-09-28 05:29:35,0
EXP00407,C03834,New_Product_Page,Treatment,2025-07-08 13:24:27,0
EXP00408,C03199,New_Product_Page,Treatment,2025-10-09 13:46:56,1
EXP00409,C02209,New_Product_Page,Treatment,2025-09-02 16:24:35,0
EXP00410,C08408,New_Product_Page,Treatment,2025-08-08 17:17:26,0
EXP00411,C05169,New_Product_Page,Treatment,2025-08-29 22:37:29,0
EXP00412,C05100,New_Product_Page,Treatment,2025-10-15 22:03:58,0
EXP00413,C00656,New_Product_Page,Control,2025-09-02 23:54:33,0
EXP00414,C08146,New_Product_Page,Treatment,2025-07-05 08:43:47,1
EXP00415,C08409,New_Product_Page,Control,2025-07-18 14:10:36,0
EXP00416,C08832,New_Product_Page,Control,2025-08-08 13:15:45,0
EXP00417,C06920,New_Product_Page,Treatment,2025-10-12 11:07:13,0
EXP00418,C06104,New_Product_Page,Treatment,2025-10-30 07:45:33,0
EXP00419,C02109,New_Product_Page,Control,2025-07-02 14:12:54,0
EXP00420,C03143,New_Product_Page,Treatment,2025-10-17 07:05:57,0
EXP00421,C06741,New_Product_Page,Treatment,2025-08-23 14:40:06,0
EXP00422,C04908,New_Product_Page,Treatment,2025-08-21 17:45:35,0
EXP00423,C06844,New_Product_Page,Treatment,2025-07-01 10:23:20,0
EXP00424,C08537,New_Product_Page,Control,2025-10-31 16:55:09,0
EXP00425,C04511,New_Product_Page,Treatment,2025-08-25 14:38:30,1
EXP00426,C00411,New_Product_Page,Treatment,2025-09-16 18:07:14,0
EXP00427,C07112,New_Product_Page,Control,2025-07-25 03:27:24,0
EXP00428,C05919,New_Product_Page,Treatment,2025-07-31 16:02:22,0
EXP00429,C04870,New_Product_Page,Treatment,2025-09-30 15:20:38,0
EXP00430,C08815,New_Product_Page,Treatment,2025-09-07 03:13:51,0
EXP00431,C01767,New_Product_Page,Treatment,2025-08-15 16:09:24,0
EXP00432,C00301,New_Product_Page,Treatment,2025-10-21 21:24:40,0
EXP00433,C06821,New_Product_Page,Control,2025-09-19 11:57:59,0
EXP00434,C07208,New_Product_Page,Control,2025-07-12 13:04:37,0
EXP00435,C05785,New_Product_Page,Control,2025-10-13 09:23:23,0
EXP00436,C08491,New_Product_Page,Control,2025-09-04 04:17:56,1
EXP00437,C07869,New_Product_Page,Control,2025-08-29 19:36:34,0
EXP00438,C00899,New_Product_Page,Control,2025-08-12 18:57:13,0
EXP00439,C02598,New_Product_Page,Treatment,2025-09-02 18:15:44,0
EXP00440,C00315,New_Product_Page,Control,2025-07-20 08:01:41,0
EXP00441,C03723,New_Product_Page,Control,2025-10-24 11:40:09,1
EXP00442,C09479,New_Product_Page,Control,2025-10-02 06:37:24,0
EXP00443,C01422,New_Product_Page,Control,2025-10-31 06:55:58,0
EXP00444,C07336,New_Product_Page,Control,2025-08-06 04:51:41,0
EXP00445,C01682,New_Product_Page,Control,2025-07-12 15:30:05,0
EXP00446,C05339,New_Product_Page,Control,2025-08-15 22:12:52,0
EXP00447,C07575,New_Product_Page,Treatment,2025-08-07 18:24:10,0
EXP00448,C00306,New_Product_Page,Control,2025-10-10 06:58:39,0
EXP00449,C01982,New_Product_Page,Control,2025-07-27 14:19:46,0
EXP00450,C05106,New_Product_Page,Treatment,2025-08-14 07:44:07,0
EXP00451,C02811,New_Product_Page,Control,2025-09-10 17:43:56,0
EXP00452,C03032,New_Product_Page,Control,2025-08-27 06:25:49,0
EXP00453,C08937,New_Product_Page,Treatment,2025-09-13 07:05:35,0
EXP00454,C09690,New_Product_Page,Treatment,2025-10-31 23:03:01,0
EXP00455,C01996,New_Product_Page,Control,2025-09-20 03:11:28,0
EXP00456,C09731,New_Product_Page,Control,2025-10-27 01:02:50,0
EXP00457,C07351,New_Product_Page,Control,2025-08-31 00:47:23,0
EXP00458,C05596,New_Product_Page,Treatment,2025-07-02 09:12:34,0
EXP00459,C09041,New_Product_Page,Control,2025-09-14 09:07:44,0
EXP00460,C09051,New_Product_Page,Treatment,2025-10-08 06:08:45,0
EXP00461,C04137,New_Product_Page,Control,2025-09-07 19:10:01,0
EXP00462,C04886,New_Product_Page,Control,2025-10-11 02:53:07,0
EXP00463,C01024,New_Product_Page,Control,2025-08-10 12:05:33,0
EXP00464,C05221,New_Product_Page,Control,2025-10-27 01:46:44,0
EXP00465,C07588,New_Product_Page,Treatment,2025-07-31 08:27:37,0
EXP00466,C00666,New_Product_Page,Treatment,2025-08-21 04:16:22,1
EXP00467,C00866,New_Product_Page,Treatment,2025-09-09 02:07:34,0
EXP00468,C09637,New_Product_Page,Treatment,2025-10-19 07:30:10,0
EXP00469,C03707,New_Product_Page,Treatment,2025-09-08 00:22:14,0
EXP00470,C00873,New_Product_Page,Treatment,2025-08-01 06:28:27,0
EXP00471,C05535,New_Product_Page,Control,2025-09-30 22:34:01,0
EXP00472,C07926,New_Product_Page,Control,2025-07-19 11:07:45,0
EXP00473,C07120,New_Product_Page,Treatment,2025-10-07 12:38:43,0
EXP00474,C09019,New_Product_Page,Treatment,2025-09-26 02:54:18,1
EXP00475,C06015,New_Product_Page,Treatment,2025-10-13 12:08:05,0
EXP00476,C01036,New_Product_Page,Treatment,2025-09-23 12:12:49,0
EXP00477,C01373,New_Product_Page,Control,2025-08-10 01:18:20,0
EXP00478,C01512,New_Product_Page,Treatment,2025-07-20 01:30:54,0
EXP00479,C04044,New_Product_Page,Control,2025-07-01 06:50:11,0
EXP00480,C07038,New_Product_Page,Control,2025-08-15 01:20:44,0
EXP00481,C04719,New_Product_Page,Control,2025-08-19 16:49:42,0
EXP00482,C05058,New_Product_Page,Control,2025-09-05 22:42:16,0
EXP00483,C08095,New_Product_Page,Control,2025-08-14 19:56:07,0
EXP00484,C09291,New_Product_Page,Treatment,2025-07-14 11:17:43,0
EXP00485,C07435,New_Product_Page,Treatment,2025-10-17 04:27:36,0
EXP00486,C03539,New_Product_Page,Control,2025-07-07 08:05:59,0
EXP00487,C05946,New_Product_Page,Treatment,2025-10-16 15:35:14,0
EXP00488,C04516,New_Product_Page,Control,2025-10-01 12:15:01,0
EXP00489,C00725,New_Product_Page,Treatment,2025-10-11 00:42:16,0
EXP00490,C06070,New_Product_Page,Treatment,2025-10-12 05:22:11,0
EXP00491,C02263,New_Product_Page,Control,2025-07-17 20:49:44,0
EXP00492,C09451,New_Product_Page,Treatment,2025-10-30 14:02:30,0
EXP00493,C06123,New_Product_Page,Treatment,2025-08-24 01:52:44,0
EXP00494,C04882,New_Product_Page,Control,2025-07-07 12:50:02,1
EXP00495,C08525,New_Product_Page,Treatment,2025-07-19 15:18:28,0
EXP00496,C03846,New_Product_Page,Control,2025-07-11 09:47:47,0
EXP00497,C04391,New_Product_Page,Control,2025-08-05 17:10:27,1
EXP00498,C03277,New_Product_Page,Treatment,2025-08-14 23:21:09,0
EXP00499,C00570,New_Product_Page,Treatment,2025-08-02 05:06:45,0
EXP00500,C01252,New_Product_Page,Control,2025-09-26 22:47:19,0
EXP00501,C02335,New_Product_Page,Control,2025-09-07 06:31:24,0
EXP00502,C08446,New_Product_Page,Treatment,2025-10-17 16:59:50,0
EXP00503,C08737,New_Product_Page,Control,2025-08-28 11:11:02,0
EXP00504,C06389,New_Product_Page,Control,2025-09-17 02:03:05,0
EXP00505,C09685,New_Product_Page,Treatment,2025-10-13 17:12:51,0
EXP00506,C03696,New_Product_Page,Treatment,2025-09-14 20:54:18,0
EXP00507,C07959,New_Product_Page,Control,2025-10-24 04:32:40,1
EXP00508,C01645,New_Product_Page,Control,2025-10-01 03:08:17,0
EXP00509,C02042,New_Product_Page,Control,2025-07-07 14:03:13,0
EXP00510,C08555,New_Product_Page,Control,2025-09-16 00:52:26,0
EXP00511,C00909,New_Product_Page,Treatment,2025-07-05 08:38:01,0
EXP00512,C03555,New_Product_Page,Control,2025-08-29 19:54:55,0
EXP00513,C08796,New_Product_Page,Treatment,2025-10-02 10:43:46,0
EXP00514,C06082,New_Product_Page,Control,2025-10-04 02:21:54,0
EXP00515,C03037,New_Product_Page,Control,2025-07-18 00:31:47,1
EXP00516,C09213,New_Product_Page,Treatment,2025-07-21 02:21:03,1
EXP00517,C01497,New_Product_Page,Control,2025-10-23 03:26:54,0
EXP00518,C07391,New_Product_Page,Treatment,2025-07-07 21:15:00,0
EXP00519,C06945,New_Product_Page,Control,2025-09-12 11:11:35,0
EXP00520,C03641,New_Product_Page,Control,2025-07-18 12:32:49,0
EXP00521,C00198,New_Product_Page,Treatment,2025-07-01 13:23:10,0
EXP00522,C08824,New_Product_Page,Treatment,2025-09-20 19:28:01,0
EXP00523,C03597,New_Product_Page,Control,2025-07-17 06:16:49,1
EXP00524,C04064,New_Product_Page,Control,2025-08-15 19:41:59,0
EXP00525,C07923,New_Product_Page,Control,2025-07-04 00:44:40,0
EXP00526,C05924,New_Product_Page,Control,2025-10-02 13:16:35,0
EXP00527,C06954,New_Product_Page,Treatment,2025-10-05 02:23:52,0
EXP00528,C01105,New_Product_Page,Treatment,2025-08-07 15:47:32,0
EXP00529,C00179,New_Product_Page,Treatment,2025-07-13 06:20:07,0
EXP00530,C03663,New_Product_Page,Control,2025-07-25 21:21:00,0
EXP00531,C07158,New_Product_Page,Treatment,2025-09-30 13:07:13,0
EXP00532,C02497,New_Product_Page,Treatment,2025-07-09 09:08:31,0
EXP00533,C02548,New_Product_Page,Control,2025-09-30 22:36:30,0
EXP00534,C05164,New_Product_Page,Treatment,2025-09-16 10:46:46,0
EXP00535,C08079,New_Product_Page,Control,2025-10-24 17:18:31,0
EXP00536,C03130,New_Product_Page,Treatment,2025-08-10 19:49:23,0
EXP00537,C01141,New_Product_Page,Control,2025-08-30 06:02:46,0
EXP00538,C01773,New_Product_Page,Treatment,2025-07-07 05:40:06,0
EXP00539,C06168,New_Product_Page,Treatment,2025-08-07 14:38:37,0
EXP00540,C03178,New_Product_Page,Treatment,2025-10-06 00:52:47,0
EXP00541,C03310,New_Product_Page,Control,2025-08-31 18:57:37,0
EXP00542,C03458,New_Product_Page,Treatment,2025-10-19 14:18:11,0
EXP00543,C08306,New_Product_Page,Control,2025-07-04 22:39:34,0
EXP00544,C09004,New_Product_Page,Control,2025-09-29 04:12:11,0
EXP00545,C00846,New_Product_Page,Treatment,2025-07-05 11:59:11,0
EXP00546,C08412,New_Product_Page,Control,2025-10-21 22:03:57,0
EXP00547,C02974,New_Product_Page,Control,2025-07-08 18:28:38,0
EXP00548,C06108,New_Product_Page,Control,2025-10-19 14:12:28,0
EXP00549,C02983,New_Product_Page,Control,2025-07-04 08:41:07,0
EXP00550,C07234,New_Product_Page,Control,2025-08-26 23:18:32,0
EXP00551,C03603,New_Product_Page,Control,2025-08-17 02:46:37,0
EXP00552,C08219,New_Product_Page,Control,2025-08-30 02:09:02,0
EXP00553,C03587,New_Product_Page,Control,2025-08-27 19:11:30,0
EXP00554,C02891,New_Product_Page,Treatment,2025-07-06 02:22:41,0
EXP00555,C05309,New_Product_Page,Control,2025-09-05 01:27:32,0
EXP00556,C09736,New_Product_Page,Control,2025-07-18 10:48:17,0
EXP00557,C05591,New_Product_Page,Control,2025-07-11 07:50:57,0
EXP00558,C01063,New_Product_Page,Control,2025-10-31 05:57:04,0
EXP00559,C02044,New_Product_Page,Treatment,2025-07-30 00:31:12,0
EXP00560,C03598,New_Product_Page,Control,2025-08-08 18:04:04,0
EXP00561,C02459,New_Product_Page,Control,2025-07-29 15:25:35,0
EXP00562,C03888,New_Product_Page,Control,2025-10-28 22:49:51,0
EXP00563,C00546,New_Product_Page,Treatment,2025-09-14 23:43:28,0
EXP00564,C02766,New_Product_Page,Treatment,2025-08-21 17:56:41,0
EXP00565,C08771,New_Product_Page,Treatment,2025-08-27 23:58:53,0
EXP00566,C05143,New_Product_Page,Treatment,2025-08-11 23:31:08,0
EXP00567,C02452,New_Product_Page,Control,2025-10-06 18:33:03,0
EXP00568,C09568,New_Product_Page,Treatment,2025-07-29 06:45:51,1
EXP00569,C01426,New_Product_Page,Control,2025-10-16 07:50:46,0
EXP00570,C05033,New_Product_Page,Control,2025-10-12 18:45:52,0
EXP00571,C01124,New_Product_Page,Treatment,2025-09-15 19:44:08,0
EXP00572,C07558,New_Product_Page,Treatment,2025-10-05 04:02:08,0
EXP00573,C06730,New_Product_Page,Control,2025-08-14 19:02:52,0
EXP00574,C01730,New_Product_Page,Treatment,2025-08-25 02:20:52,0
EXP00575,C03868,New_Product_Page,Treatment,2025-09-20 01:39:35,0
EXP00576,C00220,New_Product_Page,Treatment,2025-08-01 05:52:37,0
EXP00577,C09408,New_Product_Page,Treatment,2025-10-14 06:11:19,0
EXP00578,C06603,New_Product_Page,Treatment,2025-09-15 14:56:59,0
EXP00579,C04800,New_Product_Page,Control,2025-10-26 04:43:15,0
EXP00580,C04963,New_Product_Page,Control,2025-10-15 11:08:33,0
EXP00581,C00833,New_Product_Page,Control,2025-08-14 10:16:45,0
EXP00582,C05976,New_Product_Page,Control,2025-08-15 22:32:05,0
EXP00583,C03659,New_Product_Page,Treatment,2025-09-17 09:16:33,1
EXP00584,C09455,New_Product_Page,Treatment,2025-07-24 02:26:54,0
EXP00585,C05220,New_Product_Page,Control,2025-09-15 19:59:48,0
EXP00586,C03958,New_Product_Page,Treatment,2025-07-26 13:27:54,0
EXP00587,C02256,New_Product_Page,Treatment,2025-07-27 21:12:48,0
EXP00588,C06318,New_Product_Page,Control,2025-10-02 08:55:24,0
EXP00589,C06008,New_Product_Page,Control,2025-08-15 23:43:15,0
EXP00590,C03538,New_Product_Page,Treatment,2025-07-10 05:12:26,0
EXP00591,C03946,New_Product_Page,Control,2025-07-09 10:45:07,0
EXP00592,C02038,New_Product_Page,Treatment,2025-08-07 02:48:08,0
EXP00593,C01856,New_Product_Page,Control,2025-10-29 20:00:38,0
EXP00594,C06233,New_Product_Page,Treatment,2025-10-27 14:41:02,0
EXP00595,C05114,New_Product_Page,Control,2025-07-25 04:38:50,0
EXP00596,C09117,New_Product_Page,Control,2025-08-26 18:32:17,0
EXP00597,C08959,New_Product_Page,Control,2025-08-11 02:22:09,0
EXP00598,C04193,New_Product_Page,Control,2025-07-07 11:56:15,0
EXP00599,C07937,New_Product_Page,Treatment,2025-10-19 19:28:36,0
EXP00600,C03693,New_Product_Page,Treatment,2025-09-18 23:51:22,0
EXP00601,C04763,New_Product_Page,Control,2025-09-09 10:55:34,1
EXP00602,C06700,New_Product_Page,Treatment,2025-10-18 01:45:34,0
EXP00603,C08206,New_Product_Page,Control,2025-08-23 19:22:18,0
EXP00604,C03129,New_Product_Page,Treatment,2025-08-15 18:45:19,0
EXP00605,C07395,New_Product_Page,Treatment,2025-07-01 06:14:08,0
EXP00606,C03050,New_Product_Page,Control,2025-10-01 07:11:44,0
EXP00607,C07850,New_Product_Page,Treatment,2025-09-10 18:00:38,0
EXP00608,C05806,New_Product_Page,Treatment,2025-08-12 18:44:16,0
EXP00609,C01984,New_Product_Page,Control,2025-07-24 21:08:25,0
EXP00610,C00019,New_Product_Page,Treatment,2025-07-22 10:42:04,0
EXP00611,C02134,New_Product_Page,Treatment,2025-08-27 02:16:47,0
EXP00612,C05597,New_Product_Page,Treatment,2025-10-14 00:20:52,1
EXP00613,C07912,New_Product_Page,Treatment,2025-10-19 12:42:46,0
EXP00614,C06239,New_Product_Page,Control,2025-08-28 07:45:38,0
EXP00615,C01271,New_Product_Page,Control,2025-08-06 22:28:23,0
EXP00616,C08734,New_Product_Page,Treatment,2025-07-06 05:52:41,0
EXP00617,C04394,New_Product_Page,Treatment,2025-10-04 07:18:13,0
EXP00618,C02425,New_Product_Page,Control,2025-08-30 03:52:35,0
EXP00619,C07098,New_Product_Page,Control,2025-07-14 19:17:14,0
EXP00620,C05053,New_Product_Page,Treatment,2025-08-08 20:37:46,0
EXP00621,C02693,New_Product_Page,Treatment,2025-08-27 19:46:51,0
EXP00622,C07848,New_Product_Page,Control,2025-08-16 03:17:39,0
EXP00623,C08733,New_Product_Page,Treatment,2025-09-28 13:00:35,0
EXP00624,C06877,New_Product_Page,Treatment,2025-10-24 21:29:58,1
EXP00625,C00068,New_Product_Page,Control,2025-09-08 01:16:53,0
EXP00626,C09821,New_Product_Page,Control,2025-07-21 08:49:36,0
EXP00627,C04326,New_Product_Page,Control,2025-08-10 16:27:41,0
EXP00628,C03085,New_Product_Page,Control,2025-07-24 08:59:02,0
EXP00629,C09669,New_Product_Page,Treatment,2025-08-16 14:31:30,0
EXP00630,C03324,New_Product_Page,Control,2025-08-14 04:43:55,0
EXP00631,C03939,New_Product_Page,Control,2025-09-18 21:25:20,0
EXP00632,C02721,New_Product_Page,Control,2025-08-21 18:41:00,0
EXP00633,C07354,New_Product_Page,Control,2025-09-05 20:46:52,0
EXP00634,C03401,New_Product_Page,Treatment,2025-08-19 11:11:28,0
EXP00635,C03158,New_Product_Page,Treatment,2025-10-06 14:34:23,0
EXP00636,C01855,New_Product_Page,Control,2025-08-11 12:44:13,0
EXP00637,C09751,New_Product_Page,Control,2025-09-16 01:44:47,0
EXP00638,C03700,New_Product_Page,Treatment,2025-10-25 21:17:21,0
EXP00639,C01528,New_Product_Page,Treatment,2025-10-07 09:11:38,0
EXP00640,C05835,New_Product_Page,Treatment,2025-07-27 19:39:12,1
EXP00641,C00884,New_Product_Page,Control,2025-10-08 12:29:02,1
EXP00642,C00166,New_Product_Page,Treatment,2025-07-23 00:00:49,0
EXP00643,C05039,New_Product_Page,Treatment,2025-08-20 14:51:32,0
EXP00644,C04774,New_Product_Page,Control,2025-07-18 12:01:09,0
EXP00645,C04661,New_Product_Page,Control,2025-10-29 11:51:01,0
EXP00646,C05796,New_Product_Page,Control,2025-07-04 00:29:43,0
EXP00647,C05633,New_Product_Page,Control,2025-07-27 06:24:06,0
EXP00648,C08196,New_Product_Page,Control,2025-09-01 08:48:56,0
EXP00649,C03668,New_Product_Page,Treatment,2025-09-20 07:52:31,0
EXP00650,C09192,New_Product_Page,Treatment,2025-08-07 11:17:35,0
EXP00651,C02845,New_Product_Page,Control,2025-10-23 05:29:57,0
EXP00652,C04424,New_Product_Page,Control,2025-10-10 16:24:15,0
EXP00653,C02002,New_Product_Page,Treatment,2025-10-05 01:21:20,0
EXP00654,C07947,New_Product_Page,Treatment,2025-07-02 14:41:55,0
EXP00655,C01562,New_Product_Page,Treatment,2025-09-02 21:46:27,0
EXP00656,C01086,New_Product_Page,Treatment,2025-08-02 17:04:42,0
EXP00657,C04652,New_Product_Page,Control,2025-08-20 08:29:09,0
EXP00658,C07324,New_Product_Page,Control,2025-09-03 11:36:20,1
EXP00659,C02867,New_Product_Page,Treatment,2025-08-11 17:48:29,0
EXP00660,C09445,New_Product_Page,Treatment,2025-10-29 20:21:06,0
EXP00661,C09697,New_Product_Page,Treatment,2025-07-23 14:54:21,0
EXP00662,C05539,New_Product_Page,Control,2025-10-06 21:47:35,0
EXP00663,C03267,New_Product_Page,Control,2025-07-04 09:45:47,0
EXP00664,C06030,New_Product_Page,Control,2025-08-30 04:42:25,0
EXP00665,C06815,New_Product_Page,Control,2025-10-11 06:08:47,0
EXP00666,C01409,New_Product_Page,Control,2025-09-19 07:10:48,0
EXP00667,C03639,New_Product_Page,Treatment,2025-10-05 17:37:20,0
EXP00668,C07199,New_Product_Page,Treatment,2025-10-30 19:21:27,0
EXP00669,C06032,New_Product_Page,Control,2025-08-31 15:13:08,0
EXP00670,C08919,New_Product_Page,Treatment,2025-08-03 11:23:42,0
EXP00671,C00722,New_Product_Page,Control,2025-09-13 14:16:35,0
EXP00672,C06359,New_Product_Page,Control,2025-10-13 20:51:19,0
EXP00673,C02261,New_Product_Page,Control,2025-07-04 20:40:50,0
EXP00674,C07164,New_Product_Page,Treatment,2025-10-19 20:45:19,0
EXP00675,C07381,New_Product_Page,Treatment,2025-07-04 20:56:29,0
EXP00676,C02343,New_Product_Page,Control,2025-07-05 00:10:09,0
EXP00677,C00816,New_Product_Page,Treatment,2025-10-06 22:43:16,0
EXP00678,C02735,New_Product_Page,Treatment,2025-08-19 03:06:35,0
EXP00679,C03933,New_Product_Page,Treatment,2025-08-04 15:52:19,0
EXP00680,C02140,New_Product_Page,Control,2025-08-30 18:15:09,0
EXP00681,C08229,New_Product_Page,Treatment,2025-07-13 00:20:18,1
EXP00682,C06033,New_Product_Page,Control,2025-08-27 09:57:37,0
EXP00683,C06437,New_Product_Page,Treatment,2025-09-15 06:41:12,0
EXP00684,C04306,New_Product_Page,Treatment,2025-10-28 10:57:32,0
EXP00685,C01266,New_Product_Page,Treatment,2025-08-20 20:36:33,0
EXP00686,C07831,New_Product_Page,Treatment,2025-08-07 09:03:15,0
EXP00687,C04687,New_Product_Page,Treatment,2025-10-05 16:38:59,0
EXP00688,C01931,New_Product_Page,Treatment,2025-10-26 01:30:42,0
EXP00689,C00785,New_Product_Page,Control,2025-08-26 15:51:59,0
EXP00690,C08662,New_Product_Page,Control,2025-10-13 21:58:08,0
EXP00691,C01323,New_Product_Page,Control,2025-07-27 23:31:18,1
EXP00692,C05115,New_Product_Page,Treatment,2025-10-19 07:39:22,0
EXP00693,C05546,New_Product_Page,Control,2025-07-16 04:09:04,0
EXP00694,C05628,New_Product_Page,Control,2025-10-02 10:21:21,0
EXP00695,C08185,New_Product_Page,Treatment,2025-10-02 22:08:00,0
EXP00696,C07364,New_Product_Page,Treatment,2025-08-15 08:04:22,0
EXP00697,C04692,New_Product_Page,Treatment,2025-08-26 01:50:43,0
EXP00698,C02495,New_Product_Page,Control,2025-07-04 07:12:58,0
EXP00699,C01379,New_Product_Page,Treatment,2025-09-12 15:24:08,0
EXP00700,C02153,New_Product_Page,Treatment,2025-08-23 14:09:38,0
EXP00701,C06537,New_Product_Page,Treatment,2025-09-03 20:10:01,0
EXP00702,C06567,New_Product_Page,Control,2025-07-12 23:06:51,0
EXP00703,C03952,New_Product_Page,Control,2025-07-01 14:05:23,1
EXP00704,C05396,New_Product_Page,Control,2025-07-17 12:29:46,0
EXP00705,C03033,New_Product_Page,Treatment,2025-10-02 10:32:33,0
EXP00706,C02054,New_Product_Page,Control,2025-08-03 22:03:36,0
EXP00707,C02266,New_Product_Page,Treatment,2025-10-10 04:21:16,0
EXP00708,C09606,New_Product_Page,Treatment,2025-08-22 12:23:02,0
EXP00709,C05142,New_Product_Page,Treatment,2025-07-03 11:55:47,0
EXP00710,C06192,New_Product_Page,Treatment,2025-10-10 02:08:29,0
EXP00711,C02716,New_Product_Page,Control,2025-08-14 02:44:09,0
EXP00712,C08986,New_Product_Page,Treatment,2025-10-10 14:24:30,0
EXP00713,C07777,New_Product_Page,Treatment,2025-09-05 16:36:40,0
EXP00714,C09387,New_Product_Page,Treatment,2025-08-27 21:55:50,0
EXP00715,C03156,New_Product_Page,Control,2025-09-25 15:07:40,0
EXP00716,C01630,New_Product_Page,Control,2025-09-30 23:17:08,0
EXP00717,C01655,New_Product_Page,Treatment,2025-08-31 02:06:23,0
EXP00718,C03926,New_Product_Page,Control,2025-07-04 09:56:28,0
EXP00719,C08606,New_Product_Page,Control,2025-10-21 03:06:42,0
EXP00720,C06515,New_Product_Page,Treatment,2025-09-23 20:51:22,0
EXP00721,C02734,New_Product_Page,Control,2025-09-04 12:23:04,0
EXP00722,C09639,New_Product_Page,Control,2025-10-16 16:36:19,1
EXP00723,C01376,New_Product_Page,Treatment,2025-10-11 12:09:30,0
EXP00724,C00389,New_Product_Page,Treatment,2025-07-22 04:16:56,0
EXP00725,C02785,New_Product_Page,Treatment,2025-10-05 18:58:24,0
EXP00726,C03297,New_Product_Page,Control,2025-10-10 06:27:42,0
EXP00727,C06503,New_Product_Page,Control,2025-08-27 22:00:20,0
EXP00728,C04794,New_Product_Page,Control,2025-09-05 15:09:32,0
EXP00729,C07345,New_Product_Page,Control,2025-08-02 12:19:06,0
EXP00730,C01243,New_Product_Page,Control,2025-08-29 13:05:09,0
EXP00731,C00259,New_Product_Page,Control,2025-10-24 05:51:02,1
EXP00732,C01650,New_Product_Page,Control,2025-10-02 13:37:18,0
EXP00733,C08191,New_Product_Page,Treatment,2025-08-29 22:07:52,0
EXP00734,C02780,New_Product_Page,Treatment,2025-07-15 11:19:09,0
EXP00735,C06099,New_Product_Page,Control,2025-08-22 03:38:06,0
EXP00736,C08250,New_Product_Page,Control,2025-07-26 22:09:20,0
EXP00737,C04689,New_Product_Page,Treatment,2025-09-13 04:33:22,0
EXP00738,C07579,New_Product_Page,Treatment,2025-10-23 06:37:51,0
EXP00739,C08470,New_Product_Page,Control,2025-09-13 02:33:33,0
EXP00740,C09972,New_Product_Page,Control,2025-09-28 16:16:35,0
EXP00741,C09526,New_Product_Page,Control,2025-09-04 07:43:00,0
EXP00742,C03411,New_Product_Page,Treatment,2025-08-01 14:45:34,1
EXP00743,C00882,New_Product_Page,Treatment,2025-09-24 17:48:12,0
EXP00744,C03887,New_Product_Page,Treatment,2025-10-18 11:28:22,0
EXP00745,C01301,New_Product_Page,Control,2025-07-02 07:21:23,0
EXP00746,C08210,New_Product_Page,Treatment,2025-07-17 01:50:23,0
EXP00747,C00483,New_Product_Page,Control,2025-07-10 00:50:44,0
EXP00748,C00397,New_Product_Page,Treatment,2025-09-30 00:01:05,0
EXP00749,C05618,New_Product_Page,Control,2025-08-24 02:11:12,0
EXP00750,C02146,New_Product_Page,Treatment,2025-10-31 08:52:36,0
EXP00751,C00236,New_Product_Page,Treatment,2025-07-23 16:26:11,1
EXP00752,C09064,New_Product_Page,Control,2025-09-04 00:32:42,1
EXP00753,C06977,New_Product_Page,Control,2025-10-06 14:24:18,1
EXP00754,C09861,New_Product_Page,Treatment,2025-09-26 07:26:18,0
EXP00755,C02803,New_Product_Page,Control,2025-09-06 18:25:30,0
EXP00756,C01356,New_Product_Page,Control,2025-09-07 05:12:57,0
EXP00757,C05124,New_Product_Page,Treatment,2025-08-23 13:56:35,0
EXP00758,C07193,New_Product_Page,Control,2025-08-12 02:44:39,0
EXP00759,C03810,New_Product_Page,Treatment,2025-10-01 11:48:44,0
EXP00760,C05486,New_Product_Page,Treatment,2025-10-27 12:58:34,0
EXP00761,C06196,New_Product_Page,Treatment,2025-08-19 04:36:11,0
EXP00762,C01326,New_Product_Page,Treatment,2025-07-10 06:21:53,0
EXP00763,C01513,New_Product_Page,Treatment,2025-10-22 01:14:55,0
EXP00764,C09404,New_Product_Page,Control,2025-10-23 01:22:17,0
EXP00765,C08583,New_Product_Page,Treatment,2025-08-09 17:28:40,0
EXP00766,C06469,New_Product_Page,Control,2025-08-28 01:48:34,0
EXP00767,C03523,New_Product_Page,Control,2025-07-15 00:17:27,1
EXP00768,C08635,New_Product_Page,Control,2025-09-03 18:49:30,0
EXP00769,C06958,New_Product_Page,Control,2025-10-18 21:36:45,0
EXP00770,C02807,New_Product_Page,Control,2025-10-04 05:31:03,0
EXP00771,C08603,New_Product_Page,Control,2025-07-30 14:09:49,0
EXP00772,C09261,New_Product_Page,Treatment,2025-08-26 00:01:54,1
EXP00773,C02718,New_Product_Page,Control,2025-07-23 18:02:25,0
EXP00774,C02348,New_Product_Page,Treatment,2025-08-14 19:48:12,0
EXP00775,C06819,New_Product_Page,Control,2025-07-23 00:38:13,0
EXP00776,C00358,New_Product_Page,Control,2025-10-29 00:56:49,0
EXP00777,C01137,New_Product_Page,Treatment,2025-08-29 02:37:27,0
EXP00778,C07854,New_Product_Page,Treatment,2025-09-03 01:30:37,0
EXP00779,C06987,New_Product_Page,Treatment,2025-08-30 02:59:55,1
EXP00780,C01798,New_Product_Page,Treatment,2025-08-10 11:58:18,0
EXP00781,C01069,New_Product_Page,Control,2025-09-06 17:50:34,0
EXP00782,C00746,New_Product_Page,Control,2025-08-31 20:37:51,0
EXP00783,C04778,New_Product_Page,Control,2025-09-01 15:14:19,0
EXP00784,C08666,New_Product_Page,Control,2025-07-11 00:29:01,0
EXP00785,C03171,New_Product_Page,Treatment,2025-07-17 18:24:05,1
EXP00786,C09827,New_Product_Page,Treatment,2025-10-24 21:11:42,0
EXP00787,C09636,New_Product_Page,Control,2025-08-17 23:13:40,0
EXP00788,C02751,New_Product_Page,Control,2025-08-30 05:08:28,0
EXP00789,C01622,New_Product_Page,Control,2025-08-22 08:06:40,0
EXP00790,C03272,New_Product_Page,Control,2025-08-05 19:57:33,0
EXP00791,C07633,New_Product_Page,Control,2025-07-21 23:51:15,0
EXP00792,C01598,New_Product_Page,Control,2025-09-17 15:43:38,0
EXP00793,C06260,New_Product_Page,Control,2025-09-28 20:52:17,0
EXP00794,C07802,New_Product_Page,Control,2025-08-14 22:46:08,0
EXP00795,C08510,New_Product_Page,Treatment,2025-08-14 23:36:15,0
EXP00796,C08049,New_Product_Page,Treatment,2025-08-03 07:49:46,0
EXP00797,C07018,New_Product_Page,Control,2025-07-14 08:57:05,0
EXP00798,C05212,New_Product_Page,Treatment,2025-10-10 02:24:36,0
EXP00799,C05866,New_Product_Page,Treatment,2025-08-30 12:46:22,0
EXP00800,C03250,New_Product_Page,Control,2025-07-05 21:29:44,0
EXP00801,C05089,New_Product_Page,Treatment,2025-09-02 09:54:18,0
EXP00802,C05689,New_Product_Page,Treatment,2025-09-02 18:37:15,0
EXP00803,C08114,New_Product_Page,Treatment,2025-10-20 22:10:34,0
EXP00804,C06904,New_Product_Page,Treatment,2025-09-12 23:49:47,0
EXP00805,C04593,New_Product_Page,Control,2025-09-02 10:39:50,0
EXP00806,C01147,New_Product_Page,Control,2025-10-09 12:49:00,0
EXP00807,C01777,New_Product_Page,Control,2025-08-02 07:28:28,0
EXP00808,C02836,New_Product_Page,Treatment,2025-07-10 02:16:24,1
EXP00809,C04400,New_Product_Page,Control,2025-08-09 15:54:31,0
EXP00810,C04940,New_Product_Page,Control,2025-09-13 11:43:48,0
EXP00811,C03410,New_Product_Page,Treatment,2025-10-21 21:11:36,0
EXP00812,C06581,New_Product_Page,Control,2025-08-27 03:30:25,0
EXP00813,C06425,New_Product_Page,Treatment,2025-08-15 12:43:32,0
EXP00814,C06311,New_Product_Page,Treatment,2025-07-26 03:03:53,0
EXP00815,C02349,New_Product_Page,Control,2025-07-08 19:42:54,0
EXP00816,C05424,New_Product_Page,Control,2025-08-07 07:52:54,0
EXP00817,C07955,New_Product_Page,Treatment,2025-10-17 07:05:37,0
EXP00818,C07430,New_Product_Page,Control,2025-07-01 12:52:07,0
EXP00819,C04524,New_Product_Page,Treatment,2025-10-23 05:14:06,0
EXP00820,C01686,New_Product_Page,Treatment,2025-08-22 23:00:21,0
EXP00821,C06206,New_Product_Page,Control,2025-08-15 04:27:18,0
EXP00822,C05278,New_Product_Page,Treatment,2025-08-04 22:45:43,0
EXP00823,C02885,New_Product_Page,Control,2025-08-29 05:22:18,0
EXP00824,C00600,New_Product_Page,Treatment,2025-08-20 20:31:19,0
EXP00825,C09892,New_Product_Page,Treatment,2025-08-08 17:36:04,0
EXP00826,C04753,New_Product_Page,Treatment,2025-08-20 18:54:08,0
EXP00827,C02813,New_Product_Page,Control,2025-08-15 15:26:53,0
EXP00828,C04651,New_Product_Page,Treatment,2025-10-14 21:15:26,0
EXP00829,C09221,New_Product_Page,Control,2025-07-01 06:37:56,0
EXP00830,C03285,New_Product_Page,Control,2025-07-02 03:31:22,0
EXP00831,C06767,New_Product_Page,Treatment,2025-10-09 05:02:29,0
EXP00832,C06345,New_Product_Page,Control,2025-10-13 05:45:46,0
EXP00833,C09845,New_Product_Page,Treatment,2025-07-07 06:47:34,0
EXP00834,C02022,New_Product_Page,Treatment,2025-10-05 16:01:08,0
EXP00835,C01514,New_Product_Page,Treatment,2025-10-24 15:17:08,0
EXP00836,C05634,New_Product_Page,Control,2025-07-15 09:49:48,0
EXP00837,C08334,New_Product_Page,Control,2025-10-17 02:39:41,1
EXP00838,C07076,New_Product_Page,Treatment,2025-08-02 03:55:59,0
EXP00839,C04669,New_Product_Page,Control,2025-07-06 15:05:52,0
EXP00840,C05920,New_Product_Page,Treatment,2025-08-05 05:27:25,0
EXP00841,C03889,New_Product_Page,Treatment,2025-07-28 14:01:02,0
EXP00842,C01778,New_Product_Page,Treatment,2025-07-26 07:08:03,0
EXP00843,C05406,New_Product_Page,Treatment,2025-08-02 02:50:37,0
EXP00844,C02695,New_Product_Page,Treatment,2025-10-01 20:57:04,0
EXP00845,C09717,New_Product_Page,Control,2025-08-03 15:26:09,0
EXP00846,C03767,New_Product_Page,Treatment,2025-07-23 22:10:55,1
EXP00847,C07767,New_Product_Page,Treatment,2025-10-17 20:02:56,0
EXP00848,C01592,New_Product_Page,Treatment,2025-07-28 04:53:54,0
EXP00849,C09172,New_Product_Page,Control,2025-09-12 03:33:52,0
EXP00850,C01008,New_Product_Page,Control,2025-08-27 08:22:00,0
EXP00851,C09322,New_Product_Page,Treatment,2025-10-06 17:51:29,0
EXP00852,C09406,New_Product_Page,Control,2025-09-25 23:33:21,0
EXP00853,C09974,New_Product_Page,Treatment,2025-08-09 13:45:08,0
EXP00854,C00364,New_Product_Page,Treatment,2025-08-31 08:41:17,0
EXP00855,C00069,New_Product_Page,Control,2025-08-09 23:36:34,0
EXP00856,C01352,New_Product_Page,Control,2025-09-01 10:49:11,1
EXP00857,C04343,New_Product_Page,Treatment,2025-08-11 00:55:28,0
EXP00858,C02463,New_Product_Page,Treatment,2025-08-06 16:18:07,0
EXP00859,C06225,New_Product_Page,Treatment,2025-10-04 13:59:06,0
EXP00860,C09970,New_Product_Page,Control,2025-10-21 07:24:56,1
EXP00861,C02814,New_Product_Page,Treatment,2025-07-29 23:36:58,1
EXP00862,C02175,New_Product_Page,Treatment,2025-08-30 14:59:54,0
EXP00863,C03186,New_Product_Page,Control,2025-10-13 02:08:59,0
EXP00864,C07031,New_Product_Page,Treatment,2025-08-16 12:54:00,0
EXP00865,C04694,New_Product_Page,Treatment,2025-07-02 07:08:02,0
EXP00866,C03338,New_Product_Page,Treatment,2025-07-06 23:23:14,1
EXP00867,C03863,New_Product_Page,Treatment,2025-10-11 19:37:00,0
EXP00868,C04049,New_Product_Page,Treatment,2025-09-29 13:46:16,0
EXP00869,C00737,New_Product_Page,Treatment,2025-07-05 11:20:31,0
EXP00870,C02228,New_Product_Page,Treatment,2025-07-22 00:21:31,0
EXP00871,C00714,New_Product_Page,Treatment,2025-07-11 08:38:37,1
EXP00872,C06494,New_Product_Page,Treatment,2025-07-28 11:26:35,0
EXP00873,C01173,New_Product_Page,Treatment,2025-10-05 14:53:17,0
EXP00874,C06256,New_Product_Page,Control,2025-09-26 20:56:48,0
EXP00875,C06562,New_Product_Page,Control,2025-10-15 23:08:31,0
EXP00876,C00493,New_Product_Page,Treatment,2025-08-14 03:14:08,0
EXP00877,C09395,New_Product_Page,Treatment,2025-10-02 01:01:11,0
EXP00878,C08328,New_Product_Page,Control,2025-07-09 14:52:19,0
EXP00879,C04116,New_Product_Page,Control,2025-08-04 23:07:35,0
EXP00880,C04250,New_Product_Page,Control,2025-08-18 18:15:44,0
EXP00881,C04161,New_Product_Page,Treatment,2025-09-17 06:49:11,0
EXP00882,C08383,New_Product_Page,Treatment,2025-07-12 00:50:43,0
EXP00883,C04503,New_Product_Page,Control,2025-08-21 07:14:23,0
EXP00884,C04338,New_Product_Page,Treatment,2025-09-14 01:35:55,0
EXP00885,C07481,New_Product_Page,Treatment,2025-09-03 19:44:38,0
EXP00886,C00371,New_Product_Page,Control,2025-07-22 09:19:03,0
EXP00887,C02554,New_Product_Page,Control,2025-10-24 08:49:42,1
EXP00888,C09219,New_Product_Page,Treatment,2025-07-25 13:17:01,1
EXP00889,C04549,New_Product_Page,Treatment,2025-10-20 16:59:28,0
EXP00890,C05400,New_Product_Page,Control,2025-08-18 22:40:28,0
EXP00891,C06141,New_Product_Page,Treatment,2025-07-15 17:48:43,0
EXP00892,C07329,New_Product_Page,Control,2025-07-09 11:22:10,0
EXP00893,C08163,New_Product_Page,Treatment,2025-08-24 10:22:59,0
EXP00894,C05622,New_Product_Page,Treatment,2025-08-27 07:55:52,0
EXP00895,C09249,New_Product_Page,Treatment,2025-07-02 03:34:15,0
EXP00896,C04956,New_Product_Page,Control,2025-08-26 06:25:53,1
EXP00897,C06240,New_Product_Page,Treatment,2025-07-14 07:17:12,0
EXP00898,C04432,New_Product_Page,Treatment,2025-09-20 01:46:39,0
EXP00899,C07360,New_Product_Page,Control,2025-09-16 21:51:44,0
EXP00900,C06340,New_Product_Page,Control,2025-10-31 03:59:14,1
EXP00901,C04027,New_Product_Page,Treatment,2025-07-19 09:34:10,1
EXP00902,C03069,New_Product_Page,Treatment,2025-08-18 21:49:21,0
EXP00903,C03948,New_Product_Page,Control,2025-08-27 00:31:07,0
EXP00904,C08622,New_Product_Page,Control,2025-08-11 22:12:46,0
EXP00905,C03343,New_Product_Page,Treatment,2025-10-12 01:28:29,0
EXP00906,C01303,New_Product_Page,Treatment,2025-09-24 12:13:11,0
EXP00907,C02231,New_Product_Page,Control,2025-07-30 04:43:50,0
EXP00908,C08064,New_Product_Page,Treatment,2025-07-09 14:16:39,0
EXP00909,C06594,New_Product_Page,Control,2025-08-07 17:11:53,0
EXP00910,C02160,New_Product_Page,Control,2025-10-12 20:19:21,0
EXP00911,C04071,New_Product_Page,Control,2025-10-14 02:50:35,0
EXP00912,C09806,New_Product_Page,Treatment,2025-09-01 22:45:01,0
EXP00913,C07388,New_Product_Page,Treatment,2025-08-13 04:44:32,0
EXP00914,C07036,New_Product_Page,Control,2025-10-21 21:18:13,0
EXP00915,C04168,New_Product_Page,Treatment,2025-08-17 09:07:43,0
EXP00916,C09702,New_Product_Page,Control,2025-08-07 11:55:48,0
EXP00917,C07296,New_Product_Page,Treatment,2025-10-26 06:35:08,1
EXP00918,C09176,New_Product_Page,Control,2025-08-16 10:04:29,0
EXP00919,C08431,New_Product_Page,Treatment,2025-10-26 18:32:02,0
EXP00920,C09179,New_Product_Page,Treatment,2025-08-21 23:15:58,0
EXP00921,C02687,New_Product_Page,Control,2025-07-23 09:30:21,0
EXP00922,C03335,New_Product_Page,Control,2025-07-11 06:26:35,0
EXP00923,C09682,New_Product_Page,Control,2025-08-09 03:40:16,0
EXP00924,C05655,New_Product_Page,Control,2025-09-05 14:54:37,0
EXP00925,C03616,New_Product_Page,Treatment,2025-07-04 12:50:07,0
EXP00926,C09681,New_Product_Page,Treatment,2025-10-16 22:33:41,0
EXP00927,C08447,New_Product_Page,Control,2025-07-08 23:12:21,0
EXP00928,C00492,New_Product_Page,Treatment,2025-08-18 13:31:56,0
EXP00929,C07944,New_Product_Page,Treatment,2025-08-04 14:40:56,0
EXP00930,C04996,New_Product_Page,Treatment,2025-10-17 03:25:51,0
EXP00931,C06377,New_Product_Page,Treatment,2025-09-06 10:02:17,0
EXP00932,C05318,New_Product_Page,Treatment,2025-07-09 20:04:33,0
EXP00933,C04642,New_Product_Page,Treatment,2025-09-30 14:03:27,1
EXP00934,C00216,New_Product_Page,Treatment,2025-07-09 06:28:32,1
EXP00935,C01871,New_Product_Page,Treatment,2025-07-12 18:30:30,0
EXP00936,C02515,New_Product_Page,Control,2025-09-19 19:34:25,0
EXP00937,C09490,New_Product_Page,Control,2025-07-03 10:01:22,0
EXP00938,C01435,New_Product_Page,Control,2025-10-17 01:48:48,0
EXP00939,C08422,New_Product_Page,Control,2025-09-24 06:18:57,0
EXP00940,C05310,New_Product_Page,Control,2025-08-03 09:02:16,1
EXP00941,C00274,New_Product_Page,Treatment,2025-09-11 13:33:57,0
EXP00942,C07995,New_Product_Page,Control,2025-07-13 14:04:46,0
EXP00943,C08120,New_Product_Page,Control,2025-08-31 05:52:26,0
EXP00944,C09186,New_Product_Page,Control,2025-09-14 06:53:18,0
EXP00945,C00239,New_Product_Page,Control,2025-09-22 23:24:09,0
EXP00946,C08281,New_Product_Page,Treatment,2025-09-24 09:48:55,0
EXP00947,C01406,New_Product_Page,Treatment,2025-09-18 13:30:06,1
EXP00948,C02822,New_Product_Page,Control,2025-10-05 00:59:13,0
EXP00949,C09924,New_Product_Page,Treatment,2025-09-25 21:57:14,0
EXP00950,C09190,New_Product_Page,Control,2025-09-15 02:43:38,0
EXP00951,C00795,New_Product_Page,Control,2025-08-17 18:41:57,0
EXP00952,C02178,New_Product_Page,Treatment,2025-08-05 22:01:25,0
EXP00953,C06613,New_Product_Page,Treatment,2025-09-27 04:02:40,0
EXP00954,C06842,New_Product_Page,Control,2025-07-24 12:06:33,0
EXP00955,C06369,New_Product_Page,Control,2025-09-25 10:32:50,0
EXP00956,C03873,New_Product_Page,Control,2025-08-21 23:05:03,0
EXP00957,C04704,New_Product_Page,Treatment,2025-07-02 15:37:33,0
EXP00958,C07428,New_Product_Page,Control,2025-10-21 02:06:47,0
EXP00959,C05899,New_Product_Page,Control,2025-08-10 01:31:05,0
EXP00960,C05093,New_Product_Page,Control,2025-09-02 15:55:33,0
EXP00961,C04871,New_Product_Page,Treatment,2025-07-09 01:42:39,0
EXP00962,C04379,New_Product_Page,Control,2025-09-21 16:40:20,0
EXP00963,C02541,New_Product_Page,Treatment,2025-10-16 17:46:50,1
EXP00964,C06474,New_Product_Page,Treatment,2025-08-16 16:39:55,1
EXP00965,C06236,New_Product_Page,Treatment,2025-07-05 04:59:45,0
EXP00966,C05448,New_Product_Page,Control,2025-08-04 06:36:04,0
EXP00967,C07384,New_Product_Page,Treatment,2025-09-06 12:45:36,0
EXP00968,C03657,New_Product_Page,Control,2025-09-05 13:58:46,0
EXP00969,C01659,New_Product_Page,Treatment,2025-07-30 07:19:09,0
EXP00970,C06848,New_Product_Page,Control,2025-09-28 13:58:23,0
EXP00971,C02627,New_Product_Page,Treatment,2025-07-06 14:31:56,0
EXP00972,C05376,New_Product_Page,Treatment,2025-09-29 08:56:05,1
EXP00973,C09670,New_Product_Page,Treatment,2025-10-22 12:47:50,0
EXP00974,C09478,New_Product_Page,Treatment,2025-07-26 21:29:57,1
EXP00975,C04841,New_Product_Page,Treatment,2025-07-27 11:41:00,0
EXP00976,C07712,New_Product_Page,Control,2025-07-23 00:46:49,0
EXP00977,C04868,New_Product_Page,Control,2025-10-07 05:16:50,0
EXP00978,C09205,New_Product_Page,Control,2025-09-19 10:30:42,0
EXP00979,C00052,New_Product_Page,Control,2025-07-22 13:49:08,0
EXP00980,C01088,New_Product_Page,Treatment,2025-09-30 22:32:27,0
EXP00981,C02967,New_Product_Page,Control,2025-08-06 07:42:00,0
EXP00982,C00874,New_Product_Page,Control,2025-08-07 17:40:06,0
EXP00983,C01676,New_Product_Page,Treatment,2025-10-15 01:08:43,0
EXP00984,C00830,New_Product_Page,Control,2025-10-02 07:53:58,0
EXP00985,C05457,New_Product_Page,Treatment,2025-10-12 12:21:15,0
EXP00986,C05207,New_Product_Page,Control,2025-10-17 10:15:25,0
EXP00987,C03149,New_Product_Page,Control,2025-08-19 10:06:08,1
EXP00988,C04087,New_Product_Page,Control,2025-07-07 08:28:32,0
EXP00989,C09382,New_Product_Page,Treatment,2025-08-27 17:29:58,0
EXP00990,C04919,New_Product_Page,Control,2025-09-28 10:29:50,1
EXP00991,C06843,New_Product_Page,Control,2025-07-21 08:26:51,0
EXP00992,C07115,New_Product_Page,Control,2025-07-30 12:27:26,0
EXP00993,C05369,New_Product_Page,Treatment,2025-07-08 04:47:17,0
EXP00994,C07446,New_Product_Page,Treatment,2025-09-21 11:49:50,0
EXP00995,C01583,New_Product_Page,Control,2025-08-17 20:39:31,0
EXP00996,C02465,New_Product_Page,Control,2025-07-09 17:36:42,0
EXP00997,C03554,New_Product_Page,Treatment,2025-09-17 03:35:49,0
EXP00998,C04528,New_Product_Page,Control,2025-10-12 05:21:26,1
EXP00999,C09560,New_Product_Page,Control,2025-09-07 21:54:01,0
EXP01000,C04112,New_Product_Page,Control,2025-07-16 17:19:34,0
EXP01001,C04244,New_Product_Page,Control,2025-08-16 05:27:40,0
EXP01002,C08558,New_Product_Page,Control,2025-09-28 23:02:46,0
EXP01003,C03436,New_Product_Page,Control,2025-10-31 11:15:00,0
EXP01004,C05863,New_Product_Page,Control,2025-08-24 01:28:24,0
EXP01005,C00410,New_Product_Page,Control,2025-07-05 05:30:48,1
EXP01006,C06205,New_Product_Page,Control,2025-09-19 21:41:59,0
EXP01007,C03878,New_Product_Page,Control,2025-08-12 19:04:06,0
EXP01008,C04316,New_Product_Page,Treatment,2025-07-28 04:36:02,0
EXP01009,C05295,New_Product_Page,Control,2025-08-17 20:13:48,1
EXP01010,C02243,New_Product_Page,Control,2025-09-11 11:38:35,0
EXP01011,C04872,New_Product_Page,Treatment,2025-10-01 15:11:52,0
EXP01012,C05908,New_Product_Page,Treatment,2025-08-30 19:58:50,1
EXP01013,C06837,New_Product_Page,Treatment,2025-10-11 15:08:07,1
EXP01014,C00451,New_Product_Page,Treatment,2025-08-17 15:58:37,0
EXP01015,C06983,New_Product_Page,Control,2025-09-16 02:41:57,0
EXP01016,C06719,New_Product_Page,Control,2025-09-19 00:27:42,0
EXP01017,C00243,New_Product_Page,Control,2025-09-24 23:38:10,0
EXP01018,C02605,New_Product_Page,Treatment,2025-08-07 17:53:04,0
EXP01019,C09870,New_Product_Page,Control,2025-09-10 11:53:04,0
EXP01020,C00184,New_Product_Page,Treatment,2025-07-12 01:43:15,0
EXP01021,C00610,New_Product_Page,Control,2025-10-31 23:39:36,0
EXP01022,C01739,New_Product_Page,Control,2025-07-27 08:04:08,1
EXP01023,C09191,New_Product_Page,Control,2025-07-10 18:16:21,0
EXP01024,C02650,New_Product_Page,Treatment,2025-08-23 20:27:58,0
EXP01025,C01068,New_Product_Page,Treatment,2025-10-11 19:07:13,0
EXP01026,C05735,New_Product_Page,Control,2025-10-09 11:44:09,0
EXP01027,C09714,New_Product_Page,Control,2025-07-13 19:10:59,0
EXP01028,C00985,New_Product_Page,Control,2025-10-06 02:09:15,0
EXP01029,C02372,New_Product_Page,Treatment,2025-07-07 23:55:25,0
EXP01030,C01811,New_Product_Page,Control,2025-07-19 14:39:17,0
EXP01031,C04289,New_Product_Page,Treatment,2025-08-30 11:21:24,0
EXP01032,C08474,New_Product_Page,Treatment,2025-10-28 03:03:47,1
EXP01033,C03820,New_Product_Page,Treatment,2025-07-31 16:39:23,0
EXP01034,C06717,New_Product_Page,Control,2025-10-04 18:32:34,1
EXP01035,C07457,New_Product_Page,Control,2025-09-28 08:18:08,0
EXP01036,C03490,New_Product_Page,Control,2025-10-01 13:22:23,0
EXP01037,C07789,New_Product_Page,Treatment,2025-09-29 01:33:34,0
EXP01038,C05529,New_Product_Page,Control,2025-09-22 14:52:04,0
EXP01039,C02012,New_Product_Page,Control,2025-08-03 17:44:29,0
EXP01040,C08706,New_Product_Page,Treatment,2025-09-06 17:37:31,0
EXP01041,C04560,New_Product_Page,Control,2025-10-04 19:52:34,0
EXP01042,C00932,New_Product_Page,Treatment,2025-09-20 01:22:35,0
EXP01043,C06003,New_Product_Page,Control,2025-08-02 05:14:23,0
EXP01044,C07760,New_Product_Page,Control,2025-08-02 03:54:41,0
EXP01045,C06556,New_Product_Page,Control,2025-10-07 14:56:15,0
EXP01046,C01695,New_Product_Page,Treatment,2025-10-06 05:39:51,0
EXP01047,C07123,New_Product_Page,Treatment,2025-10-20 21:42:29,0
EXP01048,C07183,New_Product_Page,Control,2025-09-30 05:15:15,0
EXP01049,C03644,New_Product_Page,Control,2025-07-16 14:03:06,0
EXP01050,C07609,New_Product_Page,Treatment,2025-09-17 16:02:16,0
EXP01051,C09831,New_Product_Page,Control,2025-07-11 06:05:29,0
EXP01052,C00969,New_Product_Page,Treatment,2025-09-23 20:21:11,0
EXP01053,C09104,New_Product_Page,Treatment,2025-09-26 03:05:41,0
EXP01054,C08153,New_Product_Page,Treatment,2025-09-17 06:07:34,0
EXP01055,C06142,New_Product_Page,Treatment,2025-09-28 23:33:21,0
EXP01056,C08429,New_Product_Page,Control,2025-08-30 01:42:16,0
EXP01057,C03419,New_Product_Page,Control,2025-07-15 14:22:31,0
EXP01058,C07294,New_Product_Page,Treatment,2025-10-06 08:02:45,0
EXP01059,C06483,New_Product_Page,Control,2025-08-13 13:53:20,0
EXP01060,C09099,New_Product_Page,Control,2025-09-24 15:50:48,0
EXP01061,C00135,New_Product_Page,Control,2025-09-24 00:02:51,0
EXP01062,C05426,New_Product_Page,Control,2025-10-27 04:38:33,0
EXP01063,C02500,New_Product_Page,Treatment,2025-09-27 17:39:39,0
EXP01064,C09037,New_Product_Page,Treatment,2025-09-07 05:55:20,0
EXP01065,C01375,New_Product_Page,Control,2025-10-12 15:14:19,0
EXP01066,C06261,New_Product_Page,Control,2025-09-11 14:38:51,0
EXP01067,C00329,New_Product_Page,Treatment,2025-07-17 04:50:32,0
EXP01068,C00145,New_Product_Page,Treatment,2025-10-19 11:27:27,0
EXP01069,C09604,New_Product_Page,Control,2025-10-24 05:04:45,1
EXP01070,C01304,New_Product_Page,Treatment,2025-08-09 10:20:23,0
EXP01071,C04502,New_Product_Page,Treatment,2025-10-26 01:12:47,0
EXP01072,C06291,New_Product_Page,Treatment,2025-10-21 05:50:42,0
EXP01073,C01915,New_Product_Page,Control,2025-08-20 07:47:47,1
EXP01074,C09292,New_Product_Page,Treatment,2025-08-25 08:05:16,0
EXP01075,C04331,New_Product_Page,Control,2025-10-15 08:27:01,0
EXP01076,C02220,New_Product_Page,Control,2025-08-13 12:36:08,0
EXP01077,C01881,New_Product_Page,Control,2025-07-25 14:10:20,0
EXP01078,C09409,New_Product_Page,Control,2025-08-12 05:57:32,0
EXP01079,C01815,New_Product_Page,Control,2025-08-23 01:58:17,0
EXP01080,C02297,New_Product_Page,Control,2025-09-16 23:56:01,0
EXP01081,C03521,New_Product_Page,Treatment,2025-08-13 20:01:17,0
EXP01082,C06849,New_Product_Page,Treatment,2025-08-21 00:35:10,0
EXP01083,C08713,New_Product_Page,Treatment,2025-08-09 18:21:47,1
EXP01084,C04124,New_Product_Page,Treatment,2025-07-08 11:35:54,0
EXP01085,C06327,New_Product_Page,Control,2025-07-10 07:42:33,0
EXP01086,C07860,New_Product_Page,Control,2025-07-29 18:31:01,0
EXP01087,C09488,New_Product_Page,Treatment,2025-08-12 08:43:43,0
EXP01088,C01248,New_Product_Page,Control,2025-09-24 09:48:42,0
EXP01089,C06834,New_Product_Page,Treatment,2025-07-05 22:26:26,0
EXP01090,C07425,New_Product_Page,Control,2025-08-10 02:49:00,0
EXP01091,C06597,New_Product_Page,Control,2025-09-01 05:17:08,1
EXP01092,C01138,New_Product_Page,Treatment,2025-09-30 20:46:12,0
EXP01093,C04359,New_Product_Page,Control,2025-07-24 06:17:50,0
EXP01094,C08183,New_Product_Page,Treatment,2025-07-29 19:15:13,0
EXP01095,C07799,New_Product_Page,Control,2025-09-01 10:30:17,0
EXP01096,C00213,New_Product_Page,Control,2025-07-30 06:21:30,0
EXP01097,C01505,New_Product_Page,Control,2025-07-28 02:27:57,0
EXP01098,C06673,New_Product_Page,Treatment,2025-07-11 17:33:04,1
EXP01099,C00553,New_Product_Page,Treatment,2025-09-11 04:41:08,0
EXP01100,C07651,New_Product_Page,Control,2025-09-14 14:01:37,0
EXP01101,C07891,New_Product_Page,Control,2025-08-11 20:21:10,0
EXP01102,C07442,New_Product_Page,Control,2025-10-06 11:29:12,0
EXP01103,C00895,New_Product_Page,Treatment,2025-10-25 00:06:21,1
EXP01104,C06364,New_Product_Page,Treatment,2025-08-21 09:46:36,0
EXP01105,C08259,New_Product_Page,Treatment,2025-08-15 16:14:17,0
EXP01106,C05586,New_Product_Page,Treatment,2025-08-12 08:01:49,0
EXP01107,C04337,New_Product_Page,Control,2025-10-10 19:19:08,1
EXP01108,C09165,New_Product_Page,Control,2025-08-24 01:17:44,0
EXP01109,C00796,New_Product_Page,Treatment,2025-10-01 11:00:47,0
EXP01110,C02740,New_Product_Page,Treatment,2025-09-04 22:19:16,0
EXP01111,C09617,New_Product_Page,Control,2025-08-04 03:23:40,0
EXP01112,C03096,New_Product_Page,Control,2025-09-20 22:29:09,0
EXP01113,C07996,New_Product_Page,Control,2025-07-27 01:52:38,1
EXP01114,C02132,New_Product_Page,Control,2025-09-29 07:54:03,0
EXP01115,C08915,New_Product_Page,Control,2025-08-07 00:20:00,0
EXP01116,C09784,New_Product_Page,Treatment,2025-08-05 15:20:37,0
EXP01117,C01616,New_Product_Page,Control,2025-09-19 22:35:33,0
EXP01118,C04171,New_Product_Page,Control,2025-10-29 07:54:23,0
EXP01119,C08066,New_Product_Page,Treatment,2025-07-27 17:24:26,1
EXP01120,C02589,New_Product_Page,Control,2025-09-21 05:42:23,0
EXP01121,C02076,New_Product_Page,Treatment,2025-08-24 16:55:26,0
EXP01122,C04355,New_Product_Page,Treatment,2025-08-24 08:16:28,0
EXP01123,C07042,New_Product_Page,Treatment,2025-10-03 12:28:54,0
EXP01124,C08804,New_Product_Page,Control,2025-07-09 21:46:01,0
EXP01125,C04670,New_Product_Page,Treatment,2025-08-13 20:06:40,1
EXP01126,C08080,New_Product_Page,Treatment,2025-07-01 00:46:06,0
EXP01127,C04364,New_Product_Page,Control,2025-10-30 14:26:15,0
EXP01128,C09133,New_Product_Page,Control,2025-09-14 01:35:08,0
EXP01129,C07300,New_Product_Page,Treatment,2025-08-17 00:02:18,0
EXP01130,C07619,New_Product_Page,Control,2025-07-02 14:41:51,0
EXP01131,C02472,New_Product_Page,Control,2025-07-30 06:47:39,0
EXP01132,C09048,New_Product_Page,Treatment,2025-07-11 17:45:55,0
EXP01133,C05519,New_Product_Page,Control,2025-09-28 15:51:08,0
EXP01134,C06273,New_Product_Page,Control,2025-08-11 16:52:15,0
EXP01135,C00823,New_Product_Page,Treatment,2025-09-18 14:00:21,0
EXP01136,C07744,New_Product_Page,Treatment,2025-07-08 21:25:16,0
EXP01137,C09737,New_Product_Page,Control,2025-07-13 09:24:14,1
EXP01138,C09693,New_Product_Page,Treatment,2025-08-08 19:04:10,0
EXP01139,C09431,New_Product_Page,Treatment,2025-07-30 22:24:28,0
EXP01140,C08225,New_Product_Page,Control,2025-09-27 21:33:09,0
EXP01141,C01461,New_Product_Page,Control,2025-10-01 01:18:41,0
EXP01142,C08522,New_Product_Page,Treatment,2025-09-03 19:02:18,0
EXP01143,C05887,New_Product_Page,Treatment,2025-10-26 08:44:54,0
EXP01144,C00223,New_Product_Page,Control,2025-08-01 16:54:52,0
EXP01145,C07366,New_Product_Page,Treatment,2025-08-04 04:37:00,0
EXP01146,C07062,New_Product_Page,Treatment,2025-07-07 01:19:02,0
EXP01147,C09209,New_Product_Page,Control,2025-07-07 01:12:54,0
EXP01148,C06004,New_Product_Page,Treatment,2025-07-28 09:47:04,0
EXP01149,C01501,New_Product_Page,Treatment,2025-10-13 03:32:39,1
EXP01150,C08178,New_Product_Page,Treatment,2025-07-13 12:56:50,0
EXP01151,C01294,New_Product_Page,Treatment,2025-07-22 17:57:25,1
EXP01152,C09151,New_Product_Page,Control,2025-08-19 16:26:04,0
EXP01153,C00149,New_Product_Page,Control,2025-10-16 03:42:30,0
EXP01154,C02420,New_Product_Page,Treatment,2025-08-09 22:24:09,0
EXP01155,C03977,New_Product_Page,Control,2025-07-01 22:28:03,0
EXP01156,C02883,New_Product_Page,Control,2025-08-22 07:19:21,0
EXP01157,C03074,New_Product_Page,Control,2025-09-05 04:09:22,0
EXP01158,C02026,New_Product_Page,Control,2025-08-19 09:18:30,0
EXP01159,C01805,New_Product_Page,Treatment,2025-08-28 05:38:56,0
EXP01160,C03692,New_Product_Page,Control,2025-09-29 10:39:55,0
EXP01161,C07654,New_Product_Page,Control,2025-10-01 11:19:35,0
EXP01162,C01529,New_Product_Page,Treatment,2025-09-05 19:03:10,0
EXP01163,C04041,New_Product_Page,Treatment,2025-10-24 15:21:57,0
EXP01164,C04393,New_Product_Page,Control,2025-07-07 12:54:02,0
EXP01165,C06014,New_Product_Page,Treatment,2025-10-05 06:33:07,0
EXP01166,C08118,New_Product_Page,Treatment,2025-08-22 04:24:20,0
EXP01167,C02865,New_Product_Page,Control,2025-09-03 06:10:33,0
EXP01168,C00467,New_Product_Page,Treatment,2025-07-12 19:51:56,0
EXP01169,C00752,New_Product_Page,Control,2025-08-23 10:01:45,0
EXP01170,C00334,New_Product_Page,Treatment,2025-07-05 00:53:36,0
EXP01171,C06365,New_Product_Page,Treatment,2025-07-19 12:12:21,0
EXP01172,C01627,New_Product_Page,Treatment,2025-10-04 10:26:53,1
EXP01173,C00584,New_Product_Page,Treatment,2025-09-11 23:12:37,0
EXP01174,C05413,New_Product_Page,Control,2025-10-04 15:32:33,0
EXP01175,C06307,New_Product_Page,Treatment,2025-07-10 10:32:44,0
EXP01176,C03671,New_Product_Page,Treatment,2025-08-22 12:08:46,1
EXP01177,C00496,New_Product_Page,Control,2025-09-16 15:25:04,0
EXP01178,C07747,New_Product_Page,Treatment,2025-07-29 06:03:53,0
EXP01179,C06314,New_Product_Page,Control,2025-10-25 14:45:04,0
EXP01180,C00096,New_Product_Page,Control,2025-09-02 11:05:02,0
EXP01181,C03477,New_Product_Page,Control,2025-07-22 12:30:55,0
EXP01182,C07370,New_Product_Page,Control,2025-10-14 15:25:07,0
EXP01183,C07471,New_Product_Page,Control,2025-09-27 17:02:38,0
EXP01184,C03121,New_Product_Page,Treatment,2025-07-13 17:50:39,0
EXP01185,C07100,New_Product_Page,Control,2025-07-25 01:54:11,0
EXP01186,C05399,New_Product_Page,Control,2025-07-26 16:03:40,1
EXP01187,C08987,New_Product_Page,Control,2025-08-23 09:30:33,0
EXP01188,C01584,New_Product_Page,Control,2025-08-23 09:13:57,0
EXP01189,C05060,New_Product_Page,Treatment,2025-07-23 22:52:50,0
EXP01190,C09093,New_Product_Page,Control,2025-09-30 11:26:19,0
EXP01191,C04249,New_Product_Page,Treatment,2025-09-03 16:06:16,0
EXP01192,C03100,New_Product_Page,Control,2025-09-16 17:09:03,0
EXP01193,C03924,New_Product_Page,Control,2025-09-09 11:24:27,0
EXP01194,C06940,New_Product_Page,Treatment,2025-07-07 17:23:11,0
EXP01195,C05447,New_Product_Page,Treatment,2025-08-28 16:05:54,1
EXP01196,C05741,New_Product_Page,Control,2025-09-22 03:35:15,0
EXP01197,C04745,New_Product_Page,Control,2025-10-25 19:03:19,0
EXP01198,C06506,New_Product_Page,Treatment,2025-07-22 13:07:21,0
EXP01199,C05934,New_Product_Page,Control,2025-09-09 20:00:38,0
EXP01200,C00401,New_Product_Page,Treatment,2025-10-31 19:41:43,0
EXP01201,C06743,New_Product_Page,Treatment,2025-08-24 13:10:19,1
EXP01202,C02308,New_Product_Page,Treatment,2025-07-14 17:28:39,0
EXP01203,C00450,New_Product_Page,Control,2025-09-01 02:07:41,0
EXP01204,C07708,New_Product_Page,Control,2025-07-23 07:37:37,0
EXP01205,C02432,New_Product_Page,Control,2025-10-06 01:06:13,0
EXP01206,C02361,New_Product_Page,Treatment,2025-09-15 14:14:14,0
EXP01207,C02353,New_Product_Page,Control,2025-09-19 07:28:56,0
EXP01208,C01991,New_Product_Page,Treatment,2025-10-21 00:47:59,0
EXP01209,C03662,New_Product_Page,Treatment,2025-08-30 00:54:25,0
EXP01210,C03959,New_Product_Page,Control,2025-08-03 03:17:51,0
EXP01211,C09601,New_Product_Page,Treatment,2025-09-07 17:08:49,1
EXP01212,C07665,New_Product_Page,Treatment,2025-07-29 20:19:25,0
EXP01213,C00120,New_Product_Page,Treatment,2025-10-27 13:57:07,0
EXP01214,C01521,New_Product_Page,Treatment,2025-10-10 20:52:13,1
EXP01215,C05909,New_Product_Page,Treatment,2025-10-22 09:34:57,0
EXP01216,C09551,New_Product_Page,Control,2025-10-09 12:55:35,0
EXP01217,C00486,New_Product_Page,Control,2025-09-05 22:15:39,0
EXP01218,C04200,New_Product_Page,Control,2025-09-27 11:26:32,0
EXP01219,C09215,New_Product_Page,Control,2025-07-09 19:27:30,0
EXP01220,C09098,New_Product_Page,Control,2025-08-07 07:29:40,0
EXP01221,C05338,New_Product_Page,Treatment,2025-09-10 12:05:55,0
EXP01222,C06789,New_Product_Page,Treatment,2025-10-22 04:25:35,0
EXP01223,C01112,New_Product_Page,Control,2025-08-20 11:41:58,0
EXP01224,C02155,New_Product_Page,Control,2025-10-30 07:46:40,0
EXP01225,C07068,New_Product_Page,Treatment,2025-07-15 06:57:41,0
EXP01226,C02562,New_Product_Page,Control,2025-09-07 19:50:15,0
EXP01227,C03884,New_Product_Page,Treatment,2025-07-13 17:57:42,0
EXP01228,C02039,New_Product_Page,Treatment,2025-08-13 14:58:29,0
EXP01229,C05627,New_Product_Page,Control,2025-10-10 21:45:29,0
EXP01230,C00153,New_Product_Page,Control,2025-07-06 00:39:08,0
EXP01231,C05679,New_Product_Page,Treatment,2025-08-16 18:26:56,0
EXP01232,C07356,New_Product_Page,Treatment,2025-09-09 16:23:07,0
EXP01233,C08353,New_Product_Page,Control,2025-10-13 06:54:36,1
EXP01234,C08086,New_Product_Page,Control,2025-07-01 10:12:12,0
EXP01235,C08252,New_Product_Page,Treatment,2025-09-24 02:58:26,1
EXP01236,C02880,New_Product_Page,Control,2025-09-16 17:04:42,0
EXP01237,C06319,New_Product_Page,Treatment,2025-08-20 03:10:01,0
EXP01238,C07688,New_Product_Page,Treatment,2025-10-12 05:02:37,0
EXP01239,C00314,New_Product_Page,Treatment,2025-07-21 19:14:03,0
EXP01240,C04998,New_Product_Page,Treatment,2025-08-04 19:43:12,0
EXP01241,C09687,New_Product_Page,Treatment,2025-09-23 03:21:14,0
EXP01242,C03040,New_Product_Page,Treatment,2025-10-17 18:50:04,0
EXP01243,C08873,New_Product_Page,Treatment,2025-10-01 10:13:53,0
EXP01244,C02493,New_Product_Page,Treatment,2025-10-18 10:24:57,0
EXP01245,C03890,New_Product_Page,Treatment,2025-10-17 17:20:48,0
EXP01246,C08717,New_Product_Page,Treatment,2025-08-21 14:16:09,0
EXP01247,C03363,New_Product_Page,Treatment,2025-10-04 14:41:49,0
EXP01248,C00167,New_Product_Page,Control,2025-07-27 11:02:38,0
EXP01249,C02345,New_Product_Page,Treatment,2025-10-05 08:35:10,0
EXP01250,C03026,New_Product_Page,Treatment,2025-09-26 13:16:34,1
EXP01251,C00862,New_Product_Page,Treatment,2025-09-16 23:48:56,0
EXP01252,C03157,New_Product_Page,Control,2025-10-06 05:27:11,0
EXP01253,C01191,New_Product_Page,Treatment,2025-08-22 05:05:07,0
EXP01254,C00648,New_Product_Page,Control,2025-07-24 15:45:58,0
EXP01255,C04055,New_Product_Page,Control,2025-08-31 15:34:31,0
EXP01256,C02935,New_Product_Page,Treatment,2025-10-24 12:49:10,1
EXP01257,C04252,New_Product_Page,Control,2025-10-16 19:39:40,0
EXP01258,C07168,New_Product_Page,Treatment,2025-10-01 00:10:29,0
EXP01259,C04952,New_Product_Page,Control,2025-10-26 21:08:40,0
EXP01260,C08875,New_Product_Page,Treatment,2025-09-25 00:23:25,0
EXP01261,C03231,New_Product_Page,Treatment,2025-09-15 00:04:00,0
EXP01262,C03563,New_Product_Page,Treatment,2025-08-31 13:44:26,0
EXP01263,C00931,New_Product_Page,Treatment,2025-08-11 22:19:57,0
EXP01264,C07642,New_Product_Page,Treatment,2025-07-18 11:17:11,0
EXP01265,C06669,New_Product_Page,Treatment,2025-08-09 06:53:43,0
EXP01266,C03244,New_Product_Page,Control,2025-08-26 19:44:51,0
EXP01267,C00170,New_Product_Page,Treatment,2025-10-08 02:08:01,0
EXP01268,C03943,New_Product_Page,Control,2025-10-25 02:53:56,0
EXP01269,C01139,New_Product_Page,Control,2025-10-26 19:49:39,0
EXP01270,C01981,New_Product_Page,Control,2025-10-17 22:17:41,0
EXP01271,C06484,New_Product_Page,Treatment,2025-09-17 13:37:26,0
EXP01272,C03264,New_Product_Page,Treatment,2025-08-02 04:48:51,0
EXP01273,C04101,New_Product_Page,Control,2025-07-06 05:06:17,0
EXP01274,C09394,New_Product_Page,Treatment,2025-09-01 06:11:03,0
EXP01275,C05714,New_Product_Page,Control,2025-10-14 08:34:13,0
EXP01276,C08982,New_Product_Page,Control,2025-09-28 13:33:13,0
EXP01277,C09553,New_Product_Page,Control,2025-10-10 15:55:37,0
EXP01278,C02147,New_Product_Page,Control,2025-08-28 12:36:12,0
EXP01279,C00532,New_Product_Page,Control,2025-08-02 22:45:57,0
EXP01280,C02354,New_Product_Page,Treatment,2025-08-02 15:44:16,0
EXP01281,C06788,New_Product_Page,Treatment,2025-10-09 17:03:28,0
EXP01282,C08460,New_Product_Page,Treatment,2025-10-28 03:57:38,0
EXP01283,C08089,New_Product_Page,Control,2025-07-25 12:18:19,0
EXP01284,C01829,New_Product_Page,Treatment,2025-10-05 02:59:59,0
EXP01285,C07311,New_Product_Page,Treatment,2025-08-27 12:11:22,0
EXP01286,C00310,New_Product_Page,Control,2025-07-21 05:18:03,0
EXP01287,C05407,New_Product_Page,Treatment,2025-10-21 11:03:41,0
EXP01288,C04976,New_Product_Page,Treatment,2025-07-28 23:43:24,0
EXP01289,C00337,New_Product_Page,Treatment,2025-09-18 08:53:02,0
EXP01290,C02278,New_Product_Page,Control,2025-07-04 13:48:52,0
EXP01291,C09303,New_Product_Page,Control,2025-08-12 02:03:04,0
EXP01292,C05185,New_Product_Page,Control,2025-07-29 15:21:15,0
EXP01293,C02166,New_Product_Page,Control,2025-07-10 13:40:27,0
EXP01294,C07291,New_Product_Page,Treatment,2025-09-13 14:25:32,0
EXP01295,C08057,New_Product_Page,Treatment,2025-10-22 13:46:41,0
EXP01296,C02095,New_Product_Page,Control,2025-07-24 16:43:49,0
EXP01297,C01626,New_Product_Page,Treatment,2025-08-20 10:15:13,0
EXP01298,C05268,New_Product_Page,Control,2025-09-17 13:38:16,0
EXP01299,C06544,New_Product_Page,Control,2025-09-20 01:51:18,0
EXP01300,C03809,New_Product_Page,Control,2025-09-24 08:57:13,0
EXP01301,C09367,New_Product_Page,Control,2025-08-14 15:34:20,0
EXP01302,C09715,New_Product_Page,Treatment,2025-08-29 13:55:34,1
EXP01303,C06043,New_Product_Page,Control,2025-07-24 08:33:13,0
EXP01304,C08802,New_Product_Page,Treatment,2025-09-09 10:03:37,0
EXP01305,C02862,New_Product_Page,Control,2025-10-28 03:32:03,0
EXP01306,C06224,New_Product_Page,Treatment,2025-07-28 21:56:02,0
EXP01307,C05079,New_Product_Page,Control,2025-10-24 17:59:05,1
EXP01308,C05125,New_Product_Page,Control,2025-08-28 12:20:06,0
EXP01309,C04613,New_Product_Page,Treatment,2025-10-16 19:42:57,0
EXP01310,C00649,New_Product_Page,Control,2025-09-06 13:04:53,0
EXP01311,C07835,New_Product_Page,Control,2025-07-03 22:21:57,0
EXP01312,C06223,New_Product_Page,Treatment,2025-08-12 11:21:28,0
EXP01313,C06357,New_Product_Page,Treatment,2025-10-17 02:12:44,0
EXP01314,C03760,New_Product_Page,Treatment,2025-10-03 05:46:25,0
EXP01315,C02518,New_Product_Page,Treatment,2025-09-16 05:01:38,0
EXP01316,C05139,New_Product_Page,Control,2025-08-02 07:51:45,1
EXP01317,C04555,New_Product_Page,Control,2025-07-30 20:14:57,0
EXP01318,C01047,New_Product_Page,Control,2025-08-05 08:57:44,0
EXP01319,C01053,New_Product_Page,Treatment,2025-09-12 04:39:52,0
EXP01320,C07110,New_Product_Page,Control,2025-09-21 23:05:52,0
EXP01321,C07480,New_Product_Page,Treatment,2025-07-14 03:07:58,0
EXP01322,C07131,New_Product_Page,Control,2025-08-29 11:50:03,0
EXP01323,C01619,New_Product_Page,Control,2025-10-31 05:21:54,0
EXP01324,C06238,New_Product_Page,Control,2025-07-09 18:23:27,0
EXP01325,C06917,New_Product_Page,Control,2025-09-13 19:31:49,0
EXP01326,C04916,New_Product_Page,Treatment,2025-09-13 09:59:30,0
EXP01327,C09356,New_Product_Page,Treatment,2025-10-13 14:28:05,0
EXP01328,C07142,New_Product_Page,Treatment,2025-07-27 11:28:15,0
EXP01329,C07344,New_Product_Page,Treatment,2025-08-13 18:28:22,0
EXP01330,C00787,New_Product_Page,Treatment,2025-09-16 12:48:41,0
EXP01331,C06508,New_Product_Page,Treatment,2025-07-04 09:31:51,0
EXP01332,C08476,New_Product_Page,Treatment,2025-09-20 15:32:39,0
EXP01333,C02446,New_Product_Page,Treatment,2025-07-28 15:59:55,0
EXP01334,C09893,New_Product_Page,Control,2025-07-16 08:40:20,0
EXP01335,C00286,New_Product_Page,Control,2025-08-02 22:51:07,0
EXP01336,C00464,New_Product_Page,Control,2025-09-15 23:13:39,0
EXP01337,C01948,New_Product_Page,Control,2025-08-01 01:15:52,0
EXP01338,C05201,New_Product_Page,Control,2025-10-09 20:20:36,0
EXP01339,C08063,New_Product_Page,Control,2025-07-01 21:21:56,0
EXP01340,C03987,New_Product_Page,Treatment,2025-07-23 12:16:30,0
EXP01341,C05829,New_Product_Page,Control,2025-09-11 23:36:26,0
EXP01342,C02700,New_Product_Page,Control,2025-09-17 06:15:03,0
EXP01343,C05820,New_Product_Page,Treatment,2025-10-31 03:07:58,1
EXP01344,C06203,New_Product_Page,Treatment,2025-07-09 21:50:17,0
EXP01345,C07315,New_Product_Page,Treatment,2025-10-06 16:11:52,0
EXP01346,C08923,New_Product_Page,Control,2025-08-10 17:39:39,0
EXP01347,C03560,New_Product_Page,Control,2025-07-09 16:27:54,0
EXP01348,C09509,New_Product_Page,Treatment,2025-09-22 00:08:17,0
EXP01349,C05874,New_Product_Page,Treatment,2025-08-29 17:39:39,0
EXP01350,C05880,New_Product_Page,Treatment,2025-08-16 12:20:19,0
EXP01351,C01831,New_Product_Page,Control,2025-07-10 10:01:35,0
EXP01352,C06338,New_Product_Page,Control,2025-10-31 23:36:23,0
EXP01353,C06666,New_Product_Page,Treatment,2025-09-21 03:50:55,0
EXP01354,C05395,New_Product_Page,Control,2025-07-26 07:06:56,0
EXP01355,C02574,New_Product_Page,Control,2025-09-26 21:46:19,0
EXP01356,C05971,New_Product_Page,Control,2025-09-11 12:10:42,0
EXP01357,C04568,New_Product_Page,Control,2025-09-29 00:27:44,0
EXP01358,C07773,New_Product_Page,Control,2025-07-27 20:12:37,0
EXP01359,C01094,New_Product_Page,Control,2025-08-02 15:21:47,1
EXP01360,C04385,New_Product_Page,Treatment,2025-10-08 03:22:59,0
EXP01361,C05255,New_Product_Page,Control,2025-10-18 21:56:52,0
EXP01362,C09414,New_Product_Page,Treatment,2025-07-25 20:33:29,0
EXP01363,C01987,New_Product_Page,Treatment,2025-10-07 22:34:11,0
EXP01364,C02392,New_Product_Page,Control,2025-10-03 04:42:15,1
EXP01365,C05436,New_Product_Page,Control,2025-08-10 09:55:39,0
EXP01366,C07765,New_Product_Page,Control,2025-10-26 15:01:37,0
EXP01367,C01394,New_Product_Page,Treatment,2025-07-08 06:36:10,0
EXP01368,C09440,New_Product_Page,Control,2025-08-19 16:08:04,0
EXP01369,C05777,New_Product_Page,Control,2025-07-21 02:43:26,0
EXP01370,C05283,New_Product_Page,Treatment,2025-07-01 10:29:59,0
EXP01371,C08643,New_Product_Page,Control,2025-08-24 14:45:19,0
EXP01372,C06143,New_Product_Page,Treatment,2025-10-21 08:55:08,0
EXP01373,C08509,New_Product_Page,Treatment,2025-10-11 17:50:50,0
EXP01374,C03512,New_Product_Page,Treatment,2025-07-01 21:22:53,0
EXP01375,C09346,New_Product_Page,Control,2025-08-19 14:42:26,0
EXP01376,C04918,New_Product_Page,Treatment,2025-07-27 13:50:25,0
EXP01377,C04967,New_Product_Page,Treatment,2025-09-19 06:29:22,0
EXP01378,C02467,New_Product_Page,Control,2025-10-12 14:34:30,0
EXP01379,C02380,New_Product_Page,Control,2025-10-30 00:06:36,0
EXP01380,C03408,New_Product_Page,Control,2025-07-07 06:44:23,0
EXP01381,C05443,New_Product_Page,Treatment,2025-07-26 20:55:42,1
EXP01382,C04686,New_Product_Page,Control,2025-10-02 15:31:22,0
EXP01383,C03109,New_Product_Page,Control,2025-07-26 04:50:40,0
EXP01384,C05081,New_Product_Page,Control,2025-09-20 00:23:54,0
EXP01385,C08361,New_Product_Page,Control,2025-10-08 23:12:22,0
EXP01386,C00845,New_Product_Page,Control,2025-10-13 14:32:34,0
EXP01387,C01890,New_Product_Page,Treatment,2025-08-19 22:18:49,0
EXP01388,C00757,New_Product_Page,Treatment,2025-09-21 18:10:22,1
EXP01389,C08970,New_Product_Page,Control,2025-09-11 21:06:19,0
EXP01390,C00903,New_Product_Page,Treatment,2025-07-10 06:57:24,0
EXP01391,C07008,New_Product_Page,Treatment,2025-10-10 01:17:35,0
EXP01392,C01534,New_Product_Page,Treatment,2025-10-04 09:33:43,0
EXP01393,C03357,New_Product_Page,Control,2025-09-07 03:00:58,0
EXP01394,C02839,New_Product_Page,Control,2025-07-10 22:45:01,0
EXP01395,C02999,New_Product_Page,Control,2025-09-26 11:55:12,0
EXP01396,C08557,New_Product_Page,Treatment,2025-07-30 14:06:56,0
EXP01397,C01867,New_Product_Page,Treatment,2025-10-16 04:51:06,0
EXP01398,C05818,New_Product_Page,Control,2025-10-17 16:16:58,0
EXP01399,C09481,New_Product_Page,Control,2025-08-21 03:59:22,0
EXP01400,C08714,New_Product_Page,Treatment,2025-08-18 22:31:45,0
EXP01401,C04994,New_Product_Page,Control,2025-07-23 14:06:41,1
EXP01402,C02611,New_Product_Page,Treatment,2025-07-25 17:43:36,0
EXP01403,C09631,New_Product_Page,Treatment,2025-09-21 19:32:02,0
EXP01404,C02770,New_Product_Page,Control,2025-09-13 03:47:27,0
EXP01405,C08380,New_Product_Page,Control,2025-09-25 23:38:06,0
EXP01406,C01220,New_Product_Page,Control,2025-09-24 09:23:44,0
EXP01407,C05349,New_Product_Page,Control,2025-07-01 17:56:12,0
EXP01408,C09801,New_Product_Page,Treatment,2025-08-14 18:35:39,0
EXP01409,C04880,New_Product_Page,Treatment,2025-07-02 19:50:49,0
EXP01410,C09522,New_Product_Page,Control,2025-09-27 13:24:23,0
EXP01411,C04378,New_Product_Page,Control,2025-09-26 06:17:35,0
EXP01412,C07186,New_Product_Page,Control,2025-08-23 16:44:31,0
EXP01413,C05433,New_Product_Page,Treatment,2025-10-04 09:08:41,0
EXP01414,C03965,New_Product_Page,Treatment,2025-09-29 02:51:12,0
EXP01415,C06181,New_Product_Page,Control,2025-08-05 03:58:03,0
EXP01416,C06967,New_Product_Page,Control,2025-10-03 03:44:18,0
EXP01417,C04260,New_Product_Page,Control,2025-09-23 22:21:24,0
EXP01418,C02389,New_Product_Page,Control,2025-09-09 23:47:08,0
EXP01419,C04767,New_Product_Page,Control,2025-09-12 17:51:09,1
EXP01420,C01474,New_Product_Page,Treatment,2025-09-13 07:47:04,0
EXP01421,C09499,New_Product_Page,Control,2025-08-17 04:15:34,0
EXP01422,C02048,New_Product_Page,Treatment,2025-07-09 20:56:27,0
EXP01423,C09609,New_Product_Page,Control,2025-10-21 00:44:43,0
EXP01424,C01899,New_Product_Page,Treatment,2025-08-10 10:52:57,0
EXP01425,C07438,New_Product_Page,Control,2025-08-23 17:31:40,0
EXP01426,C07310,New_Product_Page,Treatment,2025-08-07 13:44:04,0
EXP01427,C06138,New_Product_Page,Treatment,2025-07-26 10:48:38,1
EXP01428,C04470,New_Product_Page,Treatment,2025-09-10 10:44:08,0
EXP01429,C07260,New_Product_Page,Control,2025-08-25 20:21:01,0
EXP01430,C00825,New_Product_Page,Treatment,2025-08-05 05:25:27,0
EXP01431,C09618,New_Product_Page,Control,2025-08-13 15:52:57,0
EXP01432,C03151,New_Product_Page,Control,2025-08-03 21:32:02,0
EXP01433,C07250,New_Product_Page,Control,2025-08-26 20:31:04,0
EXP01434,C08849,New_Product_Page,Control,2025-07-22 22:50:05,0
EXP01435,C01762,New_Product_Page,Control,2025-09-15 19:48:40,0
EXP01436,C04877,New_Product_Page,Control,2025-08-31 12:31:06,0
EXP01437,C00342,New_Product_Page,Control,2025-10-25 13:50:59,0
EXP01438,C03534,New_Product_Page,Control,2025-09-29 12:36:58,0
EXP01439,C06534,New_Product_Page,Treatment,2025-08-01 07:33:01,0
EXP01440,C04975,New_Product_Page,Treatment,2025-07-04 11:07:06,0
EXP01441,C03818,New_Product_Page,Treatment,2025-10-27 19:45:23,0
EXP01442,C08695,New_Product_Page,Control,2025-10-23 07:35:22,1
EXP01443,C07409,New_Product_Page,Treatment,2025-07-11 15:14:12,0
EXP01444,C08414,New_Product_Page,Treatment,2025-09-25 22:40:04,0
EXP01445,C05342,New_Product_Page,Treatment,2025-10-16 06:06:37,0
EXP01446,C00148,New_Product_Page,Control,2025-07-17 17:30:13,0
EXP01447,C01504,New_Product_Page,Treatment,2025-10-08 02:14:47,0
EXP01448,C09269,New_Product_Page,Control,2025-07-01 10:45:38,0
EXP01449,C06874,New_Product_Page,Control,2025-07-28 07:40:50,0
EXP01450,C00996,New_Product_Page,Treatment,2025-07-23 09:25:19,0
EXP01451,C00587,New_Product_Page,Control,2025-07-28 23:02:00,0
EXP01452,C04913,New_Product_Page,Treatment,2025-07-14 00:42:15,0
EXP01453,C08846,New_Product_Page,Treatment,2025-08-09 07:47:48,0
EXP01454,C00928,New_Product_Page,Treatment,2025-10-20 12:53:45,0
EXP01455,C01795,New_Product_Page,Control,2025-07-17 14:15:41,0
EXP01456,C08224,New_Product_Page,Control,2025-10-14 09:35:10,0
EXP01457,C04319,New_Product_Page,Control,2025-09-30 12:37:36,0
EXP01458,C07467,New_Product_Page,Treatment,2025-07-24 16:20:56,0
EXP01459,C01657,New_Product_Page,Control,2025-07-30 09:55:15,0
EXP01460,C07082,New_Product_Page,Control,2025-07-09 11:29:23,0
EXP01461,C00264,New_Product_Page,Treatment,2025-09-16 23:31:34,0
EXP01462,C00655,New_Product_Page,Control,2025-09-27 12:22:26,0
EXP01463,C09629,New_Product_Page,Control,2025-08-31 04:51:08,0
EXP01464,C00494,New_Product_Page,Control,2025-08-23 02:12:47,0
EXP01465,C04517,New_Product_Page,Treatment,2025-09-19 00:32:52,0
EXP01466,C02203,New_Product_Page,Treatment,2025-10-22 14:30:26,0
EXP01467,C03462,New_Product_Page,Control,2025-10-04 20:20:38,0
EXP01468,C07622,New_Product_Page,Control,2025-09-11 18:11:29,0
EXP01469,C06051,New_Product_Page,Treatment,2025-07-19 23:17:27,0
EXP01470,C02447,New_Product_Page,Control,2025-09-20 22:19:25,0
EXP01471,C09763,New_Product_Page,Treatment,2025-07-06 09:26:33,0
EXP01472,C03708,New_Product_Page,Treatment,2025-08-12 18:10:06,0
EXP01473,C02040,New_Product_Page,Control,2025-09-11 18:16:01,0
EXP01474,C09886,New_Product_Page,Control,2025-07-17 06:35:43,1
EXP01475,C07235,New_Product_Page,Treatment,2025-09-09 01:45:53,0
EXP01476,C07109,New_Product_Page,Treatment,2025-07-05 23:31:23,1
EXP01477,C06077,New_Product_Page,Control,2025-07-14 21:33:09,0
EXP01478,C02386,New_Product_Page,Treatment,2025-07-06 22:50:45,0
EXP01479,C07159,New_Product_Page,Treatment,2025-09-16 12:43:36,0
EXP01480,C05293,New_Product_Page,Control,2025-08-11 09:06:22,1
EXP01481,C06946,New_Product_Page,Treatment,2025-10-17 16:45:46,1
EXP01482,C00104,New_Product_Page,Control,2025-08-09 20:25:40,0
EXP01483,C08017,New_Product_Page,Control,2025-10-01 23:10:42,0
EXP01484,C07262,New_Product_Page,Treatment,2025-08-17 22:17:22,0
EXP01485,C07897,New_Product_Page,Treatment,2025-09-15 17:43:30,0
EXP01486,C02960,New_Product_Page,Treatment,2025-08-30 22:25:32,0
EXP01487,C03864,New_Product_Page,Treatment,2025-08-13 22:47:22,0
EXP01488,C01628,New_Product_Page,Control,2025-08-20 00:17:46,0
EXP01489,C06518,New_Product_Page,Control,2025-07-11 02:13:17,0
EXP01490,C02545,New_Product_Page,Control,2025-07-23 00:17:23,0
EXP01491,C06258,New_Product_Page,Control,2025-07-26 02:48:55,1
EXP01492,C01049,New_Product_Page,Control,2025-07-18 08:26:01,0
EXP01493,C03385,New_Product_Page,Treatment,2025-08-25 19:52:01,1
EXP01494,C06086,New_Product_Page,Treatment,2025-08-29 00:58:15,0
EXP01495,C09552,New_Product_Page,Control,2025-07-31 16:17:31,0
EXP01496,C02680,New_Product_Page,Control,2025-07-01 20:47:22,0
EXP01497,C04447,New_Product_Page,Treatment,2025-08-02 15:08:07,0
EXP01498,C07902,New_Product_Page,Treatment,2025-09-25 09:34:17,0
EXP01499,C08237,New_Product_Page,Control,2025-10-18 04:35:04,0
EXP01500,C05602,New_Product_Page,Treatment,2025-09-21 21:08:06,0
EXP01501,C04518,New_Product_Page,Control,2025-10-12 19:52:58,0
EXP01502,C04088,New_Product_Page,Treatment,2025-08-23 19:42:34,0
EXP01503,C02815,New_Product_Page,Treatment,2025-08-03 07:18:03,0
EXP01504,C06110,New_Product_Page,Control,2025-09-15 16:03:42,0
EXP01505,C04879,New_Product_Page,Control,2025-07-24 22:57:02,0
EXP01506,C02855,New_Product_Page,Treatment,2025-10-15 10:31:34,0
EXP01507,C05402,New_Product_Page,Treatment,2025-07-30 08:36:55,1
EXP01508,C00108,New_Product_Page,Treatment,2025-08-02 15:41:45,0
EXP01509,C01726,New_Product_Page,Treatment,2025-10-21 15:40:44,1
EXP01510,C00708,New_Product_Page,Control,2025-07-18 18:35:51,0
EXP01511,C04992,New_Product_Page,Control,2025-09-11 21:33:43,0
EXP01512,C02697,New_Product_Page,Control,2025-08-12 13:17:50,0
EXP01513,C01261,New_Product_Page,Control,2025-08-20 20:55:39,1
EXP01514,C07998,New_Product_Page,Treatment,2025-08-17 09:18:42,0
EXP01515,C03196,New_Product_Page,Treatment,2025-10-17 14:57:57,0
EXP01516,C08748,New_Product_Page,Control,2025-09-05 22:52:51,0
EXP01517,C05819,New_Product_Page,Treatment,2025-09-28 21:49:29,0
EXP01518,C04736,New_Product_Page,Control,2025-07-16 23:03:04,0
EXP01519,C06367,New_Product_Page,Treatment,2025-09-09 08:53:21,0
EXP01520,C04836,New_Product_Page,Control,2025-07-28 20:33:49,0
EXP01521,C02106,New_Product_Page,Treatment,2025-08-04 22:56:38,0
EXP01522,C02238,New_Product_Page,Treatment,2025-08-11 22:53:56,0
EXP01523,C02681,New_Product_Page,Control,2025-08-26 08:30:34,0
EXP01524,C02757,New_Product_Page,Treatment,2025-08-30 22:07:21,0
EXP01525,C06511,New_Product_Page,Treatment,2025-08-20 19:45:17,0
EXP01526,C00313,New_Product_Page,Control,2025-08-04 23:32:51,0
EXP01527,C08765,New_Product_Page,Control,2025-08-30 17:07:14,0
EXP01528,C03607,New_Product_Page,Treatment,2025-08-21 03:39:57,0
EXP01529,C08256,New_Product_Page,Treatment,2025-10-06 04:08:52,0
EXP01530,C02828,New_Product_Page,Control,2025-07-20 03:48:21,0
EXP01531,C05968,New_Product_Page,Control,2025-09-02 15:05:40,0
EXP01532,C00252,New_Product_Page,Treatment,2025-10-21 21:15:54,0
EXP01533,C00946,New_Product_Page,Treatment,2025-08-07 17:53:17,0
EXP01534,C00038,New_Product_Page,Treatment,2025-10-04 08:25:40,0
EXP01535,C05945,New_Product_Page,Treatment,2025-07-21 11:59:26,0
EXP01536,C09971,New_Product_Page,Treatment,2025-10-20 18:32:58,1
EXP01537,C04162,New_Product_Page,Treatment,2025-08-13 06:50:00,0
EXP01538,C03709,New_Product_Page,Treatment,2025-10-02 04:31:13,0
EXP01539,C03908,New_Product_Page,Control,2025-07-02 07:26:08,0
EXP01540,C09539,New_Product_Page,Treatment,2025-07-26 07:54:29,0
EXP01541,C09607,New_Product_Page,Treatment,2025-09-10 07:28:29,0
EXP01542,C06085,New_Product_Page,Control,2025-09-25 20:34:58,0
EXP01543,C04527,New_Product_Page,Control,2025-08-18 14:15:27,1
EXP01544,C03746,New_Product_Page,Control,2025-08-10 12:12:04,0
EXP01545,C04471,New_Product_Page,Treatment,2025-09-05 03:00:36,0
EXP01546,C08833,New_Product_Page,Control,2025-08-30 16:50:46,0
EXP01547,C00879,New_Product_Page,Treatment,2025-08-25 06:28:40,0
EXP01548,C02825,New_Product_Page,Control,2025-08-01 19:00:47,0
EXP01549,C02276,New_Product_Page,Treatment,2025-07-30 14:13:22,0
EXP01550,C00959,New_Product_Page,Control,2025-09-09 02:39:48,0
EXP01551,C07842,New_Product_Page,Control,2025-09-30 22:42:38,0
EXP01552,C02898,New_Product_Page,Treatment,2025-09-15 10:45:19,0
EXP01553,C00057,New_Product_Page,Treatment,2025-10-04 20:18:12,0
EXP01554,C06650,New_Product_Page,Treatment,2025-10-17 04:37:49,0
EXP01555,C09075,New_Product_Page,Treatment,2025-10-20 19:31:32,0
EXP01556,C05585,New_Product_Page,Treatment,2025-10-08 05:21:31,0
EXP01557,C00726,New_Product_Page,Treatment,2025-09-26 07:10:36,1
EXP01558,C08550,New_Product_Page,Treatment,2025-07-03 01:15:57,0
EXP01559,C09524,New_Product_Page,Control,2025-08-05 12:44:32,1
EXP01560,C02505,New_Product_Page,Control,2025-09-26 05:44:25,1
EXP01561,C03715,New_Product_Page,Control,2025-09-14 18:58:51,0
EXP01562,C09559,New_Product_Page,Treatment,2025-10-17 03:33:17,0
EXP01563,C03961,New_Product_Page,Control,2025-10-09 18:55:36,0
EXP01564,C06321,New_Product_Page,Treatment,2025-09-23 19:53:50,0
EXP01565,C01007,New_Product_Page,Treatment,2025-10-04 12:34:37,0
EXP01566,C00181,New_Product_Page,Treatment,2025-10-07 04:25:27,0
EXP01567,C04983,New_Product_Page,Control,2025-10-27 18:12:02,0
EXP01568,C08700,New_Product_Page,Control,2025-10-08 15:32:18,0
EXP01569,C08073,New_Product_Page,Treatment,2025-07-17 23:51:17,0
EXP01570,C01859,New_Product_Page,Treatment,2025-07-24 19:35:33,0
EXP01571,C00063,New_Product_Page,Treatment,2025-09-01 13:06:49,0
EXP01572,C06838,New_Product_Page,Control,2025-10-14 00:22:16,0
EXP01573,C00728,New_Product_Page,Treatment,2025-07-14 07:41:35,0
EXP01574,C06019,New_Product_Page,Control,2025-10-07 01:39:54,0
EXP01575,C03051,New_Product_Page,Treatment,2025-07-16 20:13:51,0
EXP01576,C07652,New_Product_Page,Treatment,2025-09-29 20:30:57,0
EXP01577,C04860,New_Product_Page,Treatment,2025-09-24 19:06:15,0
EXP01578,C01978,New_Product_Page,Control,2025-10-20 07:49:09,0
EXP01579,C06773,New_Product_Page,Treatment,2025-08-23 21:49:24,0
EXP01580,C07456,New_Product_Page,Treatment,2025-08-05 16:33:37,0
EXP01581,C00122,New_Product_Page,Treatment,2025-07-30 15:45:40,0
EXP01582,C00235,New_Product_Page,Treatment,2025-10-25 19:47:58,0
EXP01583,C06375,New_Product_Page,Control,2025-08-24 09:21:05,0
EXP01584,C05122,New_Product_Page,Control,2025-07-07 01:45:43,0
EXP01585,C06025,New_Product_Page,Treatment,2025-08-03 21:58:12,0
EXP01586,C07686,New_Product_Page,Treatment,2025-08-29 17:53:31,0
EXP01587,C00939,New_Product_Page,Control,2025-08-18 20:06:20,0
EXP01588,C02305,New_Product_Page,Treatment,2025-10-24 11:55:24,0
EXP01589,C09527,New_Product_Page,Treatment,2025-07-15 20:46:24,0
EXP01590,C00275,New_Product_Page,Control,2025-07-21 22:25:55,0
EXP01591,C04506,New_Product_Page,Treatment,2025-07-07 10:40:52,0
EXP01592,C01800,New_Product_Page,Control,2025-10-08 03:28:20,0
EXP01593,C02738,New_Product_Page,Treatment,2025-10-08 10:59:52,0
EXP01594,C07353,New_Product_Page,Control,2025-08-21 17:25:55,0
EXP01595,C08487,New_Product_Page,Treatment,2025-07-21 05:15:25,0
EXP01596,C03371,New_Product_Page,Treatment,2025-08-09 20:06:12,0
EXP01597,C04283,New_Product_Page,Treatment,2025-09-05 18:52:47,0
EXP01598,C02073,New_Product_Page,Control,2025-08-28 03:06:00,0
EXP01599,C09487,New_Product_Page,Treatment,2025-07-27 14:31:53,0
EXP01600,C01282,New_Product_Page,Treatment,2025-07-03 07:24:17,0
EXP01601,C05933,New_Product_Page,Treatment,2025-07-03 06:52:15,0
EXP01602,C08632,New_Product_Page,Treatment,2025-10-05 15:05:44,0
EXP01603,C07898,New_Product_Page,Control,2025-07-01 02:07:24,0
EXP01604,C06262,New_Product_Page,Control,2025-08-19 13:47:40,0
EXP01605,C05110,New_Product_Page,Treatment,2025-08-10 21:14:19,0
EXP01606,C01643,New_Product_Page,Treatment,2025-07-28 00:18:52,0
EXP01607,C02484,New_Product_Page,Treatment,2025-08-22 21:24:26,0
EXP01608,C07167,New_Product_Page,Control,2025-09-16 13:27:49,0
EXP01609,C07970,New_Product_Page,Control,2025-10-07 05:30:45,0
EXP01610,C05214,New_Product_Page,Treatment,2025-09-30 04:04:52,0
EXP01611,C08828,New_Product_Page,Treatment,2025-10-15 09:16:39,0
EXP01612,C01170,New_Product_Page,Control,2025-08-07 17:11:17,1
EXP01613,C09973,New_Product_Page,Treatment,2025-09-09 16:53:42,0
EXP01614,C04995,New_Product_Page,Control,2025-09-17 14:31:23,0
EXP01615,C02030,New_Product_Page,Treatment,2025-09-23 06:36:25,0
EXP01616,C00776,New_Product_Page,Treatment,2025-10-19 21:59:08,0
EXP01617,C07173,New_Product_Page,Treatment,2025-07-25 23:39:19,1
EXP01618,C03625,New_Product_Page,Treatment,2025-10-19 18:54:06,0
EXP01619,C01738,New_Product_Page,Treatment,2025-09-25 09:30:44,0
EXP01620,C09878,New_Product_Page,Control,2025-08-23 17:30:36,0
EXP01621,C07240,New_Product_Page,Control,2025-09-10 21:51:29,0
EXP01622,C02499,New_Product_Page,Control,2025-07-17 20:40:41,0
EXP01623,C06109,New_Product_Page,Control,2025-10-26 19:17:28,0
EXP01624,C03176,New_Product_Page,Treatment,2025-09-22 15:06:21,0
EXP01625,C01123,New_Product_Page,Control,2025-07-23 18:24:59,0
EXP01626,C04764,New_Product_Page,Treatment,2025-07-24 18:24:52,0
EXP01627,C08977,New_Product_Page,Treatment,2025-09-08 08:58:26,0
EXP01628,C04004,New_Product_Page,Treatment,2025-10-09 23:16:58,0
EXP01629,C00491,New_Product_Page,Treatment,2025-09-30 05:42:58,1
EXP01630,C09498,New_Product_Page,Control,2025-09-02 11:05:51,1
EXP01631,C09815,New_Product_Page,Control,2025-10-10 08:01:36,1
EXP01632,C03633,New_Product_Page,Treatment,2025-09-08 22:52:12,0
EXP01633,C08269,New_Product_Page,Treatment,2025-08-26 12:27:30,0
EXP01634,C01511,New_Product_Page,Control,2025-07-02 10:04:36,0
EXP01635,C05551,New_Product_Page,Treatment,2025-09-14 19:37:14,0
EXP01636,C01660,New_Product_Page,Control,2025-10-01 13:14:12,0
EXP01637,C05177,New_Product_Page,Control,2025-10-15 16:42:50,0
EXP01638,C05659,New_Product_Page,Control,2025-09-16 10:40:20,1
EXP01639,C03213,New_Product_Page,Control,2025-08-11 08:57:04,0
EXP01640,C08855,New_Product_Page,Treatment,2025-10-31 17:47:03,0
EXP01641,C09513,New_Product_Page,Treatment,2025-07-21 08:23:16,0
EXP01642,C04743,New_Product_Page,Control,2025-08-26 20:47:22,0
EXP01643,C02288,New_Product_Page,Treatment,2025-07-25 02:34:18,0
EXP01644,C09596,New_Product_Page,Control,2025-07-20 19:13:51,0
EXP01645,C02271,New_Product_Page,Control,2025-08-20 17:07:52,0
EXP01646,C05927,New_Product_Page,Treatment,2025-08-10 02:45:57,0
EXP01647,C02570,New_Product_Page,Control,2025-08-28 13:03:12,0
EXP01648,C04813,New_Product_Page,Treatment,2025-08-02 15:08:05,0
EXP01649,C02543,New_Product_Page,Control,2025-09-05 16:09:11,0
EXP01650,C08169,New_Product_Page,Treatment,2025-09-03 14:08:07,0
EXP01651,C03463,New_Product_Page,Control,2025-08-14 15:57:51,0
EXP01652,C04553,New_Product_Page,Treatment,2025-09-11 15:19:21,0
EXP01653,C02568,New_Product_Page,Treatment,2025-07-15 22:13:23,0
EXP01654,C05229,New_Product_Page,Control,2025-10-04 15:15:37,0
EXP01655,C03875,New_Product_Page,Control,2025-09-22 15:28:24,0
EXP01656,C04907,New_Product_Page,Treatment,2025-07-18 00:42:15,0
EXP01657,C00964,New_Product_Page,Treatment,2025-09-29 07:36:11,1
EXP01658,C09152,New_Product_Page,Treatment,2025-10-28 00:26:47,0
EXP01659,C04831,New_Product_Page,Treatment,2025-07-16 20:07:37,0
EXP01660,C02743,New_Product_Page,Treatment,2025-07-21 17:34:26,0
EXP01661,C04490,New_Product_Page,Treatment,2025-10-08 10:41:02,0
EXP01662,C03013,New_Product_Page,Treatment,2025-07-12 00:53:54,0
EXP01663,C08190,New_Product_Page,Control,2025-10-26 03:40:23,0
EXP01664,C01427,New_Product_Page,Control,2025-08-30 07:12:19,0
EXP01665,C08071,New_Product_Page,Control,2025-08-07 09:49:22,0
EXP01666,C03102,New_Product_Page,Control,2025-10-04 08:17:39,0
EXP01667,C01880,New_Product_Page,Treatment,2025-07-25 11:10:16,0
EXP01668,C08129,New_Product_Page,Control,2025-08-20 18:29:12,0
EXP01669,C08040,New_Product_Page,Control,2025-08-16 12:48:28,0
EXP01670,C08869,New_Product_Page,Control,2025-10-20 01:46:50,0
EXP01671,C08424,New_Product_Page,Treatment,2025-10-03 09:04:31,0
EXP01672,C05275,New_Product_Page,Control,2025-09-22 22:44:14,0
EXP01673,C02657,New_Product_Page,Treatment,2025-09-11 16:07:47,1
EXP01674,C01719,New_Product_Page,Control,2025-07-01 01:19:32,0
EXP01675,C03081,New_Product_Page,Treatment,2025-07-01 05:18:44,0
EXP01676,C05651,New_Product_Page,Control,2025-08-03 15:02:42,0
EXP01677,C01363,New_Product_Page,Control,2025-07-31 03:49:50,0
EXP01678,C07741,New_Product_Page,Treatment,2025-10-18 08:12:54,0
EXP01679,C00733,New_Product_Page,Treatment,2025-09-10 07:52:18,0
EXP01680,C06443,New_Product_Page,Treatment,2025-09-16 08:39:58,0
EXP01681,C08660,New_Product_Page,Control,2025-10-11 12:31:01,0
EXP01682,C05929,New_Product_Page,Treatment,2025-09-20 03:18:53,0
EXP01683,C01329,New_Product_Page,Control,2025-07-31 16:19:25,0
EXP01684,C07320,New_Product_Page,Treatment,2025-09-04 08:06:56,0
EXP01685,C01634,New_Product_Page,Treatment,2025-07-24 03:28:40,0
EXP01686,C03734,New_Product_Page,Treatment,2025-08-29 04:51:13,0
EXP01687,C01400,New_Product_Page,Treatment,2025-10-07 23:30:42,0
EXP01688,C04059,New_Product_Page,Control,2025-10-17 17:22:54,0
EXP01689,C03776,New_Product_Page,Control,2025-07-02 20:58:14,0
EXP01690,C00917,New_Product_Page,Treatment,2025-07-17 17:18:35,1
EXP01691,C00624,New_Product_Page,Control,2025-10-08 23:01:13,0
EXP01692,C02519,New_Product_Page,Control,2025-10-23 04:32:39,0
EXP01693,C09602,New_Product_Page,Treatment,2025-07-27 16:11:59,0
EXP01694,C07014,New_Product_Page,Control,2025-07-10 15:21:07,1
EXP01695,C05754,New_Product_Page,Control,2025-10-30 01:30:33,0
EXP01696,C05876,New_Product_Page,Treatment,2025-07-17 17:53:25,0
EXP01697,C06845,New_Product_Page,Control,2025-10-17 17:28:35,0
EXP01698,C08754,New_Product_Page,Treatment,2025-07-24 18:40:29,0
EXP01699,C09046,New_Product_Page,Control,2025-08-27 14:47:34,0
EXP01700,C07838,New_Product_Page,Control,2025-08-01 08:05:28,0
EXP01701,C00513,New_Product_Page,Treatment,2025-08-27 12:43:20,0
EXP01702,C03218,New_Product_Page,Control,2025-10-08 17:16:01,0
EXP01703,C03557,New_Product_Page,Control,2025-10-12 14:00:48,1
EXP01704,C02224,New_Product_Page,Control,2025-07-14 15:53:21,0
EXP01705,C00676,New_Product_Page,Treatment,2025-09-07 14:56:00,0
EXP01706,C09321,New_Product_Page,Treatment,2025-08-05 14:00:36,1
EXP01707,C03222,New_Product_Page,Treatment,2025-10-19 13:07:17,0
EXP01708,C07611,New_Product_Page,Treatment,2025-09-25 12:56:58,1
EXP01709,C03813,New_Product_Page,Control,2025-08-06 13:07:15,0
EXP01710,C09667,New_Product_Page,Treatment,2025-08-06 19:35:22,0
EXP01711,C03314,New_Product_Page,Control,2025-08-29 23:51:50,0
EXP01712,C00356,New_Product_Page,Control,2025-09-24 12:08:51,0
EXP01713,C06038,New_Product_Page,Control,2025-07-05 16:32:38,1
EXP01714,C04865,New_Product_Page,Treatment,2025-10-14 15:04:05,0
EXP01715,C03042,New_Product_Page,Control,2025-07-08 05:04:43,0
EXP01716,C03243,New_Product_Page,Treatment,2025-10-09 07:48:12,0
EXP01717,C02309,New_Product_Page,Treatment,2025-10-10 01:56:06,0
EXP01718,C05145,New_Product_Page,Treatment,2025-09-28 20:08:24,0
EXP01719,C05027,New_Product_Page,Control,2025-08-08 04:28:38,0
EXP01720,C00569,New_Product_Page,Control,2025-07-16 05:19:05,0
EXP01721,C02279,New_Product_Page,Treatment,2025-08-31 03:22:56,0
EXP01722,C04000,New_Product_Page,Control,2025-08-23 05:16:17,0
EXP01723,C09976,New_Product_Page,Treatment,2025-09-07 03:14:36,0
EXP01724,C00230,New_Product_Page,Control,2025-10-04 08:20:05,0
EXP01725,C00864,New_Product_Page,Treatment,2025-09-10 05:18:24,0
EXP01726,C00440,New_Product_Page,Control,2025-07-29 14:53:40,0
EXP01727,C08763,New_Product_Page,Control,2025-08-06 21:10:35,0
EXP01728,C06695,New_Product_Page,Treatment,2025-07-04 08:10:53,0
EXP01729,C01489,New_Product_Page,Treatment,2025-07-16 18:11:03,0
EXP01730,C05700,New_Product_Page,Control,2025-08-10 13:45:41,0
EXP01731,C08659,New_Product_Page,Control,2025-08-30 10:14:20,0
EXP01732,C00877,New_Product_Page,Treatment,2025-08-27 23:19:07,0
EXP01733,C03101,New_Product_Page,Treatment,2025-09-15 19:55:05,0
EXP01734,C02050,New_Product_Page,Control,2025-10-11 03:41:41,0
EXP01735,C01144,New_Product_Page,Treatment,2025-09-10 22:15:12,0
EXP01736,C07206,New_Product_Page,Control,2025-09-13 22:24:28,0
EXP01737,C04099,New_Product_Page,Control,2025-08-23 01:05:38,0
EXP01738,C00325,New_Product_Page,Treatment,2025-07-31 22:06:39,0
EXP01739,C07101,New_Product_Page,Control,2025-07-10 18:20:20,0
EXP01740,C09392,New_Product_Page,Control,2025-10-30 04:35:10,0
EXP01741,C07565,New_Product_Page,Control,2025-08-12 00:42:05,0
EXP01742,C04653,New_Product_Page,Control,2025-09-17 21:20:15,0
EXP01743,C01407,New_Product_Page,Control,2025-07-04 16:22:41,0
EXP01744,C01002,New_Product_Page,Control,2025-10-21 07:05:16,0
EXP01745,C00386,New_Product_Page,Treatment,2025-10-18 04:03:45,0
EXP01746,C09961,New_Product_Page,Control,2025-09-19 14:22:04,0
EXP01747,C04934,New_Product_Page,Control,2025-07-21 00:06:12,1
EXP01748,C09530,New_Product_Page,Treatment,2025-09-25 21:25:30,0
EXP01749,C03447,New_Product_Page,Treatment,2025-09-28 21:10:59,0
EXP01750,C09226,New_Product_Page,Control,2025-07-13 09:31:12,0
EXP01751,C00674,New_Product_Page,Control,2025-10-21 03:28:05,0
EXP01752,C03553,New_Product_Page,Treatment,2025-08-20 02:02:28,0
EXP01753,C01114,New_Product_Page,Control,2025-09-28 10:31:12,0
EXP01754,C00267,New_Product_Page,Treatment,2025-10-18 04:24:47,0
EXP01755,C06696,New_Product_Page,Control,2025-10-18 06:21:53,0
EXP01756,C09449,New_Product_Page,Treatment,2025-08-29 00:22:12,1
EXP01757,C08612,New_Product_Page,Treatment,2025-08-19 00:08:27,0
EXP01758,C03070,New_Product_Page,Treatment,2025-10-15 09:50:00,0
EXP01759,C07274,New_Product_Page,Treatment,2025-07-11 13:32:00,0
EXP01760,C06560,New_Product_Page,Control,2025-08-23 06:22:59,0
EXP01761,C02830,New_Product_Page,Control,2025-07-21 00:42:27,0
EXP01762,C07231,New_Product_Page,Treatment,2025-07-30 06:41:37,1
EXP01763,C05288,New_Product_Page,Control,2025-10-09 20:01:58,0
EXP01764,C07614,New_Product_Page,Treatment,2025-09-08 00:13:03,0
EXP01765,C04966,New_Product_Page,Control,2025-09-25 07:24:34,0
EXP01766,C05658,New_Product_Page,Treatment,2025-08-08 05:28:58,0
EXP01767,C01572,New_Product_Page,Control,2025-09-28 11:00:38,0
EXP01768,C04373,New_Product_Page,Treatment,2025-09-09 15:45:55,0
EXP01769,C09358,New_Product_Page,Control,2025-08-06 02:26:55,0
EXP01770,C08877,New_Product_Page,Treatment,2025-09-07 17:12:54,0
EXP01771,C08749,New_Product_Page,Control,2025-09-15 23:04:53,0
EXP01772,C00312,New_Product_Page,Treatment,2025-08-08 03:31:36,0
EXP01773,C06740,New_Product_Page,Treatment,2025-10-18 08:33:57,0
EXP01774,C08106,New_Product_Page,Control,2025-09-18 21:28:16,0
EXP01775,C00345,New_Product_Page,Control,2025-09-23 23:45:44,0
EXP01776,C08265,New_Product_Page,Control,2025-08-08 12:59:01,1
EXP01777,C08781,New_Product_Page,Control,2025-07-31 03:30:37,0
EXP01778,C05503,New_Product_Page,Treatment,2025-09-02 13:59:20,0
EXP01779,C09489,New_Product_Page,Control,2025-08-09 15:00:46,0
EXP01780,C08299,New_Product_Page,Control,2025-08-02 03:55:05,0
EXP01781,C02486,New_Product_Page,Control,2025-07-29 16:38:33,0
EXP01782,C06211,New_Product_Page,Treatment,2025-10-21 15:07:01,0
EXP01783,C00646,New_Product_Page,Treatment,2025-08-27 16:02:43,0
EXP01784,C08639,New_Product_Page,Control,2025-10-04 18:43:33,0
EXP01785,C07833,New_Product_Page,Control,2025-09-12 17:05:30,0
EXP01786,C04448,New_Product_Page,Control,2025-08-17 02:52:15,0
EXP01787,C06145,New_Product_Page,Control,2025-08-01 14:38:20,0
EXP01788,C06715,New_Product_Page,Control,2025-09-11 20:56:19,0
EXP01789,C03382,New_Product_Page,Treatment,2025-08-31 16:36:30,0
EXP01790,C07628,New_Product_Page,Treatment,2025-09-23 18:57:54,0
EXP01791,C05625,New_Product_Page,Control,2025-07-09 20:18:50,0
EXP01792,C03132,New_Product_Page,Treatment,2025-10-13 10:50:16,0
EXP01793,C06889,New_Product_Page,Treatment,2025-10-06 03:03:11,0
EXP01794,C00854,New_Product_Page,Treatment,2025-10-07 00:57:53,0
EXP01795,C00632,New_Product_Page,Control,2025-09-05 11:08:27,0
EXP01796,C06343,New_Product_Page,Treatment,2025-10-27 04:28:21,0
EXP01797,C00914,New_Product_Page,Treatment,2025-07-25 12:34:01,0
EXP01798,C05018,New_Product_Page,Control,2025-08-09 11:40:49,1
EXP01799,C04086,New_Product_Page,Control,2025-10-27 00:07:31,0
EXP01800,C06974,New_Product_Page,Control,2025-08-20 13:59:38,0
EXP01801,C08228,New_Product_Page,Treatment,2025-07-12 05:42:48,0
EXP01802,C06632,New_Product_Page,Control,2025-10-31 09:35:57,0
EXP01803,C05128,New_Product_Page,Treatment,2025-08-24 01:00:52,0
EXP01804,C03743,New_Product_Page,Control,2025-10-20 12:40:48,0
EXP01805,C02913,New_Product_Page,Treatment,2025-10-19 16:50:40,0
EXP01806,C02900,New_Product_Page,Treatment,2025-09-22 15:37:40,0
EXP01807,C03453,New_Product_Page,Treatment,2025-10-19 07:31:40,0
EXP01808,C04781,New_Product_Page,Control,2025-09-27 04:39:35,0
EXP01809,C01125,New_Product_Page,Control,2025-07-01 16:59:10,0
EXP01810,C09032,New_Product_Page,Control,2025-07-27 07:51:30,0
EXP01811,C09762,New_Product_Page,Control,2025-07-18 17:47:21,0
EXP01812,C00348,New_Product_Page,Treatment,2025-07-23 00:14:28,0
EXP01813,C00844,New_Product_Page,Control,2025-09-19 13:21:43,0
EXP01814,C05504,New_Product_Page,Control,2025-09-18 07:18:56,0
EXP01815,C09770,New_Product_Page,Control,2025-08-04 05:09:31,0
EXP01816,C08805,New_Product_Page,Treatment,2025-08-08 04:01:39,0
EXP01817,C00905,New_Product_Page,Control,2025-10-07 08:27:13,0
EXP01818,C01364,New_Product_Page,Treatment,2025-07-15 21:59:30,0
EXP01819,C05940,New_Product_Page,Treatment,2025-10-18 00:44:59,1
EXP01820,C00541,New_Product_Page,Control,2025-07-29 17:17:39,0
EXP01821,C03428,New_Product_Page,Treatment,2025-09-05 00:20:33,0
EXP01822,C06184,New_Product_Page,Control,2025-09-30 02:51:06,0
EXP01823,C04501,New_Product_Page,Treatment,2025-09-24 21:56:03,0
EXP01824,C02378,New_Product_Page,Treatment,2025-10-11 13:45:02,0
EXP01825,C09023,New_Product_Page,Treatment,2025-08-18 07:36:24,1
EXP01826,C02003,New_Product_Page,Treatment,2025-09-12 08:46:15,0
EXP01827,C01166,New_Product_Page,Control,2025-10-15 21:28:39,0
EXP01828,C04954,New_Product_Page,Control,2025-08-02 11:54:16,0
EXP01829,C04092,New_Product_Page,Control,2025-09-19 07:51:40,0
EXP01830,C09437,New_Product_Page,Treatment,2025-09-28 17:30:19,0
EXP01831,C08787,New_Product_Page,Treatment,2025-08-06 01:24:36,0
EXP01832,C09641,New_Product_Page,Treatment,2025-09-15 13:24:58,0
EXP01833,C08125,New_Product_Page,Treatment,2025-10-29 09:24:21,0
EXP01834,C04491,New_Product_Page,Control,2025-07-06 11:22:30,0
EXP01835,C06176,New_Product_Page,Treatment,2025-07-30 00:05:17,0
EXP01836,C01668,New_Product_Page,Treatment,2025-07-03 01:39:45,0
EXP01837,C00232,New_Product_Page,Control,2025-10-04 21:15:56,0
EXP01838,C06470,New_Product_Page,Control,2025-07-03 06:03:31,0
EXP01839,C07853,New_Product_Page,Treatment,2025-08-24 10:43:18,0
EXP01840,C09576,New_Product_Page,Control,2025-08-23 02:45:23,0
EXP01841,C04676,New_Product_Page,Control,2025-08-13 04:26:05,0
EXP01842,C09148,New_Product_Page,Control,2025-09-02 19:37:34,0
EXP01843,C05718,New_Product_Page,Treatment,2025-10-15 01:26:21,0
EXP01844,C06451,New_Product_Page,Treatment,2025-08-20 17:15:03,0
EXP01845,C02018,New_Product_Page,Treatment,2025-07-29 02:00:00,0
EXP01846,C04866,New_Product_Page,Control,2025-09-23 19:33:17,0
EXP01847,C03049,New_Product_Page,Control,2025-10-20 22:36:48,0
EXP01848,C00982,New_Product_Page,Control,2025-08-05 21:09:25,0
EXP01849,C08581,New_Product_Page,Control,2025-09-29 20:39:12,0
EXP01850,C03141,New_Product_Page,Treatment,2025-09-30 11:17:58,0
EXP01851,C01709,New_Product_Page,Control,2025-10-20 08:24:19,0
EXP01852,C00058,New_Product_Page,Treatment,2025-07-30 11:59:00,0
EXP01853,C02159,New_Product_Page,Treatment,2025-10-17 06:59:55,0
EXP01854,C03648,New_Product_Page,Treatment,2025-10-08 01:32:40,1
EXP01855,C03195,New_Product_Page,Treatment,2025-10-01 23:14:31,0
EXP01856,C08370,New_Product_Page,Control,2025-08-01 04:16:54,0
EXP01857,C03915,New_Product_Page,Treatment,2025-10-09 18:30:45,0
EXP01858,C09060,New_Product_Page,Treatment,2025-09-18 03:40:34,0
EXP01859,C02477,New_Product_Page,Control,2025-09-02 20:44:55,0
EXP01860,C06982,New_Product_Page,Treatment,2025-09-07 01:46:21,0
EXP01861,C08901,New_Product_Page,Treatment,2025-07-14 21:10:38,0
EXP01862,C06808,New_Product_Page,Treatment,2025-07-15 06:18:18,0
EXP01863,C02619,New_Product_Page,Treatment,2025-08-02 02:41:19,0
EXP01864,C09937,New_Product_Page,Control,2025-08-18 00:44:30,0
EXP01865,C07176,New_Product_Page,Control,2025-08-14 19:21:27,0
EXP01866,C06644,New_Product_Page,Treatment,2025-08-17 04:27:44,0
EXP01867,C03831,New_Product_Page,Treatment,2025-10-07 02:00:11,0
EXP01868,C05381,New_Product_Page,Control,2025-07-20 14:38:17,0
EXP01869,C09083,New_Product_Page,Control,2025-07-24 16:02:11,0
EXP01870,C00651,New_Product_Page,Control,2025-10-24 09:22:36,0
EXP01871,C03620,New_Product_Page,Treatment,2025-08-19 17:36:45,0
EXP01872,C08047,New_Product_Page,Treatment,2025-07-16 17:48:25,0
EXP01873,C00835,New_Product_Page,Treatment,2025-09-01 03:18:43,0
EXP01874,C03299,New_Product_Page,Control,2025-08-30 11:58:07,0
EXP01875,C08180,New_Product_Page,Treatment,2025-08-30 02:34:15,0
EXP01876,C02892,New_Product_Page,Treatment,2025-10-31 14:27:36,0
EXP01877,C09906,New_Product_Page,Control,2025-10-03 17:13:17,0
EXP01878,C09905,New_Product_Page,Treatment,2025-08-28 05:08:31,0
EXP01879,C01186,New_Product_Page,Treatment,2025-09-28 14:07:50,0
EXP01880,C02537,New_Product_Page,Treatment,2025-08-07 05:49:35,0
EXP01881,C00617,New_Product_Page,Control,2025-10-05 21:46:07,0
EXP01882,C03306,New_Product_Page,Control,2025-08-01 08:31:33,1
EXP01883,C03315,New_Product_Page,Control,2025-09-27 04:47:54,0
EXP01884,C06972,New_Product_Page,Treatment,2025-10-11 00:47:36,0
EXP01885,C04884,New_Product_Page,Treatment,2025-07-17 06:31:01,0
EXP01886,C08614,New_Product_Page,Control,2025-10-04 04:25:03,0
EXP01887,C00288,New_Product_Page,Control,2025-07-01 23:54:11,0
EXP01888,C07987,New_Product_Page,Treatment,2025-08-06 11:03:20,0
EXP01889,C09683,New_Product_Page,Control,2025-07-24 03:56:15,0
EXP01890,C06400,New_Product_Page,Control,2025-09-29 02:43:26,0
EXP01891,C05854,New_Product_Page,Treatment,2025-07-16 12:46:34,0
EXP01892,C09250,New_Product_Page,Control,2025-09-11 11:43:09,0
EXP01893,C01074,New_Product_Page,Treatment,2025-07-31 16:34:08,0
EXP01894,C02670,New_Product_Page,Treatment,2025-07-07 07:36:46,0
EXP01895,C05882,New_Product_Page,Control,2025-07-22 04:56:59,0
EXP01896,C03664,New_Product_Page,Control,2025-10-08 21:52:31,0
EXP01897,C06080,New_Product_Page,Treatment,2025-10-18 17:59:56,0
EXP01898,C03086,New_Product_Page,Treatment,2025-07-26 21:07:01,0
EXP01899,C07668,New_Product_Page,Treatment,2025-10-24 20:32:29,0
EXP01900,C02971,New_Product_Page,Treatment,2025-07-15 09:31:07,0
EXP01901,C09243,New_Product_Page,Treatment,2025-07-13 01:12:57,0
EXP01902,C04122,New_Product_Page,Control,2025-08-31 19:40:56,0
EXP01903,C01952,New_Product_Page,Treatment,2025-08-07 14:14:41,0
EXP01904,C08396,New_Product_Page,Treatment,2025-10-08 16:42:23,0
EXP01905,C01444,New_Product_Page,Treatment,2025-09-20 17:29:45,0
EXP01906,C01208,New_Product_Page,Control,2025-08-10 14:09:54,0
EXP01907,C06774,New_Product_Page,Treatment,2025-09-03 10:21:27,0
EXP01908,C01441,New_Product_Page,Treatment,2025-09-17 22:08:00,0
EXP01909,C01116,New_Product_Page,Control,2025-09-27 03:52:09,0
EXP01910,C03731,New_Product_Page,Treatment,2025-07-21 20:52:33,0
EXP01911,C03974,New_Product_Page,Control,2025-10-12 21:22:26,0
EXP01912,C07963,New_Product_Page,Control,2025-08-23 09:59:42,0
EXP01913,C00161,New_Product_Page,Treatment,2025-07-26 10:57:18,0
EXP01914,C01714,New_Product_Page,Control,2025-07-13 19:50:43,1
EXP01915,C01610,New_Product_Page,Treatment,2025-10-15 00:42:32,0
EXP01916,C03886,New_Product_Page,Treatment,2025-10-31 21:54:12,0
EXP01917,C05280,New_Product_Page,Control,2025-10-04 04:05:24,0
EXP01918,C05493,New_Product_Page,Treatment,2025-10-19 15:50:14,0
EXP01919,C05359,New_Product_Page,Control,2025-09-30 07:24:24,0
EXP01920,C05794,New_Product_Page,Control,2025-07-30 18:04:07,0
EXP01921,C06532,New_Product_Page,Treatment,2025-10-11 00:50:13,1
EXP01922,C00608,New_Product_Page,Treatment,2025-08-19 22:24:55,0
EXP01923,C05279,New_Product_Page,Control,2025-07-25 02:14:33,0
EXP01924,C08847,New_Product_Page,Control,2025-09-10 06:01:39,0
EXP01925,C05536,New_Product_Page,Treatment,2025-10-14 02:29:29,0
EXP01926,C09658,New_Product_Page,Treatment,2025-10-27 12:41:43,0
EXP01927,C06755,New_Product_Page,Treatment,2025-10-29 04:29:36,1
EXP01928,C05557,New_Product_Page,Control,2025-07-26 07:09:55,1
EXP01929,C06564,New_Product_Page,Control,2025-08-12 23:52:35,0
EXP01930,C06074,New_Product_Page,Treatment,2025-09-08 02:35:47,0
EXP01931,C07694,New_Product_Page,Treatment,2025-08-21 15:35:17,1
EXP01932,C09732,New_Product_Page,Control,2025-07-17 05:49:53,0
EXP01933,C04554,New_Product_Page,Control,2025-08-11 18:48:23,0
EXP01934,C01827,New_Product_Page,Treatment,2025-10-13 23:38:14,0
EXP01935,C04815,New_Product_Page,Control,2025-07-03 04:18:12,0
EXP01936,C03983,New_Product_Page,Control,2025-10-12 09:59:38,0
EXP01937,C09188,New_Product_Page,Treatment,2025-09-27 11:13:23,0
EXP01938,C05911,New_Product_Page,Control,2025-08-17 06:12:23,0
EXP01939,C02723,New_Product_Page,Control,2025-07-19 16:40:01,0
EXP01940,C03686,New_Product_Page,Control,2025-09-21 09:33:06,0
EXP01941,C02993,New_Product_Page,Control,2025-10-30 12:37:51,0
EXP01942,C05726,New_Product_Page,Treatment,2025-08-28 13:31:33,0
EXP01943,C07156,New_Product_Page,Treatment,2025-08-22 07:47:37,0
EXP01944,C02145,New_Product_Page,Treatment,2025-09-25 12:21:58,0
EXP01945,C03698,New_Product_Page,Treatment,2025-08-10 03:48:38,0
EXP01946,C08566,New_Product_Page,Treatment,2025-08-15 04:20:27,0
EXP01947,C04847,New_Product_Page,Treatment,2025-10-02 05:12:10,0
EXP01948,C07141,New_Product_Page,Control,2025-07-21 17:31:49,0
EXP01949,C06764,New_Product_Page,Treatment,2025-08-29 22:16:42,0
EXP01950,C00991,New_Product_Page,Control,2025-10-13 17:27:12,0
EXP01951,C05619,New_Product_Page,Control,2025-08-23 23:40:00,0
EXP01952,C01710,New_Product_Page,Treatment,2025-09-30 19:00:46,0
EXP01953,C00012,New_Product_Page,Treatment,2025-08-23 21:24:45,0
EXP01954,C08971,New_Product_Page,Treatment,2025-09-27 09:02:15,0
EXP01955,C09295,New_Product_Page,Treatment,2025-07-21 22:23:01,0
EXP01956,C07064,New_Product_Page,Control,2025-10-28 07:21:12,0
EXP01957,C00477,New_Product_Page,Control,2025-08-04 02:43:50,0
EXP01958,C02458,New_Product_Page,Control,2025-08-25 07:14:11,0
EXP01959,C06876,New_Product_Page,Treatment,2025-07-04 01:03:37,0
EXP01960,C08134,New_Product_Page,Control,2025-07-08 12:30:28,1
EXP01961,C02874,New_Product_Page,Control,2025-09-28 17:14:08,0
EXP01962,C06140,New_Product_Page,Treatment,2025-07-18 19:10:13,0
EXP01963,C09941,New_Product_Page,Control,2025-10-26 08:48:23,0
EXP01964,C07241,New_Product_Page,Treatment,2025-07-10 00:23:42,0
EXP01965,C00297,New_Product_Page,Control,2025-08-09 07:06:35,0
EXP01966,C04365,New_Product_Page,Treatment,2025-07-15 00:21:36,0
EXP01967,C01285,New_Product_Page,Control,2025-09-24 08:42:37,0
EXP01968,C06396,New_Product_Page,Control,2025-10-29 18:32:38,0
EXP01969,C02781,New_Product_Page,Control,2025-10-02 18:15:13,0
EXP01970,C00331,New_Product_Page,Control,2025-08-29 01:55:35,0
EXP01971,C07879,New_Product_Page,Control,2025-10-30 01:40:37,0
EXP01972,C08665,New_Product_Page,Treatment,2025-10-26 03:39:26,0
EXP01973,C09364,New_Product_Page,Control,2025-07-23 20:08:22,0
EXP01974,C01014,New_Product_Page,Treatment,2025-07-25 21:48:12,0
EXP01975,C01122,New_Product_Page,Treatment,2025-08-29 21:03:37,0
EXP01976,C05094,New_Product_Page,Control,2025-08-17 21:58:50,0
EXP01977,C02979,New_Product_Page,Treatment,2025-10-08 07:56:52,0
EXP01978,C02202,New_Product_Page,Treatment,2025-10-15 17:53:34,0
EXP01979,C01101,New_Product_Page,Control,2025-07-05 22:36:01,0
EXP01980,C08740,New_Product_Page,Treatment,2025-10-05 01:22:59,0
EXP01981,C06397,New_Product_Page,Control,2025-09-10 11:55:59,0
EXP01982,C03383,New_Product_Page,Control,2025-07-22 18:26:05,0
EXP01983,C04857,New_Product_Page,Control,2025-10-30 10:30:40,0
EXP01984,C00550,New_Product_Page,Treatment,2025-07-16 19:32:57,0
EXP01985,C07445,New_Product_Page,Control,2025-08-14 08:30:09,0
EXP01986,C02665,New_Product_Page,Control,2025-10-05 20:06:10,0
EXP01987,C06703,New_Product_Page,Treatment,2025-07-19 01:49:48,0
EXP01988,C02533,New_Product_Page,Control,2025-09-04 20:49:01,0
EXP01989,C06922,New_Product_Page,Control,2025-09-14 07:35:08,0
EXP01990,C02342,New_Product_Page,Control,2025-07-15 19:27:48,0
EXP01991,C03955,New_Product_Page,Treatment,2025-07-07 17:25:13,0
EXP01992,C02561,New_Product_Page,Treatment,2025-07-10 07:04:06,0
EXP01993,C02692,New_Product_Page,Treatment,2025-10-23 13:50:35,0
EXP01994,C07603,New_Product_Page,Treatment,2025-09-04 01:42:02,0
EXP01995,C05716,New_Product_Page,Treatment,2025-10-27 18:15:09,1
EXP01996,C02069,New_Product_Page,Control,2025-07-21 01:59:48,0
EXP01997,C02637,New_Product_Page,Control,2025-10-09 11:46:42,0
EXP01998,C00848,New_Product_Page,Treatment,2025-07-30 20:43:45,0
EXP01999,C02058,New_Product_Page,Treatment,2025-10-12 15:07:37,0
EXP02000,C01850,New_Product_Page,Treatment,2025-09-16 13:12:11,0
EXP02001,C06158,New_Product_Page,Control,2025-08-16 18:34:53,0
EXP02002,C05607,New_Product_Page,Treatment,2025-07-01 20:30:13,0
EXP02003,C07994,New_Product_Page,Control,2025-08-30 10:29:03,0
EXP02004,C04944,New_Product_Page,Control,2025-09-17 12:32:07,1
EXP02005,C06067,New_Product_Page,Control,2025-07-02 06:09:41,0
EXP02006,C00525,New_Product_Page,Treatment,2025-10-31 10:53:19,0
EXP02007,C01059,New_Product_Page,Treatment,2025-08-28 02:46:08,0
EXP02008,C09071,New_Product_Page,Control,2025-08-03 00:11:21,0
EXP02009,C09813,New_Product_Page,Control,2025-10-29 13:05:53,0
EXP02010,C05808,New_Product_Page,Control,2025-09-29 16:13:09,0
EXP02011,C04140,New_Product_Page,Treatment,2025-08-27 16:27:49,0
EXP02012,C04006,New_Product_Page,Treatment,2025-09-08 18:34:50,0
EXP02013,C02456,New_Product_Page,Treatment,2025-09-21 03:36:08,0
EXP02014,C01836,New_Product_Page,Control,2025-09-12 13:05:49,0
EXP02015,C09852,New_Product_Page,Control,2025-07-18 12:23:15,0
EXP02016,C08482,New_Product_Page,Control,2025-09-25 22:55:56,0
EXP02017,C03847,New_Product_Page,Control,2025-10-20 10:02:21,0
EXP02018,C07716,New_Product_Page,Treatment,2025-09-16 08:58:28,0
EXP02019,C08618,New_Product_Page,Treatment,2025-10-12 23:10:44,0
EXP02020,C00065,New_Product_Page,Control,2025-07-25 21:27:18,0
EXP02021,C05802,New_Product_Page,Control,2025-08-04 23:54:43,0
EXP02022,C08973,New_Product_Page,Treatment,2025-07-08 09:16:13,1
EXP02023,C07851,New_Product_Page,Treatment,2025-10-25 08:29:18,0
EXP02024,C09760,New_Product_Page,Treatment,2025-10-05 14:30:33,0
EXP02025,C05846,New_Product_Page,Treatment,2025-08-20 17:19:30,0
EXP02026,C03844,New_Product_Page,Control,2025-09-16 10:11:28,0
EXP02027,C06293,New_Product_Page,Treatment,2025-08-28 16:41:22,0
EXP02028,C09675,New_Product_Page,Control,2025-09-06 16:55:39,0
EXP02029,C02709,New_Product_Page,Control,2025-10-19 15:36:12,0
EXP02030,C06292,New_Product_Page,Treatment,2025-07-31 15:28:38,1
EXP02031,C05812,New_Product_Page,Control,2025-09-10 13:55:37,0
EXP02032,C02462,New_Product_Page,Control,2025-08-12 17:44:36,0
EXP02033,C04382,New_Product_Page,Treatment,2025-09-20 09:33:54,0
EXP02034,C02776,New_Product_Page,Control,2025-10-02 00:10:05,0
EXP02035,C02583,New_Product_Page,Control,2025-10-18 23:52:07,0
EXP02036,C06675,New_Product_Page,Treatment,2025-09-06 05:59:03,0
EXP02037,C04096,New_Product_Page,Control,2025-08-14 15:22:48,0
EXP02038,C05082,New_Product_Page,Treatment,2025-09-18 08:14:30,0
EXP02039,C09097,New_Product_Page,Control,2025-10-11 07:17:00,0
EXP02040,C09944,New_Product_Page,Treatment,2025-08-18 15:33:47,0
EXP02041,C00936,New_Product_Page,Treatment,2025-07-03 17:35:41,0
EXP02042,C00435,New_Product_Page,Treatment,2025-10-08 18:15:49,0
EXP02043,C02521,New_Product_Page,Control,2025-10-01 03:44:57,0
EXP02044,C07129,New_Product_Page,Control,2025-09-11 18:53:28,0
EXP02045,C04787,New_Product_Page,Control,2025-09-28 11:48:21,0
EXP02046,C01325,New_Product_Page,Treatment,2025-09-30 12:09:01,0
EXP02047,C04625,New_Product_Page,Control,2025-08-20 09:02:33,0
EXP02048,C03775,New_Product_Page,Treatment,2025-10-02 12:50:17,1
EXP02049,C04791,New_Product_Page,Treatment,2025-07-02 02:35:31,0
EXP02050,C05987,New_Product_Page,Control,2025-09-18 14:58:43,0
EXP02051,C01933,New_Product_Page,Control,2025-07-22 03:57:06,0
EXP02052,C08317,New_Product_Page,Control,2025-09-01 23:27:54,0
EXP02053,C02071,New_Product_Page,Treatment,2025-10-15 04:45:10,1
EXP02054,C00490,New_Product_Page,Treatment,2025-10-02 11:41:54,0
EXP02055,C01858,New_Product_Page,Control,2025-08-18 01:56:37,0
EXP02056,C01176,New_Product_Page,Treatment,2025-09-11 10:37:02,0
EXP02057,C00015,New_Product_Page,Control,2025-10-28 17:51:15,0
EXP02058,C05301,New_Product_Page,Treatment,2025-10-29 09:18:34,0
EXP02059,C03288,New_Product_Page,Control,2025-10-07 22:21:48,0
EXP02060,C07982,New_Product_Page,Treatment,2025-10-26 22:16:39,0
EXP02061,C00515,New_Product_Page,Control,2025-07-27 13:20:11,0
EXP02062,C05241,New_Product_Page,Treatment,2025-10-03 07:10:54,0
EXP02063,C06072,New_Product_Page,Treatment,2025-08-09 18:08:35,0
EXP02064,C05605,New_Product_Page,Control,2025-09-11 17:03:09,0
EXP02065,C04046,New_Product_Page,Treatment,2025-10-11 22:50:54,0
EXP02066,C08578,New_Product_Page,Control,2025-10-10 10:31:30,0
EXP02067,C08205,New_Product_Page,Treatment,2025-07-08 17:08:21,0
EXP02068,C03640,New_Product_Page,Control,2025-09-16 23:55:14,0
EXP02069,C09849,New_Product_Page,Treatment,2025-07-06 18:50:31,0
EXP02070,C06811,New_Product_Page,Control,2025-10-30 13:21:50,0
EXP02071,C09628,New_Product_Page,Control,2025-08-27 19:49:10,1
EXP02072,C03797,New_Product_Page,Control,2025-07-09 21:14:49,1
EXP02073,C07222,New_Product_Page,Control,2025-07-15 14:17:54,0
EXP02074,C01229,New_Product_Page,Treatment,2025-07-06 15:50:35,0
EXP02075,C09634,New_Product_Page,Treatment,2025-10-20 15:44:38,0
EXP02076,C05271,New_Product_Page,Treatment,2025-07-21 00:34:04,0
EXP02077,C02257,New_Product_Page,Treatment,2025-07-11 19:23:33,0
EXP02078,C09796,New_Product_Page,Treatment,2025-08-10 10:01:28,0
EXP02079,C09473,New_Product_Page,Treatment,2025-08-18 06:39:02,1
EXP02080,C03123,New_Product_Page,Control,2025-10-18 01:07:14,0
EXP02081,C08357,New_Product_Page,Control,2025-10-05 21:25:26,0
EXP02082,C09366,New_Product_Page,Control,2025-09-17 11:33:08,0
EXP02083,C01240,New_Product_Page,Treatment,2025-07-02 09:36:35,0
EXP02084,C01292,New_Product_Page,Control,2025-10-28 01:45:17,0
EXP02085,C05084,New_Product_Page,Treatment,2025-09-23 17:46:39,0
EXP02086,C09934,New_Product_Page,Control,2025-08-20 22:25:36,0
EXP02087,C00212,New_Product_Page,Treatment,2025-10-30 04:06:29,0
EXP02088,C02849,New_Product_Page,Control,2025-10-31 18:25:46,0
EXP02089,C04678,New_Product_Page,Control,2025-10-10 03:03:50,0
EXP02090,C01366,New_Product_Page,Treatment,2025-10-11 12:36:44,0
EXP02091,C07394,New_Product_Page,Treatment,2025-07-03 05:05:46,0
EXP02092,C04989,New_Product_Page,Treatment,2025-07-09 21:41:30,0
EXP02093,C04816,New_Product_Page,Treatment,2025-10-10 20:43:20,0
EXP02094,C02416,New_Product_Page,Control,2025-09-20 08:30:34,0
EXP02095,C04399,New_Product_Page,Treatment,2025-09-12 12:25:40,0
EXP02096,C05016,New_Product_Page,Treatment,2025-07-12 07:30:01,0
EXP02097,C02047,New_Product_Page,Treatment,2025-09-13 13:44:28,0
EXP02098,C02098,New_Product_Page,Treatment,2025-10-12 13:37:42,0
EXP02099,C01822,New_Product_Page,Control,2025-10-07 17:52:08,1
EXP02100,C01370,New_Product_Page,Control,2025-10-15 09:48:05,0
EXP02101,C08588,New_Product_Page,Treatment,2025-08-25 20:06:21,0
EXP02102,C04079,New_Product_Page,Control,2025-07-31 00:00:37,0
EXP02103,C09999,New_Product_Page,Control,2025-08-10 09:31:40,0
EXP02104,C04512,New_Product_Page,Control,2025-10-06 03:22:49,0
EXP02105,C09933,New_Product_Page,Control,2025-10-28 18:20:04,0
EXP02106,C08539,New_Product_Page,Control,2025-08-09 09:57:50,0
EXP02107,C03766,New_Product_Page,Treatment,2025-10-05 22:59:55,0
EXP02108,C00552,New_Product_Page,Control,2025-08-11 14:54:25,0
EXP02109,C00631,New_Product_Page,Treatment,2025-07-02 20:10:29,0
EXP02110,C06288,New_Product_Page,Treatment,2025-10-27 17:40:55,1
EXP02111,C03942,New_Product_Page,Control,2025-09-16 07:11:47,0
EXP02112,C00046,New_Product_Page,Treatment,2025-09-01 13:35:28,0
EXP02113,C06228,New_Product_Page,Control,2025-10-03 22:32:36,0
EXP02114,C04811,New_Product_Page,Treatment,2025-07-28 23:51:21,0
EXP02115,C06362,New_Product_Page,Control,2025-08-29 16:16:39,0
EXP02116,C00347,New_Product_Page,Control,2025-07-16 20:08:27,0
EXP02117,C07979,New_Product_Page,Treatment,2025-09-11 11:31:40,0
EXP02118,C09538,New_Product_Page,Control,2025-09-06 20:41:58,0
EXP02119,C03376,New_Product_Page,Treatment,2025-07-09 03:42:23,0
EXP02120,C00620,New_Product_Page,Treatment,2025-08-05 08:51:24,0
EXP02121,C09644,New_Product_Page,Control,2025-09-02 22:10:49,0
EXP02122,C01353,New_Product_Page,Treatment,2025-10-21 13:44:20,0
EXP02123,C03822,New_Product_Page,Control,2025-10-02 20:41:22,0
EXP02124,C09174,New_Product_Page,Treatment,2025-09-11 14:07:50,0
EXP02125,C08389,New_Product_Page,Control,2025-09-28 15:26:10,0
EXP02126,C06588,New_Product_Page,Treatment,2025-08-08 18:58:49,0
EXP02127,C02769,New_Product_Page,Treatment,2025-10-04 20:06:40,0
EXP02128,C00278,New_Product_Page,Treatment,2025-10-07 13:11:28,0
EXP02129,C08254,New_Product_Page,Control,2025-09-16 06:55:57,0
EXP02130,C09514,New_Product_Page,Treatment,2025-08-20 03:54:55,0
EXP02131,C05830,New_Product_Page,Treatment,2025-09-21 15:53:22,0
EXP02132,C04888,New_Product_Page,Control,2025-09-18 06:33:09,0
EXP02133,C06538,New_Product_Page,Treatment,2025-07-11 23:30:49,0
EXP02134,C02796,New_Product_Page,Control,2025-08-28 12:24:05,1
EXP02135,C06385,New_Product_Page,Control,2025-08-11 13:16:27,0
EXP02136,C04698,New_Product_Page,Control,2025-10-04 11:30:13,0
EXP02137,C07613,New_Product_Page,Treatment,2025-09-21 20:18:06,0
EXP02138,C03341,New_Product_Page,Treatment,2025-08-07 15:47:39,0
EXP02139,C04348,New_Product_Page,Control,2025-10-26 09:25:03,0
EXP02140,C04061,New_Product_Page,Treatment,2025-09-08 03:16:11,0
EXP02141,C05421,New_Product_Page,Control,2025-09-01 06:25:55,0
EXP02142,C02021,New_Product_Page,Control,2025-10-05 05:44:54,1
EXP02143,C09881,New_Product_Page,Treatment,2025-07-15 17:44:51,0
EXP02144,C06387,New_Product_Page,Control,2025-10-11 21:25:27,0
EXP02145,C08616,New_Product_Page,Control,2025-08-17 16:31:32,0
EXP02146,C05050,New_Product_Page,Treatment,2025-07-01 10:10:43,0
EXP02147,C05300,New_Product_Page,Treatment,2025-09-26 10:18:21,0
EXP02148,C03658,New_Product_Page,Treatment,2025-07-25 02:06:04,0
EXP02149,C01821,New_Product_Page,Control,2025-07-12 12:48:49,0
EXP02150,C04723,New_Product_Page,Treatment,2025-07-27 08:50:38,1
EXP02151,C05704,New_Product_Page,Control,2025-10-11 02:50:29,0
EXP02152,C02706,New_Product_Page,Treatment,2025-09-26 16:04:50,1
EXP02153,C02111,New_Product_Page,Control,2025-08-22 22:23:19,0
EXP02154,C03835,New_Product_Page,Control,2025-10-01 13:36:33,0
EXP02155,C00613,New_Product_Page,Treatment,2025-07-09 09:50:48,0
EXP02156,C08831,New_Product_Page,Treatment,2025-10-10 14:22:58,0
EXP02157,C04398,New_Product_Page,Treatment,2025-07-23 22:46:23,0
EXP02158,C02861,New_Product_Page,Treatment,2025-10-06 07:54:54,0
EXP02159,C06488,New_Product_Page,Treatment,2025-08-08 11:39:09,1
EXP02160,C03982,New_Product_Page,Control,2025-07-25 00:13:09,0
EXP02161,C01671,New_Product_Page,Treatment,2025-08-01 03:55:33,0
EXP02162,C09420,New_Product_Page,Treatment,2025-07-09 22:55:13,0
EXP02163,C00561,New_Product_Page,Treatment,2025-10-15 18:29:40,0
EXP02164,C03240,New_Product_Page,Treatment,2025-09-20 21:56:39,0
EXP02165,C06759,New_Product_Page,Control,2025-07-18 13:15:22,0
EXP02166,C01892,New_Product_Page,Control,2025-08-15 19:58:49,0
EXP02167,C08865,New_Product_Page,Treatment,2025-10-04 01:42:24,0
EXP02168,C04945,New_Product_Page,Control,2025-09-04 10:51:34,0
EXP02169,C05753,New_Product_Page,Control,2025-08-04 11:24:14,0
EXP02170,C00856,New_Product_Page,Treatment,2025-07-09 07:18:52,0
EXP02171,C09111,New_Product_Page,Treatment,2025-08-01 16:39:40,0
EXP02172,C04120,New_Product_Page,Control,2025-09-13 06:38:22,0
EXP02173,C06607,New_Product_Page,Control,2025-09-28 18:55:34,0
EXP02174,C06672,New_Product_Page,Treatment,2025-08-07 10:28:37,0
EXP02175,C08296,New_Product_Page,Treatment,2025-07-05 09:57:16,0
EXP02176,C03311,New_Product_Page,Control,2025-08-04 06:45:02,0
EXP02177,C06334,New_Product_Page,Treatment,2025-10-19 17:54:27,0
EXP02178,C05049,New_Product_Page,Treatment,2025-07-28 09:12:45,0
EXP02179,C07988,New_Product_Page,Treatment,2025-10-06 19:54:55,0
EXP02180,C07393,New_Product_Page,Treatment,2025-07-04 14:41:52,0
EXP02181,C00869,New_Product_Page,Control,2025-08-24 12:51:33,0
EXP02182,C04327,New_Product_Page,Treatment,2025-10-04 07:36:41,0
EXP02183,C07342,New_Product_Page,Treatment,2025-07-27 01:54:18,0
EXP02184,C03469,New_Product_Page,Control,2025-08-31 11:54:51,0
EXP02185,C00730,New_Product_Page,Treatment,2025-10-26 09:29:31,0
EXP02186,C07334,New_Product_Page,Control,2025-10-26 12:47:53,0
EXP02187,C02794,New_Product_Page,Control,2025-10-21 11:10:22,0
EXP02188,C06125,New_Product_Page,Control,2025-07-16 11:48:53,0
EXP02189,C04482,New_Product_Page,Treatment,2025-09-24 04:11:54,0
EXP02190,C03396,New_Product_Page,Treatment,2025-08-28 17:18:33,0
EXP02191,C08953,New_Product_Page,Treatment,2025-10-17 14:47:32,0
EXP02192,C07793,New_Product_Page,Treatment,2025-07-22 09:14:32,0
EXP02193,C00287,New_Product_Page,Control,2025-10-20 05:54:30,0
EXP02194,C06937,New_Product_Page,Treatment,2025-07-21 05:38:48,1
EXP02195,C08165,New_Product_Page,Treatment,2025-10-15 15:10:36,0
EXP02196,C09237,New_Product_Page,Control,2025-08-28 10:41:41,0
EXP02197,C09222,New_Product_Page,Control,2025-08-04 13:33:55,0
EXP02198,C00530,New_Product_Page,Treatment,2025-09-12 19:25:12,1
EXP02199,C07889,New_Product_Page,Control,2025-07-08 06:17:30,0
EXP02200,C09646,New_Product_Page,Control,2025-08-08 03:17:27,1
EXP02201,C00971,New_Product_Page,Control,2025-08-03 02:10:18,0
EXP02202,C09082,New_Product_Page,Control,2025-09-11 18:54:58,0
EXP02203,C08215,New_Product_Page,Control,2025-07-29 00:58:18,0
EXP02204,C05896,New_Product_Page,Treatment,2025-10-16 01:33:10,0
EXP02205,C02167,New_Product_Page,Control,2025-10-30 03:02:09,0
EXP02206,C01337,New_Product_Page,Treatment,2025-08-17 06:46:35,0
EXP02207,C06579,New_Product_Page,Control,2025-08-18 19:38:15,0
EXP02208,C06325,New_Product_Page,Control,2025-09-03 15:03:37,0
EXP02209,C02805,New_Product_Page,Treatment,2025-10-14 14:06:43,0
EXP02210,C01665,New_Product_Page,Control,2025-08-21 15:13:30,1
EXP02211,C09107,New_Product_Page,Treatment,2025-08-21 11:06:47,0
EXP02212,C03168,New_Product_Page,Control,2025-10-22 19:05:01,0
EXP02213,C06910,New_Product_Page,Treatment,2025-09-03 14:39:26,0
EXP02214,C05662,New_Product_Page,Treatment,2025-08-14 00:41:56,0
EXP02215,C00984,New_Product_Page,Treatment,2025-09-06 07:29:05,0
EXP02216,C08195,New_Product_Page,Control,2025-07-18 08:49:39,0
EXP02217,C04106,New_Product_Page,Control,2025-08-31 07:24:19,0
EXP02218,C05250,New_Product_Page,Control,2025-07-14 01:28:14,0
EXP02219,C01466,New_Product_Page,Control,2025-07-16 08:57:34,0
EXP02220,C07221,New_Product_Page,Control,2025-09-29 13:21:18,0
EXP02221,C02390,New_Product_Page,Control,2025-07-20 17:43:41,0
EXP02222,C03360,New_Product_Page,Control,2025-10-20 11:34:39,0
EXP02223,C03994,New_Product_Page,Control,2025-10-18 14:45:43,1
EXP02224,C02092,New_Product_Page,Treatment,2025-08-15 00:05:38,0
EXP02225,C06661,New_Product_Page,Treatment,2025-07-17 16:16:04,0
EXP02226,C05507,New_Product_Page,Treatment,2025-10-08 08:38:22,0
EXP02227,C02835,New_Product_Page,Treatment,2025-07-27 10:39:36,0
EXP02228,C07794,New_Product_Page,Control,2025-08-04 11:44:37,0
EXP02229,C00432,New_Product_Page,Control,2025-10-22 21:56:57,0
EXP02230,C00117,New_Product_Page,Treatment,2025-08-18 05:03:02,1
EXP02231,C06422,New_Product_Page,Control,2025-07-04 14:31:50,0
EXP02232,C09002,New_Product_Page,Control,2025-07-09 15:51:25,0
EXP02233,C06948,New_Product_Page,Control,2025-09-17 08:15:05,0
EXP02234,C03287,New_Product_Page,Control,2025-10-31 10:34:35,0
EXP02235,C07922,New_Product_Page,Treatment,2025-10-28 04:24:37,0
EXP02236,C03672,New_Product_Page,Control,2025-09-05 18:52:18,0
EXP02237,C05870,New_Product_Page,Treatment,2025-08-09 06:49:54,0
EXP02238,C05384,New_Product_Page,Control,2025-10-10 08:31:14,0
EXP02239,C04408,New_Product_Page,Treatment,2025-09-18 09:42:05,0
EXP02240,C00566,New_Product_Page,Treatment,2025-08-24 22:13:42,1
EXP02241,C06912,New_Product_Page,Control,2025-09-19 19:02:41,0
EXP02242,C08521,New_Product_Page,Control,2025-09-28 10:13:06,0
EXP02243,C01851,New_Product_Page,Control,2025-07-22 00:14:31,0
EXP02244,C02292,New_Product_Page,Control,2025-08-24 00:04:46,0
EXP02245,C03293,New_Product_Page,Treatment,2025-09-03 17:08:37,0
EXP02246,C05494,New_Product_Page,Control,2025-08-28 09:17:09,0
EXP02247,C06500,New_Product_Page,Treatment,2025-07-27 01:34:30,0
EXP02248,C03795,New_Product_Page,Control,2025-08-05 08:15:42,0
EXP02249,C04635,New_Product_Page,Treatment,2025-07-08 21:40:38,0
EXP02250,C01032,New_Product_Page,Treatment,2025-09-05 01:13:34,0
EXP02251,C04610,New_Product_Page,Control,2025-08-08 11:33:12,0
EXP02252,C03541,New_Product_Page,Treatment,2025-09-17 16:09:23,0
EXP02253,C00535,New_Product_Page,Treatment,2025-10-15 10:33:19,0
EXP02254,C06212,New_Product_Page,Control,2025-08-07 21:43:03,0
EXP02255,C03615,New_Product_Page,Treatment,2025-10-30 19:05:45,0
EXP02256,C02157,New_Product_Page,Control,2025-07-28 04:37:44,0
EXP02257,C03920,New_Product_Page,Control,2025-07-03 01:19:45,0
EXP02258,C01697,New_Product_Page,Control,2025-09-26 09:44:59,0
EXP02259,C07908,New_Product_Page,Control,2025-07-14 02:57:55,0
EXP02260,C08172,New_Product_Page,Treatment,2025-07-26 15:58:55,0
EXP02261,C01506,New_Product_Page,Control,2025-08-20 17:31:56,0
EXP02262,C03105,New_Product_Page,Treatment,2025-09-27 13:30:17,0
EXP02263,C06379,New_Product_Page,Treatment,2025-08-05 09:26:13,0
EXP02264,C08276,New_Product_Page,Control,2025-08-13 05:48:10,0
EXP02265,C08373,New_Product_Page,Control,2025-08-12 17:53:09,0
EXP02266,C01956,New_Product_Page,Treatment,2025-08-25 22:13:21,0
EXP02267,C06742,New_Product_Page,Control,2025-10-11 06:44:01,0
EXP02268,C04153,New_Product_Page,Treatment,2025-08-22 18:04:12,0
EXP02269,C08857,New_Product_Page,Control,2025-08-28 16:32:38,0
EXP02270,C06466,New_Product_Page,Control,2025-07-17 03:47:02,0
EXP02271,C07424,New_Product_Page,Control,2025-09-08 16:02:03,0
EXP02272,C03629,New_Product_Page,Treatment,2025-10-31 23:05:17,0
EXP02273,C07479,New_Product_Page,Control,2025-09-09 16:06:06,0
EXP02274,C00712,New_Product_Page,Control,2025-07-19 17:46:49,0
EXP02275,C00284,New_Product_Page,Control,2025-09-29 00:39:50,0
EXP02276,C01438,New_Product_Page,Treatment,2025-09-18 11:26:13,0
EXP02277,C04185,New_Product_Page,Control,2025-07-24 19:54:08,0
EXP02278,C01924,New_Product_Page,Control,2025-07-03 19:06:31,0
EXP02279,C03420,New_Product_Page,Control,2025-08-02 17:37:20,0
EXP02280,C01701,New_Product_Page,Control,2025-09-28 23:28:45,0
EXP02281,C08767,New_Product_Page,Control,2025-07-16 22:46:14,0
EXP02282,C03721,New_Product_Page,Treatment,2025-09-14 22:14:09,0
EXP02283,C09336,New_Product_Page,Control,2025-10-27 01:17:53,0
EXP02284,C08747,New_Product_Page,Treatment,2025-10-14 19:13:30,0
EXP02285,C06197,New_Product_Page,Control,2025-10-19 00:57:17,0
EXP02286,C03738,New_Product_Page,Control,2025-10-03 00:57:05,0
EXP02287,C02406,New_Product_Page,Control,2025-08-10 00:45:02,0
EXP02288,C00890,New_Product_Page,Control,2025-09-26 05:28:52,0
EXP02289,C08083,New_Product_Page,Treatment,2025-10-16 09:05:33,0
EXP02290,C03498,New_Product_Page,Control,2025-10-09 05:07:11,0
EXP02291,C04986,New_Product_Page,Control,2025-09-12 06:37:17,0
EXP02292,C01866,New_Product_Page,Treatment,2025-10-14 09:05:30,0
EXP02293,C08848,New_Product_Page,Treatment,2025-08-25 10:19:48,0
EXP02294,C09279,New_Product_Page,Control,2025-09-22 10:15:42,0
EXP02295,C04216,New_Product_Page,Treatment,2025-07-30 15:00:08,0
EXP02296,C07607,New_Product_Page,Treatment,2025-07-22 11:39:32,0
EXP02297,C01154,New_Product_Page,Control,2025-08-02 19:28:14,0
EXP02298,C04003,New_Product_Page,Treatment,2025-10-17 16:19:16,0
EXP02299,C07448,New_Product_Page,Treatment,2025-10-13 20:04:12,0
EXP02300,C03276,New_Product_Page,Control,2025-08-02 20:57:19,1
EXP02301,C00843,New_Product_Page,Control,2025-08-20 16:48:47,0
EXP02302,C06323,New_Product_Page,Control,2025-10-11 08:30:02,0
EXP02303,C04278,New_Product_Page,Control,2025-07-27 11:51:44,1
EXP02304,C04292,New_Product_Page,Control,2025-09-18 05:58:24,1
EXP02305,C07645,New_Product_Page,Treatment,2025-09-10 17:58:59,1
EXP02306,C09363,New_Product_Page,Treatment,2025-07-02 07:55:27,1
EXP02307,C04641,New_Product_Page,Control,2025-10-05 04:09:28,0
EXP02308,C02912,New_Product_Page,Control,2025-10-03 01:02:51,0
EXP02309,C01520,New_Product_Page,Treatment,2025-10-25 08:24:08,0
EXP02310,C06037,New_Product_Page,Control,2025-07-13 05:49:06,0
EXP02311,C06856,New_Product_Page,Treatment,2025-08-10 00:53:40,0
EXP02312,C05281,New_Product_Page,Control,2025-10-04 09:08:12,0
EXP02313,C07635,New_Product_Page,Treatment,2025-10-13 01:41:16,0
EXP02314,C02177,New_Product_Page,Treatment,2025-10-30 05:54:49,0
EXP02315,C06746,New_Product_Page,Control,2025-10-17 19:31:23,0
EXP02316,C00929,New_Product_Page,Treatment,2025-07-03 09:11:45,0
EXP02317,C04452,New_Product_Page,Treatment,2025-09-27 16:13:58,0
EXP02318,C08077,New_Product_Page,Treatment,2025-10-31 06:05:21,0
EXP02319,C07666,New_Product_Page,Control,2025-09-15 12:04:40,0
EXP02320,C09256,New_Product_Page,Treatment,2025-09-23 22:30:31,0
EXP02321,C03441,New_Product_Page,Control,2025-07-03 11:35:44,0
EXP02322,C04864,New_Product_Page,Treatment,2025-10-15 02:29:53,0
EXP02323,C08825,New_Product_Page,Treatment,2025-09-30 23:52:20,0
EXP02324,C08490,New_Product_Page,Control,2025-08-08 23:31:50,0
EXP02325,C00214,New_Product_Page,Control,2025-10-04 21:15:44,1
EXP02326,C00529,New_Product_Page,Control,2025-07-14 21:43:32,0
EXP02327,C04475,New_Product_Page,Control,2025-09-09 20:09:54,1
EXP02328,C06589,New_Product_Page,Treatment,2025-10-24 02:52:54,0
EXP02329,C07820,New_Product_Page,Treatment,2025-07-20 10:06:42,0
EXP02330,C02393,New_Product_Page,Treatment,2025-10-02 17:05:58,0
EXP02331,C00533,New_Product_Page,Control,2025-08-22 14:45:51,0
EXP02332,C02258,New_Product_Page,Control,2025-07-20 03:22:22,0
EXP02333,C01883,New_Product_Page,Control,2025-07-29 15:28:36,0
EXP02334,C05370,New_Product_Page,Treatment,2025-07-26 18:29:38,0
EXP02335,C03150,New_Product_Page,Treatment,2025-08-05 15:29:02,0
EXP02336,C08314,New_Product_Page,Treatment,2025-10-20 08:01:00,0
EXP02337,C02192,New_Product_Page,Control,2025-09-29 14:40:57,0
EXP02338,C05708,New_Product_Page,Treatment,2025-08-26 16:26:22,0
EXP02339,C08151,New_Product_Page,Treatment,2025-10-19 15:34:53,0
EXP02340,C05667,New_Product_Page,Control,2025-07-14 02:58:16,0
EXP02341,C06510,New_Product_Page,Control,2025-08-02 07:21:23,0
EXP02342,C02137,New_Product_Page,Treatment,2025-08-26 13:00:40,0
EXP02343,C03053,New_Product_Page,Treatment,2025-08-02 22:53:34,0
EXP02344,C09638,New_Product_Page,Treatment,2025-08-25 00:48:27,0
EXP02345,C05246,New_Product_Page,Treatment,2025-09-07 11:03:11,0
EXP02346,C02535,New_Product_Page,Treatment,2025-10-29 02:59:24,0
EXP02347,C03914,New_Product_Page,Treatment,2025-08-18 11:13:02,0
EXP02348,C01209,New_Product_Page,Treatment,2025-07-09 13:50:52,0
EXP02349,C01265,New_Product_Page,Control,2025-10-01 19:15:01,0
EXP02350,C03695,New_Product_Page,Control,2025-08-05 00:11:17,0
EXP02351,C08617,New_Product_Page,Control,2025-10-18 15:09:42,0
EXP02352,C00579,New_Product_Page,Control,2025-07-29 07:35:39,0
EXP02353,C02176,New_Product_Page,Control,2025-09-16 00:03:49,0
EXP02354,C09469,New_Product_Page,Control,2025-10-07 03:07:52,0
EXP02355,C00353,New_Product_Page,Treatment,2025-10-03 08:32:49,0
EXP02356,C00724,New_Product_Page,Control,2025-08-01 16:14:39,0
EXP02357,C06826,New_Product_Page,Control,2025-08-10 17:17:45,0
EXP02358,C00320,New_Product_Page,Treatment,2025-10-04 07:42:54,1
EXP02359,C01779,New_Product_Page,Control,2025-10-31 10:26:02,0
EXP02360,C03099,New_Product_Page,Control,2025-07-05 05:02:55,1
EXP02361,C04201,New_Product_Page,Control,2025-10-17 09:29:03,0
EXP02362,C02008,New_Product_Page,Control,2025-10-10 02:07:29,0
EXP02363,C00292,New_Product_Page,Treatment,2025-07-15 05:29:16,0
EXP02364,C07602,New_Product_Page,Treatment,2025-10-11 10:40:05,0
EXP02365,C02328,New_Product_Page,Control,2025-10-02 22:06:50,0
EXP02366,C00639,New_Product_Page,Control,2025-07-14 11:16:57,1
EXP02367,C09561,New_Product_Page,Control,2025-09-22 14:17:16,0
EXP02368,C04042,New_Product_Page,Treatment,2025-07-03 12:56:42,0
EXP02369,C07378,New_Product_Page,Treatment,2025-09-12 08:07:52,0
EXP02370,C06670,New_Product_Page,Treatment,2025-09-03 21:14:39,0
EXP02371,C04069,New_Product_Page,Treatment,2025-08-09 15:27:43,0
EXP02372,C01639,New_Product_Page,Control,2025-10-26 22:32:33,0
EXP02373,C08039,New_Product_Page,Treatment,2025-07-11 03:53:58,1
EXP02374,C09300,New_Product_Page,Treatment,2025-10-28 12:48:59,0
EXP02375,C02837,New_Product_Page,Control,2025-09-04 13:09:59,0
EXP02376,C09139,New_Product_Page,Treatment,2025-07-13 09:13:00,0
EXP02377,C05046,New_Product_Page,Treatment,2025-10-08 19:35:09,0
EXP02378,C04170,New_Product_Page,Treatment,2025-07-31 16:02:38,0
EXP02379,C00439,New_Product_Page,Treatment,2025-09-24 18:50:32,0
EXP02380,C04654,New_Product_Page,Treatment,2025-08-15 01:16:32,0
EXP02381,C09543,New_Product_Page,Control,2025-10-28 17:13:54,0
EXP02382,C09138,New_Product_Page,Treatment,2025-08-30 23:40:22,0
EXP02383,C02419,New_Product_Page,Treatment,2025-10-28 10:43:01,0
EXP02384,C01203,New_Product_Page,Treatment,2025-10-16 19:53:44,0
EXP02385,C01315,New_Product_Page,Control,2025-09-29 05:15:20,0
EXP02386,C03624,New_Product_Page,Treatment,2025-10-05 18:16:09,0
EXP02387,C01985,New_Product_Page,Control,2025-09-02 02:03:41,0
EXP02388,C05160,New_Product_Page,Treatment,2025-09-02 15:21:44,0
EXP02389,C04282,New_Product_Page,Control,2025-08-09 04:46:47,0
EXP02390,C06066,New_Product_Page,Control,2025-08-22 18:15:08,0
EXP02391,C07933,New_Product_Page,Control,2025-09-15 20:50:10,0
EXP02392,C09026,New_Product_Page,Treatment,2025-07-31 19:15:43,0
EXP02393,C09657,New_Product_Page,Treatment,2025-07-30 03:02:46,0
EXP02394,C09789,New_Product_Page,Control,2025-07-20 21:17:39,0
EXP02395,C06058,New_Product_Page,Control,2025-08-15 21:18:14,0
EXP02396,C07720,New_Product_Page,Treatment,2025-07-04 15:21:20,0
EXP02397,C07980,New_Product_Page,Treatment,2025-07-06 04:10:16,0
EXP02398,C08273,New_Product_Page,Treatment,2025-09-12 22:28:17,0
EXP02399,C05189,New_Product_Page,Control,2025-09-25 21:52:00,0
EXP02400,C08137,New_Product_Page,Treatment,2025-08-22 09:38:15,0
EXP02401,C09994,New_Product_Page,Control,2025-07-07 02:33:12,1
EXP02402,C06968,New_Product_Page,Treatment,2025-10-02 06:16:56,0
EXP02403,C08705,New_Product_Page,Treatment,2025-09-09 17:32:23,0
EXP02404,C07692,New_Product_Page,Treatment,2025-07-24 05:28:44,0
EXP02405,C03966,New_Product_Page,Control,2025-07-22 19:10:00,0
EXP02406,C02949,New_Product_Page,Control,2025-09-06 15:00:40,0
EXP02407,C00178,New_Product_Page,Treatment,2025-08-11 07:20:10,0
EXP02408,C07921,New_Product_Page,Treatment,2025-09-02 16:27:14,0
EXP02409,C01429,New_Product_Page,Treatment,2025-10-21 05:12:19,1
EXP02410,C07596,New_Product_Page,Treatment,2025-08-28 16:21:07,0
EXP02411,C00524,New_Product_Page,Treatment,2025-09-07 01:54:02,1
EXP02412,C09244,New_Product_Page,Treatment,2025-08-31 03:44:57,0
EXP02413,C02417,New_Product_Page,Treatment,2025-09-09 19:38:29,0
EXP02414,C08613,New_Product_Page,Treatment,2025-08-22 03:41:14,0
EXP02415,C01832,New_Product_Page,Control,2025-07-08 18:05:09,0
EXP02416,C03881,New_Product_Page,Treatment,2025-07-23 07:34:25,0
EXP02417,C01299,New_Product_Page,Control,2025-10-25 19:07:07,0
EXP02418,C06639,New_Product_Page,Treatment,2025-10-12 22:42:40,0
EXP02419,C01027,New_Product_Page,Treatment,2025-10-23 20:42:32,0
EXP02420,C05360,New_Product_Page,Treatment,2025-10-17 16:29:00,0
EXP02421,C05066,New_Product_Page,Control,2025-08-19 14:18:51,0
EXP02422,C01414,New_Product_Page,Treatment,2025-07-23 12:31:40,0
EXP02423,C01543,New_Product_Page,Treatment,2025-08-23 09:12:27,0
EXP02424,C01133,New_Product_Page,Control,2025-10-23 18:27:54,0
EXP02425,C01704,New_Product_Page,Control,2025-08-08 04:44:37,0
EXP02426,C05822,New_Product_Page,Control,2025-07-29 17:26:03,0
EXP02427,C03321,New_Product_Page,Control,2025-08-13 07:05:48,0
EXP02428,C07497,New_Product_Page,Treatment,2025-09-25 06:38:26,0
EXP02429,C05497,New_Product_Page,Treatment,2025-10-22 12:32:51,0
EXP02430,C03242,New_Product_Page,Treatment,2025-08-24 06:53:48,0
EXP02431,C09519,New_Product_Page,Treatment,2025-10-06 18:23:45,1
EXP02432,C00826,New_Product_Page,Control,2025-07-26 21:23:46,0
EXP02433,C05702,New_Product_Page,Treatment,2025-07-11 08:49:26,0
EXP02434,C07528,New_Product_Page,Treatment,2025-09-10 08:56:56,1
EXP02435,C01515,New_Product_Page,Control,2025-09-20 16:49:29,0
EXP02436,C01751,New_Product_Page,Treatment,2025-08-28 17:51:20,0
EXP02437,C09814,New_Product_Page,Control,2025-10-24 19:07:13,0
EXP02438,C01889,New_Product_Page,Treatment,2025-10-09 03:27:27,0
EXP02439,C05954,New_Product_Page,Control,2025-07-07 22:53:34,0
EXP02440,C09432,New_Product_Page,Treatment,2025-08-24 07:58:09,0
EXP02441,C05078,New_Product_Page,Control,2025-09-19 07:43:42,0
EXP02442,C04356,New_Product_Page,Treatment,2025-09-29 03:45:52,0
EXP02443,C03398,New_Product_Page,Treatment,2025-08-21 11:35:33,0
EXP02444,C01729,New_Product_Page,Treatment,2025-07-29 08:12:54,0
EXP02445,C06726,New_Product_Page,Treatment,2025-07-10 23:00:12,0
EXP02446,C06034,New_Product_Page,Treatment,2025-08-07 04:48:59,0
EXP02447,C06050,New_Product_Page,Control,2025-07-14 17:53:25,0
EXP02448,C04539,New_Product_Page,Treatment,2025-08-05 08:16:28,1
EXP02449,C09347,New_Product_Page,Treatment,2025-08-07 22:06:59,0
EXP02450,C08892,New_Product_Page,Control,2025-07-09 16:39:48,0
EXP02451,C04268,New_Product_Page,Treatment,2025-07-04 14:09:11,0
EXP02452,C07026,New_Product_Page,Treatment,2025-07-28 06:37:34,0
EXP02453,C05253,New_Product_Page,Treatment,2025-10-04 15:11:19,0
EXP02454,C00443,New_Product_Page,Treatment,2025-07-25 09:01:36,0
EXP02455,C06403,New_Product_Page,Control,2025-07-13 12:19:02,0
EXP02456,C01019,New_Product_Page,Treatment,2025-08-21 22:58:45,0
EXP02457,C09837,New_Product_Page,Control,2025-09-03 13:08:30,0
EXP02458,C03030,New_Product_Page,Control,2025-10-12 20:56:11,1
EXP02459,C08527,New_Product_Page,Treatment,2025-09-06 13:00:46,0
EXP02460,C01132,New_Product_Page,Treatment,2025-09-27 17:02:45,0
EXP02461,C08721,New_Product_Page,Control,2025-07-09 09:42:31,0
EXP02462,C07753,New_Product_Page,Control,2025-08-09 02:15:49,0
EXP02463,C08479,New_Product_Page,Treatment,2025-09-04 01:40:56,0
EXP02464,C08940,New_Product_Page,Control,2025-08-08 11:11:48,0
EXP02465,C01058,New_Product_Page,Control,2025-07-03 06:47:46,0
EXP02466,C06573,New_Product_Page,Treatment,2025-07-10 07:11:41,0
EXP02467,C01772,New_Product_Page,Control,2025-08-31 06:49:14,0
EXP02468,C02951,New_Product_Page,Treatment,2025-09-26 02:40:15,0
EXP02469,C03114,New_Product_Page,Treatment,2025-08-02 14:52:11,0
EXP02470,C09947,New_Product_Page,Treatment,2025-08-07 18:15:52,0
EXP02471,C08034,New_Product_Page,Treatment,2025-08-10 09:07:57,0
EXP02472,C02009,New_Product_Page,Control,2025-07-03 16:15:55,0
EXP02473,C01135,New_Product_Page,Treatment,2025-09-18 03:18:12,0
EXP02474,C05906,New_Product_Page,Treatment,2025-08-05 03:09:11,0
EXP02475,C01055,New_Product_Page,Control,2025-10-02 22:10:45,0
EXP02476,C00100,New_Product_Page,Treatment,2025-10-16 11:56:10,0
EXP02477,C02987,New_Product_Page,Treatment,2025-07-01 22:34:44,0
EXP02478,C02985,New_Product_Page,Control,2025-08-18 00:45:00,0
EXP02479,C04755,New_Product_Page,Control,2025-08-05 06:03:19,0
EXP02480,C01735,New_Product_Page,Control,2025-07-09 06:08:19,0
EXP02481,C08559,New_Product_Page,Control,2025-07-12 08:32:03,0
EXP02482,C00642,New_Product_Page,Control,2025-08-13 22:13:57,0
EXP02483,C02790,New_Product_Page,Control,2025-09-03 11:33:41,0
EXP02484,C02181,New_Product_Page,Control,2025-10-14 22:41:21,0
EXP02485,C08346,New_Product_Page,Control,2025-07-30 04:15:36,0
EXP02486,C08478,New_Product_Page,Control,2025-07-26 02:18:44,0
EXP02487,C07401,New_Product_Page,Control,2025-10-30 00:54:17,0
EXP02488,C00244,New_Product_Page,Treatment,2025-08-31 04:03:52,0
EXP02489,C02937,New_Product_Page,Treatment,2025-07-26 09:49:46,0
EXP02490,C04425,New_Product_Page,Control,2025-09-04 06:12:55,0
EXP02491,C08718,New_Product_Page,Control,2025-08-13 22:37:55,0
EXP02492,C07517,New_Product_Page,Control,2025-08-24 15:50:38,0
EXP02493,C07774,New_Product_Page,Control,2025-10-12 14:04:57,0
EXP02494,C00829,New_Product_Page,Control,2025-08-13 18:42:27,0
EXP02495,C09402,New_Product_Page,Treatment,2025-08-30 15:14:51,0
EXP02496,C01428,New_Product_Page,Treatment,2025-10-20 18:00:25,0
EXP02497,C06147,New_Product_Page,Treatment,2025-09-08 14:06:49,0
EXP02498,C06996,New_Product_Page,Treatment,2025-08-02 18:56:47,1
EXP02499,C04782,New_Product_Page,Treatment,2025-08-08 00:56:27,0
EXP02500,C04317,New_Product_Page,Treatment,2025-08-28 21:53:02,0
EXP02501,C00291,New_Product_Page,Control,2025-07-20 11:57:10,0
EXP02502,C00582,New_Product_Page,Control,2025-09-25 11:49:08,0
EXP02503,C03782,New_Product_Page,Control,2025-10-02 01:24:11,0
EXP02504,C02501,New_Product_Page,Treatment,2025-10-29 14:23:42,0
EXP02505,C04985,New_Product_Page,Treatment,2025-10-19 22:21:54,1
EXP02506,C04312,New_Product_Page,Treatment,2025-07-25 13:33:31,0
EXP02507,C07265,New_Product_Page,Control,2025-09-05 09:56:15,0
EXP02508,C04823,New_Product_Page,Treatment,2025-08-09 08:40:32,0
EXP02509,C05017,New_Product_Page,Treatment,2025-10-18 01:51:20,0
EXP02510,C01042,New_Product_Page,Treatment,2025-07-24 18:37:41,0
EXP02511,C05422,New_Product_Page,Control,2025-09-02 20:32:07,0
EXP02512,C09614,New_Product_Page,Treatment,2025-10-06 20:51:38,0
EXP02513,C02893,New_Product_Page,Control,2025-07-08 01:16:57,0
EXP02514,C02662,New_Product_Page,Control,2025-10-26 04:52:47,0
EXP02515,C02992,New_Product_Page,Treatment,2025-10-27 07:58:44,0
EXP02516,C07202,New_Product_Page,Treatment,2025-10-03 07:19:48,0
EXP02517,C05467,New_Product_Page,Treatment,2025-08-16 14:18:24,0
EXP02518,C07005,New_Product_Page,Control,2025-08-02 19:08:04,0
EXP02519,C00500,New_Product_Page,Treatment,2025-10-28 21:46:45,0
EXP02520,C09100,New_Product_Page,Treatment,2025-10-20 01:27:01,0
EXP02521,C03089,New_Product_Page,Treatment,2025-09-04 10:13:51,0
EXP02522,C04792,New_Product_Page,Treatment,2025-10-22 17:25:46,0
EXP02523,C02282,New_Product_Page,Treatment,2025-09-06 22:18:48,0
EXP02524,C09567,New_Product_Page,Treatment,2025-09-20 20:32:41,0
EXP02525,C04575,New_Product_Page,Treatment,2025-07-29 05:28:30,0
EXP02526,C02307,New_Product_Page,Control,2025-07-02 21:09:57,0
EXP02527,C07754,New_Product_Page,Control,2025-07-25 03:22:38,0
EXP02528,C02575,New_Product_Page,Treatment,2025-07-11 20:07:39,0
EXP02529,C08497,New_Product_Page,Treatment,2025-08-09 12:12:26,0
EXP02530,C04052,New_Product_Page,Control,2025-10-08 06:05:59,0
EXP02531,C07718,New_Product_Page,Treatment,2025-07-21 13:50:55,0
EXP02532,C08116,New_Product_Page,Treatment,2025-08-08 22:07:44,0
EXP02533,C03027,New_Product_Page,Treatment,2025-07-23 09:42:12,0
EXP02534,C00256,New_Product_Page,Control,2025-10-24 04:39:38,0
EXP02535,C09728,New_Product_Page,Treatment,2025-07-20 07:29:17,0
EXP02536,C09650,New_Product_Page,Control,2025-07-12 08:25:21,0
EXP02537,C00572,New_Product_Page,Control,2025-07-01 05:42:09,0
EXP02538,C07787,New_Product_Page,Treatment,2025-07-21 03:09:06,0
EXP02539,C00732,New_Product_Page,Control,2025-07-06 10:01:40,0
EXP02540,C04305,New_Product_Page,Control,2025-09-26 21:08:05,0
EXP02541,C07048,New_Product_Page,Control,2025-07-21 23:33:22,0
EXP02542,C06247,New_Product_Page,Treatment,2025-08-15 16:46:15,0
EXP02543,C02041,New_Product_Page,Treatment,2025-09-11 15:21:46,1
EXP02544,C08926,New_Product_Page,Control,2025-07-24 04:29:09,0
EXP02545,C09652,New_Product_Page,Treatment,2025-10-08 21:34:55,0
EXP02546,C06265,New_Product_Page,Control,2025-10-09 21:13:40,0
EXP02547,C02834,New_Product_Page,Treatment,2025-10-27 21:17:03,0
EXP02548,C07041,New_Product_Page,Control,2025-08-22 20:58:21,0
EXP02549,C00813,New_Product_Page,Control,2025-10-31 10:02:56,0
EXP02550,C05095,New_Product_Page,Control,2025-10-15 21:56:33,0
EXP02551,C05531,New_Product_Page,Treatment,2025-10-31 01:34:42,0
EXP02552,C05623,New_Product_Page,Control,2025-07-30 09:04:46,0
EXP02553,C03487,New_Product_Page,Control,2025-07-03 11:02:06,0
EXP02554,C05828,New_Product_Page,Treatment,2025-07-28 20:11:09,0
EXP02555,C00311,New_Product_Page,Control,2025-10-26 04:36:49,1
EXP02556,C01919,New_Product_Page,Control,2025-07-16 02:26:36,0
EXP02557,C00551,New_Product_Page,Control,2025-07-10 08:37:03,0
EXP02558,C05045,New_Product_Page,Control,2025-07-13 16:31:35,0
EXP02559,C02868,New_Product_Page,Treatment,2025-10-17 00:36:25,0
EXP02560,C01454,New_Product_Page,Control,2025-08-08 05:10:30,0
EXP02561,C05728,New_Product_Page,Control,2025-09-22 11:05:44,0
EXP02562,C06493,New_Product_Page,Control,2025-08-02 23:27:12,0
EXP02563,C01189,New_Product_Page,Treatment,2025-08-08 11:23:32,0
EXP02564,C08554,New_Product_Page,Control,2025-08-11 07:02:52,0
EXP02565,C03866,New_Product_Page,Control,2025-08-03 08:46:15,0
EXP02566,C01442,New_Product_Page,Control,2025-07-08 04:30:44,0
EXP02567,C08955,New_Product_Page,Control,2025-09-12 11:51:32,0
EXP02568,C08699,New_Product_Page,Control,2025-10-01 17:04:39,0
EXP02569,C04392,New_Product_Page,Treatment,2025-10-20 21:25:12,0
EXP02570,C08979,New_Product_Page,Treatment,2025-09-04 23:16:58,0
EXP02571,C07882,New_Product_Page,Control,2025-10-30 22:54:18,1
EXP02572,C04473,New_Product_Page,Control,2025-07-31 06:11:57,1
EXP02573,C04545,New_Product_Page,Treatment,2025-08-19 13:27:39,0
EXP02574,C01311,New_Product_Page,Treatment,2025-08-11 16:07:35,0
EXP02575,C02281,New_Product_Page,Control,2025-08-24 08:52:27,0
EXP02576,C03854,New_Product_Page,Treatment,2025-09-11 18:06:56,0
EXP02577,C03110,New_Product_Page,Control,2025-09-23 19:34:25,0
EXP02578,C02197,New_Product_Page,Treatment,2025-07-06 10:25:30,0
EXP02579,C08693,New_Product_Page,Control,2025-08-07 07:37:27,0
EXP02580,C00481,New_Product_Page,Treatment,2025-07-27 00:18:09,0
EXP02581,C03862,New_Product_Page,Control,2025-10-06 11:28:14,1
EXP02582,C08158,New_Product_Page,Treatment,2025-09-24 09:41:09,0
EXP02583,C07943,New_Product_Page,Treatment,2025-10-04 11:28:39,0
EXP02584,C00293,New_Product_Page,Treatment,2025-07-24 21:43:29,0
EXP02585,C09665,New_Product_Page,Treatment,2025-10-12 18:39:00,0
EXP02586,C00850,New_Product_Page,Treatment,2025-07-18 19:35:27,0
EXP02587,C00032,New_Product_Page,Control,2025-07-14 08:15:28,0
EXP02588,C03022,New_Product_Page,Treatment,2025-09-19 02:28:43,0
EXP02589,C00647,New_Product_Page,Treatment,2025-10-30 12:38:07,0
EXP02590,C01341,New_Product_Page,Treatment,2025-07-15 21:35:03,0
EXP02591,C06622,New_Product_Page,Control,2025-07-23 05:05:57,0
EXP02592,C08312,New_Product_Page,Control,2025-10-26 08:13:28,0
EXP02593,C06698,New_Product_Page,Treatment,2025-10-18 15:24:19,0
EXP02594,C02409,New_Product_Page,Treatment,2025-08-21 07:58:26,0
EXP02595,C03679,New_Product_Page,Control,2025-09-24 17:28:59,0
EXP02596,C03903,New_Product_Page,Treatment,2025-07-06 14:56:10,1
EXP02597,C00958,New_Product_Page,Control,2025-10-07 17:48:22,0
EXP02598,C08294,New_Product_Page,Treatment,2025-08-20 23:28:26,0
EXP02599,C06171,New_Product_Page,Control,2025-09-25 17:50:29,0
EXP02600,C02621,New_Product_Page,Control,2025-10-24 13:57:03,0
EXP02601,C03484,New_Product_Page,Treatment,2025-08-23 11:58:46,0
EXP02602,C00981,New_Product_Page,Treatment,2025-10-26 21:55:17,0
EXP02603,C00268,New_Product_Page,Control,2025-08-20 21:34:46,0
EXP02604,C03957,New_Product_Page,Control,2025-07-19 12:29:03,0
EXP02605,C05408,New_Product_Page,Control,2025-08-04 14:28:55,0
EXP02606,C03885,New_Product_Page,Treatment,2025-10-27 01:07:11,0
EXP02607,C07321,New_Product_Page,Control,2025-10-07 16:00:44,0
EXP02608,C09053,New_Product_Page,Treatment,2025-08-16 03:16:27,0
EXP02609,C00778,New_Product_Page,Control,2025-07-31 05:20:21,0
EXP02610,C02990,New_Product_Page,Control,2025-07-28 12:59:24,0
EXP02611,C06475,New_Product_Page,Control,2025-09-10 14:21:35,0
EXP02612,C05556,New_Product_Page,Treatment,2025-07-11 13:29:30,0
EXP02613,C09128,New_Product_Page,Treatment,2025-09-17 18:33:48,0
EXP02614,C02618,New_Product_Page,Control,2025-09-04 23:23:46,0
EXP02615,C05108,New_Product_Page,Treatment,2025-07-21 03:05:45,0
EXP02616,C09570,New_Product_Page,Control,2025-10-12 17:06:27,0
EXP02617,C01606,New_Product_Page,Treatment,2025-08-27 01:35:31,0
EXP02618,C02479,New_Product_Page,Control,2025-08-25 15:57:35,0
EXP02619,C02580,New_Product_Page,Control,2025-08-22 21:16:07,0
EXP02620,C05274,New_Product_Page,Treatment,2025-07-22 04:42:58,0
EXP02621,C07522,New_Product_Page,Treatment,2025-07-17 10:43:19,0
EXP02622,C01470,New_Product_Page,Treatment,2025-10-25 06:54:05,0
EXP02623,C00710,New_Product_Page,Treatment,2025-10-02 17:40:26,0
EXP02624,C01644,New_Product_Page,Control,2025-10-21 06:32:51,0
EXP02625,C04329,New_Product_Page,Control,2025-08-10 08:52:38,0
EXP02626,C02402,New_Product_Page,Treatment,2025-07-08 22:58:52,0
EXP02627,C09795,New_Product_Page,Treatment,2025-08-02 05:20:51,0
EXP02628,C03320,New_Product_Page,Treatment,2025-09-14 06:09:11,0
EXP02629,C08007,New_Product_Page,Treatment,2025-08-04 12:55:58,0
EXP02630,C06144,New_Product_Page,Control,2025-07-12 19:49:05,0
EXP02631,C00908,New_Product_Page,Control,2025-08-28 16:34:19,0
EXP02632,C04010,New_Product_Page,Treatment,2025-09-07 11:06:58,0
EXP02633,C08456,New_Product_Page,Control,2025-09-14 06:52:02,0
EXP02634,C00001,New_Product_Page,Treatment,2025-07-27 12:36:23,0
EXP02635,C05705,New_Product_Page,Treatment,2025-10-20 04:27:08,0
EXP02636,C08964,New_Product_Page,Control,2025-09-17 01:46:42,0
EXP02637,C02011,New_Product_Page,Control,2025-07-05 12:40:36,0
EXP02638,C01230,New_Product_Page,Treatment,2025-07-31 04:06:18,0
EXP02639,C04133,New_Product_Page,Treatment,2025-07-20 20:10:13,0
EXP02640,C02245,New_Product_Page,Treatment,2025-07-10 12:59:05,0
EXP02641,C03163,New_Product_Page,Control,2025-08-18 03:18:17,1
EXP02642,C07094,New_Product_Page,Treatment,2025-08-31 08:23:43,0
EXP02643,C07506,New_Product_Page,Control,2025-10-26 10:24:04,0
EXP02644,C01522,New_Product_Page,Treatment,2025-10-27 01:14:15,0
EXP02645,C02744,New_Product_Page,Control,2025-07-08 13:04:18,1
EXP02646,C07523,New_Product_Page,Control,2025-10-03 14:08:21,0
EXP02647,C01412,New_Product_Page,Control,2025-08-01 06:22:37,0
EXP02648,C06890,New_Product_Page,Control,2025-10-06 14:25:22,0
EXP02649,C01835,New_Product_Page,Control,2025-08-14 13:32:43,0
EXP02650,C01318,New_Product_Page,Treatment,2025-08-02 04:16:53,0
EXP02651,C08436,New_Product_Page,Treatment,2025-09-24 23:25:59,0
EXP02652,C05051,New_Product_Page,Control,2025-07-04 21:21:49,0
EXP02653,C08814,New_Product_Page,Control,2025-08-01 21:13:50,0
EXP02654,C05782,New_Product_Page,Treatment,2025-08-06 09:36:32,0
EXP02655,C06674,New_Product_Page,Treatment,2025-08-28 04:43:13,0
EXP02656,C08775,New_Product_Page,Treatment,2025-09-27 12:17:45,0
EXP02657,C00017,New_Product_Page,Treatment,2025-07-15 13:33:44,0
EXP02658,C07566,New_Product_Page,Treatment,2025-08-23 22:14:09,0
EXP02659,C01443,New_Product_Page,Control,2025-07-18 21:55:36,0
EXP02660,C02623,New_Product_Page,Control,2025-08-24 14:31:48,1
EXP02661,C02351,New_Product_Page,Treatment,2025-10-15 04:22:53,0
EXP02662,C00841,New_Product_Page,Control,2025-10-27 07:41:26,0
EXP02663,C06887,New_Product_Page,Control,2025-07-12 00:41:15,0
EXP02664,C03596,New_Product_Page,Treatment,2025-09-17 10:27:43,0
EXP02665,C09459,New_Product_Page,Control,2025-09-27 00:16:18,0
EXP02666,C07024,New_Product_Page,Control,2025-08-03 09:14:44,0
EXP02667,C04146,New_Product_Page,Treatment,2025-09-19 00:49:15,0
EXP02668,C02350,New_Product_Page,Control,2025-10-31 16:20:41,1
EXP02669,C00628,New_Product_Page,Control,2025-07-21 22:38:18,0
EXP02670,C04075,New_Product_Page,Treatment,2025-07-11 09:36:14,0
EXP02671,C07578,New_Product_Page,Treatment,2025-10-07 18:48:32,0
EXP02672,C03819,New_Product_Page,Treatment,2025-08-16 03:58:35,0
EXP02673,C07172,New_Product_Page,Control,2025-10-23 13:52:44,0
EXP02674,C02029,New_Product_Page,Control,2025-07-03 07:48:13,0
EXP02675,C06568,New_Product_Page,Control,2025-07-13 01:03:53,0
EXP02676,C00522,New_Product_Page,Control,2025-09-01 23:27:17,0
EXP02677,C03691,New_Product_Page,Control,2025-08-22 13:44:35,1
EXP02678,C03416,New_Product_Page,Treatment,2025-09-27 18:40:24,0
EXP02679,C00695,New_Product_Page,Control,2025-10-27 09:01:00,0
EXP02680,C07029,New_Product_Page,Control,2025-09-23 04:24:36,0
EXP02681,C05513,New_Product_Page,Treatment,2025-10-13 18:31:51,0
EXP02682,C05042,New_Product_Page,Control,2025-09-25 01:54:35,0
EXP02683,C04233,New_Product_Page,Control,2025-08-13 16:08:41,1
EXP02684,C03821,New_Product_Page,Control,2025-09-04 17:11:23,0
EXP02685,C02910,New_Product_Page,Control,2025-08-11 19:26:58,0
EXP02686,C04066,New_Product_Page,Treatment,2025-09-20 03:54:24,0
EXP02687,C05072,New_Product_Page,Treatment,2025-07-12 05:56:03,0
EXP02688,C02550,New_Product_Page,Treatment,2025-10-25 03:21:28,0
EXP02689,C01160,New_Product_Page,Treatment,2025-10-21 23:10:44,0
EXP02690,C01959,New_Product_Page,Control,2025-10-10 19:50:04,0
EXP02691,C05678,New_Product_Page,Treatment,2025-07-03 00:41:47,0
EXP02692,C08678,New_Product_Page,Control,2025-07-28 19:29:49,0
EXP02693,C03826,New_Product_Page,Control,2025-07-17 03:41:23,0
EXP02694,C03975,New_Product_Page,Control,2025-09-22 04:33:31,0
EXP02695,C01774,New_Product_Page,Control,2025-09-10 17:22:47,0
EXP02696,C05788,New_Product_Page,Control,2025-10-13 10:31:58,0
EXP02697,C08468,New_Product_Page,Control,2025-08-10 04:19:45,0
EXP02698,C06795,New_Product_Page,Treatment,2025-07-20 15:24:19,0
EXP02699,C00374,New_Product_Page,Control,2025-09-24 16:35:08,0
EXP02700,C03892,New_Product_Page,Control,2025-07-10 00:44:55,0
EXP02701,C00449,New_Product_Page,Control,2025-10-14 04:08:06,0
EXP02702,C02371,New_Product_Page,Control,2025-09-05 15:57:40,0
EXP02703,C01046,New_Product_Page,Treatment,2025-09-03 18:54:25,1
EXP02704,C00606,New_Product_Page,Treatment,2025-09-24 20:01:29,0
EXP02705,C08607,New_Product_Page,Control,2025-10-09 11:57:42,0
EXP02706,C05230,New_Product_Page,Treatment,2025-10-24 23:56:39,0
EXP02707,C03472,New_Product_Page,Control,2025-08-13 20:05:54,1
EXP02708,C02344,New_Product_Page,Treatment,2025-08-06 10:22:43,0
EXP02709,C02449,New_Product_Page,Control,2025-08-22 03:18:10,0
EXP02710,C01130,New_Product_Page,Control,2025-08-21 00:09:00,1
EXP02711,C01802,New_Product_Page,Control,2025-09-14 16:09:08,0
EXP02712,C07177,New_Product_Page,Treatment,2025-08-09 10:17:25,0
EXP02713,C06975,New_Product_Page,Treatment,2025-10-19 22:18:29,0
EXP02714,C05248,New_Product_Page,Treatment,2025-10-26 12:19:49,0
EXP02715,C02929,New_Product_Page,Control,2025-07-15 15:24:43,0
EXP02716,C03680,New_Product_Page,Treatment,2025-07-12 00:07:38,1
EXP02717,C08109,New_Product_Page,Treatment,2025-08-22 05:24:04,0
EXP02718,C09840,New_Product_Page,Control,2025-08-15 00:04:50,0
EXP02719,C04639,New_Product_Page,Treatment,2025-07-28 18:33:47,0
EXP02720,C05178,New_Product_Page,Treatment,2025-07-23 21:04:45,1
EXP02721,C08450,New_Product_Page,Control,2025-10-26 06:35:13,0
EXP02722,C02564,New_Product_Page,Control,2025-09-24 22:25:40,0
EXP02723,C09163,New_Product_Page,Treatment,2025-07-20 01:45:56,0
EXP02724,C07519,New_Product_Page,Control,2025-09-29 17:40:49,0
EXP02725,C08886,New_Product_Page,Control,2025-09-20 10:26:09,1
EXP02726,C04829,New_Product_Page,Treatment,2025-08-16 04:32:36,0
EXP02727,C02624,New_Product_Page,Control,2025-07-20 13:40:01,0
EXP02728,C06507,New_Product_Page,Control,2025-09-19 12:04:20,1
EXP02729,C00938,New_Product_Page,Control,2025-09-10 00:08:44,0
EXP02730,C00677,New_Product_Page,Treatment,2025-09-07 10:20:06,0
EXP02731,C04334,New_Product_Page,Control,2025-10-08 13:50:43,1
EXP02732,C03281,New_Product_Page,Treatment,2025-08-24 12:56:18,0
EXP02733,C09257,New_Product_Page,Control,2025-09-14 13:02:54,0
EXP02734,C01888,New_Product_Page,Control,2025-10-23 18:13:54,0
EXP02735,C04885,New_Product_Page,Treatment,2025-07-09 17:37:50,0
EXP02736,C07545,New_Product_Page,Treatment,2025-08-27 08:55:11,0
EXP02737,C00537,New_Product_Page,Treatment,2025-08-14 03:33:53,0
EXP02738,C02870,New_Product_Page,Control,2025-09-12 17:54:55,0
EXP02739,C02959,New_Product_Page,Control,2025-10-04 01:01:58,0
EXP02740,C04859,New_Product_Page,Treatment,2025-09-17 23:26:10,0
EXP02741,C06229,New_Product_Page,Control,2025-10-27 02:54:45,0
EXP02742,C07648,New_Product_Page,Control,2025-08-29 04:32:52,0
EXP02743,C05999,New_Product_Page,Control,2025-07-25 00:23:44,0
EXP02744,C04235,New_Product_Page,Treatment,2025-08-27 20:23:34,0
EXP02745,C05067,New_Product_Page,Treatment,2025-09-14 14:40:56,0
EXP02746,C02690,New_Product_Page,Control,2025-09-04 02:54:56,0
EXP02747,C04215,New_Product_Page,Treatment,2025-07-03 02:40:30,0
EXP02748,C03755,New_Product_Page,Treatment,2025-07-01 06:23:28,0
EXP02749,C03998,New_Product_Page,Treatment,2025-08-21 22:30:10,0
EXP02750,C07866,New_Product_Page,Control,2025-07-17 05:55:34,0
EXP02751,C03247,New_Product_Page,Control,2025-10-10 23:49:15,0
EXP02752,C00083,New_Product_Page,Control,2025-08-27 18:09:51,0
EXP02753,C05868,New_Product_Page,Treatment,2025-09-07 19:24:10,0
EXP02754,C05120,New_Product_Page,Control,2025-10-13 10:53:08,0
EXP02755,C00588,New_Product_Page,Treatment,2025-09-24 12:17:34,0
EXP02756,C03193,New_Product_Page,Treatment,2025-08-21 23:56:13,0
EXP02757,C01371,New_Product_Page,Control,2025-09-18 09:56:05,0
EXP02758,C00217,New_Product_Page,Treatment,2025-09-02 01:55:10,0
EXP02759,C07238,New_Product_Page,Treatment,2025-08-31 18:59:25,0
EXP02760,C05801,New_Product_Page,Treatment,2025-10-13 08:11:43,0
EXP02761,C01517,New_Product_Page,Treatment,2025-07-30 02:23:25,0
EXP02762,C06614,New_Product_Page,Control,2025-08-25 21:14:08,0
EXP02763,C09254,New_Product_Page,Control,2025-09-25 00:42:46,1
EXP02764,C09309,New_Product_Page,Treatment,2025-09-28 13:44:24,0
EXP02765,C00429,New_Product_Page,Control,2025-10-06 04:48:34,0
EXP02766,C04617,New_Product_Page,Control,2025-07-08 14:55:43,0
EXP02767,C09181,New_Product_Page,Control,2025-07-09 22:28:49,0
EXP02768,C06248,New_Product_Page,Treatment,2025-10-16 19:35:25,0
EXP02769,C08267,New_Product_Page,Control,2025-09-14 15:54:36,0
EXP02770,C04404,New_Product_Page,Control,2025-08-31 05:48:12,0
EXP02771,C00209,New_Product_Page,Control,2025-08-19 05:30:04,0
EXP02772,C03166,New_Product_Page,Control,2025-10-03 20:18:47,1
EXP02773,C08186,New_Product_Page,Control,2025-08-16 10:02:35,0
EXP02774,C02914,New_Product_Page,Treatment,2025-07-30 20:32:15,0
EXP02775,C05847,New_Product_Page,Control,2025-08-10 23:47:37,0
EXP02776,C02383,New_Product_Page,Control,2025-08-17 01:11:41,0
EXP02777,C09621,New_Product_Page,Control,2025-08-03 08:37:25,0
EXP02778,C06553,New_Product_Page,Treatment,2025-08-22 18:20:18,0
EXP02779,C05746,New_Product_Page,Control,2025-08-12 10:28:58,0
EXP02780,C02082,New_Product_Page,Control,2025-07-26 03:48:54,0
EXP02781,C05958,New_Product_Page,Treatment,2025-10-31 15:34:17,0
EXP02782,C04098,New_Product_Page,Control,2025-07-10 03:05:39,0
EXP02783,C06653,New_Product_Page,Treatment,2025-07-01 16:48:20,0
EXP02784,C01092,New_Product_Page,Treatment,2025-07-13 20:58:35,0
EXP02785,C07034,New_Product_Page,Control,2025-09-18 15:24:22,0
EXP02786,C01873,New_Product_Page,Treatment,2025-10-11 19:17:10,0
EXP02787,C04413,New_Product_Page,Control,2025-10-02 08:36:33,0
EXP02788,C00761,New_Product_Page,Treatment,2025-08-16 18:02:00,0
EXP02789,C07004,New_Product_Page,Treatment,2025-07-08 16:55:28,0
EXP02790,C03798,New_Product_Page,Control,2025-07-05 16:11:04,0
EXP02791,C09508,New_Product_Page,Treatment,2025-07-26 20:09:02,1
EXP02792,C04680,New_Product_Page,Control,2025-07-23 20:45:58,0
EXP02793,C09116,New_Product_Page,Control,2025-10-15 11:13:52,0
EXP02794,C01519,New_Product_Page,Control,2025-09-17 06:19:34,0
EXP02795,C05951,New_Product_Page,Treatment,2025-10-31 03:47:12,0
EXP02796,C01918,New_Product_Page,Treatment,2025-09-20 20:38:35,0
EXP02797,C00452,New_Product_Page,Control,2025-07-18 05:47:25,0
EXP02798,C05199,New_Product_Page,Control,2025-09-20 13:26:27,0
EXP02799,C06878,New_Product_Page,Control,2025-10-04 23:15:03,0
EXP02800,C02544,New_Product_Page,Control,2025-07-17 02:39:33,0
EXP02801,C05710,New_Product_Page,Control,2025-08-12 11:21:46,0
EXP02802,C01056,New_Product_Page,Treatment,2025-07-28 19:58:08,0
EXP02803,C09823,New_Product_Page,Control,2025-10-31 03:36:15,0
EXP02804,C02800,New_Product_Page,Treatment,2025-10-01 17:30:58,0
EXP02805,C08736,New_Product_Page,Control,2025-09-15 19:21:52,0
EXP02806,C03107,New_Product_Page,Treatment,2025-08-31 20:47:06,0
EXP02807,C04600,New_Product_Page,Treatment,2025-10-15 22:54:29,0
EXP02808,C01532,New_Product_Page,Control,2025-10-28 11:02:38,0
EXP02809,C03227,New_Product_Page,Treatment,2025-07-27 05:03:13,0
EXP02810,C09563,New_Product_Page,Treatment,2025-09-06 18:40:34,1
EXP02811,C08187,New_Product_Page,Control,2025-09-21 14:03:44,0
EXP02812,C04135,New_Product_Page,Control,2025-10-29 00:31:47,1
EXP02813,C01273,New_Product_Page,Treatment,2025-07-27 20:24:48,0
EXP02814,C07555,New_Product_Page,Treatment,2025-08-06 20:25:26,0
EXP02815,C06279,New_Product_Page,Treatment,2025-08-28 05:46:31,0
EXP02816,C05690,New_Product_Page,Treatment,2025-09-29 03:27:57,0
EXP02817,C08003,New_Product_Page,Control,2025-07-07 18:36:27,0
EXP02818,C03323,New_Product_Page,Control,2025-09-14 15:17:00,0
EXP02819,C03893,New_Product_Page,Treatment,2025-07-13 06:05:52,0
EXP02820,C08934,New_Product_Page,Treatment,2025-09-22 02:12:45,0
EXP02821,C06583,New_Product_Page,Treatment,2025-09-25 13:21:58,0
EXP02822,C07916,New_Product_Page,Treatment,2025-10-16 09:20:42,0
EXP02823,C03456,New_Product_Page,Control,2025-10-15 21:46:32,0
EXP02824,C05410,New_Product_Page,Control,2025-10-21 01:45:48,0
EXP02825,C05211,New_Product_Page,Treatment,2025-09-30 22:54:02,0
EXP02826,C03519,New_Product_Page,Control,2025-10-11 00:20:39,0
EXP02827,C00062,New_Product_Page,Control,2025-08-31 22:10:10,0
EXP02828,C07492,New_Product_Page,Control,2025-10-08 07:32:59,0
EXP02829,C02001,New_Product_Page,Control,2025-09-26 17:26:37,0
EXP02830,C01589,New_Product_Page,Treatment,2025-10-06 15:02:24,0
EXP02831,C03348,New_Product_Page,Control,2025-08-15 15:25:36,0
EXP02832,C06582,New_Product_Page,Control,2025-09-10 16:35:06,0
EXP02833,C00295,New_Product_Page,Control,2025-07-12 22:53:02,0
EXP02834,C03325,New_Product_Page,Control,2025-09-08 19:24:31,0
EXP02835,C03634,New_Product_Page,Control,2025-09-15 08:32:53,0
EXP02836,C05677,New_Product_Page,Treatment,2025-07-02 17:50:40,1
EXP02837,C01852,New_Product_Page,Control,2025-10-18 21:34:07,0
EXP02838,C05653,New_Product_Page,Treatment,2025-08-01 19:04:52,0
EXP02839,C02708,New_Product_Page,Control,2025-08-07 18:13:23,0
EXP02840,C06769,New_Product_Page,Treatment,2025-09-16 01:50:02,0
EXP02841,C04186,New_Product_Page,Treatment,2025-09-01 20:08:23,0
EXP02842,C09233,New_Product_Page,Control,2025-10-20 09:37:08,0
EXP02843,C04576,New_Product_Page,Control,2025-10-22 07:25:44,0
EXP02844,C04902,New_Product_Page,Control,2025-10-17 01:30:08,0
EXP02845,C04537,New_Product_Page,Treatment,2025-07-25 16:36:12,0
EXP02846,C09324,New_Product_Page,Control,2025-10-03 01:45:29,0
EXP02847,C09101,New_Product_Page,Treatment,2025-07-06 08:45:34,0
EXP02848,C06277,New_Product_Page,Treatment,2025-10-09 01:59:56,0
EXP02849,C06467,New_Product_Page,Control,2025-10-12 20:16:33,0
EXP02850,C03710,New_Product_Page,Treatment,2025-07-31 19:42:40,0
EXP02851,C06875,New_Product_Page,Control,2025-09-11 17:24:50,0
EXP02852,C03694,New_Product_Page,Treatment,2025-09-13 14:49:51,0
EXP02853,C02087,New_Product_Page,Control,2025-08-27 15:31:16,0
EXP02854,C06565,New_Product_Page,Treatment,2025-08-30 18:39:09,0
EXP02855,C09036,New_Product_Page,Treatment,2025-09-02 08:15:24,0
EXP02856,C01095,New_Product_Page,Control,2025-10-17 09:37:17,0
EXP02857,C09319,New_Product_Page,Control,2025-10-29 22:02:13,0
EXP02858,C02310,New_Product_Page,Control,2025-08-29 18:19:50,0
EXP02859,C00682,New_Product_Page,Control,2025-10-29 04:13:11,1
EXP02860,C00680,New_Product_Page,Control,2025-08-08 03:57:07,0
EXP02861,C07731,New_Product_Page,Control,2025-07-03 15:14:46,0
EXP02862,C02070,New_Product_Page,Control,2025-07-14 03:51:04,0
EXP02863,C09120,New_Product_Page,Treatment,2025-07-29 13:47:19,0
EXP02864,C09518,New_Product_Page,Treatment,2025-08-05 05:06:54,0
EXP02865,C03984,New_Product_Page,Treatment,2025-09-21 21:10:34,0
EXP02866,C06322,New_Product_Page,Control,2025-08-30 03:31:35,0
EXP02867,C06094,New_Product_Page,Treatment,2025-07-02 01:40:08,0
EXP02868,C00770,New_Product_Page,Treatment,2025-07-01 01:23:44,0
EXP02869,C05291,New_Product_Page,Control,2025-08-13 18:17:12,0
EXP02870,C03210,New_Product_Page,Control,2025-10-08 20:02:47,0
EXP02871,C08021,New_Product_Page,Control,2025-08-31 13:09:55,0
EXP02872,C04405,New_Product_Page,Control,2025-10-31 16:00:02,0
EXP02873,C03608,New_Product_Page,Treatment,2025-07-17 00:33:30,0
EXP02874,C07007,New_Product_Page,Treatment,2025-10-25 08:35:48,0
EXP02875,C07418,New_Product_Page,Treatment,2025-09-16 18:38:48,0
EXP02876,C06023,New_Product_Page,Control,2025-10-08 18:04:24,0
EXP02877,C07915,New_Product_Page,Treatment,2025-10-16 17:41:24,0
EXP02878,C00394,New_Product_Page,Control,2025-08-24 03:26:50,0
EXP02879,C05019,New_Product_Page,Control,2025-08-12 18:52:10,0
EXP02880,C03482,New_Product_Page,Treatment,2025-09-21 01:14:07,0
EXP02881,C01949,New_Product_Page,Control,2025-07-23 09:55:33,0
EXP02882,C07791,New_Product_Page,Treatment,2025-07-16 20:23:23,0
EXP02883,C07585,New_Product_Page,Control,2025-08-03 20:05:02,0
EXP02884,C07511,New_Product_Page,Treatment,2025-09-28 13:26:11,0
EXP02885,C05711,New_Product_Page,Treatment,2025-09-02 15:04:39,1
EXP02886,C06714,New_Product_Page,Treatment,2025-07-24 17:51:17,0
EXP02887,C00233,New_Product_Page,Control,2025-09-19 19:06:13,0
EXP02888,C05552,New_Product_Page,Control,2025-10-29 22:53:16,0
EXP02889,C01365,New_Product_Page,Treatment,2025-10-24 20:59:36,1
EXP02890,C06612,New_Product_Page,Control,2025-07-20 00:25:28,0
EXP02891,C03590,New_Product_Page,Treatment,2025-07-14 06:07:51,0
EXP02892,C07710,New_Product_Page,Treatment,2025-08-18 17:42:52,0
EXP02893,C06103,New_Product_Page,Treatment,2025-07-24 06:31:36,0
EXP02894,C00633,New_Product_Page,Control,2025-08-31 09:19:09,0
EXP02895,C00211,New_Product_Page,Treatment,2025-10-07 12:06:38,0
EXP02896,C07372,New_Product_Page,Control,2025-08-07 13:28:35,0
EXP02897,C01799,New_Product_Page,Control,2025-09-02 10:02:32,0
EXP02898,C01076,New_Product_Page,Treatment,2025-07-13 06:23:26,0
EXP02899,C06220,New_Product_Page,Control,2025-08-04 05:02:18,0
EXP02900,C04072,New_Product_Page,Treatment,2025-07-30 15:17:44,0
EXP02901,C09864,New_Product_Page,Control,2025-09-19 03:42:39,0
EXP02902,C02955,New_Product_Page,Treatment,2025-07-17 22:37:34,0
EXP02903,C05859,New_Product_Page,Control,2025-10-19 09:52:05,0
EXP02904,C07600,New_Product_Page,Treatment,2025-08-09 13:55:30,0
EXP02905,C08703,New_Product_Page,Control,2025-09-24 22:35:04,0
EXP02906,C07419,New_Product_Page,Treatment,2025-08-10 17:42:52,0
EXP02907,C00376,New_Product_Page,Control,2025-10-11 08:36:18,0
EXP02908,C07907,New_Product_Page,Control,2025-07-21 15:43:11,0
EXP02909,C09332,New_Product_Page,Control,2025-07-31 21:41:50,0
EXP02910,C03845,New_Product_Page,Control,2025-09-23 08:58:53,1
EXP02911,C09065,New_Product_Page,Treatment,2025-10-23 05:49:21,0
EXP02912,C00257,New_Product_Page,Treatment,2025-09-06 10:23:15,0
EXP02913,C01224,New_Product_Page,Treatment,2025-07-22 14:53:50,0
EXP02914,C02014,New_Product_Page,Treatment,2025-08-30 15:43:03,0
EXP02915,C06749,New_Product_Page,Treatment,2025-09-11 08:00:29,1
EXP02916,C06374,New_Product_Page,Control,2025-08-02 19:27:40,0
EXP02917,C05518,New_Product_Page,Treatment,2025-08-01 02:01:30,0
EXP02918,C09660,New_Product_Page,Control,2025-07-25 06:14:50,0
EXP02919,C06444,New_Product_Page,Control,2025-07-23 20:02:24,0
EXP02920,C07181,New_Product_Page,Control,2025-09-23 20:57:33,0
EXP02921,C00935,New_Product_Page,Treatment,2025-08-26 07:15:30,1
EXP02922,C02296,New_Product_Page,Treatment,2025-09-26 23:40:41,0
EXP02923,C09274,New_Product_Page,Control,2025-07-22 00:37:40,0
EXP02924,C01096,New_Product_Page,Control,2025-08-29 05:36:00,0
EXP02925,C01788,New_Product_Page,Treatment,2025-09-01 20:18:24,0
EXP02926,C09281,New_Product_Page,Control,2025-08-05 22:59:15,0
EXP02927,C09662,New_Product_Page,Control,2025-10-10 14:30:28,0
EXP02928,C08670,New_Product_Page,Treatment,2025-08-23 21:37:47,0
EXP02929,C05964,New_Product_Page,Control,2025-09-23 09:04:51,0
EXP02930,C08716,New_Product_Page,Treatment,2025-09-01 04:03:39,0
EXP02931,C06243,New_Product_Page,Control,2025-08-21 00:16:01,0
EXP02932,C00094,New_Product_Page,Treatment,2025-08-08 04:55:06,0
EXP02933,C09769,New_Product_Page,Treatment,2025-10-28 23:19:32,0
EXP02934,C00194,New_Product_Page,Control,2025-07-30 17:37:49,0
EXP02935,C03269,New_Product_Page,Treatment,2025-07-10 06:07:08,0
EXP02936,C04588,New_Product_Page,Control,2025-09-12 22:27:59,1
EXP02937,C09062,New_Product_Page,Control,2025-09-16 10:14:29,0
EXP02938,C09940,New_Product_Page,Control,2025-09-29 02:22:46,0
EXP02939,C08963,New_Product_Page,Control,2025-10-09 03:38:01,1
EXP02940,C00455,New_Product_Page,Control,2025-10-02 09:10:11,0
EXP02941,C07128,New_Product_Page,Treatment,2025-09-07 11:38:56,0
EXP02942,C05374,New_Product_Page,Control,2025-10-18 17:41:08,0
EXP02943,C04529,New_Product_Page,Control,2025-08-29 21:49:34,0
EXP02944,C02422,New_Product_Page,Control,2025-07-20 21:32:18,1
EXP02945,C04457,New_Product_Page,Control,2025-08-29 06:00:00,0
EXP02946,C02478,New_Product_Page,Control,2025-08-07 02:27:55,0
EXP02947,C03003,New_Product_Page,Control,2025-08-04 13:05:37,0
EXP02948,C06269,New_Product_Page,Treatment,2025-09-24 07:46:36,0
EXP02949,C02223,New_Product_Page,Treatment,2025-09-26 09:39:07,0
EXP02950,C07478,New_Product_Page,Control,2025-08-12 21:23:57,0
EXP02951,C05612,New_Product_Page,Control,2025-08-09 17:03:02,0
EXP02952,C02516,New_Product_Page,Control,2025-08-18 15:27:10,0
EXP02953,C00799,New_Product_Page,Control,2025-09-29 21:56:03,0
EXP02954,C08492,New_Product_Page,Control,2025-08-26 20:21:34,1
EXP02955,C03906,New_Product_Page,Treatment,2025-07-15 08:28:43,0
EXP02956,C01699,New_Product_Page,Control,2025-08-17 15:51:17,0
EXP02957,C08475,New_Product_Page,Treatment,2025-09-16 10:07:52,0
EXP02958,C03205,New_Product_Page,Treatment,2025-09-11 10:16:08,0
EXP02959,C05770,New_Product_Page,Treatment,2025-10-18 22:43:04,0
EXP02960,C08457,New_Product_Page,Treatment,2025-10-24 12:33:31,0
EXP02961,C02908,New_Product_Page,Treatment,2025-08-27 00:41:53,0
EXP02962,C08070,New_Product_Page,Treatment,2025-08-06 14:04:22,0
EXP02963,C00910,New_Product_Page,Treatment,2025-10-27 19:34:23,0
EXP02964,C01833,New_Product_Page,Treatment,2025-08-22 04:22:51,0
EXP02965,C04194,New_Product_Page,Control,2025-07-31 11:59:41,0
EXP02966,C01638,New_Product_Page,Treatment,2025-08-05 03:59:30,0
EXP02967,C04221,New_Product_Page,Control,2025-10-01 21:10:12,0
EXP02968,C08994,New_Product_Page,Control,2025-10-28 04:26:07,0
EXP02969,C02651,New_Product_Page,Control,2025-07-19 11:33:37,0
EXP02970,C00014,New_Product_Page,Control,2025-10-11 08:16:06,0
EXP02971,C03219,New_Product_Page,Control,2025-10-22 16:20:46,0
EXP02972,C04464,New_Product_Page,Treatment,2025-10-26 01:42:05,0
EXP02973,C08851,New_Product_Page,Control,2025-08-04 10:23:12,0
EXP02974,C08350,New_Product_Page,Treatment,2025-07-23 03:07:12,0
EXP02975,C06381,New_Product_Page,Control,2025-10-13 19:38:22,0
EXP02976,C07890,New_Product_Page,Control,2025-08-29 23:12:10,0
EXP02977,C09822,New_Product_Page,Treatment,2025-07-12 09:53:57,0
EXP02978,C05787,New_Product_Page,Control,2025-10-20 04:57:58,0
EXP02979,C02804,New_Product_Page,Treatment,2025-09-02 14:46:35,0
EXP02980,C04273,New_Product_Page,Control,2025-09-21 17:35:32,1
EXP02981,C05516,New_Product_Page,Treatment,2025-08-07 22:56:44,1
EXP02982,C06054,New_Product_Page,Control,2025-10-31 03:38:41,0
EXP02983,C06546,New_Product_Page,Control,2025-09-19 16:53:50,0
EXP02984,C04484,New_Product_Page,Control,2025-08-28 17:53:53,0
EXP02985,C05657,New_Product_Page,Treatment,2025-09-03 12:56:50,0
EXP02986,C00625,New_Product_Page,Treatment,2025-10-04 13:36:57,0
EXP02987,C09130,New_Product_Page,Control,2025-10-17 02:57:15,1
EXP02988,C01916,New_Product_Page,Treatment,2025-07-04 07:16:18,0
EXP02989,C00878,New_Product_Page,Control,2025-07-14 22:42:40,0
EXP02990,C02457,New_Product_Page,Control,2025-09-19 19:35:11,0
EXP02991,C09673,New_Product_Page,Treatment,2025-08-16 15:05:04,0
EXP02992,C00128,New_Product_Page,Control,2025-07-16 05:39:47,0
EXP02993,C03988,New_Product_Page,Treatment,2025-07-06 05:51:49,0
EXP02994,C02268,New_Product_Page,Control,2025-08-05 11:45:38,0
EXP02995,C00560,New_Product_Page,Treatment,2025-08-14 08:57:38,0
EXP02996,C00945,New_Product_Page,Treatment,2025-07-20 02:04:34,1
EXP02997,C04889,New_Product_Page,Treatment,2025-08-04 08:15:25,0
EXP02998,C02961,New_Product_Page,Control,2025-09-27 16:34:09,0
EXP02999,C07461,New_Product_Page,Control,2025-08-25 13:33:49,0
EXP03000,C07084,New_Product_Page,Control,2025-07-10 18:21:53,0
EXP03001,C03016,New_Product_Page,Control,2025-07-11 03:54:25,0
EXP03002,C06065,New_Product_Page,Control,2025-09-13 00:06:12,0
EXP03003,C04309,New_Product_Page,Control,2025-10-12 10:02:53,0
EXP03004,C03969,New_Product_Page,Control,2025-10-15 05:42:59,0
EXP03005,C09903,New_Product_Page,Treatment,2025-09-04 03:44:51,1
EXP03006,C05076,New_Product_Page,Treatment,2025-08-04 09:14:15,0
EXP03007,C05811,New_Product_Page,Treatment,2025-07-19 17:28:01,0
EXP03008,C09695,New_Product_Page,Control,2025-07-31 20:36:00,0
EXP03009,C01399,New_Product_Page,Treatment,2025-09-15 09:42:21,0
EXP03010,C05386,New_Product_Page,Treatment,2025-08-09 00:45:50,0
EXP03011,C00962,New_Product_Page,Control,2025-08-27 16:16:59,1
EXP03012,C05978,New_Product_Page,Control,2025-07-14 16:50:47,0
EXP03013,C07788,New_Product_Page,Treatment,2025-07-19 09:39:38,0
EXP03014,C03730,New_Product_Page,Control,2025-10-08 21:02:27,0
EXP03015,C00093,New_Product_Page,Control,2025-07-31 19:34:59,0
EXP03016,C06266,New_Product_Page,Control,2025-10-17 11:55:36,0
EXP03017,C01288,New_Product_Page,Control,2025-08-30 14:43:44,0
EXP03018,C01611,New_Product_Page,Treatment,2025-07-10 07:56:38,0
EXP03019,C00887,New_Product_Page,Treatment,2025-09-23 05:20:29,0
EXP03020,C07451,New_Product_Page,Control,2025-08-25 23:49:03,0
EXP03021,C00741,New_Product_Page,Control,2025-09-15 09:37:41,0
EXP03022,C01212,New_Product_Page,Treatment,2025-10-19 21:40:32,0
EXP03023,C09885,New_Product_Page,Control,2025-10-03 22:48:31,0
EXP03024,C08298,New_Product_Page,Treatment,2025-10-24 10:10:05,0
EXP03025,C03245,New_Product_Page,Control,2025-08-26 07:43:20,0
EXP03026,C08961,New_Product_Page,Treatment,2025-10-08 02:09:12,0
EXP03027,C00238,New_Product_Page,Control,2025-07-29 20:47:53,0
EXP03028,C08888,New_Product_Page,Control,2025-08-06 18:25:48,0
EXP03029,C04532,New_Product_Page,Control,2025-08-23 10:54:01,0
EXP03030,C09581,New_Product_Page,Control,2025-10-20 12:52:15,0
EXP03031,C03869,New_Product_Page,Treatment,2025-09-18 05:26:09,0
EXP03032,C02843,New_Product_Page,Treatment,2025-07-30 03:52:58,0
EXP03033,C01863,New_Product_Page,Treatment,2025-08-16 10:52:05,0
EXP03034,C04757,New_Product_Page,Treatment,2025-09-21 15:44:30,0
EXP03035,C03358,New_Product_Page,Control,2025-07-06 08:30:18,1
EXP03036,C08826,New_Product_Page,Control,2025-10-13 23:49:06,0
EXP03037,C06697,New_Product_Page,Treatment,2025-07-09 09:17:51,0
EXP03038,C02125,New_Product_Page,Treatment,2025-09-26 04:01:18,0
EXP03039,C01372,New_Product_Page,Treatment,2025-10-22 19:54:16,1
EXP03040,C02322,New_Product_Page,Treatment,2025-09-01 14:40:33,0
EXP03041,C08088,New_Product_Page,Treatment,2025-10-21 03:41:18,0
EXP03042,C08630,New_Product_Page,Treatment,2025-07-11 02:33:59,0
EXP03043,C00987,New_Product_Page,Treatment,2025-07-15 12:34:17,0
EXP03044,C06897,New_Product_Page,Control,2025-07-08 05:01:03,0
EXP03045,C08732,New_Product_Page,Treatment,2025-10-20 11:27:14,0
EXP03046,C04709,New_Product_Page,Treatment,2025-07-05 17:10:04,0
EXP03047,C02016,New_Product_Page,Control,2025-07-22 09:00:44,0
EXP03048,C08324,New_Product_Page,Treatment,2025-10-31 19:06:30,0
EXP03049,C09580,New_Product_Page,Treatment,2025-08-09 00:46:09,0
EXP03050,C09640,New_Product_Page,Control,2025-07-07 18:38:03,1
EXP03051,C06442,New_Product_Page,Control,2025-08-12 06:13:07,0
EXP03052,C03643,New_Product_Page,Treatment,2025-09-10 12:43:20,0
EXP03053,C03378,New_Product_Page,Treatment,2025-09-30 17:04:49,0
EXP03054,C02229,New_Product_Page,Control,2025-08-13 04:20:31,0
EXP03055,C02274,New_Product_Page,Control,2025-10-05 23:00:41,0
EXP03056,C08123,New_Product_Page,Control,2025-07-07 18:39:19,0
EXP03057,C05843,New_Product_Page,Treatment,2025-09-29 22:55:54,0
EXP03058,C01737,New_Product_Page,Treatment,2025-09-30 00:35:48,1
EXP03059,C03397,New_Product_Page,Treatment,2025-09-06 12:19:30,0
EXP03060,C01994,New_Product_Page,Control,2025-07-27 17:10:03,1
EXP03061,C09454,New_Product_Page,Treatment,2025-07-10 10:20:10,0
EXP03062,C00514,New_Product_Page,Treatment,2025-08-23 01:20:14,0
EXP03063,C09458,New_Product_Page,Control,2025-10-02 14:37:49,0
EXP03064,C07146,New_Product_Page,Treatment,2025-08-13 20:16:59,0
EXP03065,C07840,New_Product_Page,Treatment,2025-08-05 23:27:12,0
EXP03066,C08458,New_Product_Page,Treatment,2025-10-16 11:29:50,0
EXP03067,C00558,New_Product_Page,Treatment,2025-07-05 23:11:50,0
EXP03068,C03204,New_Product_Page,Control,2025-07-18 11:49:29,0
EXP03069,C06312,New_Product_Page,Control,2025-08-18 12:22:39,0
EXP03070,C04572,New_Product_Page,Control,2025-08-12 01:25:38,0
EXP03071,C03701,New_Product_Page,Treatment,2025-07-26 20:46:07,0
EXP03072,C00352,New_Product_Page,Control,2025-07-04 15:04:34,0
EXP03073,C08881,New_Product_Page,Control,2025-10-17 01:09:40,0
EXP03074,C09383,New_Product_Page,Control,2025-10-13 17:28:17,0
EXP03075,C08420,New_Product_Page,Control,2025-08-23 18:12:54,0
EXP03076,C02948,New_Product_Page,Treatment,2025-09-24 17:45:53,0
EXP03077,C05650,New_Product_Page,Treatment,2025-09-06 16:05:14,0
EXP03078,C03369,New_Product_Page,Control,2025-08-30 06:59:07,0
EXP03079,C06368,New_Product_Page,Control,2025-10-21 23:47:19,0
EXP03080,C08542,New_Product_Page,Control,2025-09-25 17:59:55,0
EXP03081,C09579,New_Product_Page,Treatment,2025-08-16 07:05:53,0
EXP03082,C00669,New_Product_Page,Treatment,2025-07-19 14:00:18,0
EXP03083,C09598,New_Product_Page,Treatment,2025-10-02 10:30:10,0
EXP03084,C08905,New_Product_Page,Treatment,2025-09-12 17:41:00,0
EXP03085,C05523,New_Product_Page,Treatment,2025-10-11 13:32:21,0
EXP03086,C06056,New_Product_Page,Treatment,2025-07-18 05:14:42,0
EXP03087,C06441,New_Product_Page,Treatment,2025-10-16 07:07:32,0
EXP03088,C09699,New_Product_Page,Treatment,2025-09-05 14:23:25,0
EXP03089,C08907,New_Product_Page,Control,2025-10-10 21:37:13,0
EXP03090,C02036,New_Product_Page,Treatment,2025-10-21 09:13:58,0
EXP03091,C02615,New_Product_Page,Control,2025-10-16 15:15:33,1
EXP03092,C00872,New_Product_Page,Treatment,2025-10-27 13:01:58,0
EXP03093,C05000,New_Product_Page,Control,2025-10-19 16:33:03,0
EXP03094,C04302,New_Product_Page,Treatment,2025-10-11 09:35:47,0
EXP03095,C06021,New_Product_Page,Control,2025-10-02 04:47:26,0
EXP03096,C00346,New_Product_Page,Treatment,2025-07-03 05:32:32,0
EXP03097,C05270,New_Product_Page,Treatment,2025-09-10 11:56:53,1
EXP03098,C04143,New_Product_Page,Treatment,2025-07-22 18:18:30,0
EXP03099,C05749,New_Product_Page,Treatment,2025-07-22 16:04:13,0
EXP03100,C04128,New_Product_Page,Treatment,2025-09-23 16:13:10,0
EXP03101,C00360,New_Product_Page,Treatment,2025-08-25 09:15:46,0
EXP03102,C08912,New_Product_Page,Control,2025-07-06 00:35:38,0
EXP03103,C05144,New_Product_Page,Control,2025-09-25 01:47:01,1
EXP03104,C03896,New_Product_Page,Treatment,2025-08-13 00:32:12,0
EXP03105,C08257,New_Product_Page,Treatment,2025-07-03 15:35:22,1
EXP03106,C00221,New_Product_Page,Treatment,2025-09-20 21:49:11,0
EXP03107,C03365,New_Product_Page,Treatment,2025-08-24 13:02:58,1
EXP03108,C02953,New_Product_Page,Control,2025-08-19 22:53:39,0
EXP03109,C07966,New_Product_Page,Treatment,2025-09-14 01:52:31,0
EXP03110,C05470,New_Product_Page,Treatment,2025-07-21 02:16:20,0
EXP03111,C01045,New_Product_Page,Control,2025-08-21 18:16:34,0
EXP03112,C04779,New_Product_Page,Control,2025-07-17 10:32:01,0
EXP03113,C08179,New_Product_Page,Control,2025-10-07 00:18:27,0
EXP03114,C05346,New_Product_Page,Control,2025-09-16 07:50:54,0
EXP03115,C02306,New_Product_Page,Control,2025-08-27 22:44:02,0
EXP03116,C02005,New_Product_Page,Treatment,2025-10-15 11:11:35,0
EXP03117,C08681,New_Product_Page,Control,2025-09-11 11:48:52,1
EXP03118,C06042,New_Product_Page,Treatment,2025-09-20 09:24:26,0
EXP03119,C00527,New_Product_Page,Treatment,2025-08-04 22:16:35,0
EXP03120,C00076,New_Product_Page,Treatment,2025-10-26 07:18:01,0
EXP03121,C04314,New_Product_Page,Treatment,2025-09-13 15:50:58,0
EXP03122,C07245,New_Product_Page,Control,2025-08-24 00:16:53,0
EXP03123,C07011,New_Product_Page,Treatment,2025-07-13 13:48:24,0
EXP03124,C08657,New_Product_Page,Control,2025-07-24 15:49:50,0
EXP03125,C03479,New_Product_Page,Treatment,2025-10-31 01:46:06,0
EXP03126,C09742,New_Product_Page,Control,2025-07-15 14:33:46,0
EXP03127,C01381,New_Product_Page,Treatment,2025-07-06 06:18:20,0
EXP03128,C08315,New_Product_Page,Treatment,2025-10-13 13:15:53,0
EXP03129,C06409,New_Product_Page,Treatment,2025-08-27 02:50:36,0
EXP03130,C08471,New_Product_Page,Treatment,2025-10-17 11:38:50,0
EXP03131,C05490,New_Product_Page,Control,2025-09-22 23:25:02,0
EXP03132,C02487,New_Product_Page,Control,2025-09-27 15:52:02,0
EXP03133,C00591,New_Product_Page,Treatment,2025-09-16 14:26:11,0
EXP03134,C02333,New_Product_Page,Treatment,2025-08-30 18:20:22,0
EXP03135,C09707,New_Product_Page,Control,2025-08-10 22:49:06,0
EXP03136,C01979,New_Product_Page,Control,2025-08-06 23:38:20,0
EXP03137,C01012,New_Product_Page,Treatment,2025-09-11 13:59:16,0
EXP03138,C00434,New_Product_Page,Treatment,2025-10-14 05:33:30,0
EXP03139,C09935,New_Product_Page,Treatment,2025-08-17 11:18:43,0
EXP03140,C05603,New_Product_Page,Control,2025-09-23 02:50:01,0
EXP03141,C05345,New_Product_Page,Treatment,2025-07-16 08:37:43,0
EXP03142,C06194,New_Product_Page,Treatment,2025-07-08 04:45:44,0
EXP03143,C08939,New_Product_Page,Control,2025-10-05 16:42:49,0
EXP03144,C00417,New_Product_Page,Treatment,2025-08-11 19:11:13,0
EXP03145,C01226,New_Product_Page,Control,2025-10-02 16:58:09,0
EXP03146,C09799,New_Product_Page,Control,2025-10-20 02:38:08,0
EXP03147,C00781,New_Product_Page,Treatment,2025-07-16 09:43:54,0
EXP03148,C05598,New_Product_Page,Treatment,2025-07-22 23:05:00,0
EXP03149,C09659,New_Product_Page,Control,2025-08-02 13:58:13,0
EXP03150,C06208,New_Product_Page,Treatment,2025-09-11 07:28:19,0
EXP03151,C01600,New_Product_Page,Treatment,2025-10-04 04:20:06,0
EXP03152,C08030,New_Product_Page,Control,2025-10-23 03:16:17,0
EXP03153,C04508,New_Product_Page,Treatment,2025-08-17 12:14:36,0
EXP03154,C03359,New_Product_Page,Control,2025-10-27 18:00:07,0
EXP03155,C02121,New_Product_Page,Treatment,2025-09-08 07:47:37,0
EXP03156,C08710,New_Product_Page,Control,2025-10-29 17:56:55,0
EXP03157,C07914,New_Product_Page,Control,2025-07-05 07:57:54,0
EXP03158,C09916,New_Product_Page,Treatment,2025-09-07 14:29:29,0
EXP03159,C05111,New_Product_Page,Control,2025-07-16 06:37:05,0
EXP03160,C05061,New_Product_Page,Control,2025-08-26 08:52:43,0
EXP03161,C00828,New_Product_Page,Control,2025-10-19 18:48:50,0
EXP03162,C06643,New_Product_Page,Control,2025-10-04 06:24:01,0
EXP03163,C04509,New_Product_Page,Treatment,2025-08-11 05:09:12,1
EXP03164,C05709,New_Product_Page,Control,2025-10-19 22:24:00,1
EXP03165,C08295,New_Product_Page,Treatment,2025-07-21 17:08:05,0
EXP03166,C00593,New_Product_Page,Control,2025-10-19 19:16:46,0
EXP03167,C00622,New_Product_Page,Treatment,2025-07-10 11:45:59,0
EXP03168,C04695,New_Product_Page,Control,2025-08-09 00:48:30,0
EXP03169,C09713,New_Product_Page,Treatment,2025-07-12 21:29:24,0
EXP03170,C01244,New_Product_Page,Treatment,2025-08-14 03:29:59,0
EXP03171,C04962,New_Product_Page,Control,2025-08-14 03:53:57,0
EXP03172,C00003,New_Product_Page,Treatment,2025-09-10 20:31:59,0
EXP03173,C09173,New_Product_Page,Treatment,2025-08-05 04:10:48,0
EXP03174,C06268,New_Product_Page,Control,2025-09-11 15:35:33,1
EXP03175,C03953,New_Product_Page,Treatment,2025-08-04 14:24:57,0
EXP03176,C00965,New_Product_Page,Treatment,2025-08-10 16:55:59,1
EXP03177,C01150,New_Product_Page,Treatment,2025-10-30 00:45:57,0
EXP03178,C07283,New_Product_Page,Control,2025-08-05 23:19:44,0
EXP03179,C03976,New_Product_Page,Treatment,2025-09-12 11:37:00,0
EXP03180,C08783,New_Product_Page,Treatment,2025-10-04 01:05:22,1
EXP03181,C06416,New_Product_Page,Control,2025-10-14 10:13:39,0
EXP03182,C00581,New_Product_Page,Control,2025-09-20 07:16:58,0
EXP03183,C05121,New_Product_Page,Control,2025-07-24 07:37:34,0
EXP03184,C05576,New_Product_Page,Treatment,2025-07-20 23:52:19,1
EXP03185,C06862,New_Product_Page,Control,2025-09-17 14:16:33,0
EXP03186,C06701,New_Product_Page,Control,2025-08-28 06:31:18,0
EXP03187,C06611,New_Product_Page,Control,2025-09-23 12:34:51,0
EXP03188,C02253,New_Product_Page,Control,2025-10-23 00:48:16,0
EXP03189,C06806,New_Product_Page,Control,2025-08-29 10:07:04,0
EXP03190,C00701,New_Product_Page,Control,2025-07-12 00:52:35,0
EXP03191,C06828,New_Product_Page,Control,2025-09-13 00:48:56,0
EXP03192,C08516,New_Product_Page,Treatment,2025-10-10 11:49:18,0
EXP03193,C05171,New_Product_Page,Treatment,2025-10-30 07:17:38,0
EXP03194,C09342,New_Product_Page,Treatment,2025-10-15 10:42:05,0
EXP03195,C01702,New_Product_Page,Control,2025-10-23 03:08:20,0
EXP03196,C09987,New_Product_Page,Treatment,2025-08-08 07:15:10,0
EXP03197,C05793,New_Product_Page,Control,2025-10-19 03:45:39,0
EXP03198,C01742,New_Product_Page,Control,2025-09-22 03:58:17,0
EXP03199,C00517,New_Product_Page,Treatment,2025-10-16 16:56:15,0
EXP03200,C02963,New_Product_Page,Treatment,2025-09-03 01:57:16,1
EXP03201,C08760,New_Product_Page,Control,2025-08-26 22:02:39,0
EXP03202,C03235,New_Product_Page,Treatment,2025-10-24 08:30:16,0
EXP03203,C09932,New_Product_Page,Control,2025-09-25 23:18:35,0
EXP03204,C04328,New_Product_Page,Control,2025-08-30 05:06:43,0
EXP03205,C06535,New_Product_Page,Treatment,2025-08-17 15:19:50,0
EXP03206,C09680,New_Product_Page,Treatment,2025-09-20 17:43:08,0
EXP03207,C00735,New_Product_Page,Treatment,2025-07-29 18:28:36,0
EXP03208,C00919,New_Product_Page,Control,2025-08-25 05:32:15,0
EXP03209,C05599,New_Product_Page,Treatment,2025-08-01 13:51:13,0
EXP03210,C06200,New_Product_Page,Treatment,2025-08-27 20:56:38,0
EXP03211,C01233,New_Product_Page,Treatment,2025-07-29 11:21:12,0
EXP03212,C02062,New_Product_Page,Treatment,2025-08-25 07:32:25,0
EXP03213,C00516,New_Product_Page,Control,2025-08-10 12:52:04,0
EXP03214,C04703,New_Product_Page,Treatment,2025-08-05 03:02:57,0
EXP03215,C02046,New_Product_Page,Treatment,2025-09-18 21:35:58,0
EXP03216,C08262,New_Product_Page,Treatment,2025-08-12 03:26:01,1
EXP03217,C09504,New_Product_Page,Treatment,2025-08-26 05:22:06,0
EXP03218,C00332,New_Product_Page,Control,2025-10-20 23:34:01,0
EXP03219,C02067,New_Product_Page,Control,2025-08-25 10:08:57,0
EXP03220,C00797,New_Product_Page,Treatment,2025-09-08 15:50:51,0
EXP03221,C09218,New_Product_Page,Treatment,2025-07-01 01:08:45,0
EXP03222,C09158,New_Product_Page,Treatment,2025-07-24 17:52:40,0
EXP03223,C02442,New_Product_Page,Treatment,2025-07-20 11:54:13,0
EXP03224,C03839,New_Product_Page,Control,2025-07-01 03:00:52,0
EXP03225,C09863,New_Product_Page,Treatment,2025-07-29 12:11:50,0
EXP03226,C07542,New_Product_Page,Control,2025-10-04 07:37:22,0
EXP03227,C06753,New_Product_Page,Control,2025-07-18 23:19:10,0
EXP03228,C02610,New_Product_Page,Control,2025-10-06 02:37:47,0
EXP03229,C06525,New_Product_Page,Control,2025-08-29 19:59:15,0
EXP03230,C03394,New_Product_Page,Control,2025-09-20 14:17:24,0
EXP03231,C08872,New_Product_Page,Treatment,2025-09-26 12:45:07,1
EXP03232,C00807,New_Product_Page,Control,2025-07-16 14:20:18,1
EXP03233,C02703,New_Product_Page,Treatment,2025-09-28 14:49:30,0
EXP03234,C06092,New_Product_Page,Control,2025-07-16 20:04:28,0
EXP03235,C00438,New_Product_Page,Control,2025-09-17 19:36:25,0
EXP03236,C00099,New_Product_Page,Treatment,2025-07-14 10:25:51,0
EXP03237,C03992,New_Product_Page,Control,2025-07-12 02:42:41,0
EXP03238,C08209,New_Product_Page,Treatment,2025-10-28 18:58:39,0
EXP03239,C07785,New_Product_Page,Control,2025-07-06 03:20:39,0
EXP03240,C08515,New_Product_Page,Control,2025-10-14 12:15:50,1
EXP03241,C02809,New_Product_Page,Treatment,2025-07-10 02:45:46,0
EXP03242,C04679,New_Product_Page,Control,2025-08-16 11:54:37,0
EXP03243,C06335,New_Product_Page,Treatment,2025-10-12 05:18:39,0
EXP03244,C00684,New_Product_Page,Control,2025-08-30 06:04:06,0
EXP03245,C06909,New_Product_Page,Treatment,2025-09-04 02:44:36,0
EXP03246,C04725,New_Product_Page,Treatment,2025-07-07 11:45:57,0
EXP03247,C09405,New_Product_Page,Control,2025-09-26 05:50:07,0
EXP03248,C04520,New_Product_Page,Control,2025-10-02 08:09:19,0
EXP03249,C00671,New_Product_Page,Treatment,2025-10-02 07:12:30,0
EXP03250,C02882,New_Product_Page,Treatment,2025-10-16 12:25:42,1
EXP03251,C08394,New_Product_Page,Treatment,2025-07-02 05:20:47,0
EXP03252,C03610,New_Product_Page,Treatment,2025-07-16 13:40:09,0
EXP03253,C02588,New_Product_Page,Control,2025-08-14 18:11:45,0
EXP03254,C06782,New_Product_Page,Control,2025-09-14 10:29:05,0
EXP03255,C09613,New_Product_Page,Treatment,2025-10-27 09:57:04,0
EXP03256,C04024,New_Product_Page,Control,2025-09-02 21:11:25,0
EXP03257,C05980,New_Product_Page,Control,2025-07-17 13:40:05,0
EXP03258,C09242,New_Product_Page,Treatment,2025-10-22 19:49:19,0
EXP03259,C01752,New_Product_Page,Control,2025-10-16 12:58:04,0
EXP03260,C08230,New_Product_Page,Treatment,2025-07-26 17:43:57,0
EXP03261,C04914,New_Product_Page,Control,2025-08-08 12:24:04,1
EXP03262,C07931,New_Product_Page,Control,2025-10-23 18:27:06,0
EXP03263,C08731,New_Product_Page,Treatment,2025-09-05 10:53:56,0
EXP03264,C08374,New_Product_Page,Treatment,2025-07-28 14:44:03,0
EXP03265,C09115,New_Product_Page,Treatment,2025-10-22 09:38:41,1
EXP03266,C06354,New_Product_Page,Treatment,2025-08-20 13:53:09,0
EXP03267,C05903,New_Product_Page,Control,2025-07-04 14:18:29,0
EXP03268,C00056,New_Product_Page,Control,2025-10-04 05:24:14,0
EXP03269,C05695,New_Product_Page,Treatment,2025-07-29 13:12:31,1
EXP03270,C02808,New_Product_Page,Control,2025-10-18 03:43:30,0
EXP03271,C04853,New_Product_Page,Treatment,2025-07-24 20:47:06,0
EXP03272,C09238,New_Product_Page,Control,2025-08-03 11:48:45,0
EXP03273,C02283,New_Product_Page,Control,2025-07-18 02:05:08,1
EXP03274,C02244,New_Product_Page,Treatment,2025-09-08 05:55:51,0
EXP03275,C02591,New_Product_Page,Control,2025-08-09 22:00:46,0
EXP03276,C01923,New_Product_Page,Control,2025-09-26 21:06:45,0
EXP03277,C07033,New_Product_Page,Control,2025-09-01 19:59:27,0
EXP03278,C04630,New_Product_Page,Treatment,2025-09-10 12:00:52,0
EXP03279,C04656,New_Product_Page,Control,2025-09-20 22:38:13,0
EXP03280,C06899,New_Product_Page,Control,2025-09-10 21:07:24,0
EXP03281,C03860,New_Product_Page,Control,2025-08-23 01:35:01,0
EXP03282,C02728,New_Product_Page,Treatment,2025-10-08 20:24:03,1
EXP03283,C00698,New_Product_Page,Treatment,2025-08-09 08:07:51,0
EXP03284,C05686,New_Product_Page,Control,2025-07-20 02:52:04,0
EXP03285,C07059,New_Product_Page,Control,2025-10-30 19:15:53,0
EXP03286,C09208,New_Product_Page,Control,2025-09-02 18:37:43,0
EXP03287,C06329,New_Product_Page,Control,2025-10-15 20:44:07,0
EXP03288,C05944,New_Product_Page,Treatment,2025-08-11 01:13:45,0
EXP03289,C01746,New_Product_Page,Treatment,2025-08-12 04:07:57,0
EXP03290,C03389,New_Product_Page,Control,2025-09-03 09:38:40,0
EXP03291,C04466,New_Product_Page,Control,2025-07-17 13:38:56,0
EXP03292,C09704,New_Product_Page,Treatment,2025-09-14 17:16:40,0
EXP03293,C09359,New_Product_Page,Treatment,2025-09-29 08:24:11,0
EXP03294,C02916,New_Product_Page,Control,2025-09-20 20:24:14,0
EXP03295,C06863,New_Product_Page,Control,2025-08-31 14:12:19,0
EXP03296,C05242,New_Product_Page,Treatment,2025-07-27 12:25:51,0
EXP03297,C03786,New_Product_Page,Treatment,2025-10-07 14:13:37,0
EXP03298,C01569,New_Product_Page,Control,2025-10-18 00:48:47,0
EXP03299,C05315,New_Product_Page,Control,2025-09-23 22:04:18,0
EXP03300,C06064,New_Product_Page,Treatment,2025-10-11 09:25:45,0
EXP03301,C03729,New_Product_Page,Control,2025-09-29 10:48:01,0
EXP03302,C05327,New_Product_Page,Control,2025-10-18 04:55:53,0
EXP03303,C03823,New_Product_Page,Treatment,2025-10-30 09:27:16,0
EXP03304,C03804,New_Product_Page,Treatment,2025-09-26 06:51:26,0
EXP03305,C00933,New_Product_Page,Treatment,2025-09-25 01:17:04,0
EXP03306,C04846,New_Product_Page,Treatment,2025-09-18 15:26:28,0
EXP03307,C02317,New_Product_Page,Treatment,2025-10-22 00:22:58,0
EXP03308,C03636,New_Product_Page,Treatment,2025-09-28 06:12:30,0
EXP03309,C03454,New_Product_Page,Control,2025-10-04 20:21:12,0
EXP03310,C00201,New_Product_Page,Control,2025-07-05 18:51:16,0
EXP03311,C03623,New_Product_Page,Control,2025-10-22 16:34:24,0
EXP03312,C06332,New_Product_Page,Control,2025-08-12 04:42:57,0
EXP03313,C03239,New_Product_Page,Treatment,2025-09-13 03:09:39,0
EXP03314,C05734,New_Product_Page,Control,2025-09-11 14:15:13,0
EXP03315,C08360,New_Product_Page,Treatment,2025-07-06 03:02:13,0
EXP03316,C03996,New_Product_Page,Treatment,2025-09-04 03:43:34,0
EXP03317,C06592,New_Product_Page,Treatment,2025-07-12 02:54:16,0
EXP03318,C03832,New_Product_Page,Control,2025-09-07 05:59:05,0
EXP03319,C05367,New_Product_Page,Control,2025-09-07 05:04:25,1
EXP03320,C03913,New_Product_Page,Control,2025-08-23 14:19:27,0
EXP03321,C07992,New_Product_Page,Control,2025-09-26 08:39:14,0
EXP03322,C07171,New_Product_Page,Treatment,2025-07-12 08:53:41,1
EXP03323,C00414,New_Product_Page,Treatment,2025-08-16 21:44:12,0
EXP03324,C02356,New_Product_Page,Treatment,2025-07-14 05:26:42,0
EXP03325,C08245,New_Product_Page,Control,2025-08-15 22:43:40,0
EXP03326,C09028,New_Product_Page,Control,2025-08-17 08:19:29,0
EXP03327,C02045,New_Product_Page,Treatment,2025-08-05 15:56:32,0
EXP03328,C02068,New_Product_Page,Control,2025-07-27 09:42:00,0
EXP03329,C07071,New_Product_Page,Treatment,2025-07-23 15:58:57,0
EXP03330,C04240,New_Product_Page,Control,2025-09-08 05:46:44,0
EXP03331,C04712,New_Product_Page,Control,2025-09-26 05:14:31,0
EXP03332,C09914,New_Product_Page,Treatment,2025-10-26 16:08:01,0
EXP03333,C03778,New_Product_Page,Treatment,2025-10-04 10:25:19,0
EXP03334,C02668,New_Product_Page,Control,2025-09-30 06:04:19,0
EXP03335,C07258,New_Product_Page,Treatment,2025-08-08 16:20:27,0
EXP03336,C06561,New_Product_Page,Control,2025-10-29 04:41:25,1
EXP03337,C08488,New_Product_Page,Treatment,2025-10-12 09:55:00,1
EXP03338,C02701,New_Product_Page,Control,2025-07-08 06:49:26,0
EXP03339,C00623,New_Product_Page,Treatment,2025-08-18 03:30:35,0
EXP03340,C04102,New_Product_Page,Control,2025-08-01 11:20:27,0
EXP03341,C04802,New_Product_Page,Control,2025-09-28 22:43:46,1
EXP03342,C09150,New_Product_Page,Control,2025-10-01 03:45:41,0
EXP03343,C07746,New_Product_Page,Treatment,2025-10-23 14:33:37,0
EXP03344,C00087,New_Product_Page,Control,2025-09-12 04:41:51,0
EXP03345,C04760,New_Product_Page,Treatment,2025-07-01 08:34:44,0
EXP03346,C09792,New_Product_Page,Control,2025-07-20 22:01:13,0
EXP03347,C01276,New_Product_Page,Treatment,2025-09-29 17:17:42,0
EXP03348,C04011,New_Product_Page,Control,2025-10-19 08:46:06,0
EXP03349,C00754,New_Product_Page,Treatment,2025-09-26 20:53:07,0
EXP03350,C02748,New_Product_Page,Treatment,2025-08-13 14:02:39,0
EXP03351,C07796,New_Product_Page,Treatment,2025-10-01 15:08:22,0
EXP03352,C02130,New_Product_Page,Treatment,2025-07-23 11:03:57,0
EXP03353,C05434,New_Product_Page,Treatment,2025-08-23 19:33:04,0
EXP03354,C04702,New_Product_Page,Control,2025-07-14 14:03:49,0
EXP03355,C01062,New_Product_Page,Treatment,2025-09-09 03:43:48,0
EXP03356,C02128,New_Product_Page,Treatment,2025-10-09 14:59:41,0
EXP03357,C02826,New_Product_Page,Treatment,2025-09-07 12:33:49,0
EXP03358,C04344,New_Product_Page,Treatment,2025-10-08 05:54:44,0
EXP03359,C03185,New_Product_Page,Control,2025-07-15 11:34:11,0
EXP03360,C02566,New_Product_Page,Treatment,2025-08-03 19:09:15,0
EXP03361,C01554,New_Product_Page,Control,2025-08-31 07:39:17,0
EXP03362,C09525,New_Product_Page,Control,2025-08-19 06:51:56,0
EXP03363,C06079,New_Product_Page,Control,2025-10-12 02:53:13,0
EXP03364,C05194,New_Product_Page,Treatment,2025-09-13 22:22:57,0
EXP03365,C08469,New_Product_Page,Control,2025-07-12 15:18:51,1
EXP03366,C08682,New_Product_Page,Control,2025-10-19 15:07:24,1
EXP03367,C06682,New_Product_Page,Control,2025-07-27 10:12:39,1
EXP03368,C00191,New_Product_Page,Control,2025-10-07 14:57:57,0
EXP03369,C01131,New_Product_Page,Control,2025-07-16 05:56:20,0
EXP03370,C01464,New_Product_Page,Treatment,2025-08-14 01:13:31,0
EXP03371,C09087,New_Product_Page,Treatment,2025-08-08 13:15:06,0
EXP03372,C09739,New_Product_Page,Control,2025-08-23 06:08:05,0
EXP03373,C05198,New_Product_Page,Treatment,2025-09-21 04:55:47,0
EXP03374,C09787,New_Product_Page,Control,2025-09-30 06:57:11,0
EXP03375,C03496,New_Product_Page,Treatment,2025-10-09 01:40:11,0
EXP03376,C08157,New_Product_Page,Treatment,2025-07-06 02:28:51,0
EXP03377,C00203,New_Product_Page,Treatment,2025-07-15 15:30:58,1
EXP03378,C00139,New_Product_Page,Control,2025-09-23 12:32:17,0
EXP03379,C09314,New_Product_Page,Control,2025-08-30 11:25:02,0
EXP03380,C00594,New_Product_Page,Control,2025-07-02 10:42:41,0
EXP03381,C03595,New_Product_Page,Treatment,2025-08-23 08:19:22,0
EXP03382,C07144,New_Product_Page,Control,2025-07-26 16:52:32,0
EXP03383,C03226,New_Product_Page,Control,2025-10-12 13:44:19,0
EXP03384,C04322,New_Product_Page,Treatment,2025-10-30 23:18:19,0
EXP03385,C02052,New_Product_Page,Treatment,2025-07-09 01:11:39,0
EXP03386,C01862,New_Product_Page,Treatment,2025-10-22 14:51:07,0
EXP03387,C08046,New_Product_Page,Control,2025-10-20 06:44:38,0
EXP03388,C04089,New_Product_Page,Control,2025-09-06 23:44:13,0
EXP03389,C09264,New_Product_Page,Control,2025-08-23 04:54:34,0
EXP03390,C05991,New_Product_Page,Treatment,2025-08-12 02:36:27,0
EXP03391,C02546,New_Product_Page,Treatment,2025-08-04 06:48:09,1
EXP03392,C06687,New_Product_Page,Control,2025-09-17 20:34:49,0
EXP03393,C01175,New_Product_Page,Control,2025-09-06 21:38:26,0
EXP03394,C00922,New_Product_Page,Control,2025-07-06 17:50:34,0
EXP03395,C01102,New_Product_Page,Control,2025-08-04 15:36:11,0
EXP03396,C00081,New_Product_Page,Treatment,2025-08-16 18:12:15,0
EXP03397,C00618,New_Product_Page,Treatment,2025-10-31 19:53:39,0
EXP03398,C09450,New_Product_Page,Treatment,2025-08-04 01:54:54,0
EXP03399,C04374,New_Product_Page,Treatment,2025-07-09 02:56:25,0
EXP03400,C02094,New_Product_Page,Control,2025-10-17 03:17:46,1
EXP03401,C01912,New_Product_Page,Control,2025-10-21 08:33:03,0
EXP03402,C02711,New_Product_Page,Control,2025-08-21 12:56:51,0
EXP03403,C09755,New_Product_Page,Treatment,2025-07-27 07:05:06,0
EXP03404,C00643,New_Product_Page,Treatment,2025-10-13 05:30:19,1
EXP03405,C06090,New_Product_Page,Treatment,2025-09-18 23:53:50,0
EXP03406,C09476,New_Product_Page,Control,2025-10-24 23:45:30,0
EXP03407,C06328,New_Product_Page,Treatment,2025-09-13 03:50:31,0
EXP03408,C07730,New_Product_Page,Control,2025-08-21 19:37:22,0
EXP03409,C07830,New_Product_Page,Treatment,2025-10-10 23:00:05,0
EXP03410,C06626,New_Product_Page,Treatment,2025-08-01 05:35:35,0
EXP03411,C00033,New_Product_Page,Treatment,2025-08-01 13:56:50,0
EXP03412,C09918,New_Product_Page,Treatment,2025-09-05 13:36:43,0
EXP03413,C07784,New_Product_Page,Control,2025-07-09 21:33:41,0
EXP03414,C08242,New_Product_Page,Control,2025-08-18 20:37:49,0
EXP03415,C02549,New_Product_Page,Control,2025-08-23 14:01:47,1
EXP03416,C09555,New_Product_Page,Treatment,2025-10-28 13:06:44,0
EXP03417,C01411,New_Product_Page,Treatment,2025-07-18 01:19:12,0
EXP03418,C05326,New_Product_Page,Control,2025-09-29 18:09:28,0
EXP03419,C05141,New_Product_Page,Control,2025-10-16 19:46:13,0
EXP03420,C01518,New_Product_Page,Control,2025-10-26 14:00:28,0
EXP03421,C08477,New_Product_Page,Control,2025-10-03 17:10:57,0
EXP03422,C08008,New_Product_Page,Treatment,2025-09-19 09:01:59,0
EXP03423,C03949,New_Product_Page,Treatment,2025-08-31 02:31:23,0
EXP03424,C06355,New_Product_Page,Control,2025-09-02 16:21:13,0
EXP03425,C02172,New_Product_Page,Treatment,2025-10-02 06:01:55,0
EXP03426,C00885,New_Product_Page,Control,2025-07-18 09:06:46,0
EXP03427,C07658,New_Product_Page,Control,2025-09-06 04:19:33,0
EXP03428,C06880,New_Product_Page,Control,2025-09-09 02:14:57,0
EXP03429,C08843,New_Product_Page,Control,2025-08-22 20:24:09,0
EXP03430,C05541,New_Product_Page,Treatment,2025-10-27 04:44:59,0
EXP03431,C05730,New_Product_Page,Treatment,2025-07-27 08:55:54,0
EXP03432,C09578,New_Product_Page,Treatment,2025-07-27 10:41:15,0
EXP03433,C00771,New_Product_Page,Treatment,2025-07-18 00:07:17,0
EXP03434,C00743,New_Product_Page,Treatment,2025-08-11 15:47:10,0
EXP03435,C06606,New_Product_Page,Control,2025-10-07 13:33:35,0
EXP03436,C01865,New_Product_Page,Control,2025-10-29 07:42:19,0
EXP03437,C01389,New_Product_Page,Treatment,2025-08-08 15:42:16,0
EXP03438,C00299,New_Product_Page,Control,2025-07-05 17:27:54,0
EXP03439,C07103,New_Product_Page,Treatment,2025-08-29 12:46:51,0
EXP03440,C01725,New_Product_Page,Control,2025-10-08 03:13:37,0
EXP03441,C00790,New_Product_Page,Control,2025-08-28 11:51:11,0
EXP03442,C02233,New_Product_Page,Control,2025-10-07 16:21:42,0
EXP03443,C07839,New_Product_Page,Treatment,2025-08-17 04:49:28,0
EXP03444,C01553,New_Product_Page,Control,2025-09-05 13:07:58,0
EXP03445,C01720,New_Product_Page,Control,2025-07-26 19:23:49,0
EXP03446,C06641,New_Product_Page,Treatment,2025-10-24 10:49:38,0
EXP03447,C09741,New_Product_Page,Control,2025-10-01 00:46:19,0
EXP03448,C06154,New_Product_Page,Control,2025-10-19 08:05:32,0
EXP03449,C06112,New_Product_Page,Control,2025-10-16 03:10:37,0
EXP03450,C09109,New_Product_Page,Treatment,2025-10-23 00:55:52,0
EXP03451,C00506,New_Product_Page,Control,2025-07-05 04:58:52,0
EXP03452,C04058,New_Product_Page,Treatment,2025-10-15 17:29:29,0
EXP03453,C01336,New_Product_Page,Treatment,2025-07-30 18:09:13,1
EXP03454,C01081,New_Product_Page,Treatment,2025-10-09 06:12:43,0
EXP03455,C02077,New_Product_Page,Control,2025-10-08 20:28:10,0
EXP03456,C04492,New_Product_Page,Control,2025-09-24 20:30:59,0
EXP03457,C03140,New_Product_Page,Treatment,2025-10-22 16:24:59,0
EXP03458,C09393,New_Product_Page,Treatment,2025-08-13 23:50:27,0
EXP03459,C07105,New_Product_Page,Control,2025-10-08 14:24:04,0
EXP03460,C01193,New_Product_Page,Treatment,2025-07-19 06:09:19,0
EXP03461,C05826,New_Product_Page,Treatment,2025-09-09 01:16:57,0
EXP03462,C06722,New_Product_Page,Control,2025-07-27 23:13:35,0
EXP03463,C00193,New_Product_Page,Treatment,2025-07-16 00:48:49,0
EXP03464,C09433,New_Product_Page,Treatment,2025-09-13 21:02:30,0
EXP03465,C02789,New_Product_Page,Treatment,2025-09-23 00:28:09,0
EXP03466,C06867,New_Product_Page,Control,2025-10-24 03:26:57,0
EXP03467,C05851,New_Product_Page,Control,2025-10-15 16:09:24,0
EXP03468,C04775,New_Product_Page,Treatment,2025-08-21 07:54:40,0
EXP03469,C08878,New_Product_Page,Control,2025-07-06 19:37:15,0
EXP03470,C05441,New_Product_Page,Control,2025-07-19 16:15:53,0
EXP03471,C06215,New_Product_Page,Control,2025-09-07 17:42:29,0
EXP03472,C03126,New_Product_Page,Treatment,2025-08-25 02:39:45,0
EXP03473,C09157,New_Product_Page,Control,2025-07-06 06:07:42,0
EXP03474,C09709,New_Product_Page,Treatment,2025-08-01 23:33:27,0
EXP03475,C04807,New_Product_Page,Control,2025-08-31 18:34:56,0
EXP03476,C06040,New_Product_Page,Control,2025-08-08 11:42:41,0
EXP03477,C01635,New_Product_Page,Treatment,2025-08-23 18:32:58,1
EXP03478,C05070,New_Product_Page,Control,2025-10-02 08:20:46,0
EXP03479,C05645,New_Product_Page,Treatment,2025-07-20 02:26:33,0
EXP03480,C01402,New_Product_Page,Treatment,2025-08-18 03:46:40,0
EXP03481,C09239,New_Product_Page,Control,2025-08-06 12:34:54,0
EXP03482,C09649,New_Product_Page,Treatment,2025-07-21 15:30:55,0
EXP03483,C00143,New_Product_Page,Control,2025-09-03 01:22:51,0
EXP03484,C02677,New_Product_Page,Treatment,2025-07-23 18:47:17,0
EXP03485,C00983,New_Product_Page,Treatment,2025-09-04 04:41:49,0
EXP03486,C02980,New_Product_Page,Control,2025-09-10 08:24:40,0
EXP03487,C08421,New_Product_Page,Treatment,2025-08-28 13:58:12,0
EXP03488,C08147,New_Product_Page,Treatment,2025-10-08 03:53:46,0
EXP03489,C01388,New_Product_Page,Control,2025-09-02 03:42:53,0
EXP03490,C06953,New_Product_Page,Treatment,2025-07-10 09:37:27,0
EXP03491,C02503,New_Product_Page,Treatment,2025-09-27 17:45:22,0
EXP03492,C04737,New_Product_Page,Control,2025-09-16 05:32:12,0
EXP03493,C03187,New_Product_Page,Control,2025-08-23 23:11:45,1
EXP03494,C08452,New_Product_Page,Control,2025-10-26 17:26:11,0
EXP03495,C04696,New_Product_Page,Treatment,2025-10-18 14:47:59,0
EXP03496,C08836,New_Product_Page,Treatment,2025-07-22 20:26:47,0
EXP03497,C04195,New_Product_Page,Treatment,2025-07-18 01:58:53,0
EXP03498,C02603,New_Product_Page,Control,2025-08-21 07:48:05,0
EXP03499,C05593,New_Product_Page,Control,2025-10-19 18:35:23,0
EXP03500,C02607,New_Product_Page,Treatment,2025-09-15 08:38:06,0
EXP03501,C03769,New_Product_Page,Treatment,2025-10-21 22:21:41,0
EXP03502,C06829,New_Product_Page,Treatment,2025-07-02 22:46:24,0
EXP03503,C06688,New_Product_Page,Treatment,2025-07-13 08:50:17,0
EXP03504,C03304,New_Product_Page,Treatment,2025-10-26 17:34:16,0
EXP03505,C07699,New_Product_Page,Treatment,2025-07-17 13:25:21,0
EXP03506,C04765,New_Product_Page,Control,2025-07-22 09:16:30,0
EXP03507,C01120,New_Product_Page,Treatment,2025-09-24 20:31:09,0
EXP03508,C01579,New_Product_Page,Control,2025-10-01 14:05:54,0
EXP03509,C05953,New_Product_Page,Control,2025-10-14 00:18:35,0
EXP03510,C03732,New_Product_Page,Control,2025-10-13 04:30:31,0
EXP03511,C05190,New_Product_Page,Treatment,2025-07-16 14:20:51,0
EXP03512,C04961,New_Product_Page,Control,2025-08-14 02:42:18,0
EXP03513,C07417,New_Product_Page,Control,2025-07-11 17:27:32,0
EXP03514,C03180,New_Product_Page,Control,2025-10-12 12:19:13,0
EXP03515,C03375,New_Product_Page,Control,2025-09-26 19:39:40,0
EXP03516,C07782,New_Product_Page,Control,2025-09-27 02:03:55,0
EXP03517,C00005,New_Product_Page,Control,2025-10-10 11:16:26,0
EXP03518,C06796,New_Product_Page,Treatment,2025-08-30 10:40:11,0
EXP03519,C06732,New_Product_Page,Control,2025-08-26 23:02:37,0
EXP03520,C01308,New_Product_Page,Treatment,2025-08-28 13:26:27,0
EXP03521,C03224,New_Product_Page,Treatment,2025-10-30 21:33:03,0
EXP03522,C04614,New_Product_Page,Control,2025-07-17 20:24:57,0
EXP03523,C07969,New_Product_Page,Control,2025-09-12 09:31:35,0
EXP03524,C07895,New_Product_Page,Treatment,2025-10-23 10:46:31,0
EXP03525,C01246,New_Product_Page,Treatment,2025-07-10 12:49:50,0
EXP03526,C00988,New_Product_Page,Control,2025-10-02 21:19:24,0
EXP03527,C00040,New_Product_Page,Treatment,2025-07-03 03:14:58,0
EXP03528,C09645,New_Product_Page,Treatment,2025-08-15 19:54:37,0
EXP03529,C01893,New_Product_Page,Treatment,2025-07-23 02:12:49,0
EXP03530,C09907,New_Product_Page,Treatment,2025-08-24 07:29:21,0
EXP03531,C08861,New_Product_Page,Control,2025-09-19 21:34:13,1
EXP03532,C09710,New_Product_Page,Treatment,2025-09-28 03:55:46,0
EXP03533,C00694,New_Product_Page,Treatment,2025-10-25 19:34:09,0
EXP03534,C09853,New_Product_Page,Control,2025-09-29 12:32:56,0
EXP03535,C00294,New_Product_Page,Control,2025-09-21 03:16:15,0
EXP03536,C02216,New_Product_Page,Control,2025-08-23 17:30:40,0
EXP03537,C00427,New_Product_Page,Treatment,2025-10-02 04:43:38,0
EXP03538,C04742,New_Product_Page,Control,2025-10-10 12:53:56,0
EXP03539,C00171,New_Product_Page,Control,2025-08-17 13:10:53,0
EXP03540,C09909,New_Product_Page,Control,2025-08-10 15:07:32,0
EXP03541,C08433,New_Product_Page,Treatment,2025-09-30 21:16:35,0
EXP03542,C08563,New_Product_Page,Control,2025-07-30 01:06:26,0
EXP03543,C01683,New_Product_Page,Control,2025-07-26 15:36:31,0
EXP03544,C08308,New_Product_Page,Control,2025-10-30 10:41:46,0
EXP03545,C02222,New_Product_Page,Treatment,2025-09-30 03:46:31,0
EXP03546,C08897,New_Product_Page,Treatment,2025-07-08 09:43:11,0
EXP03547,C09759,New_Product_Page,Control,2025-09-16 02:21:18,0
EXP03548,C02373,New_Product_Page,Control,2025-08-21 15:53:49,0
EXP03549,C02150,New_Product_Page,Treatment,2025-09-18 02:04:11,0
EXP03550,C02933,New_Product_Page,Control,2025-07-17 03:58:37,0
EXP03551,C00377,New_Product_Page,Control,2025-10-18 14:03:38,0
EXP03552,C02600,New_Product_Page,Control,2025-07-10 20:34:46,0
EXP03553,C03088,New_Product_Page,Control,2025-07-07 11:47:41,0
EXP03554,C06866,New_Product_Page,Treatment,2025-07-03 21:53:32,0
EXP03555,C04854,New_Product_Page,Control,2025-10-02 18:25:10,0
EXP03556,C07676,New_Product_Page,Control,2025-10-01 16:09:31,0
EXP03557,C04565,New_Product_Page,Treatment,2025-09-09 16:58:46,0
EXP03558,C09407,New_Product_Page,Treatment,2025-10-21 18:56:15,0
EXP03559,C06492,New_Product_Page,Control,2025-07-09 04:47:19,1
EXP03560,C00142,New_Product_Page,Treatment,2025-07-04 09:42:28,0
EXP03561,C02218,New_Product_Page,Control,2025-08-01 13:04:08,0
EXP03562,C03078,New_Product_Page,Treatment,2025-10-30 08:21:31,0
EXP03563,C05970,New_Product_Page,Control,2025-10-18 19:58:28,0
EXP03564,C07355,New_Product_Page,Treatment,2025-07-21 22:33:53,0
EXP03565,C05791,New_Product_Page,Treatment,2025-07-27 02:18:11,0
EXP03566,C05774,New_Product_Page,Treatment,2025-07-06 18:01:43,0
EXP03567,C00366,New_Product_Page,Treatment,2025-10-09 11:52:26,1
EXP03568,C08096,New_Product_Page,Treatment,2025-10-21 02:46:09,0
EXP03569,C03547,New_Product_Page,Treatment,2025-10-20 21:59:01,0
EXP03570,C07095,New_Product_Page,Control,2025-09-07 18:17:00,0
EXP03571,C09429,New_Product_Page,Control,2025-07-31 09:35:37,0
EXP03572,C00852,New_Product_Page,Control,2025-09-02 07:11:50,0
EXP03573,C09145,New_Product_Page,Treatment,2025-09-20 20:19:37,0
EXP03574,C02217,New_Product_Page,Treatment,2025-10-27 18:49:23,0
EXP03575,C08534,New_Product_Page,Control,2025-10-17 18:49:00,0
EXP03576,C02212,New_Product_Page,Treatment,2025-08-13 14:49:10,1
EXP03577,C00774,New_Product_Page,Treatment,2025-10-09 10:56:42,0
EXP03578,C06183,New_Product_Page,Treatment,2025-07-02 00:35:21,0
EXP03579,C00101,New_Product_Page,Treatment,2025-09-20 20:46:52,0
EXP03580,C07403,New_Product_Page,Control,2025-08-03 08:11:50,0
EXP03581,C08019,New_Product_Page,Control,2025-08-30 17:57:59,0
EXP03582,C03718,New_Product_Page,Treatment,2025-10-30 00:48:01,0
EXP03583,C08014,New_Product_Page,Treatment,2025-08-24 22:24:30,0
EXP03584,C07958,New_Product_Page,Control,2025-08-23 16:56:04,0
EXP03585,C02514,New_Product_Page,Control,2025-08-22 22:51:59,0
EXP03586,C08523,New_Product_Page,Control,2025-10-27 20:27:24,0
EXP03587,C00395,New_Product_Page,Treatment,2025-07-07 22:43:21,0
EXP03588,C08292,New_Product_Page,Treatment,2025-09-13 23:37:34,0
EXP03589,C06149,New_Product_Page,Control,2025-08-03 21:06:17,0
EXP03590,C07976,New_Product_Page,Treatment,2025-07-07 19:39:45,0
EXP03591,C07705,New_Product_Page,Control,2025-09-23 06:41:07,0
EXP03592,C08407,New_Product_Page,Treatment,2025-07-01 04:16:16,0
EXP03593,C01750,New_Product_Page,Treatment,2025-10-11 11:11:12,0
EXP03594,C02848,New_Product_Page,Treatment,2025-08-13 02:05:54,0
EXP03595,C08376,New_Product_Page,Treatment,2025-10-08 01:57:25,0
EXP03596,C02291,New_Product_Page,Control,2025-08-16 10:55:23,0
EXP03597,C08464,New_Product_Page,Control,2025-07-01 03:19:21,0
EXP03598,C07906,New_Product_Page,Treatment,2025-10-28 05:24:24,0
EXP03599,C03749,New_Product_Page,Control,2025-08-05 18:59:15,1
EXP03600,C02096,New_Product_Page,Control,2025-09-12 01:11:56,0
EXP03601,C06179,New_Product_Page,Treatment,2025-10-13 16:55:40,0
EXP03602,C05620,New_Product_Page,Treatment,2025-07-04 15:18:48,0
EXP03603,C05154,New_Product_Page,Control,2025-08-27 10:58:15,0
EXP03604,C00629,New_Product_Page,Treatment,2025-10-29 16:29:32,0
EXP03605,C04697,New_Product_Page,Control,2025-10-05 21:40:39,0
EXP03606,C08727,New_Product_Page,Treatment,2025-08-17 20:03:39,0
EXP03607,C03681,New_Product_Page,Treatment,2025-07-24 14:54:12,0
EXP03608,C08462,New_Product_Page,Control,2025-07-18 06:24:56,0
EXP03609,C05099,New_Product_Page,Treatment,2025-08-05 11:17:51,1
EXP03610,C02115,New_Product_Page,Treatment,2025-07-09 08:09:36,1
EXP03611,C05816,New_Product_Page,Control,2025-07-05 09:40:37,0
EXP03612,C01078,New_Product_Page,Treatment,2025-10-25 20:42:59,0
EXP03613,C00130,New_Product_Page,Control,2025-08-09 16:02:03,0
EXP03614,C08810,New_Product_Page,Treatment,2025-07-16 14:33:14,0
EXP03615,C07638,New_Product_Page,Treatment,2025-08-17 05:55:16,0
EXP03616,C07108,New_Product_Page,Treatment,2025-09-27 18:42:37,0
EXP03617,C03444,New_Product_Page,Treatment,2025-10-21 12:51:47,0
EXP03618,C09030,New_Product_Page,Treatment,2025-10-08 00:16:21,0
EXP03619,C03631,New_Product_Page,Control,2025-10-31 00:03:31,0
EXP03620,C07813,New_Product_Page,Control,2025-09-02 18:45:52,0
EXP03621,C04615,New_Product_Page,Control,2025-10-23 02:49:18,0
EXP03622,C04430,New_Product_Page,Control,2025-10-17 18:04:03,0
EXP03623,C07769,New_Product_Page,Control,2025-07-31 15:19:27,0
EXP03624,C01591,New_Product_Page,Treatment,2025-09-29 08:01:36,0
EXP03625,C02460,New_Product_Page,Treatment,2025-10-26 07:53:03,0
EXP03626,C05303,New_Product_Page,Control,2025-10-13 00:13:01,0
EXP03627,C00775,New_Product_Page,Control,2025-10-01 12:46:30,0
EXP03628,C08260,New_Product_Page,Control,2025-09-15 05:58:35,0
EXP03629,C07209,New_Product_Page,Control,2025-10-19 15:04:22,1
EXP03630,C03501,New_Product_Page,Control,2025-08-19 01:29:22,1
EXP03631,C01181,New_Product_Page,Treatment,2025-08-30 13:32:43,0
EXP03632,C02707,New_Product_Page,Treatment,2025-08-21 20:43:42,0
EXP03633,C07192,New_Product_Page,Treatment,2025-08-13 11:44:25,0
EXP03634,C03751,New_Product_Page,Control,2025-09-12 13:05:25,0
EXP03635,C07358,New_Product_Page,Treatment,2025-08-24 14:58:33,0
EXP03636,C07630,New_Product_Page,Treatment,2025-10-17 20:35:32,0
EXP03637,C02374,New_Product_Page,Treatment,2025-10-19 00:01:08,0
EXP03638,C04259,New_Product_Page,Control,2025-07-14 17:05:02,0
EXP03639,C02089,New_Product_Page,Control,2025-07-28 13:28:57,0
EXP03640,C08904,New_Product_Page,Treatment,2025-09-25 00:16:49,0
EXP03641,C07810,New_Product_Page,Treatment,2025-08-23 03:37:36,0
EXP03642,C05844,New_Product_Page,Control,2025-07-03 20:50:31,0
EXP03643,C04949,New_Product_Page,Treatment,2025-09-08 17:57:41,1
EXP03644,C04111,New_Product_Page,Control,2025-07-23 07:23:30,0
EXP03645,C04223,New_Product_Page,Control,2025-08-12 05:55:16,0
EXP03646,C02113,New_Product_Page,Control,2025-10-08 01:47:57,0
EXP03647,C03699,New_Product_Page,Control,2025-10-10 22:16:35,0
EXP03648,C07552,New_Product_Page,Control,2025-08-12 17:22:41,0
EXP03649,C02199,New_Product_Page,Treatment,2025-08-09 19:02:14,0
EXP03650,C07266,New_Product_Page,Control,2025-10-18 10:27:48,0
EXP03651,C08839,New_Product_Page,Control,2025-09-27 00:20:21,0
EXP03652,C06191,New_Product_Page,Control,2025-09-12 15:05:52,0
EXP03653,C00653,New_Product_Page,Treatment,2025-08-13 10:57:14,0
EXP03654,C04304,New_Product_Page,Treatment,2025-08-15 04:45:37,0
EXP03655,C04730,New_Product_Page,Treatment,2025-08-03 17:56:01,0
EXP03656,C00758,New_Product_Page,Control,2025-08-27 21:51:56,0
EXP03657,C03182,New_Product_Page,Control,2025-10-06 18:04:39,1
EXP03658,C06404,New_Product_Page,Control,2025-08-03 23:59:06,0
EXP03659,C00119,New_Product_Page,Control,2025-08-17 01:29:20,0
EXP03660,C01197,New_Product_Page,Treatment,2025-10-13 05:27:43,0
EXP03661,C05684,New_Product_Page,Control,2025-07-18 08:41:24,0
EXP03662,C04583,New_Product_Page,Control,2025-09-28 07:11:52,0
EXP03663,C09317,New_Product_Page,Treatment,2025-07-15 06:14:31,0
EXP03664,C09074,New_Product_Page,Treatment,2025-07-28 15:47:23,0
EXP03665,C07657,New_Product_Page,Treatment,2025-10-12 03:26:22,0
EXP03666,C01004,New_Product_Page,Control,2025-09-05 02:15:14,0
EXP03667,C06126,New_Product_Page,Control,2025-09-07 16:09:00,0
EXP03668,C06723,New_Product_Page,Treatment,2025-09-08 05:23:11,0
EXP03669,C03800,New_Product_Page,Treatment,2025-09-05 06:21:06,0
EXP03670,C02318,New_Product_Page,Control,2025-10-17 17:18:32,0
EXP03671,C01369,New_Product_Page,Control,2025-07-06 01:22:44,1
EXP03672,C01419,New_Product_Page,Control,2025-09-26 14:46:27,0
EXP03673,C03532,New_Product_Page,Treatment,2025-07-11 20:09:22,0
EXP03674,C00484,New_Product_Page,Control,2025-07-22 02:12:38,0
EXP03675,C09275,New_Product_Page,Treatment,2025-10-01 17:36:56,1
EXP03676,C08829,New_Product_Page,Treatment,2025-07-20 21:40:45,0
EXP03677,C02169,New_Product_Page,Treatment,2025-10-20 11:33:55,0
EXP03678,C04362,New_Product_Page,Treatment,2025-07-12 01:03:02,0
EXP03679,C05560,New_Product_Page,Treatment,2025-08-26 17:17:55,0
EXP03680,C03548,New_Product_Page,Treatment,2025-09-06 13:53:59,0
EXP03681,C09280,New_Product_Page,Control,2025-09-09 19:04:19,0
EXP03682,C02648,New_Product_Page,Control,2025-10-07 23:15:14,0
EXP03683,C08204,New_Product_Page,Control,2025-07-28 02:13:30,0
EXP03684,C01384,New_Product_Page,Control,2025-08-02 07:11:14,0
EXP03685,C01875,New_Product_Page,Control,2025-08-16 10:23:09,1
EXP03686,C05069,New_Product_Page,Treatment,2025-09-22 17:56:21,0
EXP03687,C00592,New_Product_Page,Control,2025-09-11 22:26:57,0
EXP03688,C02267,New_Product_Page,Control,2025-07-27 03:25:21,0
EXP03689,C00740,New_Product_Page,Control,2025-07-24 15:39:02,0
EXP03690,C06073,New_Product_Page,Treatment,2025-08-11 10:06:52,0
EXP03691,C03172,New_Product_Page,Control,2025-09-09 19:30:42,0
EXP03692,C06116,New_Product_Page,Control,2025-07-08 01:34:01,0
EXP03693,C06324,New_Product_Page,Control,2025-10-29 17:52:11,0
EXP03694,C02439,New_Product_Page,Control,2025-08-15 15:54:56,0
EXP03695,C01983,New_Product_Page,Control,2025-08-28 09:22:04,0
EXP03696,C02037,New_Product_Page,Treatment,2025-07-27 10:57:29,0
EXP03697,C01654,New_Product_Page,Treatment,2025-08-24 17:51:06,0
EXP03698,C09562,New_Product_Page,Control,2025-10-05 17:18:05,0
EXP03699,C04646,New_Product_Page,Control,2025-09-08 12:44:42,1
EXP03700,C03426,New_Product_Page,Control,2025-10-25 13:46:48,0
EXP03701,C09569,New_Product_Page,Control,2025-08-10 03:15:13,0
EXP03702,C01424,New_Product_Page,Control,2025-07-20 08:03:48,0
EXP03703,C09716,New_Product_Page,Control,2025-10-21 04:27:16,0
EXP03704,C08342,New_Product_Page,Control,2025-09-04 18:28:36,0
EXP03705,C09599,New_Product_Page,Control,2025-08-04 06:26:15,0
EXP03706,C03528,New_Product_Page,Treatment,2025-10-31 19:23:07,0
EXP03707,C00425,New_Product_Page,Control,2025-09-03 05:41:08,0
EXP03708,C07215,New_Product_Page,Treatment,2025-09-05 21:42:30,0
EXP03709,C01378,New_Product_Page,Treatment,2025-07-05 16:43:39,0
EXP03710,C07170,New_Product_Page,Control,2025-07-09 20:36:04,0
EXP03711,C05733,New_Product_Page,Control,2025-08-20 10:15:47,1
EXP03712,C09484,New_Product_Page,Control,2025-07-29 23:32:56,0
EXP03713,C05392,New_Product_Page,Treatment,2025-07-26 07:33:28,0
EXP03714,C03336,New_Product_Page,Control,2025-07-17 21:14:14,0
EXP03715,C07639,New_Product_Page,Control,2025-10-02 01:37:02,0
EXP03716,C08235,New_Product_Page,Treatment,2025-10-26 15:09:21,0
EXP03717,C09719,New_Product_Page,Control,2025-09-13 02:00:26,0
EXP03718,C06690,New_Product_Page,Control,2025-09-04 08:17:58,0
EXP03719,C07518,New_Product_Page,Treatment,2025-09-24 13:17:35,0
EXP03720,C06219,New_Product_Page,Treatment,2025-08-07 13:36:29,0
EXP03721,C06472,New_Product_Page,Treatment,2025-08-23 18:31:27,0
EXP03722,C04080,New_Product_Page,Control,2025-08-10 09:41:22,0
EXP03723,C08031,New_Product_Page,Treatment,2025-07-10 08:54:06,0
EXP03724,C05902,New_Product_Page,Treatment,2025-08-30 17:27:40,0
EXP03725,C00112,New_Product_Page,Control,2025-10-27 06:50:09,0
EXP03726,C04020,New_Product_Page,Control,2025-09-27 00:34:30,0
EXP03727,C00157,New_Product_Page,Treatment,2025-07-13 17:50:20,0
EXP03728,C01066,New_Product_Page,Control,2025-10-11 00:16:18,0
EXP03729,C05073,New_Product_Page,Control,2025-08-21 20:39:38,0
EXP03730,C06980,New_Product_Page,Control,2025-08-13 07:20:56,0
EXP03731,C00224,New_Product_Page,Treatment,2025-07-11 03:47:03,0
EXP03732,C05218,New_Product_Page,Treatment,2025-07-17 14:20:29,0
EXP03733,C01351,New_Product_Page,Control,2025-10-08 01:15:52,0
EXP03734,C06623,New_Product_Page,Control,2025-10-09 19:18:02,1
EXP03735,C01958,New_Product_Page,Treatment,2025-09-27 19:57:43,0
EXP03736,C02812,New_Product_Page,Control,2025-07-01 03:13:12,0
EXP03737,C02352,New_Product_Page,Treatment,2025-10-13 04:59:47,0
EXP03738,C03312,New_Product_Page,Control,2025-08-29 02:46:04,0
EXP03739,C01164,New_Product_Page,Treatment,2025-10-23 06:46:23,1
EXP03740,C02210,New_Product_Page,Treatment,2025-09-18 19:13:51,1
EXP03741,C08226,New_Product_Page,Control,2025-07-18 14:20:28,0
EXP03742,C08590,New_Product_Page,Treatment,2025-09-02 21:04:14,1
EXP03743,C07359,New_Product_Page,Treatment,2025-08-28 08:48:26,0
EXP03744,C03459,New_Product_Page,Control,2025-10-22 23:30:45,0
EXP03745,C01621,New_Product_Page,Treatment,2025-10-15 02:52:43,0
EXP03746,C07097,New_Product_Page,Treatment,2025-07-22 20:09:31,0
EXP03747,C08289,New_Product_Page,Control,2025-10-01 16:19:49,0
EXP03748,C05055,New_Product_Page,Control,2025-08-12 07:30:00,0
EXP03749,C02968,New_Product_Page,Control,2025-08-06 17:58:38,0
EXP03750,C09131,New_Product_Page,Control,2025-09-27 17:51:26,0
EXP03751,C00808,New_Product_Page,Control,2025-07-08 08:48:05,0
EXP03752,C04307,New_Product_Page,Control,2025-08-27 15:29:20,0
EXP03753,C06393,New_Product_Page,Control,2025-10-15 06:24:37,0
EXP03754,C08098,New_Product_Page,Treatment,2025-08-18 18:54:29,0
EXP03755,C06046,New_Product_Page,Treatment,2025-10-06 20:43:34,0
EXP03756,C04480,New_Product_Page,Treatment,2025-10-17 10:03:48,1
EXP03757,C09273,New_Product_Page,Treatment,2025-10-07 13:43:49,0
EXP03758,C09436,New_Product_Page,Control,2025-09-19 08:52:51,0
EXP03759,C08975,New_Product_Page,Treatment,2025-07-05 10:33:58,0
EXP03760,C01664,New_Product_Page,Control,2025-10-01 07:44:54,0
EXP03761,C01640,New_Product_Page,Treatment,2025-07-21 04:53:18,0
EXP03762,C02206,New_Product_Page,Control,2025-08-31 06:20:22,0
EXP03763,C00030,New_Product_Page,Treatment,2025-10-31 04:11:40,0
EXP03764,C04095,New_Product_Page,Control,2025-10-29 11:08:02,0
EXP03765,C09203,New_Product_Page,Treatment,2025-08-03 17:44:26,0
EXP03766,C03460,New_Product_Page,Control,2025-08-12 00:03:07,0
EXP03767,C09282,New_Product_Page,Treatment,2025-09-20 17:38:40,0
EXP03768,C01864,New_Product_Page,Treatment,2025-09-16 06:32:07,0
EXP03769,C08821,New_Product_Page,Control,2025-08-22 16:49:14,0
EXP03770,C00106,New_Product_Page,Treatment,2025-08-30 11:17:34,1
EXP03771,C01604,New_Product_Page,Control,2025-07-30 09:36:11,0
EXP03772,C06495,New_Product_Page,Control,2025-08-29 08:22:01,1
EXP03773,C06496,New_Product_Page,Treatment,2025-08-24 15:30:57,1
EXP03774,C02792,New_Product_Page,Control,2025-07-02 00:57:49,1
EXP03775,C04202,New_Product_Page,Control,2025-10-03 22:03:39,0
EXP03776,C04640,New_Product_Page,Treatment,2025-09-04 18:11:59,0
EXP03777,C00975,New_Product_Page,Treatment,2025-10-07 02:16:15,0
EXP03778,C00657,New_Product_Page,Control,2025-07-31 14:24:57,1
EXP03779,C01179,New_Product_Page,Treatment,2025-10-28 07:31:34,0
EXP03780,C01510,New_Product_Page,Control,2025-09-11 07:45:00,0
EXP03781,C00780,New_Product_Page,Control,2025-09-08 06:55:18,0
EXP03782,C00897,New_Product_Page,Control,2025-08-13 05:48:28,0
EXP03783,C02989,New_Product_Page,Treatment,2025-08-25 14:52:58,0
EXP03784,C05928,New_Product_Page,Treatment,2025-07-13 23:23:25,0
EXP03785,C04535,New_Product_Page,Treatment,2025-09-23 00:15:36,0
EXP03786,C01535,New_Product_Page,Control,2025-08-24 22:25:02,0
EXP03787,C08233,New_Product_Page,Treatment,2025-08-05 04:47:29,0
EXP03788,C06395,New_Product_Page,Treatment,2025-10-13 18:05:13,0
EXP03789,C09020,New_Product_Page,Treatment,2025-10-19 06:06:09,0
EXP03790,C04035,New_Product_Page,Control,2025-08-28 21:50:48,0
EXP03791,C04602,New_Product_Page,Control,2025-07-17 11:20:09,0
EXP03792,C09422,New_Product_Page,Treatment,2025-09-16 19:44:35,0
EXP03793,C04085,New_Product_Page,Control,2025-07-12 18:51:37,0
EXP03794,C03489,New_Product_Page,Control,2025-09-14 16:30:14,0
EXP03795,C04673,New_Product_Page,Treatment,2025-07-23 15:02:54,0
EXP03796,C02698,New_Product_Page,Control,2025-08-17 01:15:54,0
EXP03797,C07904,New_Product_Page,Treatment,2025-09-15 21:04:11,0
EXP03798,C01452,New_Product_Page,Control,2025-08-31 10:19:41,0
EXP03799,C09448,New_Product_Page,Control,2025-09-16 05:27:43,0
EXP03800,C03951,New_Product_Page,Treatment,2025-10-30 12:12:04,0
EXP03801,C08131,New_Product_Page,Treatment,2025-08-28 04:05:38,0
EXP03802,C05558,New_Product_Page,Treatment,2025-09-25 04:48:15,0
EXP03803,C02998,New_Product_Page,Control,2025-10-31 21:27:45,0
EXP03804,C02972,New_Product_Page,Control,2025-07-28 04:25:29,0
EXP03805,C06988,New_Product_Page,Control,2025-10-04 21:38:50,0
EXP03806,C00474,New_Product_Page,Treatment,2025-07-19 12:16:27,0
EXP03807,C07776,New_Product_Page,Control,2025-10-17 16:40:17,0
EXP03808,C07037,New_Product_Page,Treatment,2025-09-06 08:14:16,0
EXP03809,C02227,New_Product_Page,Treatment,2025-07-26 19:30:01,0
EXP03810,C09067,New_Product_Page,Control,2025-07-24 05:23:39,0
EXP03811,C04291,New_Product_Page,Control,2025-08-29 13:51:15,0
EXP03812,C01755,New_Product_Page,Control,2025-07-24 06:26:40,0
EXP03813,C04973,New_Product_Page,Treatment,2025-09-19 02:16:05,0
EXP03814,C01397,New_Product_Page,Control,2025-08-23 12:10:26,0
EXP03815,C05996,New_Product_Page,Control,2025-07-23 13:16:51,0
EXP03816,C06986,New_Product_Page,Control,2025-10-28 19:53:11,0
EXP03817,C03084,New_Product_Page,Control,2025-08-28 03:43:05,1
EXP03818,C08648,New_Product_Page,Treatment,2025-09-21 10:35:48,0
EXP03819,C01009,New_Product_Page,Control,2025-09-12 17:56:54,0
EXP03820,C04485,New_Product_Page,Treatment,2025-07-02 23:36:07,1
EXP03821,C08404,New_Product_Page,Control,2025-09-06 09:21:40,1
EXP03822,C03505,New_Product_Page,Treatment,2025-07-14 15:02:21,0
EXP03823,C07818,New_Product_Page,Control,2025-07-30 08:27:34,0
EXP03824,C01405,New_Product_Page,Control,2025-08-01 19:02:03,0
EXP03825,C07326,New_Product_Page,Treatment,2025-07-22 14:12:56,1
EXP03826,C00759,New_Product_Page,Control,2025-08-23 22:20:45,0
EXP03827,C00974,New_Product_Page,Control,2025-08-21 09:35:28,0
EXP03828,C06081,New_Product_Page,Control,2025-07-14 04:32:32,0
EXP03829,C02295,New_Product_Page,Control,2025-08-11 16:17:06,1
EXP03830,C04912,New_Product_Page,Treatment,2025-08-23 01:47:50,1
EXP03831,C07918,New_Product_Page,Treatment,2025-10-28 22:29:28,0
EXP03832,C04933,New_Product_Page,Control,2025-10-19 08:49:57,0
EXP03833,C07849,New_Product_Page,Treatment,2025-09-23 14:21:17,0
EXP03834,C01190,New_Product_Page,Control,2025-10-14 19:12:16,0
EXP03835,C04964,New_Product_Page,Control,2025-07-07 23:25:55,0
EXP03836,C05784,New_Product_Page,Control,2025-10-08 03:08:10,0
EXP03837,C05405,New_Product_Page,Treatment,2025-10-02 01:58:11,0
EXP03838,C07335,New_Product_Page,Control,2025-07-23 03:31:45,0
EXP03839,C00215,New_Product_Page,Treatment,2025-09-22 12:56:16,0
EXP03840,C07924,New_Product_Page,Treatment,2025-09-22 04:31:19,0
EXP03841,C02300,New_Product_Page,Control,2025-07-16 10:05:03,0
EXP03842,C06716,New_Product_Page,Treatment,2025-08-05 22:50:47,0
EXP03843,C03407,New_Product_Page,Treatment,2025-07-29 03:25:10,0
EXP03844,C04115,New_Product_Page,Control,2025-10-19 11:59:12,0
EXP03845,C06331,New_Product_Page,Control,2025-10-17 16:12:48,1
EXP03846,C00769,New_Product_Page,Control,2025-07-11 23:32:47,1
EXP03847,C01537,New_Product_Page,Treatment,2025-09-12 00:46:28,0
EXP03848,C07877,New_Product_Page,Treatment,2025-10-31 09:02:15,0
EXP03849,C09315,New_Product_Page,Treatment,2025-08-23 22:31:05,0
EXP03850,C08493,New_Product_Page,Control,2025-09-10 07:16:13,1
EXP03851,C04474,New_Product_Page,Treatment,2025-08-04 07:24:50,0
EXP03852,C08442,New_Product_Page,Treatment,2025-09-12 16:19:50,1
EXP03853,C01480,New_Product_Page,Treatment,2025-07-04 00:50:02,0
EXP03854,C08989,New_Product_Page,Treatment,2025-10-28 05:36:08,0
EXP03855,C08551,New_Product_Page,Control,2025-08-04 06:22:25,0
EXP03856,C03374,New_Product_Page,Treatment,2025-08-20 00:14:51,1
EXP03857,C07706,New_Product_Page,Treatment,2025-09-13 12:45:51,0
EXP03858,C02739,New_Product_Page,Treatment,2025-08-24 08:55:03,0
EXP03859,C09373,New_Product_Page,Treatment,2025-08-03 07:46:11,1
EXP03860,C08010,New_Product_Page,Treatment,2025-09-18 14:10:45,0
EXP03861,C07083,New_Product_Page,Treatment,2025-10-21 11:01:13,0
EXP03862,C01843,New_Product_Page,Control,2025-09-23 05:43:35,0
EXP03863,C00273,New_Product_Page,Control,2025-10-05 07:58:13,1
EXP03864,C06962,New_Product_Page,Control,2025-10-11 06:10:52,0
EXP03865,C06316,New_Product_Page,Treatment,2025-10-16 10:05:45,0
EXP03866,C07967,New_Product_Page,Treatment,2025-09-03 23:12:01,0
EXP03867,C07903,New_Product_Page,Treatment,2025-09-03 03:59:09,0
EXP03868,C07684,New_Product_Page,Control,2025-08-23 14:28:44,0
EXP03869,C05306,New_Product_Page,Control,2025-10-12 15:07:20,0
EXP03870,C08808,New_Product_Page,Control,2025-07-06 05:05:17,0
EXP03871,C07087,New_Product_Page,Treatment,2025-07-21 18:10:06,0
EXP03872,C04883,New_Product_Page,Treatment,2025-10-17 14:35:57,0
EXP03873,C04460,New_Product_Page,Treatment,2025-08-09 13:49:59,0
EXP03874,C08347,New_Product_Page,Control,2025-09-06 22:24:12,0
EXP03875,C04007,New_Product_Page,Control,2025-10-01 07:03:22,1
EXP03876,C01769,New_Product_Page,Control,2025-07-15 08:07:13,0
EXP03877,C05334,New_Product_Page,Control,2025-10-05 09:33:39,0
EXP03878,C07125,New_Product_Page,Treatment,2025-08-14 18:32:06,1
EXP03879,C05495,New_Product_Page,Treatment,2025-10-29 06:55:12,0
EXP03880,C06629,New_Product_Page,Control,2025-10-21 23:38:48,0
EXP03881,C04922,New_Product_Page,Treatment,2025-08-26 01:37:08,0
EXP03882,C00192,New_Product_Page,Treatment,2025-07-17 04:46:47,0
EXP03883,C04819,New_Product_Page,Control,2025-08-10 17:04:15,0
EXP03884,C02461,New_Product_Page,Treatment,2025-07-09 16:13:55,0
EXP03885,C04927,New_Product_Page,Control,2025-09-03 13:47:05,0
EXP03886,C07797,New_Product_Page,Treatment,2025-10-29 04:02:49,0
EXP03887,C03787,New_Product_Page,Control,2025-08-10 05:52:03,0
EXP03888,C04948,New_Product_Page,Treatment,2025-07-30 22:59:11,0
EXP03889,C06202,New_Product_Page,Treatment,2025-09-30 15:26:58,0
EXP03890,C04205,New_Product_Page,Treatment,2025-07-18 20:25:45,0
EXP03891,C04184,New_Product_Page,Control,2025-08-24 08:01:47,0
EXP03892,C00963,New_Product_Page,Control,2025-09-22 14:57:36,0
EXP03893,C04715,New_Product_Page,Control,2025-07-19 19:41:04,1
EXP03894,C06873,New_Product_Page,Treatment,2025-09-04 04:15:16,0
EXP03895,C09022,New_Product_Page,Control,2025-10-31 01:47:13,0
EXP03896,C04618,New_Product_Page,Treatment,2025-08-13 08:12:28,0
EXP03897,C05451,New_Product_Page,Control,2025-07-26 00:56:18,0
EXP03898,C07485,New_Product_Page,Treatment,2025-10-23 17:27:45,0
EXP03899,C04347,New_Product_Page,Treatment,2025-07-05 01:26:13,0
EXP03900,C02712,New_Product_Page,Control,2025-08-24 03:55:28,1
EXP03901,C09679,New_Product_Page,Control,2025-09-14 14:06:27,0
EXP03902,C00071,New_Product_Page,Control,2025-10-12 12:46:16,0
EXP03903,C03618,New_Product_Page,Control,2025-07-18 22:52:00,0
EXP03904,C03880,New_Product_Page,Treatment,2025-08-27 09:17:18,0
EXP03905,C06001,New_Product_Page,Control,2025-10-25 23:42:27,1
EXP03906,C04324,New_Product_Page,Treatment,2025-08-21 03:13:21,0
EXP03907,C03968,New_Product_Page,Treatment,2025-08-10 14:49:21,0
EXP03908,C04573,New_Product_Page,Treatment,2025-07-24 11:31:24,0
EXP03909,C04504,New_Product_Page,Control,2025-07-26 13:32:52,0
EXP03910,C02151,New_Product_Page,Control,2025-07-17 04:47:13,0
EXP03911,C00061,New_Product_Page,Treatment,2025-08-23 02:54:59,0
EXP03912,C02337,New_Product_Page,Treatment,2025-08-24 03:08:12,0
EXP03913,C08430,New_Product_Page,Control,2025-07-07 00:37:57,0
EXP03914,C05926,New_Product_Page,Treatment,2025-09-15 19:35:25,0
EXP03915,C03279,New_Product_Page,Control,2025-08-15 12:47:04,1
EXP03916,C01976,New_Product_Page,Control,2025-10-15 15:23:12,0
EXP03917,C06461,New_Product_Page,Treatment,2025-08-09 23:35:12,0
EXP03918,C00222,New_Product_Page,Control,2025-10-04 03:43:41,1
EXP03919,C08132,New_Product_Page,Treatment,2025-08-15 17:12:31,0
EXP03920,C03409,New_Product_Page,Control,2025-07-28 05:03:38,0
EXP03921,C08305,New_Product_Page,Treatment,2025-10-01 09:17:57,1
EXP03922,C04459,New_Product_Page,Treatment,2025-07-25 03:38:33,0
EXP03923,C01887,New_Product_Page,Treatment,2025-09-10 18:16:07,0
EXP03924,C09171,New_Product_Page,Control,2025-10-13 16:19:33,0
EXP03925,C00641,New_Product_Page,Treatment,2025-08-09 08:09:45,0
EXP03926,C08042,New_Product_Page,Control,2025-09-22 21:18:00,0
EXP03927,C03181,New_Product_Page,Control,2025-08-19 15:58:20,0
EXP03928,C06407,New_Product_Page,Treatment,2025-08-10 19:36:15,1
EXP03929,C04429,New_Product_Page,Treatment,2025-07-19 10:45:24,0
EXP03930,C09605,New_Product_Page,Treatment,2025-09-10 22:06:02,0
EXP03931,C01465,New_Product_Page,Treatment,2025-09-14 06:46:36,0
EXP03932,C03784,New_Product_Page,Treatment,2025-08-12 14:20:51,0
EXP03933,C08723,New_Product_Page,Treatment,2025-08-08 02:19:58,0
EXP03934,C06766,New_Product_Page,Control,2025-09-28 23:22:10,0
EXP03935,C07568,New_Product_Page,Treatment,2025-10-24 19:28:02,0
EXP03936,C03083,New_Product_Page,Control,2025-10-20 15:55:31,0
EXP03937,C06733,New_Product_Page,Control,2025-09-09 00:58:28,0
EXP03938,C05783,New_Product_Page,Control,2025-10-20 23:09:52,0
EXP03939,C08504,New_Product_Page,Control,2025-10-28 21:22:46,0
EXP03940,C02520,New_Product_Page,Control,2025-08-27 00:30:03,0
EXP03941,C09399,New_Product_Page,Treatment,2025-08-03 16:44:14,0
EXP03942,C01345,New_Product_Page,Control,2025-09-05 04:09:07,0
EXP03943,C08890,New_Product_Page,Control,2025-09-22 06:48:21,0
EXP03944,C00269,New_Product_Page,Treatment,2025-08-02 05:00:30,0
EXP03945,C02112,New_Product_Page,Control,2025-09-21 23:23:56,0
EXP03946,C02934,New_Product_Page,Control,2025-09-11 00:10:22,0
EXP03947,C08602,New_Product_Page,Treatment,2025-10-17 11:04:01,0
EXP03948,C06165,New_Product_Page,Control,2025-10-09 20:16:22,0
EXP03949,C07538,New_Product_Page,Control,2025-07-03 05:46:36,0
EXP03950,C06738,New_Product_Page,Control,2025-09-16 07:53:37,0
EXP03951,C01169,New_Product_Page,Treatment,2025-07-11 08:02:32,0
EXP03952,C07219,New_Product_Page,Treatment,2025-07-07 10:52:35,0
EXP03953,C01938,New_Product_Page,Control,2025-09-06 17:54:47,0
EXP03954,C02133,New_Product_Page,Control,2025-10-15 17:52:42,0
EXP03955,C05104,New_Product_Page,Control,2025-09-15 17:01:54,0
EXP03956,C08649,New_Product_Page,Control,2025-10-11 23:43:05,0
EXP03957,C00663,New_Product_Page,Treatment,2025-08-30 09:44:49,0
EXP03958,C07677,New_Product_Page,Control,2025-08-06 06:07:38,0
EXP03959,C07637,New_Product_Page,Treatment,2025-07-20 15:31:37,0
EXP03960,C00576,New_Product_Page,Treatment,2025-08-15 22:56:07,0
EXP03961,C07871,New_Product_Page,Treatment,2025-08-10 20:34:49,0
EXP03962,C03954,New_Product_Page,Treatment,2025-10-07 17:45:57,0
EXP03963,C01783,New_Product_Page,Treatment,2025-07-06 17:39:58,0
EXP03964,C05412,New_Product_Page,Treatment,2025-07-01 13:36:38,1
EXP03965,C08799,New_Product_Page,Treatment,2025-09-06 11:42:40,0
EXP03966,C07057,New_Product_Page,Control,2025-10-15 22:20:28,0
EXP03967,C06251,New_Product_Page,Control,2025-07-30 05:24:44,0
EXP03968,C07363,New_Product_Page,Control,2025-08-25 12:07:58,0
EXP03969,C04710,New_Product_Page,Treatment,2025-10-21 05:02:56,0
EXP03970,C00163,New_Product_Page,Treatment,2025-10-08 14:21:22,0
EXP03971,C09802,New_Product_Page,Treatment,2025-07-16 11:19:15,1
EXP03972,C09705,New_Product_Page,Treatment,2025-07-06 23:34:59,0
EXP03973,C02168,New_Product_Page,Control,2025-07-09 09:31:07,0
EXP03974,C01028,New_Product_Page,Treatment,2025-10-08 21:39:26,0
EXP03975,C02587,New_Product_Page,Control,2025-09-03 13:11:22,0
EXP03976,C03355,New_Product_Page,Control,2025-07-23 07:30:15,0
EXP03977,C06586,New_Product_Page,Treatment,2025-09-19 02:53:30,0
EXP03978,C08411,New_Product_Page,Treatment,2025-10-03 13:39:21,0
EXP03979,C05118,New_Product_Page,Control,2025-07-08 16:25:04,0
EXP03980,C07090,New_Product_Page,Treatment,2025-07-26 19:07:59,1
EXP03981,C07302,New_Product_Page,Control,2025-09-15 07:03:42,0
EXP03982,C09537,New_Product_Page,Control,2025-09-10 17:43:36,1
EXP03983,C02926,New_Product_Page,Control,2025-09-26 02:11:01,0
EXP03984,C08272,New_Product_Page,Treatment,2025-10-12 22:45:42,0
EXP03985,C09144,New_Product_Page,Control,2025-08-08 00:55:02,0
EXP03986,C08947,New_Product_Page,Treatment,2025-07-09 19:43:46,0
EXP03987,C05528,New_Product_Page,Treatment,2025-10-16 19:31:41,0
EXP03988,C08969,New_Product_Page,Control,2025-08-29 09:14:38,0
EXP03989,C04843,New_Product_Page,Control,2025-10-28 12:30:47,0
EXP03990,C00228,New_Product_Page,Control,2025-10-09 09:21:00,0
EXP03991,C03779,New_Product_Page,Treatment,2025-09-25 10:42:51,0
EXP03992,C00875,New_Product_Page,Control,2025-07-27 07:26:39,0
EXP03993,C09547,New_Product_Page,Treatment,2025-10-26 09:13:17,0
EXP03994,C04683,New_Product_Page,Treatment,2025-08-07 03:47:39,0
EXP03995,C00363,New_Product_Page,Treatment,2025-10-03 08:20:47,1
EXP03996,C06520,New_Product_Page,Control,2025-09-25 03:35:57,0
EXP03997,C02370,New_Product_Page,Treatment,2025-09-22 08:33:45,0
EXP03998,C02101,New_Product_Page,Control,2025-08-08 07:18:06,1
EXP03999,C06938,New_Product_Page,Treatment,2025-07-09 02:34:54,0
EXP04000,C07504,New_Product_Page,Treatment,2025-07-18 07:43:16,0
EXP04001,C05131,New_Product_Page,Treatment,2025-07-01 19:07:00,0
EXP04002,C02601,New_Product_Page,Control,2025-10-19 02:46:36,0
EXP04003,C03395,New_Product_Page,Treatment,2025-08-24 20:48:28,0
EXP04004,C07267,New_Product_Page,Treatment,2025-09-10 11:08:29,0
EXP04005,C00870,New_Product_Page,Treatment,2025-10-28 17:14:43,0
EXP04006,C06543,New_Product_Page,Control,2025-10-19 19:32:36,0
EXP04007,C07932,New_Product_Page,Treatment,2025-08-10 10:11:01,0
EXP04008,C02289,New_Product_Page,Treatment,2025-09-24 10:11:17,0
EXP04009,C09326,New_Product_Page,Treatment,2025-10-08 12:30:01,0
EXP04010,C01609,New_Product_Page,Treatment,2025-08-29 08:57:35,0
EXP04011,C08642,New_Product_Page,Treatment,2025-10-16 17:00:21,0
EXP04012,C03361,New_Product_Page,Treatment,2025-08-07 10:23:56,0
EXP04013,C01439,New_Product_Page,Control,2025-07-08 01:20:01,0
EXP04014,C05323,New_Product_Page,Treatment,2025-07-13 21:43:22,0
EXP04015,C00300,New_Product_Page,Control,2025-10-15 02:03:32,0
EXP04016,C04300,New_Product_Page,Treatment,2025-07-25 12:38:45,0
EXP04017,C04386,New_Product_Page,Control,2025-09-01 16:35:30,0
EXP04018,C04477,New_Product_Page,Treatment,2025-09-03 07:38:32,0
EXP04019,C04632,New_Product_Page,Treatment,2025-09-28 17:16:27,0
EXP04020,C02649,New_Product_Page,Treatment,2025-08-31 03:11:53,0
EXP04021,C07647,New_Product_Page,Control,2025-09-27 23:04:47,0
EXP04022,C07975,New_Product_Page,Control,2025-09-13 00:24:37,0
EXP04023,C09874,New_Product_Page,Treatment,2025-10-13 11:59:28,0
EXP04024,C09423,New_Product_Page,Control,2025-10-29 11:54:49,0
EXP04025,C07264,New_Product_Page,Control,2025-08-29 15:13:44,0
EXP04026,C03773,New_Product_Page,Control,2025-08-19 20:30:42,0
EXP04027,C08432,New_Product_Page,Treatment,2025-07-07 14:06:28,0
EXP04028,C00187,New_Product_Page,Treatment,2025-07-19 06:06:24,0
EXP04029,C06285,New_Product_Page,Treatment,2025-09-07 14:30:56,0
EXP04030,C07847,New_Product_Page,Control,2025-08-15 22:23:04,0
EXP04031,C06798,New_Product_Page,Control,2025-10-30 21:28:34,0
EXP04032,C05461,New_Product_Page,Treatment,2025-07-11 13:46:30,0
EXP04033,C07574,New_Product_Page,Control,2025-08-04 18:39:10,0
EXP04034,C01284,New_Product_Page,Control,2025-10-29 14:22:21,0
EXP04035,C08255,New_Product_Page,Treatment,2025-08-22 00:56:33,0
EXP04036,C02382,New_Product_Page,Control,2025-08-10 18:37:55,0
EXP04037,C08465,New_Product_Page,Control,2025-07-07 21:29:33,0
EXP04038,C01446,New_Product_Page,Treatment,2025-09-23 12:17:48,0
EXP04039,C03771,New_Product_Page,Control,2025-09-22 11:21:04,0
EXP04040,C08854,New_Product_Page,Treatment,2025-07-08 00:02:55,1
EXP04041,C04850,New_Product_Page,Control,2025-07-27 01:12:27,0
EXP04042,C01703,New_Product_Page,Treatment,2025-08-24 23:08:33,0
EXP04043,C01694,New_Product_Page,Control,2025-09-02 21:43:29,0
EXP04044,C04832,New_Product_Page,Treatment,2025-10-17 09:44:54,0
EXP04045,C09756,New_Product_Page,Treatment,2025-07-02 04:58:35,0
EXP04046,C08499,New_Product_Page,Treatment,2025-10-16 19:41:41,0
EXP04047,C00125,New_Product_Page,Treatment,2025-09-12 19:58:25,0
EXP04048,C03241,New_Product_Page,Treatment,2025-10-16 02:18:31,0
EXP04049,C07127,New_Product_Page,Control,2025-07-29 05:56:11,0
EXP04050,C07312,New_Product_Page,Control,2025-09-01 02:14:29,0
EXP04051,C07756,New_Product_Page,Treatment,2025-08-18 19:32:03,0
EXP04052,C04090,New_Product_Page,Treatment,2025-08-01 11:30:11,0
EXP04053,C08938,New_Product_Page,Treatment,2025-09-17 22:29:48,1
EXP04054,C03137,New_Product_Page,Control,2025-09-06 20:10:58,0
EXP04055,C00614,New_Product_Page,Control,2025-08-31 11:25:53,0
EXP04056,C04037,New_Product_Page,Treatment,2025-09-12 17:19:00,0
EXP04057,C03305,New_Product_Page,Control,2025-10-20 17:06:27,0
EXP04058,C05153,New_Product_Page,Treatment,2025-08-25 19:52:24,0
EXP04059,C02436,New_Product_Page,Treatment,2025-07-12 08:51:37,0
EXP04060,C08139,New_Product_Page,Treatment,2025-09-17 13:12:25,0
EXP04061,C03656,New_Product_Page,Treatment,2025-08-28 00:03:38,0
EXP04062,C03938,New_Product_Page,Treatment,2025-10-23 03:54:02,0
EXP04063,C06605,New_Product_Page,Control,2025-09-24 20:05:46,0
EXP04064,C01878,New_Product_Page,Treatment,2025-09-10 07:55:13,0
EXP04065,C05138,New_Product_Page,Treatment,2025-10-21 01:04:37,0
EXP04066,C04267,New_Product_Page,Control,2025-10-19 11:17:37,1
EXP04067,C06299,New_Product_Page,Control,2025-07-23 21:19:50,0
EXP04068,C02450,New_Product_Page,Treatment,2025-07-10 02:00:36,0
EXP04069,C02876,New_Product_Page,Control,2025-09-14 03:03:20,0
EXP04070,C05500,New_Product_Page,Control,2025-08-18 06:36:47,0
EXP04071,C07521,New_Product_Page,Treatment,2025-09-26 12:10:32,0
EXP04072,C00261,New_Product_Page,Treatment,2025-07-16 09:36:09,0
EXP04073,C08621,New_Product_Page,Control,2025-08-23 11:43:06,1
EXP04074,C08992,New_Product_Page,Control,2025-10-09 13:34:14,0
EXP04075,C08323,New_Product_Page,Treatment,2025-08-01 23:19:10,0
EXP04076,C08598,New_Product_Page,Treatment,2025-07-09 14:55:41,0
EXP04077,C04397,New_Product_Page,Treatment,2025-09-25 14:28:15,0
EXP04078,C04350,New_Product_Page,Control,2025-08-08 05:47:14,1
EXP04079,C05208,New_Product_Page,Control,2025-07-03 04:52:05,0
EXP04080,C07949,New_Product_Page,Control,2025-09-23 03:12:23,0
EXP04081,C02275,New_Product_Page,Control,2025-10-27 20:34:32,0
EXP04082,C03970,New_Product_Page,Treatment,2025-07-02 21:02:40,1
EXP04083,C06454,New_Product_Page,Control,2025-09-27 00:31:38,0
EXP04084,C07376,New_Product_Page,Treatment,2025-09-04 11:15:00,0
EXP04085,C09125,New_Product_Page,Treatment,2025-08-21 22:46:35,0
EXP04086,C03750,New_Product_Page,Treatment,2025-08-06 15:08:56,0
EXP04087,C08701,New_Product_Page,Treatment,2025-08-28 09:42:33,0
EXP04088,C00664,New_Product_Page,Treatment,2025-07-29 21:47:24,0
EXP04089,C05841,New_Product_Page,Treatment,2025-07-20 15:49:01,1
EXP04090,C04210,New_Product_Page,Treatment,2025-09-07 17:34:41,0
EXP04091,C00574,New_Product_Page,Treatment,2025-08-01 21:14:51,0
EXP04092,C01093,New_Product_Page,Control,2025-10-14 19:03:12,0
EXP04093,C04569,New_Product_Page,Control,2025-07-15 08:06:12,0
EXP04094,C03258,New_Product_Page,Control,2025-10-21 05:05:00,0
EXP04095,C00350,New_Product_Page,Treatment,2025-07-16 13:04:53,0
EXP04096,C05643,New_Product_Page,Control,2025-08-08 00:45:30,0
EXP04097,C03736,New_Product_Page,Control,2025-08-11 12:19:38,0
EXP04098,C08502,New_Product_Page,Treatment,2025-07-22 18:01:32,0
EXP04099,C03230,New_Product_Page,Control,2025-07-29 12:13:02,0
EXP04100,C05973,New_Product_Page,Control,2025-07-01 23:54:09,0
EXP04101,C07259,New_Product_Page,Treatment,2025-09-02 11:41:20,0
EXP04102,C06434,New_Product_Page,Control,2025-07-11 16:42:09,0
EXP04103,C05823,New_Product_Page,Control,2025-07-11 19:47:46,0
EXP04104,C00727,New_Product_Page,Control,2025-10-10 13:23:43,0
EXP04105,C00595,New_Product_Page,Control,2025-08-24 02:54:01,0
EXP04106,C09156,New_Product_Page,Control,2025-09-04 11:19:38,0
EXP04107,C04026,New_Product_Page,Control,2025-10-18 17:21:45,1
EXP04108,C01563,New_Product_Page,Treatment,2025-10-15 18:42:38,0
EXP04109,C02532,New_Product_Page,Treatment,2025-08-24 22:24:11,0
EXP04110,C02655,New_Product_Page,Control,2025-08-13 14:43:21,0
EXP04111,C04690,New_Product_Page,Control,2025-09-14 06:58:32,0
EXP04112,C05570,New_Product_Page,Treatment,2025-07-25 21:55:35,0
EXP04113,C00745,New_Product_Page,Treatment,2025-08-04 00:20:19,0
EXP04114,C05003,New_Product_Page,Treatment,2025-10-22 16:09:53,0
EXP04115,C04406,New_Product_Page,Treatment,2025-08-30 16:08:14,0
EXP04116,C05038,New_Product_Page,Treatment,2025-10-22 05:54:58,0
EXP04117,C04375,New_Product_Page,Treatment,2025-10-08 21:45:18,0
EXP04118,C06130,New_Product_Page,Treatment,2025-07-18 17:24:56,0
EXP04119,C09988,New_Product_Page,Treatment,2025-07-11 12:56:09,0
EXP04120,C03600,New_Product_Page,Control,2025-10-17 01:32:44,0
EXP04121,C00258,New_Product_Page,Control,2025-09-11 20:49:03,0
EXP04122,C07873,New_Product_Page,Control,2025-08-23 21:35:22,0
EXP04123,C05123,New_Product_Page,Control,2025-08-09 01:56:50,0
EXP04124,C01171,New_Product_Page,Control,2025-08-05 22:09:25,0
EXP04125,C00719,New_Product_Page,Treatment,2025-10-08 05:54:34,1
EXP04126,C02838,New_Product_Page,Treatment,2025-08-10 12:52:09,0
EXP04127,C00831,New_Product_Page,Control,2025-09-26 05:34:20,0
EXP04128,C09017,New_Product_Page,Treatment,2025-10-26 12:00:08,0
EXP04129,C08768,New_Product_Page,Treatment,2025-07-11 16:31:12,0
EXP04130,C09919,New_Product_Page,Treatment,2025-08-12 19:56:47,1
EXP04131,C04663,New_Product_Page,Treatment,2025-10-15 20:17:43,0
EXP04132,C06540,New_Product_Page,Control,2025-09-27 17:53:40,0
EXP04133,C05227,New_Product_Page,Control,2025-07-06 03:12:27,0
EXP04134,C06153,New_Product_Page,Control,2025-07-13 14:00:10,0
EXP04135,C05915,New_Product_Page,Control,2025-10-03 13:49:34,0
EXP04136,C01571,New_Product_Page,Control,2025-07-20 10:05:11,0
EXP04137,C07644,New_Product_Page,Treatment,2025-07-15 15:58:14,0
EXP04138,C06756,New_Product_Page,Control,2025-09-26 21:27:14,0
EXP04139,C03423,New_Product_Page,Control,2025-09-26 18:07:03,0
EXP04140,C05440,New_Product_Page,Treatment,2025-08-21 14:57:29,0
EXP04141,C04294,New_Product_Page,Control,2025-08-17 02:10:56,0
EXP04142,C03135,New_Product_Page,Treatment,2025-09-14 10:45:59,0
EXP04143,C05468,New_Product_Page,Control,2025-07-21 05:50:09,0
EXP04144,C06361,New_Product_Page,Control,2025-07-27 05:51:57,0
EXP04145,C03319,New_Product_Page,Treatment,2025-10-25 16:43:54,0
EXP04146,C06786,New_Product_Page,Treatment,2025-07-15 05:35:34,0
EXP04147,C03506,New_Product_Page,Treatment,2025-09-16 03:23:49,0
EXP04148,C06207,New_Product_Page,Control,2025-10-12 16:03:20,0
EXP04149,C02388,New_Product_Page,Treatment,2025-09-17 10:42:24,0
EXP04150,C04637,New_Product_Page,Treatment,2025-10-03 16:22:35,0
EXP04151,C03021,New_Product_Page,Control,2025-07-23 18:47:56,0
EXP04152,C05538,New_Product_Page,Treatment,2025-10-21 05:10:14,0
EXP04153,C01257,New_Product_Page,Treatment,2025-10-30 22:00:59,0
EXP04154,C03065,New_Product_Page,Control,2025-07-28 04:15:33,0
EXP04155,C04582,New_Product_Page,Control,2025-07-24 16:25:35,0
EXP04156,C01516,New_Product_Page,Control,2025-07-22 17:07:58,0
EXP04157,C07530,New_Product_Page,Control,2025-07-09 16:06:35,0
EXP04158,C04455,New_Product_Page,Control,2025-10-15 04:26:58,0
EXP04159,C03090,New_Product_Page,Control,2025-10-17 15:24:47,0
EXP04160,C06801,New_Product_Page,Treatment,2025-10-25 18:35:15,0
EXP04161,C09262,New_Product_Page,Treatment,2025-08-31 17:18:02,0
EXP04162,C06925,New_Product_Page,Treatment,2025-07-10 08:31:41,0
EXP04163,C09396,New_Product_Page,Control,2025-07-15 06:41:53,0
EXP04164,C07738,New_Product_Page,Control,2025-07-21 22:08:59,0
EXP04165,C05313,New_Product_Page,Treatment,2025-07-09 05:14:01,0
EXP04166,C01820,New_Product_Page,Control,2025-09-04 20:02:51,0
EXP04167,C04094,New_Product_Page,Treatment,2025-10-01 05:57:35,0
EXP04168,C00156,New_Product_Page,Treatment,2025-08-25 15:59:22,0
EXP04169,C02950,New_Product_Page,Control,2025-09-11 05:12:33,0
EXP04170,C00786,New_Product_Page,Treatment,2025-09-17 06:33:04,0
EXP04171,C03759,New_Product_Page,Control,2025-10-10 21:28:22,0
EXP04172,C06394,New_Product_Page,Treatment,2025-09-02 15:44:12,0
EXP04173,C05743,New_Product_Page,Control,2025-08-28 07:50:48,1
EXP04174,C04245,New_Product_Page,Treatment,2025-08-28 04:14:37,0
EXP04175,C02010,New_Product_Page,Control,2025-09-19 02:03:51,1
EXP04176,C00793,New_Product_Page,Treatment,2025-09-29 14:55:00,0
EXP04177,C03936,New_Product_Page,Treatment,2025-10-13 02:53:07,0
EXP04178,C04139,New_Product_Page,Control,2025-10-29 08:53:13,0
EXP04179,C04691,New_Product_Page,Control,2025-08-12 16:40:56,0
EXP04180,C04166,New_Product_Page,Treatment,2025-08-04 12:35:17,0
EXP04181,C06720,New_Product_Page,Control,2025-09-18 18:39:06,0
EXP04182,C03945,New_Product_Page,Control,2025-09-22 22:06:39,0
EXP04183,C09126,New_Product_Page,Treatment,2025-07-28 19:42:56,0
EXP04184,C00444,New_Product_Page,Control,2025-09-07 09:31:57,0
EXP04185,C06689,New_Product_Page,Control,2025-10-25 03:19:44,0
EXP04186,C05437,New_Product_Page,Control,2025-08-01 09:53:54,0
EXP04187,C08794,New_Product_Page,Control,2025-09-25 16:08:14,0
EXP04188,C00169,New_Product_Page,Control,2025-10-04 15:53:57,0
EXP04189,C01420,New_Product_Page,Control,2025-07-24 20:30:57,0
EXP04190,C02198,New_Product_Page,Treatment,2025-07-14 19:50:55,0
EXP04191,C06539,New_Product_Page,Treatment,2025-10-25 18:30:00,0
EXP04192,C02194,New_Product_Page,Control,2025-08-16 05:43:24,0
EXP04193,C09210,New_Product_Page,Control,2025-09-16 14:37:36,0
EXP04194,C08309,New_Product_Page,Control,2025-08-10 12:27:46,1
EXP04195,C08253,New_Product_Page,Control,2025-08-24 14:30:13,0
EXP04196,C04897,New_Product_Page,Control,2025-09-01 20:59:54,0
EXP04197,C05052,New_Product_Page,Control,2025-08-09 11:54:49,0
EXP04198,C00016,New_Product_Page,Treatment,2025-08-25 10:31:14,0
EXP04199,C07636,New_Product_Page,Control,2025-08-22 16:47:42,0
EXP04200,C08366,New_Product_Page,Control,2025-07-05 05:53:39,0
EXP04201,C06180,New_Product_Page,Control,2025-10-16 21:42:14,0
EXP04202,C00289,New_Product_Page,Control,2025-10-23 10:54:07,1
EXP04203,C02907,New_Product_Page,Control,2025-09-27 04:56:26,0
EXP04204,C06382,New_Product_Page,Treatment,2025-10-01 06:25:25,0
EXP04205,C03155,New_Product_Page,Control,2025-07-15 03:18:13,0
EXP04206,C09013,New_Product_Page,Control,2025-07-17 07:29:12,0
EXP04207,C07549,New_Product_Page,Treatment,2025-10-23 23:59:22,1
EXP04208,C04980,New_Product_Page,Treatment,2025-10-08 18:07:56,0
EXP04209,C03745,New_Product_Page,Treatment,2025-09-30 00:51:44,0
EXP04210,C05358,New_Product_Page,Treatment,2025-07-12 02:25:43,0
EXP04211,C02846,New_Product_Page,Control,2025-08-14 12:53:08,0
EXP04212,C07246,New_Product_Page,Treatment,2025-07-24 13:55:53,0
EXP04213,C00433,New_Product_Page,Control,2025-09-18 16:35:30,0
EXP04214,C06290,New_Product_Page,Treatment,2025-09-12 15:26:38,0
EXP04215,C01969,New_Product_Page,Treatment,2025-09-30 09:46:14,0
EXP04216,C04808,New_Product_Page,Treatment,2025-08-18 15:48:37,0
EXP04217,C07276,New_Product_Page,Control,2025-10-30 02:54:55,0
EXP04218,C05827,New_Product_Page,Treatment,2025-10-31 21:39:38,0
EXP04219,C09323,New_Product_Page,Treatment,2025-09-03 23:18:34,0
EXP04220,C00476,New_Product_Page,Control,2025-10-12 04:54:19,0
EXP04221,C03184,New_Product_Page,Treatment,2025-10-21 08:17:29,0
EXP04222,C04623,New_Product_Page,Control,2025-10-10 10:01:57,0
EXP04223,C07870,New_Product_Page,Treatment,2025-08-10 04:07:12,0
EXP04224,C05264,New_Product_Page,Control,2025-07-22 18:30:07,0
EXP04225,C03689,New_Product_Page,Control,2025-10-31 06:48:08,0
EXP04226,C09790,New_Product_Page,Treatment,2025-09-04 04:57:37,0
EXP04227,C00039,New_Product_Page,Control,2025-10-13 22:16:36,0
EXP04228,C02448,New_Product_Page,Control,2025-08-06 07:37:37,0
EXP04229,C06120,New_Product_Page,Control,2025-07-12 03:27:56,0
EXP04230,C02249,New_Product_Page,Control,2025-10-12 08:58:31,0
EXP04231,C03095,New_Product_Page,Treatment,2025-09-25 10:29:11,0
EXP04232,C03585,New_Product_Page,Treatment,2025-10-01 13:19:53,0
EXP04233,C04129,New_Product_Page,Treatment,2025-08-12 11:08:37,0
EXP04234,C03421,New_Product_Page,Control,2025-10-06 03:29:41,1
EXP04235,C06356,New_Product_Page,Treatment,2025-08-02 16:26:23,0
EXP04236,C04063,New_Product_Page,Treatment,2025-07-30 05:55:15,0
EXP04237,C09114,New_Product_Page,Treatment,2025-07-12 01:32:20,0
EXP04238,C00319,New_Product_Page,Control,2025-09-03 22:58:55,0
EXP04239,C02163,New_Product_Page,Control,2025-07-28 18:03:59,0
EXP04240,C06630,New_Product_Page,Control,2025-10-10 06:29:26,0
EXP04241,C09915,New_Product_Page,Treatment,2025-09-06 21:50:54,0
EXP04242,C02931,New_Product_Page,Treatment,2025-09-13 13:06:16,0
EXP04243,C00993,New_Product_Page,Treatment,2025-10-21 09:38:34,0
EXP04244,C01319,New_Product_Page,Treatment,2025-08-01 09:02:59,0
EXP04245,C06217,New_Product_Page,Control,2025-08-25 17:44:42,0
EXP04246,C09902,New_Product_Page,Treatment,2025-09-15 13:54:25,0
EXP04247,C07379,New_Product_Page,Treatment,2025-09-09 05:25:42,0
EXP04248,C06754,New_Product_Page,Treatment,2025-09-29 23:08:24,0
EXP04249,C05491,New_Product_Page,Treatment,2025-08-08 00:25:21,0
EXP04250,C03476,New_Product_Page,Treatment,2025-10-11 23:18:47,0
EXP04251,C04627,New_Product_Page,Control,2025-08-27 14:39:16,0
EXP04252,C03097,New_Product_Page,Treatment,2025-10-14 05:53:03,0
EXP04253,C05417,New_Product_Page,Treatment,2025-07-03 05:31:47,0
EXP04254,C03234,New_Product_Page,Control,2025-07-13 01:00:27,0
EXP04255,C03403,New_Product_Page,Control,2025-10-16 09:53:11,0
EXP04256,C03268,New_Product_Page,Treatment,2025-07-01 17:37:24,0
EXP04257,C03073,New_Product_Page,Control,2025-10-18 22:51:02,0
EXP04258,C07043,New_Product_Page,Treatment,2025-10-19 08:51:20,0
EXP04259,C00783,New_Product_Page,Treatment,2025-09-06 04:29:08,0
EXP04260,C03960,New_Product_Page,Treatment,2025-07-09 03:14:25,0
EXP04261,C04766,New_Product_Page,Treatment,2025-09-06 11:40:52,0
EXP04262,C05895,New_Product_Page,Treatment,2025-08-17 12:26:52,0
EXP04263,C02056,New_Product_Page,Control,2025-07-25 22:48:57,0
EXP04264,C01483,New_Product_Page,Control,2025-09-29 21:44:02,0
EXP04265,C00681,New_Product_Page,Treatment,2025-09-20 21:42:16,0
EXP04266,C02902,New_Product_Page,Control,2025-08-03 08:57:04,0
EXP04267,C06341,New_Product_Page,Treatment,2025-07-18 05:21:43,0
EXP04268,C04861,New_Product_Page,Control,2025-07-21 13:56:55,0
EXP04269,C00804,New_Product_Page,Treatment,2025-08-26 03:40:38,0
EXP04270,C09603,New_Product_Page,Treatment,2025-07-13 04:10:38,0
EXP04271,C02774,New_Product_Page,Treatment,2025-10-01 06:27:49,0
EXP04272,C05031,New_Product_Page,Treatment,2025-10-03 01:11:30,0
EXP04273,C02188,New_Product_Page,Treatment,2025-07-20 20:32:37,0
EXP04274,C03094,New_Product_Page,Control,2025-10-23 04:22:00,0
EXP04275,C09843,New_Product_Page,Treatment,2025-08-20 23:38:19,0
EXP04276,C05432,New_Product_Page,Control,2025-10-17 05:50:47,0
EXP04277,C01219,New_Product_Page,Treatment,2025-07-26 03:35:58,0
EXP04278,C02334,New_Product_Page,Treatment,2025-10-22 10:16:10,0
EXP04279,C07072,New_Product_Page,Treatment,2025-09-22 07:59:28,0
EXP04280,C05509,New_Product_Page,Control,2025-09-09 19:33:58,0
EXP04281,C06710,New_Product_Page,Treatment,2025-08-15 03:58:12,0
EXP04282,C07531,New_Product_Page,Control,2025-08-19 08:51:45,0
EXP04283,C08316,New_Product_Page,Treatment,2025-08-04 20:36:37,0
EXP04284,C08792,New_Product_Page,Treatment,2025-07-11 22:53:05,0
EXP04285,C09548,New_Product_Page,Control,2025-07-14 18:05:12,1
EXP04286,C07507,New_Product_Page,Control,2025-07-22 18:59:10,0
EXP04287,C03685,New_Product_Page,Treatment,2025-10-29 11:02:59,0
EXP04288,C08053,New_Product_Page,Control,2025-07-19 04:57:28,0
EXP04289,C01937,New_Product_Page,Control,2025-09-10 02:35:54,0
EXP04290,C05540,New_Product_Page,Control,2025-07-02 20:06:09,0
EXP04291,C08451,New_Product_Page,Treatment,2025-08-29 22:42:14,0
EXP04292,C09839,New_Product_Page,Treatment,2025-07-30 00:01:28,0
EXP04293,C00370,New_Product_Page,Treatment,2025-08-19 05:38:57,0
EXP04294,C03238,New_Product_Page,Treatment,2025-07-28 05:20:09,1
EXP04295,C07281,New_Product_Page,Control,2025-09-03 04:25:07,1
EXP04296,C07571,New_Product_Page,Treatment,2025-10-23 18:40:34,0
EXP04297,C06551,New_Product_Page,Treatment,2025-09-05 21:02:58,1
EXP04298,C03918,New_Product_Page,Treatment,2025-08-09 11:45:20,0
EXP04299,C06284,New_Product_Page,Treatment,2025-07-19 00:19:00,0
EXP04300,C09027,New_Product_Page,Control,2025-07-27 16:50:39,0
EXP04301,C05109,New_Product_Page,Treatment,2025-07-23 10:23:52,1
EXP04302,C05595,New_Product_Page,Treatment,2025-07-10 23:30:04,0
EXP04303,C00788,New_Product_Page,Treatment,2025-07-15 22:22:49,0
EXP04304,C02428,New_Product_Page,Treatment,2025-08-02 21:02:17,0
EXP04305,C00338,New_Product_Page,Control,2025-08-25 15:25:40,0
EXP04306,C02395,New_Product_Page,Control,2025-10-20 23:08:37,0
EXP04307,C06259,New_Product_Page,Treatment,2025-10-20 16:05:57,0
EXP04308,C07303,New_Product_Page,Treatment,2025-09-11 00:15:09,0
EXP04309,C06286,New_Product_Page,Control,2025-08-11 18:06:38,0
EXP04310,C03440,New_Product_Page,Treatment,2025-09-24 12:13:03,0
EXP04311,C00199,New_Product_Page,Treatment,2025-09-07 20:23:47,0
EXP04312,C07634,New_Product_Page,Control,2025-09-21 23:37:29,0
EXP04313,C06101,New_Product_Page,Treatment,2025-08-15 06:33:01,0
EXP04314,C09391,New_Product_Page,Treatment,2025-08-18 16:55:10,0
EXP04315,C09038,New_Product_Page,Control,2025-09-29 15:15:18,0
EXP04316,C07865,New_Product_Page,Treatment,2025-09-30 02:39:28,1
EXP04317,C06006,New_Product_Page,Treatment,2025-07-12 04:03:58,0
EXP04318,C08307,New_Product_Page,Treatment,2025-07-08 21:51:33,0
EXP04319,C07562,New_Product_Page,Treatment,2025-08-11 07:15:30,0
EXP04320,C01732,New_Product_Page,Treatment,2025-08-13 17:53:58,0
EXP04321,C09369,New_Product_Page,Treatment,2025-07-04 23:59:36,0
EXP04322,C02930,New_Product_Page,Treatment,2025-08-02 04:58:56,1
EXP04323,C02722,New_Product_Page,Control,2025-07-02 07:17:30,1
EXP04324,C06089,New_Product_Page,Control,2025-08-26 20:23:06,0
EXP04325,C05030,New_Product_Page,Control,2025-08-20 04:43:34,0
EXP04326,C08690,New_Product_Page,Treatment,2025-09-06 19:58:41,0
EXP04327,C08144,New_Product_Page,Control,2025-10-24 05:09:54,0
EXP04328,C01960,New_Product_Page,Treatment,2025-08-16 03:22:00,0
EXP04329,C07149,New_Product_Page,Treatment,2025-10-05 08:58:04,0
EXP04330,C05508,New_Product_Page,Treatment,2025-08-19 14:53:06,0
EXP04331,C01199,New_Product_Page,Control,2025-09-30 23:07:39,0
EXP04332,C00952,New_Product_Page,Treatment,2025-08-24 08:19:42,0
EXP04333,C08319,New_Product_Page,Treatment,2025-10-02 16:24:51,0
EXP04334,C03350,New_Product_Page,Control,2025-08-04 18:59:54,1
EXP04335,C08022,New_Product_Page,Treatment,2025-10-16 03:28:42,0
EXP04336,C01298,New_Product_Page,Treatment,2025-10-29 10:41:40,0
EXP04337,C09753,New_Product_Page,Treatment,2025-09-13 17:10:02,1
EXP04338,C04510,New_Product_Page,Control,2025-07-29 03:48:10,0
EXP04339,C01496,New_Product_Page,Treatment,2025-08-10 21:17:20,0
EXP04340,C04227,New_Product_Page,Control,2025-10-30 10:46:14,0
EXP04341,C09991,New_Product_Page,Treatment,2025-10-10 07:12:43,0
EXP04342,C02522,New_Product_Page,Control,2025-09-22 12:19:48,0
EXP04343,C07615,New_Product_Page,Treatment,2025-10-16 20:19:37,0
EXP04344,C08818,New_Product_Page,Treatment,2025-10-31 05:03:23,0
EXP04345,C02304,New_Product_Page,Control,2025-09-12 00:14:06,0
EXP04346,C08377,New_Product_Page,Control,2025-07-01 13:16:35,0
EXP04347,C05134,New_Product_Page,Treatment,2025-10-31 05:39:09,0
EXP04348,C04461,New_Product_Page,Control,2025-09-13 15:17:24,0
EXP04349,C07981,New_Product_Page,Control,2025-09-12 17:37:51,0
EXP04350,C07703,New_Product_Page,Control,2025-10-22 00:43:07,0
EXP04351,C09966,New_Product_Page,Treatment,2025-08-01 00:50:40,0
EXP04352,C02511,New_Product_Page,Control,2025-07-12 13:50:14,0
EXP04353,C01468,New_Product_Page,Treatment,2025-10-08 14:47:26,0
EXP04354,C07587,New_Product_Page,Treatment,2025-10-20 20:48:46,0
EXP04355,C03466,New_Product_Page,Treatment,2025-10-31 15:10:56,0
EXP04356,C05101,New_Product_Page,Control,2025-07-30 17:49:34,0
EXP04357,C09193,New_Product_Page,Control,2025-10-01 14:29:37,0
EXP04358,C02932,New_Product_Page,Control,2025-10-27 10:57:45,0
EXP04359,C00382,New_Product_Page,Control,2025-08-04 01:17:34,0
EXP04360,C05430,New_Product_Page,Control,2025-10-17 18:20:46,0
EXP04361,C01525,New_Product_Page,Control,2025-10-21 22:11:07,0
EXP04362,C05960,New_Product_Page,Treatment,2025-10-25 21:25:33,0
EXP04363,C07145,New_Product_Page,Treatment,2025-10-04 22:17:25,0
EXP04364,C07069,New_Product_Page,Treatment,2025-10-31 16:57:07,0
EXP04365,C06041,New_Product_Page,Treatment,2025-10-28 14:22:28,0
EXP04366,C08702,New_Product_Page,Control,2025-10-11 15:46:09,0
EXP04367,C07191,New_Product_Page,Treatment,2025-09-02 04:24:35,0
EXP04368,C08348,New_Product_Page,Treatment,2025-10-08 01:39:25,0
EXP04369,C03713,New_Product_Page,Treatment,2025-09-29 02:26:59,0
EXP04370,C07399,New_Product_Page,Control,2025-10-24 13:24:17,0
EXP04371,C07800,New_Product_Page,Treatment,2025-07-19 16:57:26,0
EXP04372,C07691,New_Product_Page,Control,2025-08-24 05:27:24,0
EXP04373,C08784,New_Product_Page,Control,2025-07-28 20:59:28,0
EXP04374,C06620,New_Product_Page,Treatment,2025-07-06 09:18:31,0
EXP04375,C08565,New_Product_Page,Treatment,2025-08-30 02:36:26,0
EXP04376,C01542,New_Product_Page,Treatment,2025-08-04 16:56:57,1
EXP04377,C05394,New_Product_Page,Treatment,2025-08-11 05:51:39,0
EXP04378,C05501,New_Product_Page,Treatment,2025-09-09 21:48:20,0
EXP04379,C08532,New_Product_Page,Treatment,2025-08-13 15:49:28,0
EXP04380,C04033,New_Product_Page,Control,2025-08-25 23:14:37,0
EXP04381,C06326,New_Product_Page,Control,2025-10-20 00:08:56,0
EXP04382,C08286,New_Product_Page,Treatment,2025-09-13 17:27:38,0
EXP04383,C05087,New_Product_Page,Control,2025-10-01 02:31:35,0
EXP04384,C00422,New_Product_Page,Control,2025-09-11 19:32:30,0
EXP04385,C07030,New_Product_Page,Control,2025-10-04 07:08:09,0
EXP04386,C08403,New_Product_Page,Treatment,2025-08-25 01:53:14,0
EXP04387,C09495,New_Product_Page,Treatment,2025-10-15 11:12:26,0
EXP04388,C02424,New_Product_Page,Control,2025-09-01 03:45:26,0
EXP04389,C05512,New_Product_Page,Treatment,2025-08-08 15:18:47,0
EXP04390,C00501,New_Product_Page,Control,2025-10-01 14:12:33,0
EXP04391,C09842,New_Product_Page,Control,2025-09-22 04:40:30,0
EXP04392,C08683,New_Product_Page,Control,2025-08-09 05:32:56,0
EXP04393,C02473,New_Product_Page,Control,2025-07-21 19:31:14,1
EXP04394,C08506,New_Product_Page,Treatment,2025-10-21 16:29:12,0
EXP04395,C06084,New_Product_Page,Treatment,2025-07-09 10:02:28,0
EXP04396,C02246,New_Product_Page,Treatment,2025-10-12 03:35:05,0
EXP04397,C03317,New_Product_Page,Control,2025-07-15 01:46:45,0
EXP04398,C01083,New_Product_Page,Control,2025-10-23 05:05:57,0
EXP04399,C01885,New_Product_Page,Control,2025-08-31 15:50:24,0
EXP04400,C03733,New_Product_Page,Treatment,2025-07-29 04:25:40,0
EXP04401,C08988,New_Product_Page,Treatment,2025-10-26 21:58:42,0
EXP04402,C06287,New_Product_Page,Treatment,2025-07-06 10:14:30,0
EXP04403,C06966,New_Product_Page,Treatment,2025-08-09 11:20:52,0
EXP04404,C04685,New_Product_Page,Treatment,2025-08-30 20:08:06,0
EXP04405,C00510,New_Product_Page,Treatment,2025-07-03 01:17:37,0
EXP04406,C04895,New_Product_Page,Control,2025-09-06 18:05:36,0
EXP04407,C07953,New_Product_Page,Treatment,2025-07-07 06:29:02,0
EXP04408,C04738,New_Product_Page,Treatment,2025-10-04 03:24:14,0
EXP04409,C01344,New_Product_Page,Treatment,2025-07-01 06:43:47,1
EXP04410,C01758,New_Product_Page,Treatment,2025-10-24 01:22:59,0
EXP04411,C08917,New_Product_Page,Control,2025-09-17 03:50:15,0
EXP04412,C07689,New_Product_Page,Control,2025-10-07 06:57:02,0
EXP04413,C07698,New_Product_Page,Treatment,2025-09-16 14:28:08,0
EXP04414,C01161,New_Product_Page,Control,2025-07-31 10:56:48,0
EXP04415,C08652,New_Product_Page,Treatment,2025-07-31 08:37:59,0
EXP04416,C05646,New_Product_Page,Control,2025-08-12 20:23:27,0
EXP04417,C02033,New_Product_Page,Treatment,2025-08-18 13:15:40,0
EXP04418,C00141,New_Product_Page,Treatment,2025-09-22 04:19:49,0
EXP04419,C08505,New_Product_Page,Control,2025-08-13 18:55:13,1
EXP04420,C02842,New_Product_Page,Treatment,2025-09-20 11:43:18,0
EXP04421,C09722,New_Product_Page,Treatment,2025-10-13 14:35:25,0
EXP04422,C06271,New_Product_Page,Treatment,2025-10-17 23:57:12,0
EXP04423,C05414,New_Product_Page,Treatment,2025-08-02 11:16:36,0
EXP04424,C05021,New_Product_Page,Control,2025-07-16 09:24:58,0
EXP04425,C06660,New_Product_Page,Control,2025-09-15 05:24:37,0
EXP04426,C07968,New_Product_Page,Treatment,2025-10-11 11:50:06,0
EXP04427,C08453,New_Product_Page,Control,2025-09-26 20:45:20,0
EXP04428,C02925,New_Product_Page,Treatment,2025-09-23 05:11:19,0
EXP04429,C06711,New_Product_Page,Treatment,2025-07-08 22:20:27,0
EXP04430,C00134,New_Product_Page,Control,2025-07-30 13:38:50,0
EXP04431,C09161,New_Product_Page,Treatment,2025-09-17 12:08:45,0
EXP04432,C01413,New_Product_Page,Control,2025-10-29 06:18:55,0
EXP04433,C09888,New_Product_Page,Treatment,2025-09-11 10:07:11,0
EXP04434,C04077,New_Product_Page,Treatment,2025-07-25 04:26:49,0
EXP04435,C00538,New_Product_Page,Control,2025-10-12 11:21:19,0
EXP04436,C08238,New_Product_Page,Control,2025-10-28 20:02:21,0
EXP04437,C08624,New_Product_Page,Control,2025-10-25 08:54:51,0
EXP04438,C00688,New_Product_Page,Control,2025-09-14 23:58:09,0
EXP04439,C01140,New_Product_Page,Control,2025-07-30 14:18:55,1
EXP04440,C03465,New_Product_Page,Control,2025-07-12 16:56:04,0
EXP04441,C03497,New_Product_Page,Control,2025-10-12 03:58:04,0
EXP04442,C07824,New_Product_Page,Treatment,2025-08-26 15:10:06,0
EXP04443,C01527,New_Product_Page,Control,2025-07-03 07:10:49,0
EXP04444,C03038,New_Product_Page,Control,2025-07-18 09:53:18,0
EXP04445,C09251,New_Product_Page,Control,2025-10-22 19:19:19,0
EXP04446,C04536,New_Product_Page,Treatment,2025-10-24 07:28:13,0
EXP04447,C05117,New_Product_Page,Treatment,2025-07-07 19:11:03,0
EXP04448,C06426,New_Product_Page,Treatment,2025-08-11 10:18:32,0
EXP04449,C00999,New_Product_Page,Treatment,2025-09-13 11:43:02,0
EXP04450,C07161,New_Product_Page,Control,2025-07-21 09:46:35,1
EXP04451,C08656,New_Product_Page,Treatment,2025-09-23 11:47:51,0
EXP04452,C04160,New_Product_Page,Treatment,2025-10-02 07:15:36,0
EXP04453,C03934,New_Product_Page,Control,2025-10-29 20:09:31,0
EXP04454,C06907,New_Product_Page,Treatment,2025-08-26 15:58:13,0
EXP04455,C04341,New_Product_Page,Treatment,2025-09-16 23:07:13,0
EXP04456,C00956,New_Product_Page,Treatment,2025-09-28 12:50:39,0
EXP04457,C08092,New_Product_Page,Control,2025-07-01 00:24:12,0
EXP04458,C05723,New_Product_Page,Control,2025-09-07 09:43:51,0
EXP04459,C02475,New_Product_Page,Treatment,2025-09-25 19:17:59,0
EXP04460,C00263,New_Product_Page,Control,2025-07-09 11:18:42,0
EXP04461,C03060,New_Product_Page,Treatment,2025-10-28 01:09:42,1
EXP04462,C05168,New_Product_Page,Control,2025-09-06 19:25:11,1
EXP04463,C09825,New_Product_Page,Control,2025-10-12 14:12:49,0
EXP04464,C05357,New_Product_Page,Control,2025-08-01 12:46:09,0
EXP04465,C00661,New_Product_Page,Control,2025-09-18 11:29:29,0
EXP04466,C05916,New_Product_Page,Control,2025-07-24 11:28:27,0
EXP04467,C00488,New_Product_Page,Treatment,2025-10-10 07:35:53,0
EXP04468,C04435,New_Product_Page,Control,2025-08-07 11:21:35,0
EXP04469,C01689,New_Product_Page,Treatment,2025-10-23 17:16:42,0
EXP04470,C08838,New_Product_Page,Treatment,2025-08-15 09:37:27,0
EXP04471,C06358,New_Product_Page,Treatment,2025-07-19 21:36:13,0
EXP04472,C01253,New_Product_Page,Control,2025-07-21 07:56:15,0
EXP04473,C03177,New_Product_Page,Treatment,2025-09-12 15:19:35,0
EXP04474,C02821,New_Product_Page,Control,2025-10-01 19:41:18,1
EXP04475,C03545,New_Product_Page,Control,2025-10-11 21:03:44,0
EXP04476,C04265,New_Product_Page,Control,2025-10-04 09:46:39,0
EXP04477,C09112,New_Product_Page,Control,2025-09-23 10:39:45,0
EXP04478,C00060,New_Product_Page,Treatment,2025-08-17 21:53:04,0
EXP04479,C02818,New_Product_Page,Treatment,2025-10-19 07:05:18,1
EXP04480,C03747,New_Product_Page,Treatment,2025-09-29 07:01:25,1
EXP04481,C04067,New_Product_Page,Treatment,2025-08-21 09:18:38,0
EXP04482,C04598,New_Product_Page,Treatment,2025-09-29 19:09:45,0
EXP04483,C00447,New_Product_Page,Treatment,2025-09-26 09:11:33,0
EXP04484,C04941,New_Product_Page,Control,2025-08-07 05:23:46,0
EXP04485,C04714,New_Product_Page,Control,2025-08-22 13:38:54,0
EXP04486,C00009,New_Product_Page,Treatment,2025-09-07 15:09:28,0
EXP04487,C05832,New_Product_Page,Control,2025-09-04 23:06:51,0
EXP04488,C02311,New_Product_Page,Control,2025-10-29 21:44:41,0
EXP04489,C08761,New_Product_Page,Control,2025-08-19 04:01:24,0
EXP04490,C04734,New_Product_Page,Control,2025-10-19 05:16:36,0
EXP04491,C03891,New_Product_Page,Treatment,2025-10-07 01:11:30,0
EXP04492,C08661,New_Product_Page,Control,2025-07-13 06:12:34,0
EXP04493,C01448,New_Product_Page,Control,2025-09-03 11:35:55,0
EXP04494,C09330,New_Product_Page,Treatment,2025-07-10 23:29:18,0
EXP04495,C01495,New_Product_Page,Control,2025-08-29 12:57:37,0
EXP04496,C04346,New_Product_Page,Treatment,2025-10-29 12:28:26,1
EXP04497,C05216,New_Product_Page,Treatment,2025-09-24 21:34:31,0
EXP04498,C07591,New_Product_Page,Control,2025-08-20 12:10:02,0
EXP04499,C09134,New_Product_Page,Treatment,2025-09-16 20:42:33,1
EXP04500,C01877,New_Product_Page,Treatment,2025-10-18 08:45:28,0
EXP04501,C00604,New_Product_Page,Treatment,2025-10-18 14:18:49,0
EXP04502,C03046,New_Product_Page,Control,2025-07-10 15:49:28,0
EXP04503,C07323,New_Product_Page,Control,2025-07-10 22:21:08,0
EXP04504,C08620,New_Product_Page,Control,2025-09-09 10:00:46,0
EXP04505,C00749,New_Product_Page,Treatment,2025-07-11 10:02:05,0
EXP04506,C07586,New_Product_Page,Control,2025-09-27 20:56:46,0
EXP04507,C03367,New_Product_Page,Control,2025-07-04 02:49:29,0
EXP04508,C09591,New_Product_Page,Treatment,2025-09-02 02:25:42,0
EXP04509,C09276,New_Product_Page,Control,2025-07-08 10:48:12,1
EXP04510,C09703,New_Product_Page,Control,2025-07-28 16:21:17,0
EXP04511,C07913,New_Product_Page,Control,2025-08-05 21:00:58,0
EXP04512,C08018,New_Product_Page,Treatment,2025-10-19 16:48:46,1
EXP04513,C02329,New_Product_Page,Treatment,2025-10-24 16:56:31,0
EXP04514,C02604,New_Product_Page,Control,2025-08-10 19:58:01,0
EXP04515,C04851,New_Product_Page,Treatment,2025-10-20 17:09:52,0
EXP04516,C09166,New_Product_Page,Treatment,2025-08-13 23:48:50,0
EXP04517,C03991,New_Product_Page,Treatment,2025-09-14 01:56:03,0
EXP04518,C01459,New_Product_Page,Control,2025-10-14 01:18:47,0
EXP04519,C01596,New_Product_Page,Treatment,2025-09-09 23:55:22,0
EXP04520,C09447,New_Product_Page,Control,2025-07-20 18:41:44,0
EXP04521,C01741,New_Product_Page,Treatment,2025-07-27 15:32:05,0
EXP04522,C09008,New_Product_Page,Treatment,2025-07-13 00:32:59,0
EXP04523,C01707,New_Product_Page,Control,2025-09-28 05:58:10,0
EXP04524,C01293,New_Product_Page,Control,2025-09-12 21:58:23,0
EXP04525,C07886,New_Product_Page,Control,2025-10-04 09:05:10,1
EXP04526,C08882,New_Product_Page,Treatment,2025-07-14 09:41:56,0
EXP04527,C04905,New_Product_Page,Control,2025-08-15 14:02:04,0
EXP04528,C09416,New_Product_Page,Control,2025-07-07 08:06:37,1
EXP04529,C00543,New_Product_Page,Treatment,2025-08-06 13:36:55,0
EXP04530,C04449,New_Product_Page,Control,2025-08-01 20:39:20,0
EXP04531,C02859,New_Product_Page,Treatment,2025-08-23 02:12:00,0
EXP04532,C00753,New_Product_Page,Treatment,2025-08-06 19:24:24,0
EXP04533,C07910,New_Product_Page,Treatment,2025-07-09 20:36:14,0
EXP04534,C01736,New_Product_Page,Control,2025-07-08 18:52:20,0
EXP04535,C04749,New_Product_Page,Treatment,2025-08-21 23:22:10,0
EXP04536,C04590,New_Product_Page,Treatment,2025-09-08 11:15:04,0
EXP04537,C04876,New_Product_Page,Treatment,2025-07-12 01:52:18,0
EXP04538,C07627,New_Product_Page,Treatment,2025-10-07 02:19:24,0
EXP04539,C06162,New_Product_Page,Treatment,2025-10-07 10:57:26,0
EXP04540,C04431,New_Product_Page,Control,2025-09-05 09:24:41,0
EXP04541,C07092,New_Product_Page,Control,2025-07-31 03:22:43,0
EXP04542,C05465,New_Product_Page,Control,2025-10-15 20:51:21,0
EXP04543,C07695,New_Product_Page,Control,2025-08-12 14:03:24,1
EXP04544,C07973,New_Product_Page,Treatment,2025-09-21 17:05:01,0
EXP04545,C02608,New_Product_Page,Treatment,2025-07-27 12:12:19,0
EXP04546,C09956,New_Product_Page,Control,2025-09-09 17:40:31,0
EXP04547,C08755,New_Product_Page,Treatment,2025-09-05 20:58:41,0
EXP04548,C08585,New_Product_Page,Control,2025-07-03 09:18:42,0
EXP04549,C00475,New_Product_Page,Treatment,2025-09-01 21:56:15,0
EXP04550,C08331,New_Product_Page,Treatment,2025-09-16 19:22:38,0
EXP04551,C04837,New_Product_Page,Treatment,2025-07-30 13:38:21,0
EXP04552,C03427,New_Product_Page,Control,2025-10-12 23:49:24,0
EXP04553,C03019,New_Product_Page,Control,2025-07-27 14:46:12,0
EXP04554,C09421,New_Product_Page,Control,2025-09-17 04:13:12,0
EXP04555,C09214,New_Product_Page,Control,2025-10-02 06:38:09,0
EXP04556,C01884,New_Product_Page,Treatment,2025-07-14 08:23:26,0
EXP04557,C05176,New_Product_Page,Control,2025-09-28 02:27:03,0
EXP04558,C01052,New_Product_Page,Treatment,2025-09-21 07:30:21,0
EXP04559,C07420,New_Product_Page,Treatment,2025-08-12 06:33:25,0
EXP04560,C09860,New_Product_Page,Treatment,2025-09-16 02:26:44,0
EXP04561,C08136,New_Product_Page,Treatment,2025-10-30 03:33:50,0
EXP04562,C02301,New_Product_Page,Control,2025-10-19 09:40:51,1
EXP04563,C07960,New_Product_Page,Treatment,2025-09-04 01:28:02,0
EXP04564,C05921,New_Product_Page,Treatment,2025-09-26 23:02:45,0
EXP04565,C01167,New_Product_Page,Control,2025-07-14 06:51:01,0
EXP04566,C00904,New_Product_Page,Control,2025-08-14 08:57:13,0
EXP04567,C07214,New_Product_Page,Control,2025-07-06 16:41:29,0
EXP04568,C04856,New_Product_Page,Treatment,2025-08-03 13:06:08,0
EXP04569,C05297,New_Product_Page,Treatment,2025-08-01 20:56:06,0
EXP04570,C02890,New_Product_Page,Treatment,2025-09-19 19:01:44,1
EXP04571,C02385,New_Product_Page,Treatment,2025-10-25 14:32:13,0
EXP04572,C07194,New_Product_Page,Control,2025-10-07 13:18:11,0
EXP04573,C01247,New_Product_Page,Control,2025-07-03 23:51:37,0
EXP04574,C02625,New_Product_Page,Treatment,2025-08-06 13:55:35,0
EXP04575,C02481,New_Product_Page,Treatment,2025-10-02 08:20:36,0
EXP04576,C08263,New_Product_Page,Control,2025-07-25 11:45:27,0
EXP04577,C06414,New_Product_Page,Treatment,2025-09-13 20:34:49,0
EXP04578,C07054,New_Product_Page,Treatment,2025-10-08 22:11:51,0
EXP04579,C00768,New_Product_Page,Control,2025-10-25 21:12:19,1
EXP04580,C05041,New_Product_Page,Control,2025-08-29 15:54:10,0
EXP04581,C01509,New_Product_Page,Treatment,2025-10-25 05:11:31,1
EXP04582,C07671,New_Product_Page,Control,2025-09-24 07:44:17,0
EXP04583,C09783,New_Product_Page,Control,2025-10-28 13:24:39,0
EXP04584,C04438,New_Product_Page,Control,2025-08-07 21:36:21,0
EXP04585,C01950,New_Product_Page,Treatment,2025-09-07 03:50:22,0
EXP04586,C01757,New_Product_Page,Treatment,2025-10-06 15:27:36,0
EXP04587,C00526,New_Product_Page,Treatment,2025-09-22 08:57:12,0
EXP04588,C06057,New_Product_Page,Treatment,2025-09-29 20:35:11,0
EXP04589,C02864,New_Product_Page,Control,2025-09-25 13:26:27,0
EXP04590,C07113,New_Product_Page,Treatment,2025-08-12 15:04:44,0
EXP04591,C01390,New_Product_Page,Control,2025-09-07 17:31:00,0
EXP04592,C07124,New_Product_Page,Control,2025-07-02 12:07:50,0
EXP04593,C07328,New_Product_Page,Control,2025-07-31 06:39:11,0
EXP04594,C09960,New_Product_Page,Control,2025-10-02 12:10:06,0
EXP04595,C05181,New_Product_Page,Treatment,2025-07-03 04:50:55,1
EXP04596,C07779,New_Product_Page,Treatment,2025-09-08 20:16:18,1
EXP04597,C01221,New_Product_Page,Control,2025-07-02 03:38:54,0
EXP04598,C07477,New_Product_Page,Control,2025-09-14 08:44:15,1
EXP04599,C02408,New_Product_Page,Treatment,2025-08-24 02:14:11,0
EXP04600,C08807,New_Product_Page,Control,2025-07-11 06:16:46,0
EXP04601,C03653,New_Product_Page,Control,2025-10-22 11:16:06,0
EXP04602,C01314,New_Product_Page,Control,2025-07-01 05:58:58,0
EXP04603,C06216,New_Product_Page,Treatment,2025-09-04 07:49:20,0
EXP04604,C06035,New_Product_Page,Treatment,2025-08-25 09:55:20,0
EXP04605,C07920,New_Product_Page,Control,2025-10-10 16:58:03,0
EXP04606,C00817,New_Product_Page,Control,2025-10-18 06:39:22,0
EXP04607,C01103,New_Product_Page,Control,2025-08-17 12:32:23,0
EXP04608,C08791,New_Product_Page,Control,2025-08-12 04:12:44,0
EXP04609,C03877,New_Product_Page,Control,2025-09-29 05:47:13,0
EXP04610,C05797,New_Product_Page,Control,2025-08-18 17:52:20,0
EXP04611,C02078,New_Product_Page,Treatment,2025-08-17 15:48:57,0
EXP04612,C08391,New_Product_Page,Control,2025-07-18 00:39:44,1
EXP04613,C08533,New_Product_Page,Control,2025-07-18 13:18:15,0
EXP04614,C08556,New_Product_Page,Treatment,2025-07-24 12:29:58,0
EXP04615,C03569,New_Product_Page,Control,2025-10-27 09:51:13,0
EXP04616,C01523,New_Product_Page,Treatment,2025-07-10 07:34:59,0
EXP04617,C03923,New_Product_Page,Control,2025-10-03 05:24:09,0
EXP04618,C07325,New_Product_Page,Control,2025-09-19 14:31:32,0
EXP04619,C03464,New_Product_Page,Control,2025-10-28 22:52:51,0
EXP04620,C05966,New_Product_Page,Treatment,2025-07-08 11:32:23,0
EXP04621,C02940,New_Product_Page,Treatment,2025-10-06 15:32:14,0
EXP04622,C03480,New_Product_Page,Control,2025-10-18 06:44:08,0
EXP04623,C01332,New_Product_Page,Control,2025-08-28 08:07:18,0
EXP04624,C09277,New_Product_Page,Treatment,2025-07-29 23:08:43,1
EXP04625,C05223,New_Product_Page,Control,2025-07-26 12:42:38,0
EXP04626,C09626,New_Product_Page,Treatment,2025-08-30 16:43:06,0
EXP04627,C04371,New_Product_Page,Control,2025-09-30 22:52:34,0
EXP04628,C08367,New_Product_Page,Treatment,2025-07-10 08:01:23,0
EXP04629,C07407,New_Product_Page,Treatment,2025-07-14 19:35:49,0
EXP04630,C05760,New_Product_Page,Treatment,2025-07-02 09:40:49,0
EXP04631,C09990,New_Product_Page,Control,2025-07-21 21:50:18,0
EXP04632,C03194,New_Product_Page,Control,2025-08-01 12:52:33,0
EXP04633,C05517,New_Product_Page,Treatment,2025-09-16 13:45:35,1
EXP04634,C03047,New_Product_Page,Treatment,2025-09-10 13:42:08,0
EXP04635,C08418,New_Product_Page,Control,2025-07-09 21:56:57,0
EXP04636,C01239,New_Product_Page,Control,2025-09-20 01:44:56,0
EXP04637,C04462,New_Product_Page,Control,2025-08-26 14:42:13,0
EXP04638,C02407,New_Product_Page,Control,2025-08-18 19:41:08,1
EXP04639,C08968,New_Product_Page,Control,2025-09-27 20:27:31,0
EXP04640,C09434,New_Product_Page,Control,2025-07-11 19:57:03,0
EXP04641,C03770,New_Product_Page,Treatment,2025-08-29 09:29:04,0
EXP04642,C02799,New_Product_Page,Treatment,2025-09-10 12:06:15,0
EXP04643,C05665,New_Product_Page,Treatment,2025-07-11 10:11:04,0
EXP04644,C08891,New_Product_Page,Control,2025-09-20 23:21:41,0
EXP04645,C08156,New_Product_Page,Control,2025-09-12 05:26:00,0
EXP04646,C09565,New_Product_Page,Control,2025-09-06 15:25:29,0
EXP04647,C04915,New_Product_Page,Treatment,2025-10-12 14:20:39,0
EXP04648,C03579,New_Product_Page,Treatment,2025-10-22 23:10:15,0
EXP04649,C03514,New_Product_Page,Control,2025-10-21 11:15:44,0
EXP04650,C00416,New_Product_Page,Control,2025-08-02 13:17:22,0
EXP04651,C03829,New_Product_Page,Control,2025-09-10 06:59:08,0
EXP04652,C01477,New_Product_Page,Control,2025-08-25 20:43:20,0
EXP04653,C09388,New_Product_Page,Treatment,2025-10-03 14:21:56,0
EXP04654,C05378,New_Product_Page,Control,2025-09-16 13:02:33,0
EXP04655,C04570,New_Product_Page,Control,2025-07-26 23:33:49,1
EXP04656,C03564,New_Product_Page,Control,2025-10-23 10:31:13,0
EXP04657,C04557,New_Product_Page,Treatment,2025-09-02 01:37:06,0
EXP04658,C07314,New_Product_Page,Treatment,2025-08-25 21:20:23,0
EXP04659,C00518,New_Product_Page,Treatment,2025-09-11 09:15:39,0
EXP04660,C08015,New_Product_Page,Control,2025-09-23 09:11:43,1
EXP04661,C09654,New_Product_Page,Treatment,2025-07-23 23:12:01,0
EXP04662,C05780,New_Product_Page,Control,2025-09-18 12:07:22,0
EXP04663,C08879,New_Product_Page,Treatment,2025-07-21 00:28:13,0
EXP04664,C01786,New_Product_Page,Control,2025-08-04 18:38:57,0
EXP04665,C01121,New_Product_Page,Control,2025-09-04 16:46:52,0
EXP04666,C03052,New_Product_Page,Treatment,2025-07-01 11:18:10,1
EXP04667,C04132,New_Product_Page,Control,2025-08-22 17:40:55,0
EXP04668,C09343,New_Product_Page,Treatment,2025-10-11 23:09:43,0
EXP04669,C00957,New_Product_Page,Control,2025-07-27 22:52:56,0
EXP04670,C09775,New_Product_Page,Control,2025-08-11 06:36:41,0
EXP04671,C08044,New_Product_Page,Treatment,2025-08-08 11:24:16,0
EXP04672,C09952,New_Product_Page,Control,2025-09-15 16:24:39,0
EXP04673,C05452,New_Product_Page,Treatment,2025-09-15 01:18:52,0
EXP04674,C01868,New_Product_Page,Control,2025-07-21 02:07:17,0
EXP04675,C07682,New_Product_Page,Control,2025-08-26 14:35:00,0
EXP04676,C00603,New_Product_Page,Control,2025-07-01 03:50:51,0
EXP04677,C07598,New_Product_Page,Control,2025-07-09 22:38:22,0
EXP04678,C07715,New_Product_Page,Control,2025-08-31 01:41:35,0
EXP04679,C04969,New_Product_Page,Control,2025-07-15 09:55:58,0
EXP04680,C09913,New_Product_Page,Treatment,2025-10-09 09:24:06,0
EXP04681,C05385,New_Product_Page,Control,2025-10-17 19:19:25,0
EXP04682,C04345,New_Product_Page,Treatment,2025-08-23 17:23:09,0
EXP04683,C06659,New_Product_Page,Treatment,2025-09-01 22:07:07,0
EXP04684,C00231,New_Product_Page,Control,2025-10-18 14:22:27,0
EXP04685,C08266,New_Product_Page,Control,2025-08-19 02:42:45,0
EXP04686,C04585,New_Product_Page,Treatment,2025-08-01 21:44:32,0
EXP04687,C04780,New_Product_Page,Control,2025-07-26 04:40:55,0
EXP04688,C04320,New_Product_Page,Control,2025-08-03 02:36:53,0
EXP04689,C04769,New_Product_Page,Control,2025-07-06 08:15:26,0
EXP04690,C08130,New_Product_Page,Control,2025-07-16 04:26:42,0
EXP04691,C04786,New_Product_Page,Control,2025-09-09 14:11:58,0
EXP04692,C04175,New_Product_Page,Control,2025-10-24 17:28:26,0
EXP04693,C03011,New_Product_Page,Treatment,2025-08-24 05:59:22,0
EXP04694,C01993,New_Product_Page,Control,2025-07-30 01:22:15,0
EXP04695,C06699,New_Product_Page,Control,2025-09-10 05:31:09,0
EXP04696,C06129,New_Product_Page,Control,2025-10-04 15:09:04,0
EXP04697,C02055,New_Product_Page,Control,2025-07-10 19:17:58,0
EXP04698,C08200,New_Product_Page,Treatment,2025-08-25 13:54:34,0
EXP04699,C08012,New_Product_Page,Control,2025-10-02 13:28:54,0
EXP04700,C08998,New_Product_Page,Treatment,2025-10-05 01:56:56,0
EXP04701,C02187,New_Product_Page,Treatment,2025-08-05 09:24:09,1
EXP04702,C07945,New_Product_Page,Control,2025-09-07 21:57:25,0
EXP04703,C08459,New_Product_Page,Treatment,2025-10-16 14:58:51,0
EXP04704,C04453,New_Product_Page,Control,2025-07-21 20:59:34,0
EXP04705,C04505,New_Product_Page,Control,2025-10-04 02:41:40,0
EXP04706,C04427,New_Product_Page,Treatment,2025-10-27 21:13:47,0
EXP04707,C06501,New_Product_Page,Control,2025-10-13 19:42:12,0
EXP04708,C06686,New_Product_Page,Control,2025-07-03 15:35:34,0
EXP04709,C02847,New_Product_Page,Treatment,2025-08-06 16:06:22,0
EXP04710,C08739,New_Product_Page,Treatment,2025-08-12 12:14:02,0
EXP04711,C04649,New_Product_Page,Control,2025-09-04 23:09:57,0
EXP04712,C09345,New_Product_Page,Treatment,2025-10-23 08:04:55,0
EXP04713,C09779,New_Product_Page,Control,2025-07-21 23:51:17,0
EXP04714,C00146,New_Product_Page,Control,2025-09-05 05:15:40,1
EXP04715,C05713,New_Product_Page,Control,2025-09-20 20:47:36,1
EXP04716,C09757,New_Product_Page,Control,2025-09-21 15:46:52,0
EXP04717,C05333,New_Product_Page,Treatment,2025-07-26 20:03:04,1
EXP04718,C01932,New_Product_Page,Treatment,2025-08-20 18:01:23,0
EXP04719,C02536,New_Product_Page,Control,2025-10-19 05:58:43,0
EXP04720,C01067,New_Product_Page,Control,2025-10-02 14:21:55,0
EXP04721,C03621,New_Product_Page,Treatment,2025-10-18 04:03:50,0
EXP04722,C08654,New_Product_Page,Control,2025-10-01 12:34:10,0
EXP04723,C02302,New_Product_Page,Treatment,2025-08-27 20:53:11,0
EXP04724,C09180,New_Product_Page,Control,2025-08-15 06:25:14,0
EXP04725,C00007,New_Product_Page,Control,2025-10-21 01:49:13,0
EXP04726,C02782,New_Product_Page,Control,2025-09-09 09:08:32,0
EXP04727,C04717,New_Product_Page,Control,2025-09-20 17:28:10,0
EXP04728,C03128,New_Product_Page,Treatment,2025-07-27 14:56:46,0
EXP04729,C06237,New_Product_Page,Control,2025-07-21 05:17:16,0
EXP04730,C02530,New_Product_Page,Treatment,2025-08-21 20:53:17,0
EXP04731,C01254,New_Product_Page,Control,2025-08-12 14:26:45,0
EXP04732,C02013,New_Product_Page,Control,2025-07-24 11:39:26,0
EXP04733,C07733,New_Product_Page,Control,2025-08-05 14:13:29,0
EXP04734,C03927,New_Product_Page,Control,2025-10-18 17:52:30,0
EXP04735,C07073,New_Product_Page,Control,2025-10-09 14:41:43,0
EXP04736,C01555,New_Product_Page,Treatment,2025-10-01 18:01:26,0
EXP04737,C07210,New_Product_Page,Control,2025-09-09 01:22:20,0
EXP04738,C05947,New_Product_Page,Control,2025-09-06 20:40:03,0
EXP04739,C06790,New_Product_Page,Control,2025-07-23 06:33:00,0
EXP04740,C04584,New_Product_Page,Treatment,2025-09-05 05:26:46,0
EXP04741,C09794,New_Product_Page,Treatment,2025-10-15 02:52:06,0
EXP04742,C07659,New_Product_Page,Treatment,2025-09-30 21:17:24,0
EXP04743,C07252,New_Product_Page,Control,2025-10-04 17:15:53,0
EXP04744,C01168,New_Product_Page,Control,2025-09-27 21:19:10,0
EXP04745,C06760,New_Product_Page,Control,2025-07-24 14:37:39,0
EXP04746,C04494,New_Product_Page,Control,2025-08-25 22:57:00,0
EXP04747,C04311,New_Product_Page,Treatment,2025-09-08 08:22:13,0
EXP04748,C07829,New_Product_Page,Treatment,2025-07-25 05:05:04,0
EXP04749,C08895,New_Product_Page,Control,2025-07-12 09:17:23,0
EXP04750,C01874,New_Product_Page,Control,2025-09-24 23:12:46,1
EXP04751,C02750,New_Product_Page,Treatment,2025-07-31 08:39:47,0
EXP04752,C09793,New_Product_Page,Control,2025-10-25 19:08:10,0
EXP04753,C04624,New_Product_Page,Treatment,2025-09-03 10:24:48,0
EXP04754,C06462,New_Product_Page,Treatment,2025-10-16 03:27:37,0
EXP04755,C04145,New_Product_Page,Control,2025-08-03 20:27:49,1
EXP04756,C01681,New_Product_Page,Control,2025-10-10 01:25:12,0
EXP04757,C02779,New_Product_Page,Treatment,2025-09-13 07:49:33,0
EXP04758,C06578,New_Product_Page,Control,2025-07-13 06:23:56,0
EXP04759,C01234,New_Product_Page,Control,2025-10-11 03:47:27,0
EXP04760,C05833,New_Product_Page,Treatment,2025-08-10 13:29:08,0
EXP04761,C06146,New_Product_Page,Treatment,2025-08-25 14:42:27,1
EXP04762,C03646,New_Product_Page,Treatment,2025-09-20 20:13:39,1
EXP04763,C03684,New_Product_Page,Control,2025-10-11 09:48:11,0
EXP04764,C04148,New_Product_Page,Control,2025-08-27 12:06:15,1
EXP04765,C08956,New_Product_Page,Treatment,2025-09-11 00:44:58,0
EXP04766,C08099,New_Product_Page,Control,2025-09-07 16:31:16,0
EXP04767,C09511,New_Product_Page,Treatment,2025-07-17 05:00:55,0
EXP04768,C05632,New_Product_Page,Treatment,2025-10-10 16:00:18,0
EXP04769,C00685,New_Product_Page,Control,2025-08-02 19:17:13,0
EXP04770,C07282,New_Product_Page,Control,2025-09-21 18:47:13,0
EXP04771,C07629,New_Product_Page,Control,2025-08-01 21:37:40,0
EXP04772,C08174,New_Product_Page,Control,2025-10-29 06:25:54,0
EXP04773,C01129,New_Product_Page,Control,2025-08-01 09:25:28,0
EXP04774,C04380,New_Product_Page,Treatment,2025-08-18 18:14:39,0
EXP04775,C04953,New_Product_Page,Treatment,2025-07-15 18:23:31,0
EXP04776,C08790,New_Product_Page,Treatment,2025-09-15 10:44:59,1
EXP04777,C06793,New_Product_Page,Treatment,2025-07-21 09:48:07,0
EXP04778,C09643,New_Product_Page,Treatment,2025-07-19 19:09:17,0
EXP04779,C08871,New_Product_Page,Control,2025-07-18 17:10:55,0
EXP04780,C00954,New_Product_Page,Treatment,2025-10-03 22:13:06,0
EXP04781,C00127,New_Product_Page,Treatment,2025-08-07 14:19:09,1
EXP04782,C06289,New_Product_Page,Treatment,2025-08-03 00:34:58,0
EXP04783,C08020,New_Product_Page,Control,2025-10-27 09:16:45,1
EXP04784,C09752,New_Product_Page,Treatment,2025-10-07 17:14:09,0
EXP04785,C01110,New_Product_Page,Treatment,2025-10-31 19:02:43,1
EXP04786,C03980,New_Product_Page,Treatment,2025-08-13 21:20:18,1
EXP04787,C06772,New_Product_Page,Treatment,2025-09-13 16:40:46,0
EXP04788,C05530,New_Product_Page,Treatment,2025-07-03 23:12:03,0
EXP04789,C06847,New_Product_Page,Control,2025-09-12 09:53:59,0
EXP04790,C01267,New_Product_Page,Treatment,2025-09-03 21:07:42,0
EXP04791,C07150,New_Product_Page,Treatment,2025-08-01 08:15:19,1
EXP04792,C06555,New_Product_Page,Control,2025-07-10 00:49:45,0
EXP04793,C03682,New_Product_Page,Treatment,2025-08-26 04:20:42,0
EXP04794,C09255,New_Product_Page,Treatment,2025-08-25 08:19:37,0
EXP04795,C05464,New_Product_Page,Treatment,2025-09-18 11:13:41,0
EXP04796,C06970,New_Product_Page,Control,2025-09-20 23:22:35,0
EXP04797,C04971,New_Product_Page,Control,2025-09-10 07:09:36,0
EXP04798,C07964,New_Product_Page,Treatment,2025-09-22 02:18:53,0
EXP04799,C09348,New_Product_Page,Control,2025-08-14 10:13:54,0
EXP04800,C03023,New_Product_Page,Treatment,2025-08-28 19:24:03,0
EXP04801,C04500,New_Product_Page,Control,2025-10-01 18:27:14,0
EXP04802,C00456,New_Product_Page,Control,2025-09-17 04:47:02,1
EXP04803,C04896,New_Product_Page,Treatment,2025-07-31 22:29:06,0
EXP04804,C00673,New_Product_Page,Control,2025-07-06 07:42:06,0
EXP04805,C04898,New_Product_Page,Treatment,2025-10-15 03:15:14,0
EXP04806,C07337,New_Product_Page,Control,2025-10-28 17:10:44,0
EXP04807,C04156,New_Product_Page,Control,2025-10-17 04:44:20,0
EXP04808,C04814,New_Product_Page,Treatment,2025-09-26 23:58:48,1
EXP04809,C08496,New_Product_Page,Treatment,2025-08-19 06:00:35,0
EXP04810,C09189,New_Product_Page,Control,2025-09-10 08:08:23,0
EXP04811,C03275,New_Product_Page,Control,2025-10-26 05:39:53,0
EXP04812,C04489,New_Product_Page,Treatment,2025-08-30 21:22:00,0
EXP04813,C07269,New_Product_Page,Control,2025-08-09 22:26:33,0
EXP04814,C00819,New_Product_Page,Control,2025-08-16 18:00:43,1
EXP04815,C05335,New_Product_Page,Control,2025-10-22 14:23:39,0
EXP04816,C05409,New_Product_Page,Treatment,2025-09-29 03:21:58,0
EXP04817,C08625,New_Product_Page,Control,2025-07-22 05:56:42,0
EXP04818,C00837,New_Product_Page,Control,2025-07-11 05:38:32,0
EXP04819,C08356,New_Product_Page,Treatment,2025-07-01 15:23:46,0
EXP04820,C05204,New_Product_Page,Treatment,2025-09-28 13:51:34,0
EXP04821,C05965,New_Product_Page,Control,2025-10-18 16:21:44,1
EXP04822,C00155,New_Product_Page,Treatment,2025-10-16 00:54:25,0
EXP04823,C04065,New_Product_Page,Treatment,2025-09-30 19:29:29,0
EXP04824,C05355,New_Product_Page,Treatment,2025-07-04 15:14:33,1
EXP04825,C09232,New_Product_Page,Treatment,2025-10-03 19:39:35,0
EXP04826,C00640,New_Product_Page,Treatment,2025-08-02 01:51:26,1
EXP04827,C01679,New_Product_Page,Control,2025-09-13 00:34:00,0
EXP04828,C01450,New_Product_Page,Control,2025-07-12 19:03:36,0
EXP04829,C05756,New_Product_Page,Control,2025-08-31 20:17:02,0
EXP04830,C08698,New_Product_Page,Control,2025-08-25 03:26:34,1
EXP04831,C06776,New_Product_Page,Treatment,2025-09-26 18:21:32,0
EXP04832,C06376,New_Product_Page,Treatment,2025-10-19 05:54:58,0
EXP04833,C05809,New_Product_Page,Control,2025-08-05 19:42:41,0
EXP04834,C03079,New_Product_Page,Control,2025-10-05 04:45:08,0
EXP04835,C05699,New_Product_Page,Control,2025-09-16 00:09:51,1
EXP04836,C02254,New_Product_Page,Control,2025-09-21 16:15:47,0
EXP04837,C01335,New_Product_Page,Treatment,2025-10-22 23:02:29,0
EXP04838,C02319,New_Product_Page,Treatment,2025-07-05 14:25:38,0
EXP04839,C04154,New_Product_Page,Control,2025-10-26 15:38:39,0
EXP04840,C09506,New_Product_Page,Treatment,2025-08-20 12:43:16,0
EXP04841,C06981,New_Product_Page,Control,2025-07-27 19:53:03,1
EXP04842,C08535,New_Product_Page,Treatment,2025-07-28 22:09:25,0
EXP04843,C04729,New_Product_Page,Control,2025-08-06 06:26:05,0
EXP04844,C07857,New_Product_Page,Control,2025-07-30 10:40:14,1
EXP04845,C04667,New_Product_Page,Treatment,2025-09-27 03:58:23,0
EXP04846,C06317,New_Product_Page,Treatment,2025-08-11 08:18:24,0
EXP04847,C05155,New_Product_Page,Control,2025-07-02 11:16:52,0
EXP04848,C07623,New_Product_Page,Control,2025-09-28 11:48:20,0
EXP04849,C04911,New_Product_Page,Control,2025-09-30 07:46:21,0
EXP04850,C08927,New_Product_Page,Control,2025-08-10 05:51:42,0
EXP04851,C06927,New_Product_Page,Control,2025-07-09 09:19:34,0
EXP04852,C07432,New_Product_Page,Treatment,2025-07-04 05:18:29,0
EXP04853,C02324,New_Product_Page,Treatment,2025-08-25 20:22:49,0
EXP04854,C07279,New_Product_Page,Treatment,2025-09-09 02:23:19,1
EXP04855,C02235,New_Product_Page,Control,2025-08-01 13:57:45,0
EXP04856,C07330,New_Product_Page,Treatment,2025-08-26 15:17:20,0
EXP04857,C02510,New_Product_Page,Treatment,2025-07-15 18:13:28,0
EXP04858,C01934,New_Product_Page,Treatment,2025-09-11 10:28:35,1
EXP04859,C07626,New_Product_Page,Control,2025-10-23 04:11:32,0
EXP04860,C04433,New_Product_Page,Control,2025-07-15 21:55:22,0
EXP04861,C02234,New_Product_Page,Control,2025-08-08 07:07:48,0
EXP04862,C01540,New_Product_Page,Control,2025-10-02 21:27:20,0
EXP04863,C05881,New_Product_Page,Control,2025-07-06 03:19:30,0
EXP04864,C02652,New_Product_Page,Treatment,2025-10-19 13:43:49,0
EXP04865,C01223,New_Product_Page,Treatment,2025-08-06 11:53:00,0
EXP04866,C06921,New_Product_Page,Control,2025-10-05 16:03:02,0
EXP04867,C06898,New_Product_Page,Control,2025-08-19 16:07:48,0
EXP04868,C02330,New_Product_Page,Control,2025-09-23 18:57:34,0
EXP04869,C03687,New_Product_Page,Control,2025-10-17 01:26:25,0
EXP04870,C04513,New_Product_Page,Control,2025-10-05 16:22:58,0
EXP04871,C05526,New_Product_Page,Control,2025-07-19 21:31:13,0
EXP04872,C03468,New_Product_Page,Treatment,2025-10-29 08:04:48,0
EXP04873,C00916,New_Product_Page,Treatment,2025-10-18 13:20:04,0
EXP04874,C09127,New_Product_Page,Treatment,2025-08-18 21:16:36,0
EXP04875,C09686,New_Product_Page,Control,2025-10-27 11:32:44,0
EXP04876,C04881,New_Product_Page,Treatment,2025-07-16 09:20:24,0
EXP04877,C04531,New_Product_Page,Treatment,2025-10-15 16:48:21,0
EXP04878,C06619,New_Product_Page,Treatment,2025-07-29 18:19:49,0
EXP04879,C05040,New_Product_Page,Control,2025-09-08 13:27:18,0
EXP04880,C07939,New_Product_Page,Treatment,2025-09-02 22:41:50,0
EXP04881,C01342,New_Product_Page,Treatment,2025-10-19 20:44:53,0
EXP04882,C07021,New_Product_Page,Treatment,2025-07-21 12:07:50,0
EXP04883,C02502,New_Product_Page,Treatment,2025-08-28 14:35:46,0
EXP04884,C02639,New_Product_Page,Control,2025-07-16 13:15:40,0
EXP04885,C04906,New_Product_Page,Treatment,2025-10-04 05:02:53,0
EXP04886,C06916,New_Product_Page,Treatment,2025-08-23 17:32:23,0
EXP04887,C08416,New_Product_Page,Control,2025-10-28 21:51:09,0
EXP04888,C02400,New_Product_Page,Treatment,2025-07-27 11:45:49,0
EXP04889,C09648,New_Product_Page,Treatment,2025-10-13 11:02:26,0
EXP04890,C01549,New_Product_Page,Control,2025-09-22 19:36:13,0
EXP04891,C02582,New_Product_Page,Treatment,2025-10-27 17:43:28,0
EXP04892,C06638,New_Product_Page,Control,2025-08-02 13:23:32,0
EXP04893,C07015,New_Product_Page,Treatment,2025-08-31 08:00:41,0
EXP04894,C05090,New_Product_Page,Treatment,2025-07-18 03:11:23,1
EXP04895,C03561,New_Product_Page,Treatment,2025-09-27 16:36:16,1
EXP04896,C06199,New_Product_Page,Control,2025-10-06 23:00:58,0
EXP04897,C01490,New_Product_Page,Control,2025-07-19 22:18:50,0
EXP04898,C05075,New_Product_Page,Treatment,2025-07-14 02:27:17,0
EXP04899,C05150,New_Product_Page,Control,2025-07-18 01:28:53,0
EXP04900,C04735,New_Product_Page,Treatment,2025-07-22 10:46:30,0
EXP04901,C09834,New_Product_Page,Control,2025-10-24 04:13:51,0
EXP04902,C01127,New_Product_Page,Control,2025-09-06 15:10:20,0
EXP04903,C02829,New_Product_Page,Treatment,2025-07-19 18:18:45,0
EXP04904,C06068,New_Product_Page,Treatment,2025-07-12 04:11:37,0
EXP04905,C09964,New_Product_Page,Control,2025-10-28 03:33:30,0
EXP04906,C06604,New_Product_Page,Treatment,2025-07-12 09:15:19,0
EXP04907,C08584,New_Product_Page,Treatment,2025-10-21 07:58:16,0
EXP04908,C05427,New_Product_Page,Treatment,2025-07-30 14:17:23,0
EXP04909,C03601,New_Product_Page,Control,2025-10-08 13:24:33,0
EXP04910,C02059,New_Product_Page,Control,2025-08-12 06:18:26,0
EXP04911,C02471,New_Product_Page,Control,2025-10-17 00:05:48,0
EXP04912,C08880,New_Product_Page,Treatment,2025-08-22 16:40:05,0
EXP04913,C03059,New_Product_Page,Control,2025-07-12 00:36:15,0
EXP04914,C01602,New_Product_Page,Control,2025-09-24 04:56:56,0
EXP04915,C05680,New_Product_Page,Control,2025-07-20 04:02:42,0
EXP04916,C07179,New_Product_Page,Control,2025-10-11 01:49:13,0
EXP04917,C02901,New_Product_Page,Treatment,2025-08-13 15:13:42,0
EXP04918,C08384,New_Product_Page,Treatment,2025-08-08 01:09:01,0
EXP04919,C08774,New_Product_Page,Treatment,2025-08-11 18:32:23,0
EXP04920,C06401,New_Product_Page,Treatment,2025-09-30 10:39:00,0
EXP04921,C09828,New_Product_Page,Control,2025-08-06 21:54:59,0
EXP04922,C09989,New_Product_Page,Treatment,2025-08-27 20:43:59,0
EXP04923,C05771,New_Product_Page,Treatment,2025-10-10 22:27:37,0
EXP04924,C05304,New_Product_Page,Treatment,2025-10-20 09:20:40,1
EXP04925,C03932,New_Product_Page,Treatment,2025-08-30 02:58:36,1
EXP04926,C09003,New_Product_Page,Treatment,2025-07-23 00:27:11,0
EXP04927,C08645,New_Product_Page,Control,2025-08-18 15:23:45,1
EXP04928,C00750,New_Product_Page,Treatment,2025-09-01 22:31:15,0
EXP04929,C07643,New_Product_Page,Control,2025-10-07 07:54:32,0
EXP04930,C08203,New_Product_Page,Treatment,2025-10-16 06:44:31,1
EXP04931,C02492,New_Product_Page,Control,2025-08-20 21:28:44,0
EXP04932,C02553,New_Product_Page,Control,2025-08-12 14:00:53,0
EXP04933,C01280,New_Product_Page,Treatment,2025-10-07 01:26:22,0
EXP04934,C02441,New_Product_Page,Treatment,2025-08-17 13:56:33,0
EXP04935,C03928,New_Product_Page,Treatment,2025-07-14 11:09:49,0
EXP04936,C01106,New_Product_Page,Treatment,2025-07-25 12:26:22,0
EXP04937,C02507,New_Product_Page,Treatment,2025-09-30 00:05:54,1
EXP04938,C04280,New_Product_Page,Treatment,2025-08-20 14:47:52,0
EXP04939,C06320,New_Product_Page,Treatment,2025-08-25 23:45:05,0
EXP04940,C06530,New_Product_Page,Treatment,2025-07-05 07:13:20,0
EXP04941,C08059,New_Product_Page,Treatment,2025-08-31 18:25:24,0
EXP04942,C05269,New_Product_Page,Control,2025-08-10 20:35:09,0
EXP04943,C00611,New_Product_Page,Treatment,2025-09-05 11:08:32,0
EXP04944,C08726,New_Product_Page,Control,2025-07-22 20:10:59,0
EXP04945,C08974,New_Product_Page,Treatment,2025-08-06 21:09:27,0
EXP04946,C05779,New_Product_Page,Treatment,2025-10-12 11:29:54,0
EXP04947,C01079,New_Product_Page,Treatment,2025-09-09 14:22:37,0
EXP04948,C01029,New_Product_Page,Control,2025-10-21 23:07:28,0
EXP04949,C09216,New_Product_Page,Control,2025-10-10 22:02:32,0
EXP04950,C05891,New_Product_Page,Control,2025-07-26 00:10:30,0
EXP04951,C05764,New_Product_Page,Treatment,2025-10-18 05:39:28,0
EXP04952,C02802,New_Product_Page,Treatment,2025-07-28 02:41:47,0
EXP04953,C08176,New_Product_Page,Treatment,2025-09-17 08:07:56,0
EXP04954,C01728,New_Product_Page,Control,2025-10-11 15:25:36,1
EXP04955,C03614,New_Product_Page,Treatment,2025-09-04 22:38:58,0
EXP04956,C04979,New_Product_Page,Treatment,2025-08-23 01:41:20,0
EXP04957,C03170,New_Product_Page,Treatment,2025-07-16 16:34:02,0
EXP04958,C06678,New_Product_Page,Control,2025-09-30 05:15:00,0
EXP04959,C07972,New_Product_Page,Control,2025-07-13 15:31:45,0
EXP04960,C09077,New_Product_Page,Control,2025-09-23 15:02:23,0
EXP04961,C09220,New_Product_Page,Control,2025-07-18 15:13:35,0
EXP04962,C01277,New_Product_Page,Treatment,2025-08-15 12:42:07,0
EXP04963,C00715,New_Product_Page,Treatment,2025-09-17 10:53:52,0
EXP04964,C07567,New_Product_Page,Control,2025-09-27 09:17:21,0
EXP04965,C01310,New_Product_Page,Control,2025-09-25 10:14:28,0
EXP04966,C07739,New_Product_Page,Control,2025-07-28 20:49:21,1
EXP04967,C09535,New_Product_Page,Treatment,2025-10-24 22:14:45,0
EXP04968,C08887,New_Product_Page,Control,2025-07-07 23:37:20,0
EXP04969,C08011,New_Product_Page,Control,2025-10-04 12:15:06,0
EXP04970,C07304,New_Product_Page,Control,2025-10-26 20:41:27,0
EXP04971,C01687,New_Product_Page,Treatment,2025-08-26 08:56:23,0
EXP04972,C09331,New_Product_Page,Treatment,2025-09-21 08:49:36,0
EXP04973,C07247,New_Product_Page,Treatment,2025-10-05 05:01:31,0
EXP04974,C01278,New_Product_Page,Treatment,2025-09-14 10:25:15,0
EXP04975,C05056,New_Product_Page,Treatment,2025-10-18 17:32:39,0
EXP04976,C04497,New_Product_Page,Control,2025-07-08 05:43:23,0
EXP04977,C09996,New_Product_Page,Control,2025-07-27 22:44:49,0
EXP04978,C05875,New_Product_Page,Control,2025-08-31 13:08:56,0
EXP04979,C08058,New_Product_Page,Control,2025-10-26 14:35:34,0
EXP04980,C07211,New_Product_Page,Treatment,2025-07-29 09:20:00,1
EXP04981,C09558,New_Product_Page,Treatment,2025-09-07 06:48:41,0
EXP04982,C04107,New_Product_Page,Control,2025-10-21 02:50:17,0
EXP04983,C09929,New_Product_Page,Treatment,2025-09-23 05:35:36,0
EXP04984,C05988,New_Product_Page,Treatment,2025-09-09 03:45:12,0
EXP04985,C09968,New_Product_Page,Treatment,2025-09-25 08:10:58,0
EXP04986,C08822,New_Product_Page,Control,2025-08-01 05:00:27,0
EXP04987,C02280,New_Product_Page,Treatment,2025-08-26 20:13:57,0
EXP04988,C06771,New_Product_Page,Control,2025-10-19 15:52:13,0
EXP04989,C07673,New_Product_Page,Treatment,2025-09-24 07:15:39,0
EXP04990,C09057,New_Product_Page,Control,2025-08-11 07:23:00,0
EXP04991,C00177,New_Product_Page,Control,2025-07-24 13:22:45,1
EXP04992,C03990,New_Product_Page,Treatment,2025-09-04 13:14:10,0
EXP04993,C06545,New_Product_Page,Treatment,2025-08-19 03:58:36,0
EXP04994,C01214,New_Product_Page,Treatment,2025-10-17 16:12:53,0
EXP04995,C04894,New_Product_Page,Control,2025-10-20 11:20:08,0
EXP04996,C02567,New_Product_Page,Treatment,2025-10-10 21:07:36,0
EXP04997,C08213,New_Product_Page,Treatment,2025-07-17 13:37:52,0
EXP04998,C06391,New_Product_Page,Control,2025-07-18 13:30:13,0
EXP04999,C06169,New_Product_Page,Control,2025-08-27 12:20:19,0
EXP05000,C01620,New_Product_Page,Treatment,2025-08-06 14:17:25,0
EXP05001,C01913,New_Product_Page,Control,2025-08-15 21:27:09,0
EXP05002,C06047,New_Product_Page,Treatment,2025-09-15 03:30:45,0
EXP05003,C01999,New_Product_Page,Control,2025-08-25 08:29:46,0
EXP05004,C01194,New_Product_Page,Treatment,2025-09-29 11:01:21,0
EXP05005,C06175,New_Product_Page,Control,2025-09-09 17:10:05,0
EXP05006,C09616,New_Product_Page,Control,2025-10-22 17:55:58,0
EXP05007,C00886,New_Product_Page,Control,2025-10-30 16:22:29,0
EXP05008,C08536,New_Product_Page,Control,2025-07-05 18:12:37,0
EXP05009,C01845,New_Product_Page,Treatment,2025-08-30 03:10:29,0
EXP05010,C08812,New_Product_Page,Treatment,2025-09-21 13:24:00,0
EXP05011,C00317,New_Product_Page,Control,2025-10-05 10:39:01,0
EXP05012,C07670,New_Product_Page,Treatment,2025-10-25 00:57:28,0
EXP05013,C08112,New_Product_Page,Treatment,2025-09-05 08:24:08,0
EXP05014,C01691,New_Product_Page,Control,2025-08-10 22:12:35,0
EXP05015,C04647,New_Product_Page,Treatment,2025-10-28 05:50:00,0
EXP05016,C04830,New_Product_Page,Treatment,2025-09-19 07:33:29,0
EXP05017,C00409,New_Product_Page,Treatment,2025-07-18 19:44:26,0
EXP05018,C04621,New_Product_Page,Treatment,2025-08-31 15:18:41,1
EXP05019,C04284,New_Product_Page,Control,2025-09-15 13:43:48,0
EXP05020,C09056,New_Product_Page,Control,2025-08-25 01:00:08,0
EXP05021,C02464,New_Product_Page,Treatment,2025-09-20 09:10:46,0
EXP05022,C00789,New_Product_Page,Treatment,2025-09-18 16:16:52,0
EXP05023,C09442,New_Product_Page,Control,2025-10-13 14:23:57,0
EXP05024,C05156,New_Product_Page,Treatment,2025-10-16 08:02:29,0
EXP05025,C01749,New_Product_Page,Control,2025-10-26 07:48:20,0
EXP05026,C01564,New_Product_Page,Treatment,2025-07-27 13:08:47,0
EXP05027,C03645,New_Product_Page,Treatment,2025-10-16 15:17:50,0
EXP05028,C01967,New_Product_Page,Control,2025-10-24 19:10:11,0
EXP05029,C06677,New_Product_Page,Control,2025-08-03 08:09:08,0
EXP05030,C06846,New_Product_Page,Control,2025-10-19 14:54:37,0
EXP05031,C07216,New_Product_Page,Treatment,2025-10-04 12:24:24,0
EXP05032,C08067,New_Product_Page,Treatment,2025-09-28 14:10:37,0
EXP05033,C01853,New_Product_Page,Control,2025-10-30 14:43:14,0
EXP05034,C09307,New_Product_Page,Treatment,2025-10-15 20:48:03,0
EXP05035,C01944,New_Product_Page,Treatment,2025-09-21 08:02:41,0
EXP05036,C01637,New_Product_Page,Treatment,2025-10-19 10:57:46,0
EXP05037,C05537,New_Product_Page,Control,2025-10-10 11:52:21,0
EXP05038,C01722,New_Product_Page,Control,2025-08-07 13:36:48,0
EXP05039,C08572,New_Product_Page,Control,2025-09-19 07:22:48,0
EXP05040,C00549,New_Product_Page,Treatment,2025-07-02 20:23:51,0
EXP05041,C03198,New_Product_Page,Treatment,2025-10-04 00:32:04,0
EXP05042,C07826,New_Product_Page,Control,2025-08-18 01:43:00,0
EXP05043,C00948,New_Product_Page,Control,2025-09-04 20:13:18,0
EXP05044,C02124,New_Product_Page,Control,2025-07-29 20:30:31,0
EXP05045,C08036,New_Product_Page,Control,2025-10-22 05:53:50,0
EXP05046,C09225,New_Product_Page,Treatment,2025-07-13 03:09:33,0
EXP05047,C05502,New_Product_Page,Control,2025-09-06 12:55:36,0
EXP05048,C02369,New_Product_Page,Control,2025-07-02 06:35:26,0
EXP05049,C02469,New_Product_Page,Control,2025-10-07 21:53:32,0
EXP05050,C04937,New_Product_Page,Control,2025-10-23 20:42:57,0
EXP05051,C08553,New_Product_Page,Treatment,2025-07-20 16:37:06,0
EXP05052,C09135,New_Product_Page,Treatment,2025-08-05 20:20:49,0
EXP05053,C05969,New_Product_Page,Control,2025-09-28 12:42:10,0
EXP05054,C08671,New_Product_Page,Treatment,2025-09-28 07:13:22,0
EXP05055,C05419,New_Product_Page,Control,2025-09-02 08:21:17,0
EXP05056,C07917,New_Product_Page,Control,2025-09-11 20:07:08,0
EXP05057,C05727,New_Product_Page,Control,2025-10-18 09:50:38,0
EXP05058,C03274,New_Product_Page,Control,2025-09-17 04:42:05,1
EXP05059,C03111,New_Product_Page,Treatment,2025-07-30 13:56:43,0
EXP05060,C01581,New_Product_Page,Treatment,2025-07-22 05:03:20,0
EXP05061,C08709,New_Product_Page,Treatment,2025-08-10 11:32:54,0
EXP05062,C00367,New_Product_Page,Control,2025-10-19 17:49:31,0
EXP05063,C02958,New_Product_Page,Treatment,2025-10-28 21:10:51,0
EXP05064,C08903,New_Product_Page,Treatment,2025-10-23 04:08:20,0
EXP05065,C09856,New_Product_Page,Control,2025-10-11 07:28:11,0
EXP05066,C03077,New_Product_Page,Treatment,2025-08-06 16:36:22,0
EXP05067,C07801,New_Product_Page,Treatment,2025-07-23 14:22:08,1
EXP05068,C01990,New_Product_Page,Control,2025-08-16 05:46:25,0
EXP05069,C09727,New_Product_Page,Treatment,2025-08-02 07:32:14,0
EXP05070,C00281,New_Product_Page,Treatment,2025-08-27 11:50:39,0
EXP05071,C04056,New_Product_Page,Control,2025-08-01 06:55:37,0
EXP05072,C03513,New_Product_Page,Control,2025-07-19 04:38:41,0
EXP05073,C05029,New_Product_Page,Control,2025-08-17 09:38:42,0
EXP05074,C07625,New_Product_Page,Control,2025-07-01 17:45:11,0
EXP05075,C06784,New_Product_Page,Control,2025-09-19 22:48:24,0
EXP05076,C01917,New_Product_Page,Treatment,2025-08-26 11:30:10,0
EXP05077,C04025,New_Product_Page,Treatment,2025-08-23 12:48:52,1
EXP05078,C09500,New_Product_Page,Treatment,2025-07-14 05:23:32,0
EXP05079,C09982,New_Product_Page,Treatment,2025-07-12 04:24:51,0
EXP05080,C00707,New_Product_Page,Treatment,2025-10-26 21:01:23,0
EXP05081,C04407,New_Product_Page,Treatment,2025-07-28 01:30:54,1
EXP05082,C07560,New_Product_Page,Control,2025-07-07 08:44:52,1
EXP05083,C05239,New_Product_Page,Treatment,2025-09-29 19:04:56,1
EXP05084,C05290,New_Product_Page,Control,2025-10-23 21:33:05,0
EXP05085,C03849,New_Product_Page,Treatment,2025-10-18 20:12:54,0
EXP05086,C01026,New_Product_Page,Treatment,2025-09-02 04:43:33,0
EXP05087,C02315,New_Product_Page,Control,2025-07-21 15:29:42,0
EXP05088,C03443,New_Product_Page,Treatment,2025-09-01 23:37:27,0
EXP05089,C05994,New_Product_Page,Treatment,2025-10-27 10:13:37,0
EXP05090,C04293,New_Product_Page,Treatment,2025-07-02 11:05:14,0
EXP05091,C09289,New_Product_Page,Control,2025-09-15 18:49:49,0
EXP05092,C02103,New_Product_Page,Treatment,2025-10-31 14:41:40,0
EXP05093,C02911,New_Product_Page,Treatment,2025-09-06 09:02:53,0
EXP05094,C02986,New_Product_Page,Control,2025-08-17 01:23:10,0
EXP05095,C06232,New_Product_Page,Treatment,2025-09-28 02:54:26,0
EXP05096,C00446,New_Product_Page,Control,2025-08-15 13:42:51,0
EXP05097,C00652,New_Product_Page,Control,2025-08-08 06:13:53,0
EXP05098,C08189,New_Product_Page,Treatment,2025-09-24 04:41:06,1
EXP05099,C01305,New_Product_Page,Treatment,2025-07-29 21:56:39,0
EXP05100,C07189,New_Product_Page,Control,2025-10-03 11:46:42,0
EXP05101,C08762,New_Product_Page,Control,2025-10-12 07:08:25,0
EXP05102,C03507,New_Product_Page,Treatment,2025-07-06 00:31:26,0
EXP05103,C04074,New_Product_Page,Treatment,2025-07-08 17:44:32,1
EXP05104,C06596,New_Product_Page,Treatment,2025-08-23 20:58:56,0
EXP05105,C03702,New_Product_Page,Control,2025-09-07 03:50:05,0
EXP05106,C01162,New_Product_Page,Treatment,2025-09-12 03:04:47,0
EXP05107,C09980,New_Product_Page,Control,2025-09-01 06:50:14,0
EXP05108,C08161,New_Product_Page,Control,2025-10-11 01:59:51,0
EXP05109,C08592,New_Product_Page,Treatment,2025-08-22 19:11:18,0
EXP05110,C01780,New_Product_Page,Control,2025-07-29 16:01:12,0
EXP05111,C01010,New_Product_Page,Treatment,2025-10-01 13:11:27,1
EXP05112,C05687,New_Product_Page,Control,2025-09-08 16:01:33,0
EXP05113,C01295,New_Product_Page,Control,2025-07-01 00:16:26,0
EXP05114,C07459,New_Product_Page,Control,2025-08-08 06:19:08,0
EXP05115,C06449,New_Product_Page,Treatment,2025-07-23 20:09:14,0
EXP05116,C08127,New_Product_Page,Control,2025-07-28 00:06:08,0
EXP05117,C08834,New_Product_Page,Control,2025-09-16 12:37:41,0
EXP05118,C02620,New_Product_Page,Treatment,2025-10-31 02:52:01,0
EXP05119,C01652,New_Product_Page,Control,2025-09-20 18:07:56,0
EXP05120,C07075,New_Product_Page,Treatment,2025-09-04 00:56:28,0
EXP05121,C08742,New_Product_Page,Control,2025-10-03 22:58:10,0
EXP05122,C00667,New_Product_Page,Control,2025-09-20 04:44:08,0
EXP05123,C06647,New_Product_Page,Treatment,2025-09-26 05:56:32,0
EXP05124,C00555,New_Product_Page,Control,2025-09-18 23:15:32,0
EXP05125,C04271,New_Product_Page,Treatment,2025-07-07 01:39:13,0
EXP05126,C08005,New_Product_Page,Control,2025-10-06 04:06:53,0
EXP05127,C02631,New_Product_Page,Control,2025-09-16 07:49:54,0
EXP05128,C08393,New_Product_Page,Treatment,2025-10-20 07:02:43,0
EXP05129,C04826,New_Product_Page,Treatment,2025-08-21 02:59:14,0
EXP05130,C09542,New_Product_Page,Treatment,2025-07-29 09:56:30,0
EXP05131,C04295,New_Product_Page,Control,2025-07-19 14:57:39,0
EXP05132,C00720,New_Product_Page,Treatment,2025-08-05 22:16:57,0
EXP05133,C05693,New_Product_Page,Treatment,2025-07-17 17:21:42,0
EXP05134,C00863,New_Product_Page,Treatment,2025-10-11 11:31:38,0
EXP05135,C05471,New_Product_Page,Control,2025-07-13 12:47:29,0
EXP05136,C00225,New_Product_Page,Treatment,2025-09-17 10:30:35,0
EXP05137,C02034,New_Product_Page,Control,2025-10-11 02:44:21,0
EXP05138,C01632,New_Product_Page,Control,2025-07-01 07:45:16,0
EXP05139,C01578,New_Product_Page,Treatment,2025-08-26 16:02:21,0
EXP05140,C06270,New_Product_Page,Control,2025-07-09 17:15:54,0
EXP05141,C02905,New_Product_Page,Control,2025-09-01 18:54:38,0
EXP05142,C09942,New_Product_Page,Treatment,2025-10-11 09:30:49,0
EXP05143,C00902,New_Product_Page,Control,2025-10-24 09:32:16,0
EXP05144,C07771,New_Product_Page,Control,2025-09-17 00:18:05,0
EXP05145,C01499,New_Product_Page,Control,2025-07-16 08:17:46,0
EXP05146,C04229,New_Product_Page,Control,2025-08-03 14:10:28,0
EXP05147,C00528,New_Product_Page,Control,2025-10-22 00:52:42,0
EXP05148,C00703,New_Product_Page,Treatment,2025-08-03 23:11:25,0
EXP05149,C07884,New_Product_Page,Control,2025-09-17 22:46:13,0
EXP05150,C05057,New_Product_Page,Control,2025-09-26 11:12:16,1
EXP05151,C04514,New_Product_Page,Control,2025-09-29 09:49:17,0
EXP05152,C03851,New_Product_Page,Treatment,2025-10-16 16:29:01,0
EXP05153,C08489,New_Product_Page,Treatment,2025-08-01 03:54:57,0
EXP05154,C01307,New_Product_Page,Treatment,2025-10-28 11:42:51,0
EXP05155,C02672,New_Product_Page,Treatment,2025-10-19 03:05:40,0
EXP05156,C05972,New_Product_Page,Control,2025-07-30 00:51:25,0
EXP05157,C09362,New_Product_Page,Control,2025-10-07 21:58:22,0
EXP05158,C06963,New_Product_Page,Control,2025-08-03 06:17:01,0
EXP05159,C02179,New_Product_Page,Control,2025-09-05 22:39:33,0
EXP05160,C00468,New_Product_Page,Control,2025-07-11 02:59:42,0
EXP05161,C00915,New_Product_Page,Treatment,2025-09-14 02:21:34,0
EXP05162,C02219,New_Product_Page,Treatment,2025-07-25 13:32:57,0
EXP05163,C06640,New_Product_Page,Treatment,2025-09-16 09:46:01,0
EXP05164,C03660,New_Product_Page,Control,2025-10-02 00:29:24,0
EXP05165,C07270,New_Product_Page,Treatment,2025-10-07 22:18:10,0
EXP05166,C00026,New_Product_Page,Treatment,2025-09-22 11:45:52,0
EXP05167,C09496,New_Product_Page,Control,2025-10-15 10:55:52,0
EXP05168,C09803,New_Product_Page,Treatment,2025-07-16 13:27:40,0
EXP05169,C02705,New_Product_Page,Treatment,2025-08-20 21:22:23,0
EXP05170,C08402,New_Product_Page,Control,2025-08-29 15:18:04,0
EXP05171,C05010,New_Product_Page,Control,2025-10-28 15:14:13,0
EXP05172,C04924,New_Product_Page,Treatment,2025-08-19 03:55:24,0
EXP05173,C01482,New_Product_Page,Control,2025-10-22 11:45:05,0
EXP05174,C06557,New_Product_Page,Control,2025-08-05 05:52:32,0
EXP05175,C07899,New_Product_Page,Treatment,2025-07-02 15:08:41,0
EXP05176,C06598,New_Product_Page,Control,2025-08-09 04:03:56,0
EXP05177,C00383,New_Product_Page,Control,2025-07-27 13:36:54,0
EXP05178,C01792,New_Product_Page,Control,2025-07-26 17:21:29,0
EXP05179,C05249,New_Product_Page,Control,2025-08-26 22:24:38,0
EXP05180,C05729,New_Product_Page,Treatment,2025-09-23 10:44:06,0
EXP05181,C01232,New_Product_Page,Control,2025-07-22 11:50:07,0
EXP05182,C09698,New_Product_Page,Control,2025-09-04 03:12:19,0
EXP05183,C03544,New_Product_Page,Treatment,2025-09-23 05:37:16,0
EXP05184,C00031,New_Product_Page,Control,2025-09-02 03:33:51,0
EXP05185,C09386,New_Product_Page,Control,2025-10-20 00:23:50,0
EXP05186,C01935,New_Product_Page,Treatment,2025-09-14 10:06:52,0
EXP05187,C05877,New_Product_Page,Control,2025-07-21 10:34:36,1
EXP05188,C08800,New_Product_Page,Control,2025-09-02 03:47:48,1
EXP05189,C09096,New_Product_Page,Control,2025-08-07 05:47:39,1
EXP05190,C00109,New_Product_Page,Control,2025-09-04 02:40:42,0
EXP05191,C09846,New_Product_Page,Treatment,2025-07-09 18:37:37,0
EXP05192,C04253,New_Product_Page,Treatment,2025-10-20 10:52:12,0
EXP05193,C03035,New_Product_Page,Control,2025-09-16 02:37:51,0
EXP05194,C05852,New_Product_Page,Treatment,2025-10-04 19:26:49,0
EXP05195,C06096,New_Product_Page,Treatment,2025-10-03 07:44:03,0
EXP05196,C02327,New_Product_Page,Control,2025-09-02 04:32:01,0
EXP05197,C06455,New_Product_Page,Control,2025-08-11 21:01:16,0
EXP05198,C07398,New_Product_Page,Treatment,2025-08-27 01:50:48,0
EXP05199,C05215,New_Product_Page,Treatment,2025-09-03 03:53:16,0
EXP05200,C05790,New_Product_Page,Control,2025-10-17 09:00:18,0
EXP05201,C05492,New_Product_Page,Treatment,2025-09-08 14:00:01,0
EXP05202,C05739,New_Product_Page,Treatment,2025-07-09 08:25:57,0
EXP05203,C06302,New_Product_Page,Treatment,2025-08-01 15:07:04,0
EXP05204,C07816,New_Product_Page,Treatment,2025-10-08 09:24:42,0
EXP05205,C03857,New_Product_Page,Control,2025-09-18 23:44:17,0
EXP05206,C00349,New_Product_Page,Control,2025-08-08 23:50:51,0
EXP05207,C09200,New_Product_Page,Control,2025-08-22 09:01:48,0
EXP05208,C05425,New_Product_Page,Control,2025-09-13 16:36:57,0
EXP05209,C01316,New_Product_Page,Control,2025-08-17 02:18:58,0
EXP05210,C05012,New_Product_Page,Control,2025-08-14 22:38:37,0
EXP05211,C02559,New_Product_Page,Treatment,2025-09-09 22:37:06,0
EXP05212,C07524,New_Product_Page,Control,2025-07-28 19:32:15,0
EXP05213,C07242,New_Product_Page,Treatment,2025-08-24 05:59:41,1
EXP05214,C09252,New_Product_Page,Treatment,2025-08-21 21:01:13,0
EXP05215,C05772,New_Product_Page,Treatment,2025-07-28 09:15:51,0
EXP05216,C02816,New_Product_Page,Treatment,2025-09-06 10:00:41,0
EXP05217,C06445,New_Product_Page,Treatment,2025-08-21 02:39:30,0
EXP05218,C08495,New_Product_Page,Treatment,2025-07-04 13:56:13,0
EXP05219,C07039,New_Product_Page,Control,2025-09-03 07:31:10,0
EXP05220,C09734,New_Product_Page,Treatment,2025-10-16 08:08:10,0
EXP05221,C05444,New_Product_Page,Control,2025-07-17 05:32:35,0
EXP05222,C05341,New_Product_Page,Treatment,2025-09-20 04:43:19,0
EXP05223,C06679,New_Product_Page,Treatment,2025-07-12 06:03:15,0
EXP05224,C07919,New_Product_Page,Control,2025-07-10 09:41:36,0
EXP05225,C08177,New_Product_Page,Treatment,2025-09-23 23:40:36,1
EXP05226,C07663,New_Product_Page,Treatment,2025-09-01 07:15:12,1
EXP05227,C07483,New_Product_Page,Treatment,2025-10-27 14:19:12,0
EXP05228,C02952,New_Product_Page,Control,2025-08-10 06:08:14,0
EXP05229,C08779,New_Product_Page,Treatment,2025-09-24 07:58:38,0
EXP05230,C05804,New_Product_Page,Treatment,2025-07-12 12:09:34,0
EXP05231,C07696,New_Product_Page,Treatment,2025-10-06 18:48:17,0
EXP05232,C06098,New_Product_Page,Control,2025-07-21 07:06:47,0
EXP05233,C03237,New_Product_Page,Treatment,2025-10-02 21:21:19,0
EXP05234,C00027,New_Product_Page,Treatment,2025-10-19 06:46:35,0
EXP05235,C05382,New_Product_Page,Control,2025-10-19 00:43:23,0
EXP05236,C00736,New_Product_Page,Control,2025-09-30 20:42:56,0
EXP05237,C04858,New_Product_Page,Treatment,2025-07-16 06:13:22,0
EXP05238,C02674,New_Product_Page,Control,2025-10-12 14:41:47,0
EXP05239,C03384,New_Product_Page,Control,2025-07-27 21:19:57,0
EXP05240,C09811,New_Product_Page,Control,2025-08-31 04:55:36,0
EXP05241,C04759,New_Product_Page,Control,2025-10-12 00:33:45,0
EXP05242,C05316,New_Product_Page,Control,2025-10-30 16:11:35,1
EXP05243,C03148,New_Product_Page,Treatment,2025-07-04 18:33:24,0
EXP05244,C01530,New_Product_Page,Treatment,2025-09-03 17:47:58,0
EXP05245,C04416,New_Product_Page,Control,2025-07-25 12:07:10,0
EXP05246,C02906,New_Product_Page,Control,2025-08-31 08:40:45,0
EXP05247,C08972,New_Product_Page,Treatment,2025-10-11 18:29:54,0
EXP05248,C00738,New_Product_Page,Treatment,2025-09-10 15:50:20,1
EXP05249,C00980,New_Product_Page,Treatment,2025-07-13 22:45:06,0
EXP05250,C02686,New_Product_Page,Treatment,2025-07-25 12:20:00,0
EXP05251,C06497,New_Product_Page,Treatment,2025-07-29 09:39:17,0
EXP05252,C05235,New_Product_Page,Treatment,2025-08-21 01:20:26,0
EXP05253,C02918,New_Product_Page,Control,2025-07-11 08:20:10,0
EXP05254,C06020,New_Product_Page,Control,2025-07-31 21:16:08,0
EXP05255,C03091,New_Product_Page,Control,2025-08-21 06:21:03,0
EXP05256,C07203,New_Product_Page,Treatment,2025-09-23 02:57:29,0
EXP05257,C03014,New_Product_Page,Treatment,2025-09-29 12:42:30,0
EXP05258,C05243,New_Product_Page,Treatment,2025-08-08 03:57:35,0
EXP05259,C08629,New_Product_Page,Treatment,2025-10-27 22:35:42,0
EXP05260,C00441,New_Product_Page,Control,2025-09-06 05:01:29,0
EXP05261,C00597,New_Product_Page,Treatment,2025-10-06 23:54:53,0
EXP05262,C07488,New_Product_Page,Treatment,2025-07-15 10:32:39,0
EXP05263,C05615,New_Product_Page,Treatment,2025-08-25 11:18:30,0
EXP05264,C09466,New_Product_Page,Control,2025-07-09 09:24:48,0
EXP05265,C09310,New_Product_Page,Treatment,2025-09-12 18:29:32,0
EXP05266,C08335,New_Product_Page,Control,2025-10-02 03:20:01,0
EXP05267,C05182,New_Product_Page,Control,2025-07-15 17:37:57,0
EXP05268,C01847,New_Product_Page,Treatment,2025-09-15 13:39:23,0
EXP05269,C08600,New_Product_Page,Treatment,2025-08-26 10:00:16,0
EXP05270,C06419,New_Product_Page,Control,2025-10-10 22:01:07,0
EXP05271,C04426,New_Product_Page,Control,2025-08-28 03:30:46,0
EXP05272,C01597,New_Product_Page,Control,2025-10-11 18:42:45,0
EXP05273,C01185,New_Product_Page,Treatment,2025-09-25 13:07:49,0
EXP05274,C05062,New_Product_Page,Control,2025-09-23 05:29:26,0
EXP05275,C03529,New_Product_Page,Treatment,2025-07-23 16:44:34,0
EXP05276,C08332,New_Product_Page,Treatment,2025-07-05 15:22:28,0
EXP05277,C01808,New_Product_Page,Treatment,2025-09-21 06:03:52,0
EXP05278,C00644,New_Product_Page,Control,2025-08-19 04:43:12,1
EXP05279,C07367,New_Product_Page,Treatment,2025-08-01 10:05:49,0
EXP05280,C09571,New_Product_Page,Treatment,2025-07-20 08:27:53,1
EXP05281,C09483,New_Product_Page,Treatment,2025-09-18 06:39:29,0
EXP05282,C02453,New_Product_Page,Treatment,2025-10-03 18:59:11,0
EXP05283,C05387,New_Product_Page,Treatment,2025-09-05 17:30:12,0
EXP05284,C07750,New_Product_Page,Treatment,2025-08-14 05:58:24,0
EXP05285,C08773,New_Product_Page,Control,2025-08-23 09:45:35,0
EXP05286,C07550,New_Product_Page,Control,2025-09-07 14:41:25,0
EXP05287,C07825,New_Product_Page,Treatment,2025-09-12 02:44:00,0
EXP05288,C07498,New_Product_Page,Control,2025-09-15 13:44:43,0
EXP05289,C05575,New_Product_Page,Control,2025-07-11 14:20:23,0
EXP05290,C04664,New_Product_Page,Treatment,2025-09-06 11:59:33,0
EXP05291,C07808,New_Product_Page,Control,2025-08-24 00:26:39,0
EXP05292,C00721,New_Product_Page,Treatment,2025-10-17 12:59:23,0
EXP05293,C09284,New_Product_Page,Treatment,2025-10-17 05:13:07,0
EXP05294,C01972,New_Product_Page,Control,2025-10-17 04:27:30,0
EXP05295,C07822,New_Product_Page,Control,2025-10-28 23:55:05,0
EXP05296,C08628,New_Product_Page,Control,2025-07-19 01:36:59,0
EXP05297,C05957,New_Product_Page,Control,2025-07-17 10:29:00,0
EXP05298,C09985,New_Product_Page,Control,2025-08-15 00:28:44,0
EXP05299,C04384,New_Product_Page,Control,2025-07-22 15:23:27,0
EXP05300,C04144,New_Product_Page,Treatment,2025-08-31 17:39:40,0
EXP05301,C09898,New_Product_Page,Control,2025-10-05 08:08:22,0
EXP05302,C09361,New_Product_Page,Treatment,2025-08-27 11:50:55,0
EXP05303,C09424,New_Product_Page,Treatment,2025-07-13 06:08:17,1
EXP05304,C00756,New_Product_Page,Treatment,2025-09-21 21:31:11,0
EXP05305,C07163,New_Product_Page,Treatment,2025-09-21 20:38:47,0
EXP05306,C07001,New_Product_Page,Control,2025-07-16 18:05:34,0
EXP05307,C07151,New_Product_Page,Treatment,2025-07-15 00:01:40,0
EXP05308,C06995,New_Product_Page,Treatment,2025-10-09 00:08:06,0
EXP05309,C01187,New_Product_Page,Control,2025-09-02 16:28:34,0
EXP05310,C02193,New_Product_Page,Treatment,2025-08-19 05:29:25,0
EXP05311,C05354,New_Product_Page,Control,2025-10-06 17:33:27,0
EXP05312,C05475,New_Product_Page,Control,2025-08-13 18:11:10,0
EXP05313,C08750,New_Product_Page,Treatment,2025-10-16 10:07:04,0
EXP05314,C06346,New_Product_Page,Control,2025-08-11 21:07:41,0
EXP05315,C09217,New_Product_Page,Control,2025-08-09 05:12:44,0
EXP05316,C01115,New_Product_Page,Treatment,2025-10-02 11:20:44,0
EXP05317,C06456,New_Product_Page,Treatment,2025-09-03 17:49:54,0
EXP05318,C00023,New_Product_Page,Control,2025-08-15 08:47:11,0
EXP05319,C01706,New_Product_Page,Control,2025-07-02 04:47:05,0
EXP05320,C05505,New_Product_Page,Treatment,2025-10-26 09:34:49,0
EXP05321,C03897,New_Product_Page,Treatment,2025-09-13 02:36:31,0
EXP05322,C06102,New_Product_Page,Treatment,2025-09-14 09:04:09,0
EXP05323,C00564,New_Product_Page,Treatment,2025-09-21 06:12:03,0
EXP05324,C08202,New_Product_Page,Control,2025-08-25 20:09:27,0
EXP05325,C00054,New_Product_Page,Treatment,2025-07-23 11:51:08,0
EXP05326,C09055,New_Product_Page,Control,2025-09-21 03:05:25,0
EXP05327,C00172,New_Product_Page,Treatment,2025-08-21 15:26:13,0
EXP05328,C02742,New_Product_Page,Treatment,2025-09-21 17:57:05,0
EXP05329,C05032,New_Product_Page,Control,2025-09-18 20:06:29,0
EXP05330,C06489,New_Product_Page,Control,2025-10-26 22:46:22,0
EXP05331,C01925,New_Product_Page,Control,2025-10-12 00:33:45,0
EXP05332,C08282,New_Product_Page,Treatment,2025-08-31 02:45:05,0
EXP05333,C08518,New_Product_Page,Control,2025-09-02 08:22:12,0
EXP05334,C08016,New_Product_Page,Treatment,2025-10-06 17:41:45,0
EXP05335,C04660,New_Product_Page,Control,2025-07-07 13:22:19,0
EXP05336,C08463,New_Product_Page,Control,2025-10-22 08:59:35,0
EXP05337,C01876,New_Product_Page,Control,2025-08-16 08:01:19,1
EXP05338,C06757,New_Product_Page,Treatment,2025-10-12 01:15:30,0
EXP05339,C01761,New_Product_Page,Treatment,2025-08-08 20:15:29,1
EXP05340,C00270,New_Product_Page,Control,2025-08-23 15:37:38,0
EXP05341,C04051,New_Product_Page,Control,2025-10-10 00:19:55,0
EXP05342,C01861,New_Product_Page,Treatment,2025-08-26 15:39:51,0
EXP05343,C05158,New_Product_Page,Control,2025-07-05 13:58:09,0
EXP05344,C06718,New_Product_Page,Treatment,2025-09-16 21:41:41,1
EXP05345,C05286,New_Product_Page,Control,2025-08-31 00:12:21,0
EXP05346,C07415,New_Product_Page,Control,2025-08-08 18:51:22,0
EXP05347,C04869,New_Product_Page,Control,2025-10-11 22:16:17,0
EXP05348,C00018,New_Product_Page,Control,2025-09-24 10:32:49,0
EXP05349,C08841,New_Product_Page,Control,2025-10-08 18:33:35,0
EXP05350,C01825,New_Product_Page,Treatment,2025-08-24 07:58:00,0
EXP05351,C09521,New_Product_Page,Control,2025-09-26 04:20:53,0
EXP05352,C03045,New_Product_Page,Treatment,2025-08-27 23:59:57,0
EXP05353,C01776,New_Product_Page,Control,2025-10-15 23:46:06,0
EXP05354,C04390,New_Product_Page,Control,2025-08-21 12:51:29,0
EXP05355,C08672,New_Product_Page,Control,2025-10-01 11:35:03,0
EXP05356,C01151,New_Product_Page,Control,2025-07-22 06:49:50,0
EXP05357,C04073,New_Product_Page,Control,2025-08-11 13:19:14,0
EXP05358,C01782,New_Product_Page,Control,2025-07-11 17:16:52,0
EXP05359,C00635,New_Product_Page,Treatment,2025-09-12 04:42:40,0
EXP05360,C00413,New_Product_Page,Control,2025-07-23 10:38:20,0
EXP05361,C07006,New_Product_Page,Control,2025-08-27 20:18:31,0
EXP05362,C06178,New_Product_Page,Control,2025-10-18 10:36:02,0
EXP05363,C03006,New_Product_Page,Control,2025-10-09 08:35:09,1
EXP05364,C07956,New_Product_Page,Control,2025-10-28 18:09:32,0
EXP05365,C09910,New_Product_Page,Treatment,2025-08-03 12:12:06,1
EXP05366,C09246,New_Product_Page,Treatment,2025-07-18 05:57:05,0
EXP05367,C00393,New_Product_Page,Treatment,2025-08-31 14:20:35,0
EXP05368,C03142,New_Product_Page,Treatment,2025-09-24 04:01:27,0
EXP05369,C02927,New_Product_Page,Control,2025-08-09 18:55:26,0
EXP05370,C04867,New_Product_Page,Control,2025-08-20 01:25:42,1
EXP05371,C01839,New_Product_Page,Control,2025-09-23 13:11:38,1
EXP05372,C02915,New_Product_Page,Treatment,2025-10-08 13:52:05,0
EXP05373,C02628,New_Product_Page,Treatment,2025-07-02 11:11:33,0
EXP05374,C09566,New_Product_Page,Control,2025-08-12 03:45:46,1
EXP05375,C05553,New_Product_Page,Control,2025-09-12 21:13:10,0
EXP05376,C01418,New_Product_Page,Treatment,2025-07-29 07:08:06,0
EXP05377,C08946,New_Product_Page,Control,2025-09-24 07:49:46,0
EXP05378,C07674,New_Product_Page,Control,2025-07-19 23:21:03,0
EXP05379,C07443,New_Product_Page,Treatment,2025-10-11 13:17:58,0
EXP05380,C03757,New_Product_Page,Treatment,2025-08-25 08:25:55,0
EXP05381,C01485,New_Product_Page,Treatment,2025-09-14 10:52:16,0
EXP05382,C00115,New_Product_Page,Control,2025-10-10 16:24:26,0
EXP05383,C03683,New_Product_Page,Treatment,2025-08-05 10:30:09,0
EXP05384,C05317,New_Product_Page,Treatment,2025-09-25 06:18:27,0
EXP05385,C06383,New_Product_Page,Treatment,2025-09-12 16:59:14,0
EXP05386,C02678,New_Product_Page,Control,2025-08-30 06:12:23,0
EXP05387,C05842,New_Product_Page,Control,2025-08-26 15:09:31,0
EXP05388,C04277,New_Product_Page,Control,2025-09-26 03:32:09,0
EXP05389,C02632,New_Product_Page,Control,2025-07-22 09:12:14,0
EXP05390,C05648,New_Product_Page,Control,2025-07-09 07:30:05,0
EXP05391,C09873,New_Product_Page,Treatment,2025-10-29 02:40:50,0
EXP05392,C08300,New_Product_Page,Treatment,2025-08-05 20:41:49,0
EXP05393,C07343,New_Product_Page,Treatment,2025-07-19 19:39:43,0
EXP05394,C07085,New_Product_Page,Control,2025-09-15 16:05:56,0
EXP05395,C01842,New_Product_Page,Control,2025-09-09 15:25:40,0
EXP05396,C04728,New_Product_Page,Control,2025-10-14 02:53:00,0
EXP05397,C05721,New_Product_Page,Treatment,2025-07-17 01:07:33,0
EXP05398,C00822,New_Product_Page,Control,2025-08-20 19:57:02,0
EXP05399,C04021,New_Product_Page,Control,2025-07-09 13:23:07,0
EXP05400,C04672,New_Product_Page,Treatment,2025-07-24 11:44:16,0
EXP05401,C05555,New_Product_Page,Treatment,2025-07-19 10:49:32,0
EXP05402,C00972,New_Product_Page,Control,2025-08-16 12:10:53,0
EXP05403,C07717,New_Product_Page,Control,2025-09-01 00:32:38,0
EXP05404,C06693,New_Product_Page,Treatment,2025-07-19 22:09:46,0
EXP05405,C08244,New_Product_Page,Treatment,2025-08-19 00:28:10,0
EXP05406,C06088,New_Product_Page,Control,2025-10-13 13:08:41,0
EXP05407,C07735,New_Product_Page,Control,2025-10-16 16:57:11,0
EXP05408,C06028,New_Product_Page,Control,2025-09-19 10:56:56,0
EXP05409,C00006,New_Product_Page,Treatment,2025-07-18 23:53:15,1
EXP05410,C03524,New_Product_Page,Treatment,2025-10-24 19:15:21,0
EXP05411,C06218,New_Product_Page,Treatment,2025-10-31 07:33:22,0
EXP05412,C00934,New_Product_Page,Control,2025-08-29 07:22:49,0
EXP05413,C02240,New_Product_Page,Control,2025-10-02 06:26:12,0
EXP05414,C06744,New_Product_Page,Treatment,2025-09-04 01:04:08,0
EXP05415,C05377,New_Product_Page,Treatment,2025-10-07 10:16:33,0
EXP05416,C09312,New_Product_Page,Treatment,2025-07-30 12:54:42,0
EXP05417,C00849,New_Product_Page,Treatment,2025-08-30 06:57:43,0
EXP05418,C04109,New_Product_Page,Treatment,2025-08-30 10:15:24,0
EXP05419,C09360,New_Product_Page,Treatment,2025-07-20 22:12:16,0
EXP05420,C03309,New_Product_Page,Control,2025-09-21 01:28:24,0
EXP05421,C02099,New_Product_Page,Treatment,2025-09-24 04:57:31,0
EXP05422,C02174,New_Product_Page,Control,2025-07-25 06:35:28,0
EXP05423,C01614,New_Product_Page,Treatment,2025-10-05 21:53:39,0
EXP05424,C03066,New_Product_Page,Treatment,2025-07-22 05:36:22,0
EXP05425,C06117,New_Product_Page,Control,2025-10-27 12:39:52,1
EXP05426,C04290,New_Product_Page,Treatment,2025-09-20 07:17:33,0
EXP05427,C01814,New_Product_Page,Control,2025-07-05 11:05:53,0
EXP05428,C05484,New_Product_Page,Control,2025-09-03 02:46:34,0
EXP05429,C04323,New_Product_Page,Treatment,2025-08-11 07:02:21,0
EXP05430,C03290,New_Product_Page,Treatment,2025-08-22 04:45:18,0
EXP05431,C06631,New_Product_Page,Treatment,2025-08-14 23:14:33,0
EXP05432,C02531,New_Product_Page,Treatment,2025-07-05 04:56:06,0
EXP05433,C02558,New_Product_Page,Control,2025-08-26 11:55:56,0
EXP05434,C08930,New_Product_Page,Treatment,2025-10-30 09:43:04,0
EXP05435,C05872,New_Product_Page,Treatment,2025-10-17 13:29:47,0
EXP05436,C08530,New_Product_Page,Treatment,2025-09-18 17:40:11,0
EXP05437,C04367,New_Product_Page,Treatment,2025-09-12 08:37:50,0
EXP05438,C01941,New_Product_Page,Treatment,2025-09-15 22:01:35,0
EXP05439,C06026,New_Product_Page,Control,2025-10-18 20:38:52,0
EXP05440,C09721,New_Product_Page,Control,2025-08-03 22:29:45,1
EXP05441,C06156,New_Product_Page,Control,2025-07-14 01:56:27,0
EXP05442,C06901,New_Product_Page,Control,2025-08-25 23:57:32,0
EXP05443,C03876,New_Product_Page,Control,2025-07-19 03:56:52,0
EXP05444,C00020,New_Product_Page,Control,2025-10-02 12:35:12,0
EXP05445,C09758,New_Product_Page,Control,2025-08-19 03:40:36,0
EXP05446,C01603,New_Product_Page,Treatment,2025-07-02 03:56:21,0
EXP05447,C05644,New_Product_Page,Control,2025-09-25 15:21:00,1
EXP05448,C09381,New_Product_Page,Control,2025-10-22 03:17:34,0
EXP05449,C03298,New_Product_Page,Treatment,2025-08-12 23:34:33,0
EXP05450,C07190,New_Product_Page,Treatment,2025-09-19 12:06:17,1
EXP05451,C08902,New_Product_Page,Treatment,2025-09-14 22:17:41,1
EXP05452,C01910,New_Product_Page,Control,2025-08-28 05:28:20,0
EXP05453,C09313,New_Product_Page,Treatment,2025-08-20 15:14:43,0
EXP05454,C03727,New_Product_Page,Control,2025-07-27 02:17:16,0
EXP05455,C07473,New_Product_Page,Treatment,2025-08-29 08:45:35,0
EXP05456,C02939,New_Product_Page,Treatment,2025-10-26 00:01:43,0
EXP05457,C04333,New_Product_Page,Control,2025-10-04 15:58:49,0
EXP05458,C03688,New_Product_Page,Treatment,2025-07-01 12:59:31,0
EXP05459,C04628,New_Product_Page,Control,2025-09-03 17:02:32,0
EXP05460,C00206,New_Product_Page,Control,2025-09-10 06:16:35,0
EXP05461,C03870,New_Product_Page,Control,2025-07-26 10:22:02,0
EXP05462,C02144,New_Product_Page,Treatment,2025-07-09 11:01:21,0
EXP05463,C04716,New_Product_Page,Treatment,2025-10-28 00:13:58,0
EXP05464,C03874,New_Product_Page,Control,2025-10-06 20:46:16,0
EXP05465,C07013,New_Product_Page,Control,2025-10-09 15:41:52,1
EXP05466,C00309,New_Product_Page,Control,2025-09-19 14:35:32,0
EXP05467,C06979,New_Product_Page,Control,2025-07-16 14:59:54,0
EXP05468,C09430,New_Product_Page,Control,2025-10-30 13:52:05,0
EXP05469,C03758,New_Product_Page,Treatment,2025-09-04 18:27:46,0
EXP05470,C08944,New_Product_Page,Treatment,2025-07-16 22:31:48,0
EXP05471,C02091,New_Product_Page,Treatment,2025-07-25 18:53:17,0
EXP05472,C07508,New_Product_Page,Treatment,2025-09-23 19:23:13,0
EXP05473,C06729,New_Product_Page,Control,2025-09-05 10:22:55,0
EXP05474,C07616,New_Product_Page,Control,2025-08-09 12:12:36,1
EXP05475,C04499,New_Product_Page,Treatment,2025-09-28 18:49:32,0
EXP05476,C07263,New_Product_Page,Control,2025-09-29 14:25:58,0
EXP05477,C05064,New_Product_Page,Treatment,2025-09-06 22:11:51,0
EXP05478,C05937,New_Product_Page,Control,2025-08-16 20:26:17,0
EXP05479,C03330,New_Product_Page,Control,2025-07-14 11:14:14,0
EXP05480,C06304,New_Product_Page,Control,2025-10-03 02:36:59,0
EXP05481,C02798,New_Product_Page,Treatment,2025-09-23 12:50:40,0
EXP05482,C08951,New_Product_Page,Treatment,2025-10-06 20:38:33,0
EXP05483,C03605,New_Product_Page,Control,2025-09-18 13:05:45,0
EXP05484,C05166,New_Product_Page,Control,2025-09-08 04:40:55,0
EXP05485,C00690,New_Product_Page,Treatment,2025-09-27 19:16:16,0
EXP05486,C07462,New_Product_Page,Control,2025-08-20 23:55:10,0
EXP05487,C05588,New_Product_Page,Control,2025-09-11 19:23:55,0
EXP05488,C03740,New_Product_Page,Treatment,2025-08-21 10:47:46,0
EXP05489,C05200,New_Product_Page,Treatment,2025-10-11 05:19:22,0
EXP05490,C05737,New_Product_Page,Treatment,2025-08-22 01:05:38,1
EXP05491,C09230,New_Product_Page,Control,2025-09-08 05:35:32,0
EXP05492,C01174,New_Product_Page,Control,2025-07-31 01:59:59,0
EXP05493,C04958,New_Product_Page,Control,2025-10-12 20:40:26,0
EXP05494,C07885,New_Product_Page,Treatment,2025-09-08 05:43:06,0
EXP05495,C02684,New_Product_Page,Control,2025-07-17 05:26:00,0
EXP05496,C06814,New_Product_Page,Control,2025-07-07 10:40:13,0
EXP05497,C09930,New_Product_Page,Control,2025-09-04 02:08:18,0
EXP05498,C06009,New_Product_Page,Control,2025-09-17 08:23:48,0
EXP05499,C07256,New_Product_Page,Control,2025-10-06 05:13:07,0
EXP05500,C05864,New_Product_Page,Treatment,2025-10-11 01:06:40,0
EXP05501,C01973,New_Product_Page,Control,2025-08-31 01:11:58,0
EXP05502,C08738,New_Product_Page,Treatment,2025-10-05 10:46:36,0
EXP05503,C09550,New_Product_Page,Control,2025-09-14 00:00:26,0
EXP05504,C01177,New_Product_Page,Control,2025-08-24 03:59:33,0
EXP05505,C05673,New_Product_Page,Control,2025-09-03 08:29:56,0
EXP05506,C01700,New_Product_Page,Control,2025-10-28 19:15:18,0
EXP05507,C04519,New_Product_Page,Treatment,2025-08-08 05:12:27,0
EXP05508,C02724,New_Product_Page,Control,2025-07-29 14:11:49,0
EXP05509,C03852,New_Product_Page,Treatment,2025-09-26 08:24:22,1
EXP05510,C04530,New_Product_Page,Treatment,2025-10-08 02:31:36,0
EXP05511,C00426,New_Product_Page,Treatment,2025-08-09 10:22:26,0
EXP05512,C04544,New_Product_Page,Treatment,2025-10-17 10:11:07,1
EXP05513,C02534,New_Product_Page,Control,2025-07-26 18:27:22,0
EXP05514,C01255,New_Product_Page,Treatment,2025-10-11 20:17:54,1
EXP05515,C01955,New_Product_Page,Control,2025-10-18 16:40:44,0
EXP05516,C06893,New_Product_Page,Treatment,2025-07-23 11:58:53,0
EXP05517,C04370,New_Product_Page,Control,2025-09-14 10:14:45,0
EXP05518,C07166,New_Product_Page,Control,2025-08-25 06:52:20,0
EXP05519,C00361,New_Product_Page,Treatment,2025-08-27 11:10:00,0
EXP05520,C08378,New_Product_Page,Treatment,2025-08-25 03:43:50,0
EXP05521,C06309,New_Product_Page,Control,2025-10-16 18:07:59,0
EXP05522,C00998,New_Product_Page,Control,2025-07-14 03:44:14,1
EXP05523,C00599,New_Product_Page,Control,2025-08-29 20:57:34,0
EXP05524,C02761,New_Product_Page,Control,2025-08-23 08:25:09,0
EXP05525,C08481,New_Product_Page,Control,2025-07-01 14:27:39,0
EXP05526,C08601,New_Product_Page,Treatment,2025-08-26 21:14:34,0
EXP05527,C02185,New_Product_Page,Treatment,2025-10-06 14:43:46,0
EXP05528,C02991,New_Product_Page,Control,2025-07-15 12:00:27,0
EXP05529,C08797,New_Product_Page,Treatment,2025-08-10 04:22:22,0
EXP05530,C08608,New_Product_Page,Treatment,2025-08-30 18:10:50,0
EXP05531,C06654,New_Product_Page,Control,2025-08-01 18:30:23,0
EXP05532,C09398,New_Product_Page,Treatment,2025-08-08 17:24:36,1
EXP05533,C05569,New_Product_Page,Control,2025-07-03 02:15:11,0
EXP05534,C09370,New_Product_Page,Control,2025-08-30 06:14:37,0
EXP05535,C06499,New_Product_Page,Control,2025-09-03 01:08:16,0
EXP05536,C09033,New_Product_Page,Control,2025-08-08 07:41:02,0
EXP05537,C04401,New_Product_Page,Control,2025-10-25 21:51:47,0
EXP05538,C01963,New_Product_Page,Treatment,2025-10-12 11:30:42,0
EXP05539,C08785,New_Product_Page,Treatment,2025-07-23 17:47:49,0
EXP05540,C05867,New_Product_Page,Control,2025-09-19 12:15:54,0
EXP05541,C01998,New_Product_Page,Control,2025-08-12 21:36:50,0
EXP05542,C00324,New_Product_Page,Treatment,2025-07-20 22:48:29,0
EXP05543,C01601,New_Product_Page,Treatment,2025-07-28 23:17:35,0
EXP05544,C00368,New_Product_Page,Treatment,2025-10-11 22:56:53,0
EXP05545,C06463,New_Product_Page,Control,2025-10-14 23:34:27,0
EXP05546,C08524,New_Product_Page,Treatment,2025-09-10 07:56:46,0
EXP05547,C06254,New_Product_Page,Control,2025-07-08 07:09:40,1
EXP05548,C08770,New_Product_Page,Treatment,2025-07-12 14:39:20,0
EXP05549,C08545,New_Product_Page,Control,2025-08-10 04:40:59,0
EXP05550,C04564,New_Product_Page,Treatment,2025-07-02 08:44:59,1
EXP05551,C04336,New_Product_Page,Treatment,2025-10-26 12:52:24,0
EXP05552,C04174,New_Product_Page,Treatment,2025-10-12 09:53:03,0
EXP05553,C07469,New_Product_Page,Treatment,2025-08-15 13:10:22,0
EXP05554,C05489,New_Product_Page,Control,2025-08-12 08:30:44,0
EXP05555,C08198,New_Product_Page,Treatment,2025-07-19 00:07:51,0
EXP05556,C05086,New_Product_Page,Control,2025-10-23 18:53:23,0
EXP05557,C07755,New_Product_Page,Treatment,2025-07-12 23:43:04,0
EXP05558,C00901,New_Product_Page,Treatment,2025-10-30 13:44:27,0
EXP05559,C02590,New_Product_Page,Treatment,2025-08-21 12:32:46,1
EXP05560,C08911,New_Product_Page,Treatment,2025-07-28 01:32:27,0
EXP05561,C08277,New_Product_Page,Control,2025-09-09 15:41:29,0
EXP05562,C02285,New_Product_Page,Treatment,2025-08-24 02:06:55,1
EXP05563,C00321,New_Product_Page,Control,2025-09-30 03:07:36,0
EXP05564,C09164,New_Product_Page,Control,2025-08-26 08:25:16,0
EXP05565,C03916,New_Product_Page,Control,2025-07-02 21:17:50,0
EXP05566,C03296,New_Product_Page,Control,2025-07-24 02:49:13,0
EXP05567,C02616,New_Product_Page,Control,2025-07-16 23:06:52,0
EXP05568,C00821,New_Product_Page,Treatment,2025-10-28 05:48:09,0
EXP05569,C02043,New_Product_Page,Treatment,2025-08-04 18:51:31,0
EXP05570,C03071,New_Product_Page,Treatment,2025-10-08 12:41:53,1
EXP05571,C01458,New_Product_Page,Control,2025-08-13 04:36:15,1
EXP05572,C03322,New_Product_Page,Control,2025-08-17 17:44:10,0
EXP05573,C08685,New_Product_Page,Treatment,2025-08-31 17:27:09,0
EXP05574,C03971,New_Product_Page,Control,2025-08-24 04:06:10,0
EXP05575,C04281,New_Product_Page,Control,2025-10-12 01:16:30,0
EXP05576,C04903,New_Product_Page,Treatment,2025-07-22 13:49:28,0
EXP05577,C04917,New_Product_Page,Treatment,2025-10-17 14:04:52,0
EXP05578,C08766,New_Product_Page,Treatment,2025-10-29 18:50:21,1
EXP05579,C09353,New_Product_Page,Treatment,2025-08-21 20:22:02,0
EXP05580,C01330,New_Product_Page,Control,2025-08-21 00:32:48,0
EXP05581,C06370,New_Product_Page,Control,2025-10-03 15:44:05,1
EXP05582,C08232,New_Product_Page,Treatment,2025-10-28 00:02:27,0
EXP05583,C03169,New_Product_Page,Treatment,2025-07-03 16:24:22,0
EXP05584,C06406,New_Product_Page,Treatment,2025-10-20 04:53:43,0
EXP05585,C06267,New_Product_Page,Treatment,2025-07-12 16:42:58,0
EXP05586,C07102,New_Product_Page,Control,2025-10-22 11:53:03,0
EXP05587,C05363,New_Product_Page,Control,2025-08-13 04:19:10,0
EXP05588,C08387,New_Product_Page,Treatment,2025-09-25 14:39:32,0
EXP05589,C02391,New_Product_Page,Treatment,2025-07-07 04:37:32,0
EXP05590,C00095,New_Product_Page,Treatment,2025-10-16 09:31:43,0
EXP05591,C06478,New_Product_Page,Control,2025-09-19 13:46:49,0
EXP05592,C05893,New_Product_Page,Treatment,2025-09-22 00:28:31,1
EXP05593,C09791,New_Product_Page,Control,2025-08-13 18:55:17,0
EXP05594,C02468,New_Product_Page,Treatment,2025-07-28 16:29:32,0
EXP05595,C07441,New_Product_Page,Treatment,2025-09-08 23:39:19,0
EXP05596,C05611,New_Product_Page,Control,2025-07-18 01:40:40,0
EXP05597,C07978,New_Product_Page,Control,2025-07-09 05:44:43,0
EXP05598,C03179,New_Product_Page,Treatment,2025-09-03 03:28:09,0
EXP05599,C09006,New_Product_Page,Treatment,2025-10-25 01:51:20,0
EXP05600,C08676,New_Product_Page,Treatment,2025-10-16 19:55:25,0
EXP05601,C06431,New_Product_Page,Control,2025-09-22 04:00:16,0
EXP05602,C06737,New_Product_Page,Treatment,2025-08-25 09:34:35,0
EXP05603,C01957,New_Product_Page,Control,2025-07-15 22:25:28,0
EXP05604,C03450,New_Product_Page,Treatment,2025-08-08 15:49:16,0
EXP05605,C09472,New_Product_Page,Treatment,2025-08-20 11:20:59,0
EXP05606,C00162,New_Product_Page,Treatment,2025-09-07 18:27:10,0
EXP05607,C07392,New_Product_Page,Treatment,2025-07-20 00:42:28,0
EXP05608,C06060,New_Product_Page,Control,2025-09-11 15:07:42,0
EXP05609,C04454,New_Product_Page,Treatment,2025-07-15 10:17:02,0
EXP05610,C04256,New_Product_Page,Treatment,2025-08-29 20:15:05,0
EXP05611,C04130,New_Product_Page,Control,2025-10-10 08:42:34,0
EXP05612,C00711,New_Product_Page,Treatment,2025-09-29 02:25:59,0
EXP05613,C03542,New_Product_Page,Control,2025-07-02 14:39:26,0
EXP05614,C05850,New_Product_Page,Treatment,2025-10-02 23:28:45,0
EXP05615,C07843,New_Product_Page,Treatment,2025-09-07 02:19:02,0
EXP05616,C08173,New_Product_Page,Control,2025-07-30 16:46:54,0
EXP05617,C09776,New_Product_Page,Control,2025-08-04 01:37:03,0
EXP05618,C01533,New_Product_Page,Treatment,2025-08-02 04:51:55,0
EXP05619,C06410,New_Product_Page,Control,2025-09-16 15:59:56,0
EXP05620,C05912,New_Product_Page,Control,2025-07-26 10:41:30,0
EXP05621,C04197,New_Product_Page,Treatment,2025-08-06 01:47:52,0
EXP05622,C07934,New_Product_Page,Control,2025-09-16 00:49:11,0
EXP05623,C02857,New_Product_Page,Treatment,2025-07-13 01:55:05,0
EXP05624,C02886,New_Product_Page,Treatment,2025-07-27 01:02:01,0
EXP05625,C02613,New_Product_Page,Control,2025-07-02 21:33:05,0
EXP05626,C04891,New_Product_Page,Control,2025-07-23 01:00:23,0
EXP05627,C04724,New_Product_Page,Control,2025-10-24 10:28:16,0
EXP05628,C06007,New_Product_Page,Control,2025-07-23 02:36:45,0
EXP05629,C00113,New_Product_Page,Control,2025-09-17 15:29:26,1
EXP05630,C03192,New_Product_Page,Control,2025-07-24 18:46:55,0
EXP05631,C09206,New_Product_Page,Control,2025-10-14 10:56:27,0
EXP05632,C03522,New_Product_Page,Treatment,2025-09-01 17:47:09,0
EXP05633,C02555,New_Product_Page,Treatment,2025-08-03 10:17:55,0
EXP05634,C06935,New_Product_Page,Control,2025-08-25 15:58:46,0
EXP05635,C01260,New_Product_Page,Treatment,2025-07-13 05:49:14,0
EXP05636,C03446,New_Product_Page,Treatment,2025-10-07 00:29:45,0
EXP05637,C08677,New_Product_Page,Treatment,2025-07-11 05:01:44,0
EXP05638,C05496,New_Product_Page,Control,2025-07-16 00:59:16,0
EXP05639,C05952,New_Product_Page,Treatment,2025-09-07 15:47:13,0
EXP05640,C06761,New_Product_Page,Treatment,2025-08-12 11:12:24,0
EXP05641,C06336,New_Product_Page,Treatment,2025-07-06 20:09:34,0
EXP05642,C07049,New_Product_Page,Control,2025-07-03 01:45:35,0
EXP05643,C04820,New_Product_Page,Control,2025-08-20 11:45:35,0
EXP05644,C01928,New_Product_Page,Control,2025-07-24 05:34:51,0
EXP05645,C04925,New_Product_Page,Control,2025-07-01 06:50:26,0
EXP05646,C01806,New_Product_Page,Treatment,2025-08-08 14:39:07,0
EXP05647,C07119,New_Product_Page,Control,2025-08-11 22:09:00,0
EXP05648,C06298,New_Product_Page,Control,2025-08-03 17:16:01,0
EXP05649,C08914,New_Product_Page,Treatment,2025-07-23 06:52:47,0
EXP05650,C05340,New_Product_Page,Treatment,2025-08-29 09:08:35,0
EXP05651,C03950,New_Product_Page,Treatment,2025-10-17 14:31:00,0
EXP05652,C05892,New_Product_Page,Treatment,2025-09-19 05:34:13,1
EXP05653,C06083,New_Product_Page,Control,2025-09-08 16:55:27,0
EXP05654,C07683,New_Product_Page,Control,2025-10-24 04:35:22,0
EXP05655,C02277,New_Product_Page,Control,2025-08-12 07:49:12,0
EXP05656,C09000,New_Product_Page,Control,2025-10-04 02:56:33,0
EXP05657,C03972,New_Product_Page,Control,2025-07-05 14:15:19,0
EXP05658,C09891,New_Product_Page,Control,2025-09-30 10:48:25,0
EXP05659,C07584,New_Product_Page,Control,2025-07-07 09:21:02,0
EXP05660,C05165,New_Product_Page,Treatment,2025-08-08 19:07:39,0
EXP05661,C08325,New_Product_Page,Control,2025-07-12 02:21:12,0
EXP05662,C07858,New_Product_Page,Treatment,2025-09-30 07:41:29,0
EXP05663,C03373,New_Product_Page,Control,2025-08-31 22:51:19,1
EXP05664,C08461,New_Product_Page,Control,2025-09-09 08:30:41,0
EXP05665,C01670,New_Product_Page,Control,2025-09-22 13:43:37,0
EXP05666,C09136,New_Product_Page,Control,2025-07-25 09:13:01,0
EXP05667,C05840,New_Product_Page,Treatment,2025-09-12 09:51:11,0
EXP05668,C07985,New_Product_Page,Control,2025-09-20 20:02:04,0
EXP05669,C09684,New_Product_Page,Treatment,2025-08-18 22:56:34,0
EXP05670,C07055,New_Product_Page,Control,2025-08-29 19:14:43,0
EXP05671,C03720,New_Product_Page,Control,2025-09-15 13:29:37,0
EXP05672,C06930,New_Product_Page,Treatment,2025-08-08 10:12:53,0
EXP05673,C05277,New_Product_Page,Control,2025-07-03 19:25:53,0
EXP05674,C02162,New_Product_Page,Treatment,2025-07-10 20:32:29,0
EXP05675,C08680,New_Product_Page,Control,2025-07-30 14:15:16,0
EXP05676,C03697,New_Product_Page,Treatment,2025-10-03 09:23:48,0
EXP05677,C00772,New_Product_Page,Treatment,2025-09-29 08:49:38,0
EXP05678,C06453,New_Product_Page,Control,2025-09-13 06:05:33,0
EXP05679,C07327,New_Product_Page,Treatment,2025-07-19 21:29:24,0
EXP05680,C04472,New_Product_Page,Control,2025-10-02 05:19:50,1
EXP05681,C03429,New_Product_Page,Control,2025-10-16 22:29:10,0
EXP05682,C06870,New_Product_Page,Control,2025-10-04 22:21:50,0
EXP05683,C00871,New_Product_Page,Control,2025-08-11 21:59:57,0
EXP05684,C08486,New_Product_Page,Treatment,2025-10-03 07:54:53,0
EXP05685,C08320,New_Product_Page,Control,2025-10-04 12:24:47,0
EXP05686,C04038,New_Product_Page,Control,2025-08-04 17:24:09,0
EXP05687,C05834,New_Product_Page,Control,2025-10-19 07:09:28,1
EXP05688,C08576,New_Product_Page,Control,2025-08-19 01:19:25,0
EXP05689,C06301,New_Product_Page,Treatment,2025-08-06 12:56:21,0
EXP05690,C06063,New_Product_Page,Control,2025-10-06 06:54:35,0
EXP05691,C03562,New_Product_Page,Control,2025-10-17 14:32:37,0
EXP05692,C02765,New_Product_Page,Treatment,2025-08-05 03:41:57,0
EXP05693,C04045,New_Product_Page,Treatment,2025-09-16 02:01:18,1
EXP05694,C01678,New_Product_Page,Treatment,2025-08-10 10:09:27,0
EXP05695,C04352,New_Product_Page,Treatment,2025-09-22 10:28:21,0
EXP05696,C09735,New_Product_Page,Control,2025-07-09 06:28:12,0
EXP05697,C08365,New_Product_Page,Treatment,2025-10-03 07:53:23,0
EXP05698,C09288,New_Product_Page,Treatment,2025-07-25 12:44:35,0
EXP05699,C02075,New_Product_Page,Control,2025-10-22 03:48:29,0
EXP05700,C09415,New_Product_Page,Treatment,2025-09-17 23:28:58,0
EXP05701,C08668,New_Product_Page,Control,2025-07-02 18:55:53,0
EXP05702,C02156,New_Product_Page,Treatment,2025-08-14 00:33:06,0
EXP05703,C00254,New_Product_Page,Control,2025-09-17 11:14:41,0
EXP05704,C04533,New_Product_Page,Treatment,2025-10-20 16:08:05,0
EXP05705,C06308,New_Product_Page,Control,2025-09-01 22:24:09,0
EXP05706,C08170,New_Product_Page,Treatment,2025-08-01 11:28:49,0
EXP05707,C05096,New_Product_Page,Control,2025-08-22 07:26:44,0
EXP05708,C00140,New_Product_Page,Control,2025-09-19 02:24:35,0
EXP05709,C03273,New_Product_Page,Treatment,2025-08-16 03:18:32,0
EXP05710,C02443,New_Product_Page,Control,2025-09-07 10:49:05,0
EXP05711,C03098,New_Product_Page,Control,2025-07-18 13:12:22,0
EXP05712,C07572,New_Product_Page,Control,2025-08-06 08:09:23,0
EXP05713,C04017,New_Product_Page,Control,2025-10-21 08:52:16,0
EXP05714,C08552,New_Product_Page,Control,2025-08-25 23:17:37,0
EXP05715,C06896,New_Product_Page,Treatment,2025-07-21 15:08:56,0
EXP05716,C04349,New_Product_Page,Treatment,2025-07-30 19:23:00,0
EXP05717,C09389,New_Product_Page,Treatment,2025-10-14 18:53:07,0
EXP05718,C06250,New_Product_Page,Treatment,2025-08-02 03:37:02,0
EXP05719,C08580,New_Product_Page,Treatment,2025-09-13 18:41:44,0
EXP05720,C06656,New_Product_Page,Control,2025-07-14 12:30:55,0
EXP05721,C06330,New_Product_Page,Treatment,2025-07-30 19:55:04,0
EXP05722,C05765,New_Product_Page,Treatment,2025-09-16 03:05:53,0
EXP05723,C06264,New_Product_Page,Control,2025-09-21 02:15:12,0
EXP05724,C02664,New_Product_Page,Treatment,2025-08-27 08:25:25,0
EXP05725,C06152,New_Product_Page,Treatment,2025-10-27 13:51:26,0
EXP05726,C03921,New_Product_Page,Control,2025-08-30 15:43:22,0
EXP05727,C04574,New_Product_Page,Treatment,2025-09-02 14:45:06,0
EXP05728,C01688,New_Product_Page,Control,2025-07-06 07:42:48,0
EXP05729,C06869,New_Product_Page,Control,2025-09-17 16:17:45,0
EXP05730,C05656,New_Product_Page,Treatment,2025-08-23 01:04:20,0
EXP05731,C01085,New_Product_Page,Treatment,2025-07-23 19:52:20,0
EXP05732,C00979,New_Product_Page,Treatment,2025-09-27 17:29:36,0
EXP05733,C01607,New_Product_Page,Control,2025-08-20 12:08:56,0
EXP05734,C07875,New_Product_Page,Treatment,2025-10-02 08:29:37,0
EXP05735,C08428,New_Product_Page,Treatment,2025-08-29 02:19:56,0
EXP05736,C00601,New_Product_Page,Treatment,2025-10-19 11:20:58,0
EXP05737,C02646,New_Product_Page,Control,2025-10-17 02:48:24,0
EXP05738,C00748,New_Product_Page,Control,2025-07-23 12:57:27,0
EXP05739,C05520,New_Product_Page,Control,2025-07-05 20:41:40,0
EXP05740,C02579,New_Product_Page,Control,2025-09-17 10:47:27,0
EXP05741,C05587,New_Product_Page,Treatment,2025-08-25 04:30:35,0
EXP05742,C07476,New_Product_Page,Treatment,2025-10-29 07:55:58,0
EXP05743,C06018,New_Product_Page,Treatment,2025-08-06 14:37:46,0
EXP05744,C09297,New_Product_Page,Control,2025-08-04 14:05:25,0
EXP05745,C08610,New_Product_Page,Treatment,2025-10-20 14:01:10,0
EXP05746,C07844,New_Product_Page,Control,2025-08-22 14:38:02,0
EXP05747,C08883,New_Product_Page,Control,2025-10-16 05:47:09,0
EXP05748,C09435,New_Product_Page,Control,2025-08-08 14:29:21,0
EXP05749,C07157,New_Product_Page,Control,2025-09-10 00:59:36,0
EXP05750,C09091,New_Product_Page,Control,2025-08-19 06:18:20,1
EXP05751,C09202,New_Product_Page,Treatment,2025-10-05 23:13:03,0
EXP05752,C07807,New_Product_Page,Treatment,2025-09-18 09:50:39,0
EXP05753,C07286,New_Product_Page,Treatment,2025-10-14 15:16:53,0
EXP05754,C01605,New_Product_Page,Control,2025-09-14 07:19:14,0
EXP05755,C04589,New_Product_Page,Treatment,2025-08-11 22:42:43,0
EXP05756,C08399,New_Product_Page,Control,2025-10-17 10:59:56,0
EXP05757,C05197,New_Product_Page,Treatment,2025-08-21 12:29:34,0
EXP05758,C01320,New_Product_Page,Treatment,2025-08-10 22:04:04,0
EXP05759,C08000,New_Product_Page,Treatment,2025-08-29 03:52:50,1
EXP05760,C08405,New_Product_Page,Treatment,2025-09-11 15:35:46,0
EXP05761,C08571,New_Product_Page,Control,2025-07-31 17:34:29,0
EXP05762,C03807,New_Product_Page,Treatment,2025-10-23 13:19:37,0
EXP05763,C02360,New_Product_Page,Treatment,2025-09-17 23:49:35,0
EXP05764,C02347,New_Product_Page,Control,2025-09-14 02:26:53,0
EXP05765,C08449,New_Product_Page,Treatment,2025-10-27 20:54:57,1
EXP05766,C02126,New_Product_Page,Treatment,2025-07-20 19:47:48,0
EXP05767,C07380,New_Product_Page,Treatment,2025-07-28 11:43:55,0
EXP05768,C04458,New_Product_Page,Treatment,2025-10-30 05:45:44,0
EXP05769,C09696,New_Product_Page,Control,2025-07-20 10:09:17,0
EXP05770,C05992,New_Product_Page,Control,2025-09-01 03:16:33,0
EXP05771,C08673,New_Product_Page,Control,2025-08-21 18:47:37,0
EXP05772,C03937,New_Product_Page,Control,2025-10-13 12:57:22,1
EXP05773,C01618,New_Product_Page,Treatment,2025-08-20 18:57:34,0
EXP05774,C03058,New_Product_Page,Control,2025-08-11 17:10:37,0
EXP05775,C01207,New_Product_Page,Control,2025-10-06 23:32:11,0
EXP05776,C06805,New_Product_Page,Treatment,2025-08-22 18:12:48,0
EXP05777,C07547,New_Product_Page,Treatment,2025-08-05 06:17:21,0
EXP05778,C04118,New_Product_Page,Treatment,2025-07-02 23:40:03,0
EXP05779,C00430,New_Product_Page,Treatment,2025-10-31 20:17:13,0
EXP05780,C05706,New_Product_Page,Control,2025-08-28 01:39:51,0
EXP05781,C09318,New_Product_Page,Treatment,2025-08-11 14:01:15,0
EXP05782,C07405,New_Product_Page,Control,2025-07-03 14:47:45,0
EXP05783,C03445,New_Product_Page,Treatment,2025-08-02 18:11:29,0
EXP05784,C04220,New_Product_Page,Control,2025-07-26 20:56:53,0
EXP05785,C00048,New_Product_Page,Control,2025-10-30 03:02:28,0
EXP05786,C09001,New_Product_Page,Treatment,2025-09-18 18:32:39,1
EXP05787,C00428,New_Product_Page,Control,2025-09-15 10:28:59,0
EXP05788,C07991,New_Product_Page,Treatment,2025-10-28 05:30:13,0
EXP05789,C02105,New_Product_Page,Treatment,2025-07-06 03:23:07,0
EXP05790,C02656,New_Product_Page,Control,2025-08-29 13:11:33,0
EXP05791,C01503,New_Product_Page,Treatment,2025-08-14 07:17:21,0
EXP05792,C00547,New_Product_Page,Control,2025-10-15 12:28:57,0
EXP05793,C09925,New_Product_Page,Treatment,2025-09-23 11:59:19,0
EXP05794,C05237,New_Product_Page,Control,2025-07-18 00:34:06,0
EXP05795,C00205,New_Product_Page,Treatment,2025-10-13 00:49:39,1
EXP05796,C03139,New_Product_Page,Treatment,2025-08-26 04:52:31,0
EXP05797,C05917,New_Product_Page,Treatment,2025-10-30 00:57:40,0
EXP05798,C03117,New_Product_Page,Control,2025-10-13 07:00:50,0
EXP05799,C09949,New_Product_Page,Control,2025-07-07 18:42:40,0
EXP05800,C01971,New_Product_Page,Treatment,2025-07-19 20:54:31,0
EXP05801,C09088,New_Product_Page,Control,2025-07-17 22:49:47,0
EXP05802,C08037,New_Product_Page,Treatment,2025-07-10 06:37:25,0
EXP05803,C08076,New_Product_Page,Treatment,2025-08-17 23:18:46,0
EXP05804,C00245,New_Product_Page,Treatment,2025-08-01 00:35:10,0
EXP05805,C07436,New_Product_Page,Control,2025-08-23 21:08:33,0
EXP05806,C08744,New_Product_Page,Treatment,2025-07-18 05:04:45,0
EXP05807,C04959,New_Product_Page,Treatment,2025-07-23 06:58:58,0
EXP05808,C03433,New_Product_Page,Treatment,2025-09-02 07:09:11,0
EXP05809,C07768,New_Product_Page,Treatment,2025-08-28 04:23:30,0
EXP05810,C06542,New_Product_Page,Treatment,2025-09-09 14:55:10,0
EXP05811,C03805,New_Product_Page,Treatment,2025-10-21 18:43:38,0
EXP05812,C04790,New_Product_Page,Treatment,2025-10-26 14:14:14,0
EXP05813,C07135,New_Product_Page,Control,2025-07-17 17:36:32,0
EXP05814,C03985,New_Product_Page,Control,2025-08-01 09:29:29,0
EXP05815,C09534,New_Product_Page,Treatment,2025-10-24 09:11:58,0
EXP05816,C00089,New_Product_Page,Control,2025-09-12 04:13:59,0
EXP05817,C04209,New_Product_Page,Control,2025-10-24 03:35:33,0
EXP05818,C01980,New_Product_Page,Treatment,2025-09-14 23:07:47,1
EXP05819,C08990,New_Product_Page,Treatment,2025-08-04 21:23:56,0
EXP05820,C06305,New_Product_Page,Control,2025-07-31 13:17:38,0
EXP05821,C03711,New_Product_Page,Control,2025-07-27 15:17:58,1
EXP05822,C05272,New_Product_Page,Treatment,2025-07-10 20:39:27,0
EXP05823,C02362,New_Product_Page,Treatment,2025-07-27 05:48:30,0
EXP05824,C09474,New_Product_Page,Treatment,2025-08-11 08:48:35,0
EXP05825,C06768,New_Product_Page,Control,2025-08-18 18:08:38,0
EXP05826,C08684,New_Product_Page,Control,2025-10-10 06:51:40,0
EXP05827,C03827,New_Product_Page,Control,2025-09-20 01:52:13,0
EXP05828,C05172,New_Product_Page,Control,2025-09-17 22:26:57,0
EXP05829,C02525,New_Product_Page,Treatment,2025-08-26 10:31:28,0
EXP05830,C05574,New_Product_Page,Control,2025-08-26 18:20:56,0
EXP05831,C00937,New_Product_Page,Control,2025-07-03 05:21:35,0
EXP05832,C02702,New_Product_Page,Control,2025-10-01 21:53:55,0
EXP05833,C06709,New_Product_Page,Treatment,2025-08-31 03:04:20,0
EXP05834,C02889,New_Product_Page,Control,2025-09-02 19:02:44,0
EXP05835,C01879,New_Product_Page,Control,2025-07-20 08:30:00,0
EXP05836,C07759,New_Product_Page,Control,2025-10-02 07:19:14,0
EXP05837,C07475,New_Product_Page,Treatment,2025-10-28 03:05:43,0
EXP05838,C01906,New_Product_Page,Control,2025-09-13 11:14:36,0
EXP05839,C04436,New_Product_Page,Control,2025-07-28 23:32:34,0
EXP05840,C01453,New_Product_Page,Treatment,2025-08-26 02:12:46,0
EXP05841,C07925,New_Product_Page,Control,2025-08-11 06:11:18,0
EXP05842,C02093,New_Product_Page,Treatment,2025-09-12 08:48:36,0
EXP05843,C04984,New_Product_Page,Control,2025-10-31 06:43:29,0
EXP05844,C06452,New_Product_Page,Treatment,2025-07-23 08:00:59,0
EXP05845,C05389,New_Product_Page,Control,2025-10-19 10:45:58,0
EXP05846,C06352,New_Product_Page,Treatment,2025-09-09 19:28:14,0
EXP05847,C00967,New_Product_Page,Treatment,2025-10-27 02:18:18,0
EXP05848,C05175,New_Product_Page,Treatment,2025-09-22 18:52:34,0
EXP05849,C04105,New_Product_Page,Treatment,2025-08-29 22:37:32,0
EXP05850,C08160,New_Product_Page,Treatment,2025-07-29 09:48:09,1
EXP05851,C07077,New_Product_Page,Control,2025-10-03 04:29:55,0
EXP05852,C01060,New_Product_Page,Control,2025-07-29 19:54:09,0
EXP05853,C01546,New_Product_Page,Control,2025-10-25 19:55:19,0
EXP05854,C06504,New_Product_Page,Treatment,2025-10-26 05:47:48,0
EXP05855,C02881,New_Product_Page,Treatment,2025-09-25 20:44:53,0
EXP05856,C03354,New_Product_Page,Control,2025-08-21 06:18:35,0
EXP05857,C06209,New_Product_Page,Treatment,2025-07-19 01:37:52,0
EXP05858,C02560,New_Product_Page,Treatment,2025-07-18 06:15:01,0
EXP05859,C07792,New_Product_Page,Control,2025-07-26 09:36:20,0
EXP05860,C00418,New_Product_Page,Treatment,2025-09-27 20:01:46,0
EXP05861,C09283,New_Product_Page,Treatment,2025-07-01 15:57:24,0
EXP05862,C00562,New_Product_Page,Control,2025-08-20 08:57:49,0
EXP05863,C00002,New_Product_Page,Control,2025-07-10 12:00:54,0
EXP05864,C03814,New_Product_Page,Control,2025-10-19 14:58:04,0
EXP05865,C05107,New_Product_Page,Control,2025-10-13 16:07:52,0
EXP05866,C08311,New_Product_Page,Control,2025-07-25 02:22:43,0
EXP05867,C09855,New_Product_Page,Control,2025-10-08 18:15:29,0
EXP05868,C09304,New_Product_Page,Control,2025-07-27 02:13:26,0
EXP05869,C03491,New_Product_Page,Control,2025-10-20 17:03:57,0
EXP05870,C02981,New_Product_Page,Control,2025-09-08 17:51:25,0
EXP05871,C08271,New_Product_Page,Control,2025-08-20 09:55:17,0
EXP05872,C01796,New_Product_Page,Control,2025-08-29 11:11:51,0
EXP05873,C09807,New_Product_Page,Control,2025-10-06 00:57:43,0
EXP05874,C00627,New_Product_Page,Treatment,2025-09-03 07:17:45,0
EXP05875,C05886,New_Product_Page,Treatment,2025-10-23 12:27:00,0
EXP05876,C04434,New_Product_Page,Control,2025-07-17 07:59:17,0
EXP05877,C02584,New_Product_Page,Control,2025-09-06 10:30:19,0
EXP05878,C02841,New_Product_Page,Control,2025-08-14 12:41:26,0
EXP05879,C03289,New_Product_Page,Control,2025-08-10 19:09:21,1
EXP05880,C04752,New_Product_Page,Control,2025-09-24 15:12:31,0
EXP05881,C00950,New_Product_Page,Treatment,2025-08-10 10:08:26,0
EXP05882,C07198,New_Product_Page,Treatment,2025-07-12 13:07:30,0
EXP05883,C05206,New_Product_Page,Treatment,2025-10-15 19:37:28,0
EXP05884,C06139,New_Product_Page,Control,2025-09-17 22:58:16,1
EXP05885,C00173,New_Product_Page,Treatment,2025-07-07 11:20:34,0
EXP05886,C07114,New_Product_Page,Control,2025-10-19 02:28:29,0
EXP05887,C00487,New_Product_Page,Treatment,2025-07-12 04:51:49,0
EXP05888,C02104,New_Product_Page,Control,2025-09-15 21:59:36,0
EXP05889,C10000,New_Product_Page,Treatment,2025-07-14 13:23:33,0
EXP05890,C03254,New_Product_Page,Control,2025-09-06 12:22:16,0
EXP05891,C08896,New_Product_Page,Control,2025-07-11 16:19:03,0
EXP05892,C07509,New_Product_Page,Treatment,2025-10-23 10:58:09,0
EXP05893,C04720,New_Product_Page,Control,2025-09-25 07:30:26,0
EXP05894,C06864,New_Product_Page,Treatment,2025-08-10 21:10:49,0
EXP05895,C06569,New_Product_Page,Treatment,2025-07-28 15:05:25,1
EXP05896,C07761,New_Product_Page,Control,2025-10-14 03:44:47,0
EXP05897,C01031,New_Product_Page,Control,2025-08-29 03:14:14,0
EXP05898,C02265,New_Product_Page,Control,2025-08-03 22:54:14,0
EXP05899,C00375,New_Product_Page,Control,2025-10-06 22:54:56,0
EXP05900,C06016,New_Product_Page,Control,2025-08-30 10:29:44,0
EXP05901,C02293,New_Product_Page,Treatment,2025-09-04 16:08:13,0
EXP05902,C08371,New_Product_Page,Control,2025-09-01 18:12:35,0
EXP05903,C02086,New_Product_Page,Treatment,2025-10-14 00:19:42,0
EXP05904,C06347,New_Product_Page,Control,2025-07-02 05:08:10,0
EXP05905,C07496,New_Product_Page,Treatment,2025-10-21 17:47:15,0
EXP05906,C03302,New_Product_Page,Control,2025-09-28 08:52:35,0
EXP05907,C06468,New_Product_Page,Control,2025-08-12 06:13:28,0
EXP05908,C07143,New_Product_Page,Treatment,2025-09-21 11:24:42,0
EXP05909,C07501,New_Product_Page,Control,2025-09-01 20:45:14,0
EXP05910,C07661,New_Product_Page,Control,2025-08-06 08:36:47,0
EXP05911,C09374,New_Product_Page,Control,2025-08-06 22:39:24,0
EXP05912,C01433,New_Product_Page,Treatment,2025-09-13 01:08:14,0
EXP05913,C01268,New_Product_Page,Control,2025-07-05 07:40:53,0
EXP05914,C00090,New_Product_Page,Control,2025-09-05 21:38:17,0
EXP05915,C03113,New_Product_Page,Control,2025-08-17 10:39:28,1
EXP05916,C09936,New_Product_Page,Treatment,2025-10-11 05:31:05,1
EXP05917,C09355,New_Product_Page,Treatment,2025-09-25 01:32:40,0
EXP05918,C07482,New_Product_Page,Control,2025-09-25 01:30:20,0
EXP05919,C03318,New_Product_Page,Control,2025-08-16 11:23:16,0
EXP05920,C09544,New_Product_Page,Treatment,2025-10-07 10:58:13,0
EXP05921,C06785,New_Product_Page,Control,2025-09-05 06:33:32,0
EXP05922,C00686,New_Product_Page,Treatment,2025-10-11 11:57:05,0
EXP05923,C00421,New_Product_Page,Treatment,2025-10-13 20:59:23,0
EXP05924,C00534,New_Product_Page,Treatment,2025-10-08 12:20:43,0
EXP05925,C04776,New_Product_Page,Treatment,2025-10-20 04:39:47,0
EXP05926,C07783,New_Product_Page,Treatment,2025-07-16 00:40:33,0
EXP05927,C05701,New_Product_Page,Treatment,2025-07-25 01:02:39,0
EXP05928,C00308,New_Product_Page,Treatment,2025-10-14 13:12:50,0
EXP05929,C06039,New_Product_Page,Control,2025-08-31 04:07:44,0
EXP05930,C02784,New_Product_Page,Control,2025-07-22 15:27:42,0
EXP05931,C06253,New_Product_Page,Treatment,2025-09-24 06:10:58,0
EXP05932,C06706,New_Product_Page,Treatment,2025-08-16 18:48:05,0
EXP05933,C00262,New_Product_Page,Treatment,2025-08-15 14:08:18,0
EXP05934,C06816,New_Product_Page,Treatment,2025-10-04 18:43:46,1
EXP05935,C01486,New_Product_Page,Treatment,2025-07-09 23:58:02,0
EXP05936,C08501,New_Product_Page,Control,2025-09-26 13:28:25,0
EXP05937,C08782,New_Product_Page,Treatment,2025-10-22 02:52:34,0
EXP05938,C02788,New_Product_Page,Treatment,2025-09-09 13:26:53,0
EXP05939,C09480,New_Product_Page,Treatment,2025-09-02 01:37:17,0
EXP05940,C06548,New_Product_Page,Control,2025-07-01 21:20:42,0
EXP05941,C04665,New_Product_Page,Treatment,2025-09-08 03:46:29,0
EXP05942,C03197,New_Product_Page,Control,2025-08-23 14:07:00,0
EXP05943,C00190,New_Product_Page,Control,2025-09-10 17:19:27,1
EXP05944,C09668,New_Product_Page,Control,2025-10-23 23:46:01,0
EXP05945,C02928,New_Product_Page,Treatment,2025-08-29 10:27:36,0
EXP05946,C01037,New_Product_Page,Control,2025-07-28 13:21:25,0
EXP05947,C08728,New_Product_Page,Control,2025-08-28 00:28:39,0
EXP05948,C05351,New_Product_Page,Treatment,2025-07-05 06:10:50,0
EXP05949,C00114,New_Product_Page,Control,2025-09-14 04:09:56,0
EXP05950,C06371,New_Product_Page,Treatment,2025-08-31 06:36:36,0
EXP05951,C09039,New_Product_Page,Treatment,2025-07-31 21:55:13,0
EXP05952,C00836,New_Product_Page,Treatment,2025-07-25 12:39:13,0
EXP05953,C08599,New_Product_Page,Treatment,2025-07-10 08:15:18,0
EXP05954,C03413,New_Product_Page,Control,2025-08-14 02:35:01,0
EXP05955,C05063,New_Product_Page,Control,2025-07-05 14:48:38,0
EXP05956,C00316,New_Product_Page,Control,2025-07-29 01:33:00,0
EXP05957,C08141,New_Product_Page,Control,2025-07-15 01:40:10,0
EXP05958,C00454,New_Product_Page,Control,2025-08-23 00:51:02,0
EXP05959,C08756,New_Product_Page,Control,2025-09-27 02:27:39,0
EXP05960,C00043,New_Product_Page,Treatment,2025-08-03 13:59:57,0
EXP05961,C09241,New_Product_Page,Control,2025-10-26 13:50:48,0
EXP05962,C06313,New_Product_Page,Control,2025-08-06 17:39:21,0
EXP05963,C01612,New_Product_Page,Control,2025-08-20 19:43:31,0
EXP05964,C07308,New_Product_Page,Control,2025-09-05 01:24:45,1
EXP05965,C07454,New_Product_Page,Treatment,2025-07-24 19:15:40,0
EXP05966,C07295,New_Product_Page,Treatment,2025-08-12 21:26:01,0
EXP05967,C01013,New_Product_Page,Treatment,2025-10-16 14:41:15,1
EXP05968,C09419,New_Product_Page,Treatment,2025-09-06 02:42:25,1
EXP05969,C00951,New_Product_Page,Control,2025-10-21 03:35:09,0
EXP05970,C03830,New_Product_Page,Control,2025-10-25 07:57:20,0
EXP05971,C08575,New_Product_Page,Control,2025-10-22 15:53:37,0
EXP05972,C02336,New_Product_Page,Treatment,2025-07-13 05:29:47,0
EXP05973,C04411,New_Product_Page,Control,2025-07-14 13:46:11,1
EXP05974,C07554,New_Product_Page,Treatment,2025-08-09 09:25:18,0
EXP05975,C05098,New_Product_Page,Control,2025-09-18 09:34:37,0
EXP05976,C01716,New_Product_Page,Control,2025-07-08 13:01:25,0
EXP05977,C08385,New_Product_Page,Control,2025-10-12 01:54:35,0
EXP05978,C00479,New_Product_Page,Control,2025-10-10 08:13:24,1
EXP05979,C06424,New_Product_Page,Control,2025-08-20 22:47:24,0
EXP05980,C05955,New_Product_Page,Control,2025-09-29 01:12:42,0
EXP05981,C08303,New_Product_Page,Control,2025-10-16 17:36:09,0
EXP05982,C04213,New_Product_Page,Treatment,2025-09-13 08:55:33,0
EXP05983,C06516,New_Product_Page,Treatment,2025-10-04 07:15:03,0
EXP05984,C05047,New_Product_Page,Treatment,2025-08-19 19:53:13,0
EXP05985,C02431,New_Product_Page,Treatment,2025-09-07 09:17:02,0
EXP05986,C06854,New_Product_Page,Treatment,2025-08-30 22:15:39,0
EXP05987,C00880,New_Product_Page,Control,2025-08-15 00:03:57,0
EXP05988,C08082,New_Product_Page,Control,2025-10-02 23:54:15,0
EXP05989,C05013,New_Product_Page,Control,2025-08-04 21:49:27,0
EXP05990,C09146,New_Product_Page,Control,2025-10-10 11:23:01,0
EXP05991,C09025,New_Product_Page,Control,2025-09-07 12:07:42,0
EXP05992,C00380,New_Product_Page,Control,2025-07-05 20:49:55,0
EXP05993,C00842,New_Product_Page,Control,2025-08-19 02:21:28,0
EXP05994,C06668,New_Product_Page,Control,2025-10-22 21:43:50,1
EXP05995,C08041,New_Product_Page,Control,2025-09-05 15:40:05,0
EXP05996,C06378,New_Product_Page,Treatment,2025-07-02 11:35:09,0
EXP05997,C00539,New_Product_Page,Control,2025-09-26 10:32:48,0
EXP05998,C05666,New_Product_Page,Treatment,2025-09-22 01:42:08,0
EXP05999,C08390,New_Product_Page,Treatment,2025-07-25 22:34:05,0
EXP06000,C03910,New_Product_Page,Control,2025-09-26 00:21:44,0
