customer_id,churn_probability,risk_score,risk_segment,value_segment,retention_priority,actual_churn,predicted_churn,total_orders,total_revenue,total_profit,profit_margin,avg_order_value,avg_discount,recency_days,age,region,subscription_type,acquisition_channel,cancelled_orders,cancellation_rate,customer_lifetime_days,returned_orders,return_rate,revenue_per_order
C09624,0.4775052507442592,47.75,High Risk,Low Value,Medium Priority,0,1,1,5388.87,2279.8,0.4230571529838352,5388.87,50.0,268,42.0,North,Free,Email,0,0.0,0,0,0.0,5388.87
C00385,0.47013340658449426,47.01,High Risk,Low Value,Medium Priority,0,1,1,3594.44,1643.82,0.45732297659718896,3594.44,150.0,83,26.0,North,Free,Social Media,0,0.0,0,0,0.0,3594.44
C09312,0.4695148163250078,46.95,High Risk,Low Value,Medium Priority,0,1,1,2781.14,1177.14,0.42325808840978885,2781.14,0.0,198,30.0,West,Free,Social Media,0,0.0,0,0,0.0,2781.14
C04911,0.4594977011228121,45.95,High Risk,Low Value,Medium Priority,0,1,2,4014.92,2031.63,0.5060200452312873,2007.46,125.0,65,21.0,South,Free,Social Media,0,0.0,11,0,0.0,2007.46
C02993,0.45640474606396086,45.64,High Risk,Low Value,Medium Priority,1,1,1,833.57,221.52,0.2657485274182132,833.57,300.0,262,22.0,North,Free,Social Media,0,0.0,0,0,0.0,833.57
C00559,0.4545266795927325,45.45,High Risk,Low Value,Medium Priority,1,1,1,385.45,78.2,0.2028797509404592,385.45,300.0,212,19.0,North,Free,Email,0,0.0,0,0,0.0,385.45
C09614,0.4470584954304344,44.71,High Risk,Medium Value,High Priority,1,1,2,10865.689999999999,5439.6900000000005,0.5006299645949776,5432.844999999999,50.0,109,59.0,East,Free,Email,0,0.0,104,0,0.0,5432.844999999999
C01396,0.4469752446804545,44.7,High Risk,Low Value,Medium Priority,0,1,1,939.82,457.6,0.48690174714306994,939.82,200.0,111,50.0,South,Free,Organic,0,0.0,0,0,0.0,939.82
C02467,0.4458348373824382,44.58,High Risk,Medium Value,High Priority,0,1,2,6646.15,3306.74,0.497542186077654,3323.075,100.0,28,30.0,West,Free,Email,0,0.0,167,0,0.0,3323.075
C03220,0.4454648595294876,44.55,High Risk,Low Value,Medium Priority,0,1,1,245.95,48.81,0.19845497052246394,245.95,150.0,176,40.0,North,Free,Social Media,0,0.0,0,0,0.0,245.95
C07160,0.44293273245175946,44.29,High Risk,Low Value,Medium Priority,0,1,1,2877.57,1416.04,0.49209576135419814,2877.57,50.0,212,18.0,North,Free,Email,0,0.0,0,0,0.0,2877.57
C03066,0.44219370415614406,44.22,High Risk,Low Value,Medium Priority,0,1,3,2888.45,1161.0,0.4019456802091087,962.8166666666666,133.33333333333334,206,27.0,West,Free,Email,0,0.0,59,1,0.3333333333333333,962.8166666666666
C09370,0.4417088815334666,44.17,High Risk,Medium Value,High Priority,1,1,2,5814.21,3582.42,0.6161490555036712,2907.105,50.0,229,23.0,North,Free,Social Media,0,0.0,27,0,0.0,2907.105
C07633,0.4415901716664404,44.16,High Risk,Low Value,Medium Priority,1,1,1,856.76,434.07,0.5066412997805686,856.76,0.0,209,40.0,West,Free,Social Media,0,0.0,0,1,1.0,856.76
C04866,0.43986758029902084,43.99,High Risk,Low Value,Medium Priority,0,1,1,2056.8,1093.23,0.5315198366394399,2056.8,150.0,137,48.0,North,Free,Social Media,0,0.0,0,0,0.0,2056.8
C00740,0.4384123510807977,43.84,High Risk,Low Value,Medium Priority,0,1,2,4990.76,2726.42,0.5462935504812894,2495.38,0.0,64,36.0,West,Free,Organic,0,0.0,27,0,0.0,2495.38
C02531,0.4381394101944485,43.81,High Risk,Low Value,Medium Priority,0,1,1,1883.59,982.49,0.5216050202007868,1883.59,0.0,167,32.0,North,Free,Social Media,0,0.0,0,0,0.0,1883.59
C01518,0.4378875523398461,43.79,High Risk,Medium Value,High Priority,1,1,2,8711.800000000001,4812.57,0.5524197066048347,4355.900000000001,200.0,85,35.0,South,Free,Organic,0,0.0,14,0,0.0,4355.900000000001
C03881,0.4374574172653571,43.75,High Risk,Medium Value,High Priority,0,1,3,6704.71,3276.69,0.4887146498506274,2234.903333333333,33.333333333333336,162,34.0,West,Free,Referral,0,0.0,91,0,0.0,2234.903333333333
C00670,0.43610588934948435,43.61,High Risk,Low Value,Medium Priority,1,1,1,3084.39,1468.82,0.476210855306884,3084.39,0.0,28,52.0,West,Free,Organic,0,0.0,0,0,0.0,3084.39
C06583,0.43584849920118235,43.58,High Risk,Low Value,Medium Priority,1,1,1,0.0,-150.0,-150.0,0.0,150.0,36,25.0,North,Free,Social Media,0,0.0,0,0,0.0,0.0
C04414,0.4356526627044505,43.57,High Risk,Low Value,Medium Priority,0,1,1,0.0,-200.0,-200.0,0.0,200.0,26,46.0,North,Free,Social Media,0,0.0,0,0,0.0,0.0
C00766,0.43503496824594023,43.5,High Risk,Low Value,Medium Priority,1,1,1,3204.05,1751.28,0.5465832305987733,3204.05,200.0,223,44.0,North,Free,Email,0,0.0,0,0,0.0,3204.05
C06336,0.4346741161888547,43.47,High Risk,Low Value,Medium Priority,1,1,1,4233.54,1890.65,0.44658843426541384,4233.54,500.0,234,48.0,North,Free,Email,1,0.5,0,0,0.0,4233.54
C01417,0.43428369828518265,43.43,High Risk,Low Value,Medium Priority,1,1,1,638.6,250.38,0.39207641716254304,638.6,200.0,241,20.0,East,Free,Email,0,0.0,0,0,0.0,638.6
C06895,0.43423880721835095,43.42,High Risk,Low Value,Medium Priority,0,1,1,3770.87,2030.68,0.5385176365135897,3770.87,0.0,211,39.0,West,Free,Email,0,0.0,0,0,0.0,3770.87
C08775,0.4330959373478014,43.31,High Risk,Low Value,Medium Priority,0,1,1,480.73,283.59,0.5899153370915066,480.73,0.0,211,50.0,South,Free,Email,0,0.0,0,0,0.0,480.73
C01954,0.43238791307485874,43.24,High Risk,Low Value,Medium Priority,0,1,1,1043.8,500.24,0.47924889825637096,1043.8,0.0,74,30.0,North,Free,Social Media,0,0.0,0,0,0.0,1043.8
C09597,0.4323209099477252,43.23,High Risk,Medium Value,High Priority,0,1,4,11771.33,5772.85,0.4904161212029567,2942.8325,150.0,65,42.0,West,Free,Email,0,0.0,88,2,0.5,2942.8325
C00817,0.4304562479260492,43.05,High Risk,Medium Value,High Priority,1,1,5,7350.98,3249.19,0.44200773230235973,1470.196,110.0,22,41.0,North,Free,Paid Ads,0,0.0,223,0,0.0,1470.196
C08013,0.4304061709955159,43.04,High Risk,Low Value,Medium Priority,0,1,1,1431.49,446.99,0.3122550629064821,1431.49,300.0,211,57.0,North,Free,Organic,0,0.0,0,0,0.0,1431.49
C00971,0.43037844654617385,43.04,High Risk,Low Value,Medium Priority,1,1,1,1642.75,774.23,0.4713011718155532,1642.75,200.0,242,29.0,North,Free,Paid Ads,0,0.0,0,0,0.0,1642.75
C08215,0.4302224773622913,43.02,High Risk,Low Value,Medium Priority,0,1,3,3935.24,1552.78,0.3945833036866875,1311.7466666666667,183.33333333333334,115,44.0,West,Free,Email,0,0.0,79,0,0.0,1311.7466666666667
C06114,0.4301813961927421,43.02,High Risk,Low Value,Medium Priority,1,1,3,2687.15,1179.5,0.4389408853246004,895.7166666666667,133.33333333333334,43,49.0,North,Free,Social Media,0,0.0,72,0,0.0,895.7166666666667
C04209,0.43014332393737187,43.01,High Risk,Low Value,Medium Priority,0,1,1,0.0,-50.0,-50.0,0.0,50.0,267,51.0,East,Free,Social Media,0,0.0,0,0,0.0,0.0
C03768,0.42993605505899146,42.99,High Risk,Medium Value,High Priority,0,1,2,7880.04,4134.17,0.5246381998060924,3940.02,50.0,178,36.0,West,Free,Email,0,0.0,14,0,0.0,3940.02
C03062,0.4296154630566861,42.96,High Risk,Low Value,Medium Priority,0,1,1,920.83,435.76,0.4732252424443165,920.83,50.0,263,27.0,East,Free,Social Media,0,0.0,0,0,0.0,920.83
C09957,0.429598241929669,42.96,High Risk,Low Value,Medium Priority,0,1,4,2255.02,-132.71999999999997,-0.05885535383278196,563.755,337.5,17,28.0,North,Free,Social Media,0,0.0,242,1,0.25,563.755
C00097,0.4295013548206478,42.95,High Risk,Medium Value,High Priority,0,1,3,11572.93,6248.6,0.5399324112389862,3857.6433333333334,50.0,145,45.0,North,Free,Email,0,0.0,32,0,0.0,3857.6433333333334
C09464,0.4290355299405193,42.9,High Risk,Medium Value,High Priority,0,1,2,7854.73,4305.49,0.5481397832898139,3927.365,100.0,152,56.0,West,Free,Email,0,0.0,17,0,0.0,3927.365
C02395,0.42814686636326194,42.81,High Risk,Medium Value,High Priority,1,1,3,8901.01,3923.2100000000005,0.44076009351747725,2967.0033333333336,366.6666666666667,157,23.0,South,Free,Social Media,0,0.0,70,0,0.0,2967.0033333333336
C06434,0.42769322474619476,42.77,High Risk,Low Value,Medium Priority,0,1,2,2582.94,1066.9,0.4130564395611203,1291.47,250.0,12,37.0,North,Free,Email,0,0.0,110,0,0.0,1291.47
C09904,0.42765683756137196,42.77,High Risk,Low Value,Medium Priority,0,1,1,753.52,-107.63,-0.14283628835332837,753.52,500.0,89,56.0,North,Free,Paid Ads,0,0.0,0,0,0.0,753.52
C04784,0.42765142440996157,42.77,High Risk,Low Value,Medium Priority,1,1,2,2174.46,1018.94,0.46859450162339156,1087.23,175.0,192,51.0,West,Free,Social Media,0,0.0,19,0,0.0,1087.23
C02203,0.42716764764472276,42.72,High Risk,Medium Value,High Priority,0,1,2,5451.82,3073.99,0.5638465686688116,2725.91,100.0,142,44.0,West,Free,Social Media,0,0.0,68,0,0.0,2725.91
C08762,0.4267750974600681,42.68,High Risk,Medium Value,High Priority,1,1,6,14020.0,6527.370000000001,0.46557560627674754,2336.6666666666665,125.0,0,27.0,North,Free,Organic,0,0.0,194,0,0.0,2336.6666666666665
C09636,0.42649876138326925,42.65,High Risk,Medium Value,High Priority,0,1,6,9668.29,4356.03,0.45054813208954214,1611.381666666667,208.33333333333334,25,26.0,East,Free,Email,0,0.0,189,1,0.16666666666666666,1611.381666666667
C09978,0.4259531007171522,42.6,High Risk,Medium Value,High Priority,1,1,5,8955.43,3503.38,0.39120176250609967,1791.086,120.0,107,39.0,South,Free,Referral,0,0.0,146,0,0.0,1791.086
C07377,0.4256599411125477,42.57,High Risk,Medium Value,High Priority,0,1,4,19063.55,9597.820000000002,0.5034644649081625,4765.8875,137.5,32,33.0,North,Free,Referral,0,0.0,157,1,0.25,4765.8875
C09849,0.42552309730749077,42.55,High Risk,Low Value,Medium Priority,0,1,2,2800.82,1358.13,0.4849044208481802,1400.41,100.0,75,46.0,North,Free,Social Media,0,0.0,48,1,0.5,1400.41
C00761,0.4254693295065917,42.55,High Risk,Medium Value,High Priority,0,1,5,13239.9,5463.5599999999995,0.41265870588146436,2647.98,150.0,126,36.0,East,Free,Social Media,0,0.0,125,1,0.2,2647.98
C00906,0.42479337975724973,42.48,High Risk,Low Value,Medium Priority,1,1,1,0.0,-50.0,-50.0,0.0,50.0,235,27.0,South,Free,Social Media,0,0.0,0,0,0.0,0.0
C00855,0.4246230806669662,42.46,High Risk,Medium Value,High Priority,1,1,2,14739.49,9228.02,0.6260745792425654,7369.745,175.0,167,28.0,East,Free,Email,0,0.0,54,0,0.0,7369.745
C02919,0.42443427414348545,42.44,High Risk,Low Value,Medium Priority,0,1,1,2580.77,969.92,0.37582581942598525,2580.77,200.0,257,38.0,West,Free,Organic,0,0.0,0,0,0.0,2580.77
C03671,0.42408164070124355,42.41,High Risk,Low Value,Medium Priority,0,1,1,2228.5,1212.41,0.5440475656271034,2228.5,300.0,193,22.0,East,Free,Organic,0,0.0,0,0,0.0,2228.5
C09120,0.42406348905610325,42.41,High Risk,Low Value,Medium Priority,0,1,1,1838.19,1066.11,0.5799781306611395,1838.19,0.0,270,35.0,South,Free,Email,0,0.0,0,0,0.0,1838.19
C01018,0.4239999963452687,42.4,High Risk,Low Value,Medium Priority,0,1,2,2958.0,1514.06,0.5118526031102096,1479.0,75.0,8,57.0,North,Free,Email,0,0.0,72,0,0.0,1479.0
C08538,0.4238978314963338,42.39,High Risk,Low Value,Medium Priority,1,1,2,3367.28,1712.95,0.5087043548502055,1683.64,0.0,143,46.0,South,Free,Social Media,0,0.0,25,0,0.0,1683.64
C03944,0.42376277185864203,42.38,High Risk,Low Value,Medium Priority,1,1,1,1612.61,686.33,0.42560197443895303,1612.61,150.0,240,33.0,West,Free,Organic,0,0.0,0,0,0.0,1612.61
C04498,0.42356029915312027,42.36,High Risk,Low Value,Medium Priority,0,1,4,3260.87,658.36,0.20189703974706139,815.2175,237.5,36,32.0,East,Free,Email,0,0.0,125,0,0.0,815.2175
C07337,0.4235489929456928,42.35,High Risk,Medium Value,High Priority,0,1,2,5716.04,2883.0,0.5043701583613831,2858.02,175.0,92,19.0,East,Free,Email,0,0.0,92,0,0.0,2858.02
C07658,0.42342300501963503,42.34,High Risk,Low Value,Medium Priority,0,1,2,1724.37,622.19,0.3608216334081433,862.185,100.0,213,44.0,North,Free,Organic,0,0.0,44,0,0.0,862.185
C08801,0.4232732176898223,42.33,High Risk,Low Value,Medium Priority,1,1,1,2095.12,991.36,0.47317576081560964,2095.12,300.0,137,28.0,South,Free,Email,0,0.0,0,0,0.0,2095.12
C07334,0.42320655732160545,42.32,High Risk,Low Value,Medium Priority,0,1,2,1316.32,501.64,0.38109274340585875,658.16,75.0,91,46.0,North,Free,Email,0,0.0,30,0,0.0,658.16
C08659,0.4230894054861577,42.31,High Risk,Low Value,Medium Priority,0,1,4,6184.25,2711.64,0.43847515866919995,1546.0625,225.0,12,47.0,East,Free,Social Media,0,0.0,240,2,0.5,1546.0625
C04291,0.42280218644313006,42.28,High Risk,High Value,Critical Priority,0,1,6,24614.57,12625.68,0.5129352249501007,4102.428333333333,208.33333333333334,88,36.0,North,Free,Social Media,0,0.0,154,1,0.16666666666666666,4102.428333333333
C01486,0.42266916012489075,42.27,High Risk,Low Value,Medium Priority,1,1,1,1473.32,640.03,0.434413433605734,1473.32,100.0,262,50.0,West,Free,Paid Ads,0,0.0,0,0,0.0,1473.32
C01604,0.42257697045809156,42.26,High Risk,Medium Value,High Priority,1,1,3,12854.91,6288.209999999999,0.48916795216769304,4284.97,16.666666666666668,54,28.0,West,Free,Organic,0,0.0,123,0,0.0,4284.97
C06072,0.42249759452486624,42.25,High Risk,Medium Value,High Priority,1,1,2,13081.03,6029.5,0.4609346511704353,6540.515,125.0,162,21.0,West,Free,Social Media,0,0.0,10,0,0.0,6540.515
C01047,0.4220867957509899,42.21,High Risk,Low Value,Medium Priority,0,1,3,4325.34,1900.4699999999998,0.4393804880078791,1441.78,133.33333333333334,122,59.0,East,Free,Email,0,0.0,145,0,0.0,1441.78
C02994,0.42207328218649554,42.21,High Risk,Low Value,Medium Priority,0,1,1,3983.6,1922.15,0.4825158148408475,3983.6,200.0,29,24.0,West,Free,Organic,1,0.5,0,0,0.0,3983.6
C01505,0.42190939833395547,42.19,High Risk,Low Value,Medium Priority,1,1,2,1806.99,579.9,0.3209204256802749,903.495,150.0,205,54.0,West,Free,Organic,0,0.0,0,0,0.0,903.495
C07271,0.42158827081314043,42.16,High Risk,Low Value,Medium Priority,0,1,1,2639.44,1237.11,0.4687016942987906,2639.44,300.0,162,29.0,West,Free,Organic,0,0.0,0,0,0.0,2639.44
C02405,0.42151753242124285,42.15,High Risk,Low Value,Medium Priority,0,1,1,1153.43,300.37,0.2604145895286233,1153.43,150.0,145,47.0,North,Free,Organic,0,0.0,0,0,0.0,1153.43
C06969,0.4214042919896883,42.14,High Risk,High Value,Critical Priority,0,1,4,20778.37,10774.08,0.5185238303100773,5194.5925,87.5,142,49.0,North,Free,Email,0,0.0,120,1,0.25,5194.5925
C03564,0.42139925429687586,42.14,High Risk,Medium Value,High Priority,1,1,2,9696.28,4462.96,0.46027548709401955,4848.14,50.0,126,52.0,West,Free,Email,0,0.0,14,0,0.0,4848.14
C04806,0.4213661513083377,42.14,High Risk,Low Value,Medium Priority,0,1,2,2914.39,1113.02,0.38190496124403395,1457.195,50.0,75,25.0,North,Free,Email,0,0.0,166,0,0.0,1457.195
C04976,0.42127213859476476,42.13,High Risk,Low Value,Medium Priority,0,1,2,1234.72,204.04000000000002,0.16525204094855514,617.36,200.0,46,31.0,West,Free,Social Media,0,0.0,73,1,0.5,617.36
C05056,0.4211817664418789,42.12,High Risk,Low Value,Medium Priority,1,1,2,369.29,79.51999999999998,0.21533212380513952,184.645,75.0,115,19.0,North,Free,Organic,0,0.0,11,0,0.0,184.645
C06432,0.4210098132350358,42.1,High Risk,Low Value,Medium Priority,1,1,3,4514.38,1404.28,0.31106818655053403,1504.7933333333333,133.33333333333334,149,43.0,South,Free,Social Media,0,0.0,107,0,0.0,1504.7933333333333
C08531,0.42094378450269765,42.09,High Risk,Low Value,Medium Priority,1,1,1,1943.25,1013.69,0.5216467258458768,1943.25,150.0,265,19.0,South,Free,Organic,0,0.0,0,0,0.0,1943.25
C05174,0.42085257716507196,42.09,High Risk,Medium Value,High Priority,1,1,5,11254.24,5435.55,0.4829779709691637,2250.848,90.0,15,60.0,East,Free,Email,0,0.0,116,1,0.2,2250.848
C02056,0.4207941653043099,42.08,High Risk,Medium Value,High Priority,1,1,4,10056.42,4987.95,0.4959965872547089,2514.105,125.0,105,50.0,North,Free,Social Media,0,0.0,164,0,0.0,2514.105
C03008,0.42077568895916456,42.08,High Risk,Low Value,Medium Priority,0,1,1,800.2,324.65,0.40571107223194197,800.2,150.0,112,48.0,East,Free,Social Media,0,0.0,0,0,0.0,800.2
C07313,0.42055696981843904,42.06,High Risk,Low Value,Medium Priority,1,1,1,757.98,65.98,0.08704715163988495,757.98,500.0,85,30.0,West,Free,Referral,0,0.0,0,0,0.0,757.98
C02167,0.42042382583171467,42.04,High Risk,Medium Value,High Priority,0,1,3,11038.6,3896.83,0.3530184987226641,3679.5333333333333,150.0,137,20.0,North,Free,Email,0,0.0,134,0,0.0,3679.5333333333333
C01262,0.420309213133985,42.03,High Risk,Low Value,Medium Priority,1,1,4,5177.45,2577.9700000000003,0.49792272257578546,1294.3625,75.0,63,27.0,South,Free,Email,0,0.0,170,1,0.25,1294.3625
C05046,0.42017274610848915,42.02,High Risk,Medium Value,High Priority,0,1,3,7821.780000000001,4272.3,0.5462055951458619,2607.26,33.333333333333336,52,53.0,North,Free,Email,0,0.0,147,1,0.3333333333333333,2607.26
C03771,0.4201595868227201,42.02,High Risk,High Value,Critical Priority,0,1,7,31593.26,15807.33,0.500338679832344,4513.322857142857,128.57142857142858,21,53.0,North,Free,Referral,0,0.0,169,1,0.14285714285714285,4513.322857142857
C06514,0.42002750085124946,42.0,High Risk,Low Value,Medium Priority,1,1,1,3285.05,1155.76,0.3518241731480495,3285.05,150.0,223,51.0,South,Free,Social Media,0,0.0,0,0,0.0,3285.05
C08772,0.41995249976132354,42.0,High Risk,Medium Value,High Priority,1,1,4,12615.86,5799.98,0.4597371879523076,3153.965,225.0,64,39.0,West,Free,Social Media,0,0.0,59,0,0.0,3153.965
C03454,0.419935417701973,41.99,High Risk,Medium Value,High Priority,1,1,4,9479.5,4611.8099999999995,0.48650350756896454,2369.875,162.5,10,52.0,West,Free,Email,0,0.0,232,2,0.5,2369.875
C05609,0.4196108345790313,41.96,High Risk,Low Value,Medium Priority,0,1,2,2128.55,653.68,0.30710107819877375,1064.275,200.0,14,24.0,West,Free,Email,0,0.0,138,0,0.0,1064.275
C02661,0.41959299207170475,41.96,High Risk,Medium Value,High Priority,0,1,4,9153.03,3604.2499999999995,0.3937767056373681,2288.2575,250.0,33,46.0,West,Free,Email,0,0.0,91,0,0.0,2288.2575
C07136,0.4195159353649819,41.95,High Risk,Medium Value,High Priority,0,1,5,9430.51,4321.09,0.4582032148844548,1886.102,30.0,154,35.0,North,Free,Email,0,0.0,76,0,0.0,1886.102
C05527,0.41914004157585605,41.91,High Risk,Low Value,Medium Priority,0,1,3,695.74,-173.51000000000002,-0.24938913962112286,231.91333333333333,216.66666666666666,5,25.0,North,Free,Social Media,0,0.0,248,0,0.0,231.91333333333333
C06601,0.4189377510090449,41.89,High Risk,Low Value,Medium Priority,1,1,1,2718.77,1426.08,0.5245313137926342,2718.77,200.0,113,57.0,North,Free,Organic,0,0.0,0,0,0.0,2718.77
C04056,0.4188555364426529,41.89,High Risk,Medium Value,High Priority,0,1,2,6619.96,3730.19,0.5634762143577907,3309.98,100.0,123,43.0,East,Free,Email,0,0.0,136,0,0.0,3309.98
C08847,0.4186799390310351,41.87,High Risk,Medium Value,High Priority,0,1,2,10327.039999999999,5405.95,0.5234752649355479,5163.5199999999995,250.0,236,28.0,South,Free,Social Media,0,0.0,25,0,0.0,5163.5199999999995
C06533,0.4184965017512417,41.85,High Risk,Low Value,Medium Priority,1,1,1,1133.83,600.45,0.5295767443091117,1133.83,150.0,225,20.0,South,Free,Paid Ads,0,0.0,0,0,0.0,1133.83
C04288,0.41840475094500224,41.84,High Risk,High Value,Critical Priority,1,1,6,19508.99,10085.77,0.5169806330312333,3251.4983333333334,133.33333333333334,110,30.0,North,Free,Social Media,0,0.0,139,0,0.0,3251.4983333333334
C09043,0.41823228239610566,41.82,High Risk,Medium Value,High Priority,1,1,4,6974.52,3187.7200000000003,0.4570522415879516,1743.63,112.5,80,20.0,South,Free,Social Media,0,0.0,183,1,0.25,1743.63
C02295,0.41811467144474584,41.81,High Risk,Medium Value,High Priority,0,1,3,9252.82,4936.719999999999,0.5335368028341629,3084.273333333333,150.0,105,21.0,East,Free,Social Media,0,0.0,137,0,0.0,3084.273333333333
C01553,0.4180676668367103,41.81,High Risk,Medium Value,High Priority,0,1,1,8945.59,4681.7,0.5233528476042385,8945.59,500.0,268,32.0,South,Free,Referral,0,0.0,0,0,0.0,8945.59
C02652,0.4180325782552356,41.8,High Risk,Low Value,Medium Priority,1,1,1,1547.21,567.48,0.3667763264198137,1547.21,200.0,152,49.0,West,Free,Organic,0,0.0,0,0,0.0,1547.21
C05011,0.41795341234445255,41.8,High Risk,Medium Value,High Priority,0,1,3,8431.27,4424.79,0.5248070575370021,2810.4233333333336,200.0,91,60.0,East,Free,Email,0,0.0,145,0,0.0,2810.4233333333336
C01942,0.41780721149128164,41.78,High Risk,Medium Value,High Priority,1,1,4,15806.89,8405.93,0.531788985689152,3951.7225,62.5,52,30.0,West,Free,Social Media,0,0.0,88,1,0.25,3951.7225
C03323,0.4176679942030445,41.77,High Risk,Low Value,Medium Priority,0,1,3,1954.47,860.61,0.44032909177424057,651.49,83.33333333333333,61,54.0,South,Free,Social Media,0,0.0,107,0,0.0,651.49
C09936,0.41764176839245887,41.76,High Risk,Medium Value,High Priority,0,1,1,9060.37,5346.08,0.5900509581838269,9060.37,0.0,252,41.0,East,Free,Email,0,0.0,0,0,0.0,9060.37
C01906,0.4175863262949799,41.76,High Risk,Low Value,Medium Priority,0,1,3,1832.71,542.35,0.29592788820926386,610.9033333333333,133.33333333333334,109,20.0,East,Free,Email,0,0.0,91,0,0.0,610.9033333333333
C08401,0.4174986956389217,41.75,High Risk,Low Value,Medium Priority,1,1,3,6259.31,2619.04,0.4184231169250284,2086.436666666667,266.6666666666667,46,41.0,West,Free,Social Media,0,0.0,162,0,0.0,2086.436666666667
C07494,0.41745277591184626,41.75,High Risk,Medium Value,High Priority,0,1,2,9244.439999999999,4634.1900000000005,0.5012948323532849,4622.219999999999,150.0,2,21.0,North,Free,Email,0,0.0,20,1,0.5,4622.219999999999
C00795,0.41736931333633404,41.74,High Risk,Low Value,Medium Priority,1,1,4,3719.7200000000003,1552.3500000000001,0.41732979901713035,929.9300000000001,187.5,81,35.0,East,Free,Social Media,0,0.0,163,1,0.25,929.9300000000001
C06987,0.41721338736941826,41.72,High Risk,Medium Value,High Priority,0,1,5,8957.41,3215.54,0.3589810000881951,1791.482,90.0,79,27.0,West,Free,Social Media,0,0.0,123,0,0.0,1791.482
C04570,0.4171975542852092,41.72,High Risk,Low Value,Medium Priority,0,1,1,2665.59,1535.28,0.5759625448774942,2665.59,200.0,124,49.0,South,Free,Social Media,0,0.0,0,0,0.0,2665.59
C09685,0.4170394936778617,41.7,High Risk,Low Value,Medium Priority,1,1,2,6952.09,2696.86,0.38792075476583304,3476.045,150.0,204,50.0,North,Free,Organic,0,0.0,27,0,0.0,3476.045
C00565,0.41696529550712047,41.7,High Risk,High Value,Critical Priority,0,1,3,18908.91,10978.75,0.5806125260525329,6302.97,133.33333333333334,140,23.0,West,Free,Social Media,0,0.0,76,0,0.0,6302.97
C05139,0.41690681145537595,41.69,High Risk,Low Value,Medium Priority,1,1,2,4102.08,1666.87,0.40634751150635773,2051.04,350.0,108,24.0,North,Free,Paid Ads,0,0.0,90,0,0.0,2051.04
C06984,0.41683840489770957,41.68,High Risk,Low Value,Medium Priority,1,1,1,5148.32,2542.83,0.4939145196879759,5148.32,100.0,33,32.0,South,Free,Email,0,0.0,0,0,0.0,5148.32
C08350,0.41680073224325953,41.68,High Risk,Medium Value,High Priority,0,1,2,8316.31,3778.33,0.4543277006268405,4158.155,175.0,222,49.0,North,Free,Organic,0,0.0,49,0,0.0,4158.155
C06201,0.4166517633735765,41.67,High Risk,Low Value,Medium Priority,0,1,1,3363.77,1756.51,0.5221849294095613,3363.77,50.0,160,43.0,North,Free,Paid Ads,0,0.0,0,0,0.0,3363.77
C03670,0.4164077633235301,41.64,High Risk,Low Value,Medium Priority,0,1,1,3817.74,2120.91,0.5555407125681686,3817.74,50.0,223,45.0,West,Free,Organic,0,0.0,0,0,0.0,3817.74
C08217,0.4163913027234465,41.64,High Risk,Low Value,Medium Priority,1,1,3,4810.4400000000005,2193.76,0.45604144319438555,1603.4800000000002,116.66666666666667,109,32.0,North,Free,Social Media,0,0.0,157,1,0.3333333333333333,1603.4800000000002
C08187,0.4163687732309659,41.64,High Risk,Medium Value,High Priority,0,1,3,9870.36,4407.59,0.4465480489060176,3290.1200000000003,250.0,76,22.0,West,Free,Email,0,0.0,160,0,0.0,3290.1200000000003
C02701,0.41622781258188735,41.62,High Risk,Low Value,Medium Priority,0,1,3,2746.63,1115.27,0.40605032348732806,915.5433333333334,116.66666666666667,23,39.0,North,Free,Social Media,0,0.0,105,1,0.3333333333333333,915.5433333333334
C00887,0.41616321790167765,41.62,High Risk,Low Value,Medium Priority,1,1,1,2772.28,1603.64,0.5784552786875784,2772.28,0.0,155,46.0,North,Free,Email,1,0.5,0,0,0.0,2772.28
C07002,0.41604684131175307,41.6,High Risk,Low Value,Medium Priority,1,1,2,4796.9400000000005,2367.13,0.4934666683343965,2398.4700000000003,250.0,24,22.0,East,Free,Email,0,0.0,8,0,0.0,2398.4700000000003
C05289,0.4160411511739628,41.6,High Risk,Low Value,Medium Priority,0,1,1,2860.04,1514.94,0.529691892421085,2860.04,300.0,160,39.0,East,Free,Referral,0,0.0,0,0,0.0,2860.04
C01931,0.4159703447857959,41.6,High Risk,Medium Value,High Priority,0,1,3,9490.539999999999,3840.86,0.40470405266718235,3163.513333333333,133.33333333333334,222,42.0,North,Free,Organic,0,0.0,43,0,0.0,3163.513333333333
C07916,0.4157651176132101,41.58,High Risk,Low Value,Medium Priority,0,1,4,2697.12,683.24,0.2533220620513733,674.28,212.5,105,45.0,West,Free,Paid Ads,0,0.0,132,1,0.25,674.28
C00522,0.41543602031279364,41.54,High Risk,Low Value,Medium Priority,1,1,1,1466.04,808.54,0.5515129191563668,1466.04,0.0,189,30.0,West,Free,Paid Ads,0,0.0,0,0,0.0,1466.04
C09160,0.4150991334073887,41.51,High Risk,Medium Value,High Priority,0,1,4,14884.34,7359.19,0.4944250131346099,3721.085,162.5,30,52.0,West,Free,Email,0,0.0,45,0,0.0,3721.085
C06109,0.41509334726175795,41.51,High Risk,Medium Value,High Priority,0,1,5,12929.88,6233.3099999999995,0.4820856806095648,2585.9759999999997,170.0,27,41.0,East,Free,Social Media,0,0.0,208,1,0.2,2585.9759999999997
C02698,0.4149845973958466,41.5,High Risk,Medium Value,High Priority,1,1,4,7782.72,4256.43,0.5469077648945356,1945.68,75.0,74,42.0,West,Free,Social Media,0,0.0,178,0,0.0,1945.68
C07085,0.41469525171606697,41.47,High Risk,Low Value,Medium Priority,0,1,1,471.45,40.33,0.08554459645773677,471.45,300.0,183,36.0,North,Free,Referral,0,0.0,0,0,0.0,471.45
C04048,0.4146219450867363,41.46,High Risk,Medium Value,High Priority,0,1,3,12148.08,5102.05,0.4199881792019809,4049.36,33.333333333333336,185,21.0,North,Free,Email,0,0.0,51,0,0.0,4049.36
C05477,0.41448267437366454,41.45,High Risk,Low Value,Medium Priority,0,1,1,1406.28,703.52,0.5002702164576045,1406.28,50.0,157,32.0,West,Free,Paid Ads,0,0.0,0,0,0.0,1406.28
C06168,0.41418689664241304,41.42,High Risk,Low Value,Medium Priority,0,1,3,4848.98,1895.92,0.3909935697816861,1616.3266666666666,83.33333333333333,67,33.0,South,Free,Email,0,0.0,155,1,0.3333333333333333,1616.3266666666666
C03645,0.4140557193372962,41.41,High Risk,Low Value,Medium Priority,1,1,1,2004.3,1029.05,0.5134211445392406,2004.3,100.0,198,18.0,South,Free,Email,1,0.5,0,0,0.0,2004.3
C02925,0.41386716607733437,41.39,High Risk,Medium Value,High Priority,0,1,3,8609.09,4951.59,0.5751583500695195,2869.6966666666667,33.333333333333336,223,29.0,West,Free,Referral,0,0.0,25,1,0.3333333333333333,2869.6966666666667
C09997,0.4137076066062118,41.37,High Risk,Low Value,Medium Priority,1,1,3,2176.77,842.54,0.3870597261079489,725.59,116.66666666666667,9,55.0,South,Free,Email,0,0.0,161,1,0.3333333333333333,725.59
C01402,0.4136133075003424,41.36,High Risk,Medium Value,High Priority,1,1,4,16906.15,8000.91,0.4732544074197851,4226.5375,175.0,95,48.0,East,Free,Email,0,0.0,73,0,0.0,4226.5375
C00030,0.4134868745577394,41.35,High Risk,Medium Value,High Priority,1,1,2,7924.81,3936.96,0.4967891974697185,3962.405,125.0,177,44.0,East,Free,Social Media,0,0.0,59,0,0.0,3962.405
C01968,0.4134500644301368,41.35,High Risk,Low Value,Medium Priority,0,1,1,2905.37,1739.71,0.5987912038742054,2905.37,0.0,85,39.0,West,Free,Social Media,0,0.0,0,0,0.0,2905.37
C03036,0.4134253423640756,41.34,High Risk,Low Value,Medium Priority,0,1,1,676.94,330.94,0.488876414453275,676.94,0.0,153,51.0,West,Free,Organic,0,0.0,0,0,0.0,676.94
C01452,0.41330976981681766,41.33,High Risk,Low Value,Medium Priority,0,1,1,2148.0,904.98,0.42131284916201117,2148.0,150.0,231,58.0,North,Free,Paid Ads,0,0.0,0,0,0.0,2148.0
C08927,0.4131993210310589,41.32,High Risk,Low Value,Medium Priority,0,1,1,0.0,-171.9,-171.9,0.0,200.0,139,29.0,North,Free,Organic,0,0.0,0,0,0.0,0.0
C07748,0.41317920649843387,41.32,High Risk,High Value,Critical Priority,0,1,7,33349.71,15076.69,0.45207859378687254,4764.244285714286,121.42857142857143,41,44.0,North,Free,Social Media,0,0.0,198,2,0.2857142857142857,4764.244285714286
C08223,0.4127635577695094,41.28,High Risk,Medium Value,High Priority,1,1,3,8121.130000000001,3710.0,0.45683297767675185,2707.0433333333335,150.0,151,50.0,East,Free,Social Media,0,0.0,70,0,0.0,2707.0433333333335
C06666,0.4127596290421012,41.28,High Risk,Low Value,Medium Priority,1,1,3,4494.24,2330.83,0.5186260635836093,1498.08,83.33333333333333,202,48.0,North,Free,Paid Ads,0,0.0,27,1,0.3333333333333333,1498.08
C02954,0.41266334103608515,41.27,High Risk,Low Value,Medium Priority,0,1,2,3612.88,1203.08,0.33299749784105753,1806.44,300.0,129,39.0,West,Free,Paid Ads,0,0.0,70,0,0.0,1806.44
C09754,0.4125754234742877,41.26,High Risk,Low Value,Medium Priority,1,1,1,2212.8,1065.78,0.48164316702819954,2212.8,500.0,30,57.0,South,Free,Organic,0,0.0,0,0,0.0,2212.8
C00084,0.41255858422515884,41.26,High Risk,Low Value,Medium Priority,0,1,2,480.28,261.22,0.5438910635462648,240.14,0.0,163,22.0,East,Free,Referral,0,0.0,6,0,0.0,240.14
C03172,0.41253936389299467,41.25,High Risk,Low Value,Medium Priority,0,1,5,5073.23,1942.0100000000002,0.38279557599399205,1014.646,220.0,129,41.0,West,Free,Organic,0,0.0,78,1,0.2,1014.646
C04522,0.41236297741491607,41.24,High Risk,Medium Value,High Priority,0,1,3,11293.71,5827.34,0.5159810195232568,3764.5699999999997,300.0,109,31.0,North,Free,Organic,0,0.0,66,0,0.0,3764.5699999999997
C08923,0.4121304301940236,41.21,High Risk,Low Value,Medium Priority,0,1,2,3551.8399999999997,1556.0900000000001,0.43810813550159927,1775.9199999999998,100.0,155,42.0,North,Free,Organic,0,0.0,106,0,0.0,1775.9199999999998
C02401,0.4121130285634523,41.21,High Risk,Medium Value,High Priority,0,1,3,16138.960000000001,7364.84,0.456339194099248,5379.653333333334,116.66666666666667,202,45.0,West,Free,Email,0,0.0,34,1,0.3333333333333333,5379.653333333334
C04294,0.4120908956478808,41.21,High Risk,Low Value,Medium Priority,0,1,1,2706.51,1083.05,0.40016478786333687,2706.51,300.0,130,59.0,South,Free,Organic,0,0.0,0,0,0.0,2706.51
C05870,0.41191695562790454,41.19,High Risk,Low Value,Medium Priority,0,1,2,1363.9,653.96,0.47947796759293204,681.95,75.0,81,29.0,North,Free,Paid Ads,0,0.0,71,0,0.0,681.95
C04455,0.41190167124352967,41.19,High Risk,Medium Value,High Priority,1,1,1,7291.3,3552.45,0.4872176429443309,7291.3,300.0,248,30.0,South,Free,Referral,0,0.0,0,0,0.0,7291.3
C08053,0.4113982793597068,41.14,High Risk,Low Value,Medium Priority,1,1,1,0.0,-200.0,-200.0,0.0,200.0,108,54.0,South,Free,Email,1,0.5,0,0,0.0,0.0
C09168,0.4113944621641066,41.14,High Risk,Medium Value,High Priority,0,1,1,6476.28,3504.82,0.541177960187021,6476.28,200.0,194,19.0,East,Free,Referral,0,0.0,0,0,0.0,6476.28
C05599,0.41127582959707487,41.13,High Risk,Low Value,Medium Priority,0,1,1,3252.65,1581.66,0.48626811984074525,3252.65,0.0,264,21.0,North,Free,Paid Ads,0,0.0,0,0,0.0,3252.65
C04677,0.41121482844029433,41.12,High Risk,Medium Value,High Priority,0,1,2,7870.94,4380.72,0.5565688469229851,3935.47,75.0,246,47.0,East,Free,Referral,0,0.0,8,0,0.0,3935.47
C04387,0.4111474607420001,41.11,High Risk,Medium Value,High Priority,0,1,2,6804.26,3515.1499999999996,0.5166101824445273,3402.13,100.0,121,32.0,South,Free,Social Media,0,0.0,4,0,0.0,3402.13
C04786,0.41081736456235557,41.08,High Risk,Low Value,Medium Priority,0,1,1,493.66,204.53,0.41431349511809745,493.66,50.0,261,39.0,West,Free,Paid Ads,0,0.0,0,0,0.0,493.66
C09453,0.4108111445525613,41.08,High Risk,Low Value,Medium Priority,1,1,1,0.0,-50.0,-50.0,0.0,50.0,143,35.0,East,Free,Referral,0,0.0,0,0,0.0,0.0
C05409,0.4106608017568259,41.07,High Risk,Medium Value,High Priority,1,1,1,7021.22,3848.09,0.5480657207721735,7021.22,0.0,235,60.0,West,Free,Organic,0,0.0,0,0,0.0,7021.22
C02015,0.4105167043704208,41.05,High Risk,Medium Value,High Priority,0,1,3,8868.650000000001,4677.23,0.5273891742260658,2956.216666666667,33.333333333333336,66,45.0,North,Free,Social Media,0,0.0,99,1,0.3333333333333333,2956.216666666667
C02340,0.41036044769627,41.04,High Risk,Medium Value,High Priority,0,1,2,7167.4,4135.86,0.5770376984680637,3583.7,175.0,201,51.0,West,Free,Paid Ads,0,0.0,15,1,0.5,3583.7
C02917,0.41033770949068205,41.03,High Risk,Low Value,Medium Priority,0,1,2,2644.22,1123.3700000000001,0.4248398393477094,1322.11,50.0,68,25.0,North,Free,Paid Ads,0,0.0,43,0,0.0,1322.11
C04012,0.4103272340686919,41.03,High Risk,Medium Value,High Priority,1,1,5,17852.55,7956.03,0.44565230177201576,3570.5099999999998,100.0,26,34.0,West,Free,Social Media,0,0.0,155,1,0.2,3570.5099999999998
C02245,0.41026730763526614,41.03,High Risk,Low Value,Medium Priority,1,1,5,5185.3099999999995,2196.92,0.42368151566637297,1037.062,100.0,39,19.0,South,Free,Social Media,0,0.0,172,1,0.2,1037.062
C08827,0.41013071632217374,41.01,High Risk,Medium Value,High Priority,1,1,1,13977.22,6526.09,0.4669090133803432,13977.22,200.0,135,44.0,North,Free,Social Media,0,0.0,0,0,0.0,13977.22
C04325,0.4099897047232667,41.0,High Risk,Medium Value,High Priority,0,1,3,9090.92,5034.98,0.5538471353834374,3030.306666666667,83.33333333333333,119,51.0,South,Free,Email,0,0.0,19,0,0.0,3030.306666666667
C09894,0.40987260074861387,40.99,High Risk,Low Value,Medium Priority,0,1,1,930.19,484.49,0.5208505789139853,930.19,100.0,150,31.0,North,Free,Organic,0,0.0,0,0,0.0,930.19
C00009,0.40986846448428355,40.99,High Risk,Low Value,Medium Priority,0,1,2,2089.79,917.4300000000001,0.4390058331219884,1044.895,100.0,229,50.0,North,Free,Referral,0,0.0,20,0,0.0,1044.895
C09203,0.4097921421402193,40.98,High Risk,High Value,Critical Priority,0,1,3,21176.83,10535.91,0.4975206393024829,7058.943333333334,66.66666666666667,36,49.0,North,Free,Referral,0,0.0,163,0,0.0,7058.943333333334
C05802,0.409776880720247,40.98,High Risk,Medium Value,High Priority,0,1,7,21574.25,9677.77,0.44857967252627556,3082.035714285714,150.0,123,48.0,East,Free,Social Media,0,0.0,126,0,0.0,3082.035714285714
C09982,0.4097517939168649,40.98,High Risk,Medium Value,High Priority,1,1,3,8730.96,4578.1,0.5243524194361217,2910.3199999999997,83.33333333333333,18,46.0,North,Free,Email,0,0.0,219,0,0.0,2910.3199999999997
C07294,0.40970404173215563,40.97,High Risk,Low Value,Medium Priority,0,1,2,5024.05,2254.88,0.4488171893193738,2512.025,75.0,148,44.0,West,Free,Organic,0,0.0,26,0,0.0,2512.025
C06891,0.4095434558202765,40.95,High Risk,Medium Value,High Priority,1,1,2,9705.65,4131.450000000001,0.4256747358497371,4852.825,75.0,104,55.0,West,Free,Email,0,0.0,70,1,0.5,4852.825
C07868,0.40948485073480806,40.95,High Risk,Low Value,Medium Priority,0,1,2,2434.24,915.3199999999999,0.37601879847508873,1217.12,125.0,88,53.0,West,Free,Organic,0,0.0,30,0,0.0,1217.12
C07322,0.40939854641209067,40.94,High Risk,Medium Value,High Priority,1,1,4,16773.4,7023.67,0.41873859801829083,4193.35,112.5,82,59.0,North,Free,Social Media,0,0.0,125,0,0.0,4193.35
C04121,0.40935195121401186,40.94,High Risk,Low Value,Medium Priority,1,1,1,2897.86,1487.72,0.5133857398217995,2897.86,300.0,58,44.0,West,Free,Referral,0,0.0,0,0,0.0,2897.86
C04208,0.40932956953706945,40.93,High Risk,Medium Value,High Priority,0,1,4,10878.939999999999,4562.58,0.41939563964871585,2719.7349999999997,112.5,83,46.0,North,Free,Paid Ads,0,0.0,171,2,0.5,2719.7349999999997
C07289,0.4093072492517669,40.93,High Risk,Low Value,Medium Priority,0,1,1,0.0,-200.0,-200.0,0.0,200.0,240,36.0,South,Free,Paid Ads,0,0.0,0,0,0.0,0.0
C05945,0.4090236331662932,40.9,High Risk,Medium Value,High Priority,0,1,4,6310.53,3151.6800000000003,0.49943190191632086,1577.6325,112.5,164,21.0,South,Free,Referral,0,0.0,103,1,0.25,1577.6325
C02967,0.409007202566545,40.9,High Risk,Medium Value,High Priority,0,1,2,7562.089999999999,4026.23,0.5324229148291015,3781.0449999999996,175.0,234,55.0,North,Free,Paid Ads,0,0.0,26,0,0.0,3781.0449999999996
C03653,0.40898258419812156,40.9,High Risk,Low Value,Medium Priority,0,1,1,2704.49,1139.96,0.4215064577794705,2704.49,50.0,82,30.0,South,Free,Social Media,0,0.0,0,0,0.0,2704.49
C01328,0.4088507114638008,40.89,High Risk,High Value,Critical Priority,0,1,4,19716.07,10141.53,0.5143788797666067,4929.0175,200.0,28,33.0,South,Free,Email,0,0.0,18,0,0.0,4929.0175
C05568,0.40883538249715734,40.88,High Risk,Medium Value,High Priority,0,1,1,7699.69,3698.99,0.48040765277563124,7699.69,0.0,157,35.0,North,Free,Organic,0,0.0,0,0,0.0,7699.69
C07056,0.40879546912676024,40.88,High Risk,Low Value,Medium Priority,0,1,2,1319.11,279.80999999999995,0.21212029322800977,659.555,300.0,136,47.0,East,Free,Paid Ads,0,0.0,80,1,0.5,659.555
C01323,0.40869473153660624,40.87,High Risk,Low Value,Medium Priority,0,1,2,0.0,-450.0,-450.0,0.0,225.0,210,53.0,South,Free,Paid Ads,0,0.0,0,0,0.0,0.0
C06035,0.4086606108137759,40.87,High Risk,Low Value,Medium Priority,1,1,2,5101.71,2441.2200000000003,0.4785101465979055,2550.855,125.0,19,36.0,North,Free,Email,0,0.0,114,0,0.0,2550.855
C07216,0.40865089148159167,40.87,High Risk,Low Value,Medium Priority,0,1,2,0.0,-350.0,-350.0,0.0,175.0,162,39.0,North,Free,Paid Ads,0,0.0,80,0,0.0,0.0
C07006,0.4085981434949274,40.86,High Risk,Low Value,Medium Priority,0,1,1,1159.04,536.08,0.4625207067918278,1159.04,100.0,209,31.0,West,Free,Organic,0,0.0,0,0,0.0,1159.04
C00818,0.4084466754200308,40.84,High Risk,Low Value,Medium Priority,1,1,2,563.25,30.419999999999987,0.054007989347536596,281.625,125.0,5,25.0,West,Free,Organic,0,0.0,14,0,0.0,281.625
C02033,0.40839046346613067,40.84,High Risk,Low Value,Medium Priority,1,1,1,276.67,5.55,0.02005999927711714,276.67,150.0,167,26.0,West,Free,Organic,0,0.0,0,0,0.0,276.67
C07468,0.4083833445572234,40.84,High Risk,Medium Value,High Priority,0,1,3,6739.83,3755.65,0.5572321557071914,2246.61,33.333333333333336,5,35.0,North,Free,Email,0,0.0,89,0,0.0,2246.61
C00694,0.40834179781394253,40.83,High Risk,Low Value,Medium Priority,0,1,1,629.15,340.22,0.540761344671382,629.15,0.0,245,32.0,West,Free,Paid Ads,0,0.0,0,0,0.0,629.15
C04615,0.40826526461032003,40.83,High Risk,Medium Value,High Priority,0,1,2,8177.59,4526.74,0.5535542867764218,4088.795,25.0,174,30.0,West,Free,Paid Ads,0,0.0,19,0,0.0,4088.795
C06819,0.4080426318341416,40.8,High Risk,Medium Value,High Priority,0,1,4,11848.82,5385.849999999999,0.4545473726497659,2962.205,262.5,111,45.0,South,Free,Email,0,0.0,158,1,0.25,2962.205
C04062,0.40801902731464307,40.8,High Risk,High Value,Critical Priority,0,1,4,23992.24,14018.52,0.5842939217013501,5998.06,87.5,64,24.0,East,Free,Social Media,0,0.0,55,0,0.0,5998.06
C03145,0.4079940859024814,40.8,High Risk,Low Value,Medium Priority,0,1,2,1981.0,833.05,0.42051993942453303,990.5,25.0,155,19.0,West,Free,Organic,0,0.0,30,1,0.5,990.5
C07777,0.40794817381089826,40.79,High Risk,Medium Value,High Priority,0,1,3,9800.35,4079.36,0.4162463585484192,3266.7833333333333,250.0,137,55.0,West,Free,Social Media,0,0.0,130,0,0.0,3266.7833333333333
C00288,0.4079034123929337,40.79,High Risk,Low Value,Medium Priority,0,1,3,4229.77,1906.97,0.4508448449915716,1409.9233333333334,133.33333333333334,201,47.0,North,Free,Email,1,0.25,31,0,0.0,1409.9233333333334
C06402,0.4077941243810606,40.78,High Risk,Low Value,Medium Priority,1,1,2,0.0,0.0,0.0,0.0,0.0,111,21.0,South,Free,Paid Ads,1,0.3333333333333333,80,0,0.0,0.0
C00678,0.4077834880440542,40.78,High Risk,Medium Value,High Priority,0,1,8,17824.73,8149.3099999999995,0.4571912169216588,2228.09125,118.75,10,46.0,West,Free,Paid Ads,0,0.0,239,2,0.25,2228.09125
C02831,0.40767900948049807,40.77,High Risk,Medium Value,High Priority,1,1,2,16163.439999999999,8406.8,0.5201120553545532,8081.719999999999,125.0,33,33.0,West,Free,Email,0,0.0,60,0,0.0,8081.719999999999
C02688,0.4076263061926979,40.76,High Risk,Medium Value,High Priority,1,1,1,6929.39,3772.71,0.544450521618786,6929.39,0.0,179,37.0,West,Free,Organic,0,0.0,0,0,0.0,6929.39
C08279,0.4075481592114233,40.75,High Risk,Medium Value,High Priority,1,1,3,9715.96,4590.4,0.4724597466436667,3238.653333333333,16.666666666666668,102,60.0,West,Free,Email,0,0.0,69,1,0.3333333333333333,3238.653333333333
C03877,0.4075211053468094,40.75,High Risk,Medium Value,High Priority,0,1,2,8307.06,4533.37,0.5457249616591189,4153.53,150.0,196,42.0,East,Free,Organic,0,0.0,9,1,0.5,4153.53
C00529,0.4074366865628082,40.74,High Risk,High Value,Critical Priority,1,1,4,22651.59,12702.17,0.5607628426966937,5662.8975,212.5,12,46.0,East,Free,Social Media,0,0.0,143,1,0.25,5662.8975
C04276,0.40695993653519996,40.7,High Risk,Low Value,Medium Priority,0,1,1,4445.72,2105.38,0.4735745840943649,4445.72,150.0,180,44.0,North,Free,Paid Ads,0,0.0,0,0,0.0,4445.72
C06631,0.4068691285719176,40.69,High Risk,Medium Value,High Priority,0,1,4,10150.64,4870.46,0.4798180213267341,2537.66,150.0,22,25.0,West,Free,Email,0,0.0,228,0,0.0,2537.66
C03152,0.4068314194474116,40.68,High Risk,Medium Value,High Priority,1,1,3,11820.64,5556.2699999999995,0.4700481530610863,3940.213333333333,133.33333333333334,48,36.0,West,Free,Email,0,0.0,175,0,0.0,3940.213333333333
C03762,0.4067868240535994,40.68,High Risk,Medium Value,High Priority,0,1,3,6921.74,3334.15,0.48169246461149945,2307.2466666666664,133.33333333333334,11,18.0,North,Free,Social Media,0,0.0,208,2,0.6666666666666666,2307.2466666666664
C03480,0.4066387772688966,40.66,High Risk,High Value,Critical Priority,0,1,7,24386.07,11927.94,0.4891292446876434,3483.7242857142855,135.71428571428572,25,56.0,West,Free,Email,0,0.0,240,2,0.2857142857142857,3483.7242857142855
C04539,0.4066243544362416,40.66,High Risk,Low Value,Medium Priority,0,1,2,4062.5,1430.71,0.35217476923076924,2031.25,300.0,20,32.0,East,Free,Social Media,0,0.0,210,1,0.5,2031.25
C03030,0.4065550141647314,40.66,High Risk,Low Value,Medium Priority,0,1,2,3802.55,1970.31,0.5181549223547356,1901.275,175.0,240,36.0,North,Free,Email,1,0.3333333333333333,3,0,0.0,1901.275
C05202,0.40647285551919465,40.65,High Risk,Low Value,Medium Priority,0,1,1,2848.6,1583.42,0.555859018465211,2848.6,100.0,121,34.0,South,Free,Paid Ads,0,0.0,0,0,0.0,2848.6
C08314,0.4064716397991938,40.65,High Risk,Low Value,Medium Priority,0,1,2,1068.84,115.92999999999995,0.10846338086149467,534.42,250.0,25,44.0,North,Free,Social Media,0,0.0,244,0,0.0,534.42
C03175,0.4063908454044261,40.64,High Risk,Medium Value,High Priority,0,1,4,10740.869999999999,5241.38,0.4879846790809311,2685.2174999999997,137.5,23,40.0,East,Free,Social Media,0,0.0,188,0,0.0,2685.2174999999997
C08949,0.40631030702551874,40.63,High Risk,Medium Value,High Priority,1,1,1,15055.11,8094.35,0.5376480145279576,15055.11,100.0,270,22.0,West,Free,Paid Ads,0,0.0,0,0,0.0,15055.11
C04937,0.40619198798211104,40.62,High Risk,Medium Value,High Priority,1,1,2,6884.4400000000005,3923.03,0.5698401031892208,3442.2200000000003,25.0,159,19.0,South,Free,Organic,0,0.0,2,0,0.0,3442.2200000000003
C00837,0.40618338641325075,40.62,High Risk,Medium Value,High Priority,0,1,2,12014.73,5759.42,0.47936324827940374,6007.365,175.0,17,32.0,South,Free,Email,0,0.0,69,0,0.0,6007.365
C01480,0.4060943000079333,40.61,High Risk,Low Value,Medium Priority,0,1,1,4142.13,2106.37,0.5085233925540724,4142.13,150.0,111,56.0,West,Free,Referral,0,0.0,0,0,0.0,4142.13
C04080,0.40583917914289264,40.58,High Risk,Low Value,Medium Priority,0,1,3,3217.66,1482.23,0.46065463722083755,1072.5533333333333,133.33333333333334,196,24.0,East,Free,Organic,0,0.0,50,0,0.0,1072.5533333333333
C07677,0.40582852932988617,40.58,High Risk,Medium Value,High Priority,0,1,2,6368.049999999999,3406.39,0.5349188527100133,3184.0249999999996,75.0,147,50.0,North,Free,Email,0,0.0,86,2,1.0,3184.0249999999996
C09027,0.40577929952039166,40.58,High Risk,High Value,Critical Priority,0,1,5,19145.48,10385.39,0.5424460499292784,3829.096,120.0,3,39.0,North,Free,Social Media,0,0.0,147,1,0.2,3829.096
C01000,0.4057760527671075,40.58,High Risk,Low Value,Medium Priority,0,1,1,1151.47,598.21,0.5195185284896697,1151.47,100.0,184,58.0,West,Free,Organic,0,0.0,0,0,0.0,1151.47
C09332,0.4056439133461842,40.56,High Risk,High Value,Critical Priority,1,1,3,25440.24,14090.59,0.5538701678914979,8480.08,150.0,179,37.0,South,Free,Email,0,0.0,90,0,0.0,8480.08
C02000,0.40563220705806435,40.56,High Risk,Low Value,Medium Priority,1,1,1,0.0,-100.0,-100.0,0.0,100.0,206,41.0,West,Free,Referral,0,0.0,0,0,0.0,0.0
C07012,0.4055663315602957,40.56,High Risk,Low Value,Medium Priority,1,1,2,2158.98,820.04,0.37982751113951957,1079.49,25.0,159,20.0,South,Free,Organic,0,0.0,65,0,0.0,1079.49
C08373,0.40552080714802585,40.55,High Risk,Low Value,Medium Priority,0,1,1,1381.88,729.59,0.5279691434856861,1381.88,100.0,57,35.0,West,Free,Referral,0,0.0,0,0,0.0,1381.88
C03539,0.40544006061952464,40.54,High Risk,Low Value,Medium Priority,1,1,2,1856.37,761.0,0.4099398288056799,928.185,75.0,63,34.0,North,Free,Referral,0,0.0,80,0,0.0,928.185
C01897,0.4053848329376502,40.54,High Risk,Low Value,Medium Priority,0,1,2,1151.09,505.92999999999995,0.4395225395060334,575.545,100.0,126,39.0,North,Free,Paid Ads,0,0.0,47,0,0.0,575.545
C06803,0.40537871026010286,40.54,High Risk,Low Value,Medium Priority,1,1,2,3800.42,2078.3999999999996,0.5468869230242972,1900.21,100.0,149,44.0,East,Free,Organic,0,0.0,115,0,0.0,1900.21
C07846,0.4052943616187407,40.53,High Risk,Low Value,Medium Priority,0,1,2,1738.8,879.26,0.5056705774097079,869.4,75.0,137,32.0,North,Free,Paid Ads,0,0.0,45,0,0.0,869.4
C06136,0.40525621862268996,40.53,High Risk,Low Value,Medium Priority,0,1,3,4917.63,2281.6400000000003,0.4639714659297264,1639.21,33.333333333333336,76,34.0,East,Free,Social Media,0,0.0,116,0,0.0,1639.21
C05556,0.4052011789790865,40.52,High Risk,Low Value,Medium Priority,1,1,1,927.29,451.74,0.48716151365807897,927.29,0.0,153,54.0,North,Free,Paid Ads,0,0.0,0,0,0.0,927.29
C00175,0.4051240097977897,40.51,High Risk,Low Value,Medium Priority,0,1,2,2896.01,1412.8,0.48784361932451886,1448.005,25.0,8,49.0,North,Free,Paid Ads,0,0.0,31,0,0.0,1448.005
C01584,0.4051176957627194,40.51,High Risk,Medium Value,High Priority,1,1,4,16864.16,8087.76,0.4795827364066755,4216.04,62.5,94,49.0,West,Free,Email,0,0.0,156,0,0.0,4216.04
C08185,0.4050886618562576,40.51,High Risk,Medium Value,High Priority,1,1,4,15387.720000000001,8306.710000000001,0.5398272128684432,3846.9300000000003,175.0,119,60.0,West,Free,Social Media,0,0.0,108,0,0.0,3846.9300000000003
C07589,0.4050416532340766,40.5,High Risk,Low Value,Medium Priority,0,1,1,0.0,-300.0,-300.0,0.0,300.0,271,25.0,North,Free,Paid Ads,1,0.5,0,0,0.0,0.0
C07928,0.4049430318150628,40.49,High Risk,Low Value,Medium Priority,1,1,1,659.47,230.98,0.3502509591035225,659.47,100.0,68,52.0,South,Free,Organic,0,0.0,0,0,0.0,659.47
C07687,0.4049325826413765,40.49,High Risk,Low Value,Medium Priority,0,1,1,3185.13,1637.56,0.5141265819605478,3185.13,100.0,120,20.0,North,Free,Organic,0,0.0,0,0,0.0,3185.13
C00724,0.404837282566341,40.48,High Risk,Low Value,Medium Priority,1,1,4,4673.79,1517.7399999999998,0.32473431626153504,1168.4475,287.5,146,57.0,North,Free,Paid Ads,0,0.0,117,0,0.0,1168.4475
C04617,0.40478075084640075,40.48,High Risk,Medium Value,High Priority,0,1,2,6744.41,3352.63,0.4970975963798168,3372.205,0.0,223,51.0,South,Free,Organic,0,0.0,38,0,0.0,3372.205
C05103,0.4047737345199481,40.48,High Risk,Low Value,Medium Priority,0,1,1,5910.1,2551.38,0.4316982792169337,5910.1,300.0,122,54.0,North,Free,Organic,0,0.0,0,0,0.0,5910.1
C02647,0.4047518285768737,40.48,High Risk,Medium Value,High Priority,0,1,5,13161.289999999999,6929.12,0.5264772678058154,2632.258,90.0,44,54.0,South,Free,Organic,0,0.0,157,2,0.4,2632.258
C06541,0.4046191472144434,40.46,High Risk,Medium Value,High Priority,1,1,4,17860.78,9060.5,0.50728467625714,4465.195,112.5,70,20.0,East,Free,Email,0,0.0,162,0,0.0,4465.195
C08474,0.4045805294017811,40.46,High Risk,Medium Value,High Priority,0,1,3,6195.8,2863.89,0.4622308660705639,2065.266666666667,100.0,2,38.0,East,Free,Email,0,0.0,227,0,0.0,2065.266666666667
C06961,0.4045453473362068,40.45,High Risk,Low Value,Medium Priority,0,1,1,2456.16,1383.82,0.5634079213080582,2456.16,0.0,154,44.0,North,Free,Organic,0,0.0,0,0,0.0,2456.16
C02334,0.4044626980836954,40.45,High Risk,Medium Value,High Priority,1,1,3,7635.86,3382.57,0.44298481114111576,2545.2866666666664,116.66666666666667,44,27.0,North,Free,Social Media,0,0.0,163,0,0.0,2545.2866666666664
C04936,0.4043985499219973,40.44,High Risk,Low Value,Medium Priority,0,1,2,2047.16,871.5900000000001,0.42575568104105205,1023.58,150.0,148,53.0,West,Free,Organic,0,0.0,17,0,0.0,1023.58
C02671,0.4043429245539405,40.43,High Risk,Medium Value,High Priority,0,1,3,7525.39,3743.11,0.4973974770742779,2508.4633333333336,133.33333333333334,80,45.0,North,Free,Organic,0,0.0,121,0,0.0,2508.4633333333336
C06676,0.4042801827383393,40.43,High Risk,Low Value,Medium Priority,0,1,1,340.46,-78.86,-0.23162779768548436,340.46,200.0,51,25.0,South,Free,Referral,0,0.0,0,0,0.0,340.46
C09059,0.4041677248910261,40.42,High Risk,Low Value,Medium Priority,0,1,2,2665.92,706.8299999999999,0.2651354879366222,1332.96,225.0,14,43.0,East,Free,Social Media,0,0.0,222,1,0.5,1332.96
C09452,0.404124341489746,40.41,High Risk,Low Value,Medium Priority,1,1,1,3003.92,1341.21,0.4464865908546166,3003.92,50.0,137,24.0,North,Free,Organic,0,0.0,0,0,0.0,3003.92
C01420,0.4040347476490701,40.4,High Risk,Low Value,Medium Priority,1,1,2,2197.8199999999997,1044.92,0.4754347489785334,1098.9099999999999,150.0,115,41.0,South,Free,Paid Ads,0,0.0,7,1,0.5,1098.9099999999999
C09223,0.403968252777268,40.4,High Risk,Medium Value,High Priority,0,1,5,16323.83,6625.889999999999,0.40590290391409367,3264.766,170.0,40,42.0,North,Free,Organic,0,0.0,97,1,0.2,3264.766
C08184,0.4038197962567225,40.38,High Risk,Low Value,Medium Priority,0,1,1,1335.99,710.32,0.5316806263519936,1335.99,0.0,117,48.0,South,Free,Social Media,1,0.5,0,0,0.0,1335.99
C03754,0.40367130553015146,40.37,High Risk,Low Value,Medium Priority,1,1,1,366.9,112.46,0.30651403652221315,366.9,50.0,214,59.0,North,Free,Paid Ads,1,0.5,0,0,0.0,366.9
C08741,0.40350335071525795,40.35,High Risk,Low Value,Medium Priority,0,1,1,6011.86,2704.44,0.449850794928691,6011.86,50.0,55,56.0,North,Free,Paid Ads,0,0.0,0,0,0.0,6011.86
C02468,0.4033195439170378,40.33,High Risk,Medium Value,High Priority,0,1,2,7326.610000000001,3383.9300000000003,0.46186844939201077,3663.3050000000003,50.0,98,23.0,East,Free,Email,0,0.0,35,1,0.5,3663.3050000000003
C05963,0.4033081644383696,40.33,High Risk,Medium Value,High Priority,1,1,4,8372.7,3552.75,0.4243254864022358,2093.175,150.0,210,48.0,West,Free,Paid Ads,0,0.0,26,0,0.0,2093.175
C09961,0.40328487616201303,40.33,High Risk,High Value,Critical Priority,0,1,4,19515.89,10434.52,0.5346679039490385,4878.9725,150.0,130,53.0,North,Free,Social Media,0,0.0,138,0,0.0,4878.9725
C07664,0.40324993904323847,40.32,High Risk,Low Value,Medium Priority,0,1,2,4199.78,2074.18,0.4938782507655163,2099.89,50.0,60,27.0,West,Free,Organic,0,0.0,48,0,0.0,2099.89
C08342,0.4032432212379966,40.32,High Risk,Medium Value,High Priority,0,1,2,6260.040000000001,2961.44,0.47307045961367655,3130.0200000000004,125.0,187,50.0,North,Free,Referral,0,0.0,4,0,0.0,3130.0200000000004
C07555,0.40312826912417327,40.31,High Risk,Low Value,Medium Priority,0,1,2,4029.71,1079.57,0.2679026530445119,2014.855,150.0,115,27.0,North,Free,Paid Ads,0,0.0,14,0,0.0,2014.855
C04655,0.40305875542307085,40.31,High Risk,Medium Value,High Priority,1,1,1,7155.44,3912.02,0.5467196985789833,7155.44,50.0,91,25.0,West,Free,Organic,0,0.0,0,0,0.0,7155.44
C08382,0.4027834824396022,40.28,High Risk,Medium Value,High Priority,0,1,3,11514.060000000001,5483.16,0.47621429799740483,3838.0200000000004,166.66666666666666,96,41.0,East,Free,Social Media,0,0.0,107,0,0.0,3838.0200000000004
C01399,0.40275744155872395,40.28,High Risk,Medium Value,High Priority,0,1,5,10424.1,5139.95,0.4930833357316219,2084.82,90.0,119,40.0,North,Free,Referral,0,0.0,127,0,0.0,2084.82
C09197,0.4025880135331919,40.26,High Risk,Low Value,Medium Priority,0,1,2,1172.91,487.39,0.4155391291744464,586.455,50.0,24,58.0,North,Free,Referral,0,0.0,70,0,0.0,586.455
C01949,0.402466867461798,40.25,High Risk,Low Value,Medium Priority,1,1,3,5201.02,2337.08,0.449350319744973,1733.6733333333334,100.0,41,41.0,West,Free,Email,0,0.0,198,1,0.3333333333333333,1733.6733333333334
C05088,0.4024121018383225,40.24,High Risk,Low Value,Medium Priority,0,1,1,4652.6,2645.13,0.5685272750720027,4652.6,0.0,248,29.0,East,Free,Paid Ads,0,0.0,0,0,0.0,4652.6
C05166,0.4023608511400435,40.24,High Risk,Low Value,Medium Priority,0,1,1,0.0,0.0,0.0,0.0,0.0,209,24.0,South,Free,Organic,0,0.0,0,0,0.0,0.0
C04308,0.4023566447559369,40.24,High Risk,Medium Value,High Priority,1,1,4,13272.8,5994.3,0.4516228678199024,3318.2,225.0,4,41.0,North,Free,Social Media,0,0.0,214,1,0.25,3318.2
C09437,0.40232745854917024,40.23,High Risk,Low Value,Medium Priority,0,1,3,2774.44,873.3699999999999,0.3147914534104179,924.8133333333334,200.0,3,22.0,North,Free,Organic,0,0.0,176,0,0.0,924.8133333333334
C09067,0.4023087272744876,40.23,High Risk,Medium Value,High Priority,0,1,6,11509.9,5938.77,0.5159705992232774,1918.3166666666666,83.33333333333333,34,23.0,West,Free,Paid Ads,0,0.0,203,1,0.16666666666666666,1918.3166666666666
C04281,0.4022860408381593,40.23,High Risk,High Value,Critical Priority,0,1,6,27710.98,14902.42,0.5377803311178457,4618.496666666667,108.33333333333333,25,21.0,East,Free,Social Media,0,0.0,210,2,0.3333333333333333,4618.496666666667
C02327,0.4021951863460624,40.22,High Risk,Medium Value,High Priority,1,1,4,11872.619999999999,4705.2,0.39630679664640156,2968.1549999999997,212.5,193,49.0,South,Free,Paid Ads,0,0.0,64,0,0.0,2968.1549999999997
C00993,0.4021862437606498,40.22,High Risk,Medium Value,High Priority,1,1,3,10304.2,5345.759999999999,0.5187942780613729,3434.7333333333336,166.66666666666666,117,27.0,West,Free,Organic,0,0.0,104,0,0.0,3434.7333333333336
C03049,0.4021681031780909,40.22,High Risk,Medium Value,High Priority,1,1,5,5784.76,2818.31,0.4871956658530345,1156.952,100.0,21,48.0,West,Free,Paid Ads,0,0.0,215,1,0.2,1156.952
C06864,0.40211283746335214,40.21,High Risk,Low Value,Medium Priority,0,1,1,864.24,361.63,0.41843700823845226,864.24,50.0,209,36.0,East,Free,Referral,0,0.0,0,0,0.0,864.24
C09620,0.4020349265906766,40.2,High Risk,Low Value,Medium Priority,0,1,1,0.0,-300.0,-300.0,0.0,300.0,50,57.0,East,Free,Organic,0,0.0,0,0,0.0,0.0
C03118,0.40201809049847637,40.2,High Risk,Medium Value,High Priority,0,1,4,13563.470000000001,5595.5199999999995,0.41254339781781496,3390.8675000000003,162.5,78,27.0,East,Free,Email,0,0.0,176,1,0.25,3390.8675000000003
C04019,0.40196232134159965,40.2,High Risk,Low Value,Medium Priority,0,1,2,4682.76,2231.68,0.4765736446027556,2341.38,25.0,213,38.0,West,Free,Organic,0,0.0,24,0,0.0,2341.38
C00875,0.4019530669376617,40.2,High Risk,Medium Value,High Priority,1,1,4,11315.22,5665.7699999999995,0.5007211525714922,2828.805,62.5,15,19.0,East,Free,Social Media,0,0.0,215,0,0.0,2828.805
C04671,0.4018402208133242,40.18,High Risk,Low Value,Medium Priority,0,1,2,2060.31,736.76,0.35759667234542375,1030.155,75.0,148,55.0,West,Free,Organic,0,0.0,13,0,0.0,1030.155
C06175,0.4018091469959919,40.18,High Risk,Low Value,Medium Priority,0,1,3,4125.87,1755.9299999999998,0.4255902391495612,1375.29,216.66666666666666,39,35.0,North,Free,Paid Ads,0,0.0,70,1,0.3333333333333333,1375.29
C06886,0.4016354036621056,40.16,High Risk,Medium Value,High Priority,1,1,1,11232.47,6854.43,0.610233546139006,11232.47,100.0,64,27.0,South,Free,Email,0,0.0,0,0,0.0,11232.47
C06354,0.4016347878366838,40.16,High Risk,Medium Value,High Priority,0,1,2,10816.65,5170.389999999999,0.47800289368704724,5408.325,150.0,188,42.0,North,Free,Organic,0,0.0,11,0,0.0,5408.325
C03691,0.4014972536499591,40.15,High Risk,Medium Value,High Priority,0,1,4,12011.56,5008.9400000000005,0.41700994708430883,3002.89,137.5,226,32.0,South,Free,Paid Ads,0,0.0,21,1,0.25,3002.89
C01302,0.40146940634651596,40.15,High Risk,Medium Value,High Priority,1,1,1,6569.08,3511.35,0.5345269048329446,6569.08,50.0,38,45.0,South,Free,Email,0,0.0,0,0,0.0,6569.08
C09795,0.40142976000651187,40.14,High Risk,Medium Value,High Priority,1,1,2,9728.09,4844.6900000000005,0.4980104008083807,4864.045,50.0,34,32.0,North,Free,Organic,0,0.0,16,0,0.0,4864.045
C04663,0.40139366418089417,40.14,High Risk,Low Value,Medium Priority,0,1,1,1183.37,510.84,0.43168239857356533,1183.37,50.0,186,30.0,West,Free,Referral,0,0.0,0,0,0.0,1183.37
C09284,0.40138278902697616,40.14,High Risk,Low Value,Medium Priority,0,1,3,5451.66,2663.15,0.4885025845338851,1817.22,166.66666666666666,50,37.0,East,Free,Paid Ads,0,0.0,92,0,0.0,1817.22
C08891,0.40131003753345723,40.13,High Risk,Medium Value,High Priority,0,1,7,18054.64,8919.9,0.4940502829189615,2579.2342857142858,35.714285714285715,19,41.0,West,Free,Email,0,0.0,211,0,0.0,2579.2342857142858
C00594,0.4012488850369958,40.12,High Risk,Medium Value,High Priority,0,1,1,8115.31,3277.99,0.4039266522166127,8115.31,0.0,197,19.0,West,Free,Referral,0,0.0,0,0,0.0,8115.31
C05975,0.40115558518640365,40.12,High Risk,Medium Value,High Priority,0,1,4,10578.1,4942.2,0.4672105576615838,2644.525,225.0,65,28.0,West,Free,Organic,0,0.0,192,1,0.25,2644.525
C02480,0.4011063656881488,40.11,High Risk,Medium Value,High Priority,0,1,4,15836.12,8107.44,0.5119587373674864,3959.03,0.0,130,26.0,South,Free,Email,0,0.0,38,0,0.0,3959.03
C05458,0.40109421760838665,40.11,High Risk,Medium Value,High Priority,1,1,1,5665.57,3040.59,0.5366785689701125,5665.57,0.0,69,33.0,West,Free,Email,1,0.5,0,0,0.0,5665.57
C04468,0.4009755053531904,40.1,High Risk,Low Value,Medium Priority,0,1,2,3330.52,1269.8,0.3812617849464948,1665.26,75.0,18,33.0,East,Free,Organic,0,0.0,31,0,0.0,1665.26
C08255,0.40093871281583676,40.09,High Risk,Low Value,Medium Priority,1,1,4,5393.26,2014.79,0.37357553687380174,1348.315,162.5,43,33.0,West,Free,Organic,0,0.0,217,1,0.25,1348.315
C03831,0.40089931578900456,40.09,High Risk,Low Value,Medium Priority,1,1,1,1639.22,847.88,0.5172460072473494,1639.22,0.0,154,31.0,West,Free,Organic,0,0.0,0,0,0.0,1639.22
C08144,0.4008453320599,40.08,High Risk,Low Value,Medium Priority,0,1,1,896.58,240.16,0.2678623212652524,896.58,200.0,63,22.0,West,Free,Paid Ads,0,0.0,0,0,0.0,896.58
C02043,0.40077665130219076,40.08,High Risk,Low Value,Medium Priority,0,1,3,3007.63,910.83,0.30283977749922697,1002.5433333333334,200.0,64,32.0,North,Free,Organic,0,0.0,119,1,0.3333333333333333,1002.5433333333334
C09542,0.4006753497394855,40.07,High Risk,Low Value,Medium Priority,0,1,3,5103.660000000001,2328.0699999999997,0.4561569540290692,1701.2200000000003,83.33333333333333,17,33.0,West,Free,Email,0,0.0,163,0,0.0,1701.2200000000003
C07484,0.40063422813222604,40.06,High Risk,Medium Value,High Priority,1,1,4,14667.22,6648.57,0.45329448934426564,3666.805,175.0,54,51.0,West,Free,Email,0,0.0,178,1,0.25,3666.805
C09392,0.4006315878850799,40.06,High Risk,Medium Value,High Priority,0,1,1,5943.92,3146.33,0.5293358591636496,5943.92,100.0,110,47.0,South,Free,Paid Ads,0,0.0,0,0,0.0,5943.92
C09329,0.4006299529832137,40.06,High Risk,Medium Value,High Priority,0,1,2,18399.66,9396.15,0.5106697623760439,9199.83,125.0,215,41.0,West,Free,Paid Ads,0,0.0,10,0,0.0,9199.83
C05092,0.40062159869134834,40.06,High Risk,Low Value,Medium Priority,0,1,1,0.0,-300.0,-300.0,0.0,300.0,9,21.0,East,Free,Organic,0,0.0,0,0,0.0,0.0
C03700,0.4005352576565446,40.05,High Risk,Medium Value,High Priority,0,1,2,12944.710000000001,5787.84,0.44712009770786676,6472.3550000000005,200.0,140,35.0,West,Free,Paid Ads,0,0.0,37,0,0.0,6472.3550000000005
C06741,0.40042331859059155,40.04,High Risk,Medium Value,High Priority,0,1,3,13970.550000000001,7274.75,0.5207203724978615,4656.85,50.0,63,49.0,East,Free,Email,0,0.0,43,0,0.0,4656.85
C09649,0.4003864775365183,40.04,High Risk,Medium Value,High Priority,0,1,2,10349.81,5817.41,0.562078917390754,5174.905,200.0,13,56.0,North,Free,Paid Ads,0,0.0,63,0,0.0,5174.905
C02947,0.4003641833140481,40.04,High Risk,Low Value,Medium Priority,1,1,2,2245.16,881.26,0.3925154554686526,1122.58,50.0,43,30.0,North,Free,Organic,0,0.0,1,0,0.0,1122.58
C05080,0.40028545641300894,40.03,High Risk,Medium Value,High Priority,0,1,2,7102.1,3326.49,0.46838118303037124,3551.05,75.0,63,28.0,West,Free,Email,0,0.0,145,0,0.0,3551.05
C07496,0.40025061802211365,40.03,High Risk,High Value,Critical Priority,1,1,3,25285.13,12896.49,0.5100424636930876,8428.376666666667,116.66666666666667,82,39.0,East,Free,Social Media,0,0.0,94,1,0.3333333333333333,8428.376666666667
C07567,0.40023050212749844,40.02,High Risk,Low Value,Medium Priority,1,1,1,1682.47,870.09,0.5171503800959304,1682.47,100.0,194,52.0,South,Free,Paid Ads,0,0.0,0,0,0.0,1682.47
C09069,0.4002047366273412,40.02,High Risk,Low Value,Medium Priority,0,1,1,1605.0,759.62,0.4732834890965732,1605.0,300.0,63,58.0,East,Free,Social Media,1,0.5,0,0,0.0,1605.0
C07124,0.39989930265053164,39.99,High Risk,Low Value,Medium Priority,0,1,3,3563.1,1483.34,0.41630602565182,1187.7,133.33333333333334,177,36.0,South,Free,Organic,0,0.0,39,0,0.0,1187.7
C00843,0.39966966544483323,39.97,High Risk,Low Value,Medium Priority,1,1,2,372.15,-370.61,-0.9958618836490664,186.075,275.0,76,24.0,East,Free,Email,1,0.3333333333333333,25,1,0.5,186.075
C04876,0.3996509078952306,39.97,High Risk,Low Value,Medium Priority,0,1,3,1871.0,815.45,0.43583645109567076,623.6666666666666,50.0,93,39.0,North,Free,Paid Ads,0,0.0,86,0,0.0,623.6666666666666
C09117,0.3996509013893053,39.97,High Risk,Medium Value,High Priority,1,1,5,7542.13,2896.3599999999997,0.38402414172123783,1508.426,170.0,41,47.0,North,Free,Paid Ads,0,0.0,183,0,0.0,1508.426
C00031,0.399640478228375,39.96,High Risk,Medium Value,High Priority,0,1,2,8127.36,3749.26,0.4613133908181747,4063.68,25.0,91,32.0,North,Free,Paid Ads,0,0.0,93,0,0.0,4063.68
C09515,0.39957367049825965,39.96,High Risk,Medium Value,High Priority,1,1,2,5994.0,2751.6899999999996,0.459074074074074,2997.0,25.0,21,53.0,North,Free,Paid Ads,1,0.3333333333333333,117,0,0.0,2997.0
C07473,0.39949498376979353,39.95,High Risk,Low Value,Medium Priority,0,1,3,1514.43,609.61,0.4025342868273872,504.81,133.33333333333334,169,39.0,South,Free,Paid Ads,0,0.0,66,0,0.0,504.81
C09616,0.3994895626504779,39.95,High Risk,Low Value,Medium Priority,1,1,1,1465.6,762.84,0.5204967248908298,1465.6,0.0,211,32.0,South,Free,Paid Ads,0,0.0,0,0,0.0,1465.6
C06038,0.39947740762504663,39.95,High Risk,Low Value,Medium Priority,1,1,2,4199.11,1370.64,0.32641202540538355,2099.555,175.0,133,46.0,South,Free,Organic,0,0.0,42,1,0.5,2099.555
C05052,0.39937611612285034,39.94,High Risk,Low Value,Medium Priority,0,1,1,1486.76,986.82,0.6637385993704431,1486.76,0.0,39,27.0,South,Free,Social Media,1,0.5,0,0,0.0,1486.76
C09504,0.39935642311973696,39.94,High Risk,Low Value,Medium Priority,0,1,3,5728.15,2409.29,0.42060525649642555,1909.3833333333332,116.66666666666667,29,42.0,South,Free,Paid Ads,0,0.0,4,0,0.0,1909.3833333333332
C05385,0.39934396571531583,39.93,High Risk,Medium Value,High Priority,0,1,4,17559.440000000002,8293.34,0.47230093898210873,4389.860000000001,112.5,49,35.0,North,Free,Paid Ads,0,0.0,90,1,0.25,4389.860000000001
C02365,0.3992019913490612,39.92,High Risk,Low Value,Medium Priority,0,1,3,4046.33,2002.46,0.494883017450381,1348.7766666666666,83.33333333333333,143,18.0,North,Free,Referral,0,0.0,91,0,0.0,1348.7766666666666
C04710,0.3991544541961524,39.92,High Risk,Medium Value,High Priority,1,1,2,6612.7699999999995,3582.89,0.5418137936144762,3306.3849999999998,100.0,110,31.0,North,Free,Referral,0,0.0,154,0,0.0,3306.3849999999998
C09975,0.3991190863521149,39.91,High Risk,Low Value,Medium Priority,0,1,1,5016.62,2181.26,0.4348067025208208,5016.62,0.0,58,55.0,West,Free,Organic,0,0.0,0,0,0.0,5016.62
C04149,0.39907816835039317,39.91,High Risk,Low Value,Medium Priority,0,1,1,4058.24,1962.1,0.4834854518214793,4058.24,100.0,69,19.0,North,Free,Paid Ads,0,0.0,0,0,0.0,4058.24
C08307,0.3990518085312125,39.91,High Risk,Medium Value,High Priority,0,1,1,6644.26,3181.24,0.47879523077062003,6644.26,100.0,216,39.0,East,Free,Email,1,0.5,0,0,0.0,6644.26
C08809,0.398879630891883,39.89,High Risk,Medium Value,High Priority,0,1,2,9799.900000000001,4396.81,0.4486586597822427,4899.950000000001,75.0,166,36.0,East,Free,Organic,0,0.0,84,0,0.0,4899.950000000001
C04824,0.39887789280086866,39.89,High Risk,Medium Value,High Priority,0,1,5,16960.6,7793.950000000001,0.4595326816268293,3392.12,130.0,161,36.0,West,Free,Paid Ads,0,0.0,52,1,0.2,3392.12
C03969,0.39885747557421797,39.89,High Risk,Low Value,Medium Priority,0,1,1,1440.48,650.64,0.4516827724091969,1440.48,100.0,16,37.0,North,Free,Organic,0,0.0,0,0,0.0,1440.48
C04542,0.3987674814531936,39.88,High Risk,Low Value,Medium Priority,0,1,2,1683.64,641.95,0.38128697346226037,841.82,175.0,58,41.0,North,Free,Referral,0,0.0,43,0,0.0,841.82
C00421,0.398724978648381,39.87,High Risk,Medium Value,High Priority,0,1,1,5645.45,3060.07,0.5420418212897112,5645.45,150.0,256,33.0,South,Free,Referral,0,0.0,0,0,0.0,5645.45
C04886,0.398715237187148,39.87,High Risk,Medium Value,High Priority,0,1,7,11613.07,5294.9400000000005,0.45594661876661385,1659.01,142.85714285714286,69,39.0,South,Free,Social Media,0,0.0,188,0,0.0,1659.01
C09162,0.3986649442423385,39.87,High Risk,High Value,Critical Priority,0,1,5,20849.06,10016.029999999999,0.48040679052197066,4169.812,70.0,113,55.0,North,Free,Organic,0,0.0,155,1,0.2,4169.812
C07413,0.3986117740133055,39.86,High Risk,Low Value,Medium Priority,0,1,1,1014.69,586.79,0.5782948486729936,1014.69,0.0,128,50.0,West,Free,Paid Ads,0,0.0,0,0,0.0,1014.69
C02302,0.39858151963020544,39.86,High Risk,Medium Value,High Priority,0,1,6,14385.0,6586.780000000001,0.4578922488703511,2397.5,183.33333333333334,24,46.0,North,Free,Social Media,0,0.0,217,0,0.0,2397.5
C07207,0.39853164630121807,39.85,High Risk,Medium Value,High Priority,0,1,3,17994.989999999998,9201.46,0.5113345436702105,5998.329999999999,66.66666666666667,136,27.0,West,Free,Social Media,0,0.0,93,0,0.0,5998.329999999999
C03573,0.39845493941737237,39.85,High Risk,Medium Value,High Priority,0,1,2,10157.41,4963.93,0.4887003675149473,5078.705,75.0,82,37.0,South,Free,Social Media,0,0.0,140,1,0.5,5078.705
C00369,0.3984471124361736,39.84,High Risk,Medium Value,High Priority,1,1,5,17369.63,7617.46,0.43855050453003314,3473.9260000000004,90.0,95,19.0,East,Free,Email,0,0.0,97,0,0.0,3473.9260000000004
C02470,0.39822000740338176,39.82,High Risk,High Value,Critical Priority,1,1,6,25922.449999999997,11883.68,0.45843197691576226,4320.408333333333,91.66666666666667,125,38.0,North,Free,Organic,0,0.0,141,1,0.16666666666666666,4320.408333333333
C06690,0.3982055834098126,39.82,High Risk,Medium Value,High Priority,0,1,3,13207.42,5609.92,0.42475517549983266,4402.473333333333,83.33333333333333,143,47.0,East,Free,Organic,0,0.0,66,1,0.3333333333333333,4402.473333333333
C02863,0.39804461534999913,39.8,High Risk,Low Value,Medium Priority,0,1,1,5420.67,2497.96,0.46082126379211424,5420.67,300.0,146,28.0,South,Free,Paid Ads,0,0.0,0,0,0.0,5420.67
C08608,0.398010417145245,39.8,High Risk,Medium Value,High Priority,0,1,6,9050.62,4343.9400000000005,0.47996048889468346,1508.4366666666667,108.33333333333333,2,51.0,West,Free,Social Media,0,0.0,202,0,0.0,1508.4366666666667
C03912,0.39792782450569136,39.79,High Risk,Medium Value,High Priority,0,1,5,9906.41,5006.879999999999,0.5054182090182012,1981.282,20.0,47,22.0,West,Free,Paid Ads,0,0.0,216,1,0.2,1981.282
C01881,0.39790917106660784,39.79,High Risk,Low Value,Medium Priority,1,1,2,3336.87,1824.94,0.5469017372567706,1668.435,50.0,139,48.0,North,Free,Organic,0,0.0,36,1,0.5,1668.435
C08601,0.3976608963728574,39.77,High Risk,Medium Value,High Priority,1,1,3,10720.18,6076.72,0.5668486909734725,3573.3933333333334,83.33333333333333,9,23.0,West,Free,Organic,0,0.0,39,0,0.0,3573.3933333333334
C05558,0.3976297363974303,39.76,High Risk,High Value,Critical Priority,0,1,5,21489.41,11150.85,0.5188997743539725,4297.882,180.0,65,60.0,North,Free,Paid Ads,0,0.0,176,1,0.2,4297.882
C01122,0.3976245256201499,39.76,High Risk,Medium Value,High Priority,0,1,4,16890.84,8582.75,0.5081304422989028,4222.71,187.5,199,20.0,South,Free,Organic,0,0.0,43,1,0.25,4222.71
C02779,0.3975575280933539,39.76,High Risk,Low Value,Medium Priority,0,1,1,2639.45,1038.21,0.3933433101593135,2639.45,200.0,51,29.0,West,Free,Organic,0,0.0,0,0,0.0,2639.45
C02292,0.3975519174819431,39.76,High Risk,Low Value,Medium Priority,0,1,3,5620.02,2115.57,0.37643460343557494,1873.3400000000001,133.33333333333334,41,43.0,West,Free,Referral,0,0.0,101,1,0.3333333333333333,1873.3400000000001
C07688,0.39739700489393154,39.74,High Risk,Medium Value,High Priority,1,1,2,9636.46,4592.22,0.47654636661180566,4818.23,200.0,92,50.0,West,Free,Organic,0,0.0,105,0,0.0,4818.23
C02806,0.39736953671176567,39.74,High Risk,Low Value,Medium Priority,1,1,1,2922.45,1312.02,0.44894523430683164,2922.45,0.0,224,57.0,South,Free,Organic,0,0.0,0,0,0.0,2922.45
C00492,0.39735693840696545,39.74,High Risk,Medium Value,High Priority,0,1,6,16955.23,8175.83,0.48220106716334726,2825.8716666666664,75.0,18,23.0,North,Free,Organic,0,0.0,221,1,0.16666666666666666,2825.8716666666664
C00782,0.3972766211299799,39.73,High Risk,Medium Value,High Priority,0,1,4,9599.26,4044.98,0.42138456506022337,2399.815,100.0,2,19.0,North,Free,Organic,0,0.0,204,1,0.25,2399.815
C03168,0.3972349306922084,39.72,High Risk,Medium Value,High Priority,0,1,3,8073.58,3409.3199999999997,0.42228106985996294,2691.193333333333,300.0,134,20.0,East,Free,Paid Ads,0,0.0,70,0,0.0,2691.193333333333
C04956,0.3971804725890723,39.72,High Risk,High Value,Critical Priority,1,1,5,25143.89,12364.69,0.49175724201784216,5028.778,70.0,50,52.0,North,Free,Organic,0,0.0,179,2,0.4,5028.778
C03104,0.39709787224091964,39.71,High Risk,Low Value,Medium Priority,0,1,2,4254.8,1819.27,0.42758061483500986,2127.4,150.0,107,44.0,West,Free,Paid Ads,0,0.0,113,1,0.5,2127.4
C05488,0.39708534757594394,39.71,High Risk,Medium Value,High Priority,1,1,3,12997.28,5739.77,0.44161316829367375,4332.426666666667,166.66666666666666,106,60.0,North,Free,Referral,0,0.0,80,0,0.0,4332.426666666667
C00266,0.39706567118873076,39.71,High Risk,Low Value,Medium Priority,1,1,1,4329.06,2243.39,0.518216425736765,4329.06,0.0,101,60.0,North,Free,Organic,0,0.0,0,0,0.0,4329.06
C00286,0.3970515610003365,39.71,High Risk,Low Value,Medium Priority,1,1,3,5272.76,2126.54,0.40330680706119754,1757.5866666666668,133.33333333333334,6,57.0,East,Free,Email,0,0.0,179,0,0.0,1757.5866666666668
C05953,0.39689850465721455,39.69,High Risk,Medium Value,High Priority,0,1,2,6724.53,3655.17,0.5435576910207851,3362.265,175.0,103,35.0,South,Free,Referral,0,0.0,70,0,0.0,3362.265
C02746,0.39680536950500894,39.68,High Risk,Medium Value,High Priority,0,1,3,8434.94,4876.34,0.5781119960545066,2811.646666666667,166.66666666666666,139,32.0,South,Free,Referral,0,0.0,122,0,0.0,2811.646666666667
C01221,0.3967252686643398,39.67,High Risk,Medium Value,High Priority,1,1,4,11688.18,6205.94,0.5309586265783038,2922.045,175.0,100,20.0,South,Free,Paid Ads,0,0.0,107,0,0.0,2922.045
C06985,0.3966976114213418,39.67,High Risk,Low Value,Medium Priority,0,1,1,5752.15,2717.02,0.47234860008866253,5752.15,0.0,258,20.0,South,Free,Paid Ads,0,0.0,0,0,0.0,5752.15
C03031,0.3966972239727099,39.67,High Risk,Medium Value,High Priority,1,1,5,9630.38,4264.13,0.44277899729813364,1926.0759999999998,60.0,23,22.0,East,Free,Referral,0,0.0,151,1,0.2,1926.0759999999998
C06614,0.3966715870520555,39.67,High Risk,Medium Value,High Priority,0,1,1,6735.23,3234.39,0.4802196806939036,6735.23,300.0,97,44.0,East,Free,Organic,0,0.0,0,0,0.0,6735.23
C06252,0.39663806847637717,39.66,High Risk,Medium Value,High Priority,0,1,1,10558.77,5293.51,0.5013377505145012,10558.77,200.0,213,47.0,East,Free,Organic,0,0.0,0,0,0.0,10558.77
C05291,0.396561669918555,39.66,High Risk,Low Value,Medium Priority,0,1,1,927.36,468.86,0.5055857487922706,927.36,100.0,84,21.0,West,Free,Referral,0,0.0,0,0,0.0,927.36
C06909,0.39649776559178973,39.65,High Risk,Low Value,Medium Priority,1,1,2,4469.37,2237.29,0.5005828561967347,2234.685,125.0,47,53.0,South,Free,Email,0,0.0,97,1,0.5,2234.685
C05053,0.3964528417899102,39.65,High Risk,Medium Value,High Priority,1,1,5,11955.83,5844.18,0.48881424376224825,2391.166,180.0,105,46.0,East,Free,Referral,0,0.0,122,0,0.0,2391.166
C04063,0.3964499054404503,39.64,High Risk,Low Value,Medium Priority,0,1,1,2838.73,1083.6,0.38171999450458477,2838.73,200.0,12,51.0,South,Free,Referral,0,0.0,0,0,0.0,2838.73
C07824,0.3964262094800749,39.64,High Risk,Low Value,Medium Priority,0,1,2,2446.81,1264.45,0.5167749028326679,1223.405,25.0,189,56.0,North,Free,Social Media,1,0.3333333333333333,25,0,0.0,1223.405
C04861,0.39624889819297965,39.62,High Risk,Medium Value,High Priority,1,1,4,9054.66,4367.86,0.48238807420709334,2263.665,200.0,90,42.0,North,Free,Organic,0,0.0,109,0,0.0,2263.665
C07936,0.39615879534749804,39.62,High Risk,Medium Value,High Priority,0,1,2,9822.95,5599.47,0.5700395502369451,4911.475,175.0,173,30.0,East,Free,Referral,0,0.0,3,0,0.0,4911.475
C07996,0.3960865702329609,39.61,High Risk,Medium Value,High Priority,0,1,2,7920.03,4153.92,0.5244828618073417,3960.015,200.0,173,23.0,West,Free,Paid Ads,0,0.0,92,0,0.0,3960.015
C07344,0.3960749483941126,39.61,High Risk,High Value,Critical Priority,0,1,4,19079.81,10500.18,0.550329379590258,4769.9525,187.5,95,42.0,West,Free,Social Media,0,0.0,172,0,0.0,4769.9525
C09272,0.396034066967766,39.6,High Risk,Medium Value,High Priority,1,1,5,18490.08,9080.970000000001,0.49112659328677866,3698.0160000000005,80.0,56,29.0,North,Free,Social Media,0,0.0,167,0,0.0,3698.0160000000005
C02724,0.39596926554028516,39.6,High Risk,Low Value,Medium Priority,1,1,2,3183.9,1466.41,0.4605703696724143,1591.95,0.0,168,41.0,West,Free,Paid Ads,0,0.0,65,0,0.0,1591.95
C02759,0.395965638010773,39.6,High Risk,Low Value,Medium Priority,0,1,3,2118.99,898.12,0.4238434348439587,706.3299999999999,66.66666666666667,14,31.0,North,Free,Organic,0,0.0,233,0,0.0,706.3299999999999
C06116,0.39588792658198585,39.59,High Risk,Medium Value,High Priority,0,1,3,10462.29,5916.58,0.5655148155900859,3487.4300000000003,33.333333333333336,58,38.0,North,Free,Organic,0,0.0,150,0,0.0,3487.4300000000003
C07894,0.39585251731777205,39.59,High Risk,High Value,Critical Priority,1,1,5,28506.38,14531.920000000002,0.5097778111426284,5701.276,220.0,21,35.0,West,Free,Email,0,0.0,150,0,0.0,5701.276
C07924,0.3957339789193517,39.57,High Risk,Medium Value,High Priority,0,1,2,10507.380000000001,6153.99,0.5856826344911861,5253.6900000000005,75.0,148,48.0,East,Free,Referral,0,0.0,88,0,0.0,5253.6900000000005
C01403,0.395719580355552,39.57,High Risk,Medium Value,High Priority,0,1,5,13356.21,6221.54,0.465816275724925,2671.2419999999997,140.0,45,60.0,East,Free,Organic,0,0.0,191,1,0.2,2671.2419999999997
C03749,0.39571096421349755,39.57,High Risk,Medium Value,High Priority,1,1,4,9048.66,4493.57,0.4966006016360433,2262.165,62.5,126,35.0,West,Free,Referral,0,0.0,76,1,0.25,2262.165
C08099,0.3955929938393711,39.56,High Risk,Medium Value,High Priority,0,1,3,18596.38,9680.49,0.5205577644681384,6198.793333333334,16.666666666666668,111,29.0,West,Free,Email,0,0.0,93,0,0.0,6198.793333333334
C00683,0.3955783728555833,39.56,High Risk,Medium Value,High Priority,1,1,3,11658.52,6046.73,0.5186533110549194,3886.1733333333336,50.0,103,36.0,East,Free,Organic,0,0.0,123,1,0.3333333333333333,3886.1733333333336
C06713,0.3955437319537054,39.55,High Risk,High Value,Critical Priority,0,1,4,18718.879999999997,9963.74,0.5322829143623978,4679.719999999999,75.0,119,28.0,North,Free,Organic,0,0.0,132,0,0.0,4679.719999999999
C00974,0.39535941026462795,39.54,High Risk,Low Value,Medium Priority,1,1,3,884.14,245.92000000000002,0.2781459949781709,294.7133333333333,83.33333333333333,104,42.0,East,Free,Organic,0,0.0,105,0,0.0,294.7133333333333
C07018,0.3953152497588745,39.53,High Risk,Medium Value,High Priority,0,1,4,6294.26,2985.16,0.4742670305961304,1573.565,75.0,90,43.0,East,Free,Referral,0,0.0,140,0,0.0,1573.565
C04174,0.39524414078419606,39.52,High Risk,Low Value,Medium Priority,0,1,2,5413.84,2609.85,0.48207002792842046,2706.92,50.0,134,25.0,North,Free,Referral,0,0.0,59,0,0.0,2706.92
C09017,0.39519996117188944,39.52,High Risk,Medium Value,High Priority,0,1,2,12984.509999999998,7632.02,0.5877788226124822,6492.254999999999,25.0,103,26.0,East,Free,Organic,0,0.0,60,0,0.0,6492.254999999999
C08170,0.39519866824995453,39.52,High Risk,Low Value,Medium Priority,0,1,2,5779.9800000000005,2677.1299999999997,0.463172882951152,2889.9900000000002,0.0,167,39.0,East,Free,Paid Ads,0,0.0,12,0,0.0,2889.9900000000002
C02760,0.3951499681671396,39.51,High Risk,Medium Value,High Priority,1,1,2,16685.87,9144.99,0.5480679161470154,8342.935,125.0,151,33.0,East,Free,Organic,0,0.0,69,0,0.0,8342.935
C07943,0.3951194542406389,39.51,High Risk,Medium Value,High Priority,1,1,4,11023.46,5442.84,0.49375060099097745,2755.865,87.5,27,20.0,South,Free,Email,0,0.0,219,1,0.25,2755.865
C04253,0.3950919636740271,39.51,High Risk,Low Value,Medium Priority,0,1,2,2530.29,1113.93,0.4402380754775145,1265.145,200.0,29,48.0,West,Free,Referral,0,0.0,76,1,0.5,1265.145
C04644,0.39509054739482385,39.51,High Risk,Medium Value,High Priority,1,1,1,6918.59,4053.81,0.5859300811292474,6918.59,100.0,149,46.0,East,Free,Paid Ads,0,0.0,0,0,0.0,6918.59
C00901,0.3950467124796992,39.5,High Risk,Medium Value,High Priority,0,1,4,13066.369999999999,6575.4400000000005,0.5032338744425576,3266.5924999999997,75.0,129,50.0,East,Free,Organic,0,0.0,125,0,0.0,3266.5924999999997
C09848,0.3949892721903638,39.5,High Risk,Low Value,Medium Priority,0,1,3,5570.53,2412.9700000000003,0.4331670415561895,1856.8433333333332,150.0,35,53.0,West,Free,Organic,0,0.0,157,0,0.0,1856.8433333333332
C06805,0.3949687473475641,39.5,High Risk,Medium Value,High Priority,0,1,2,11113.439999999999,6311.219999999999,0.5678907700945882,5556.719999999999,150.0,65,25.0,West,Free,Social Media,0,0.0,205,0,0.0,5556.719999999999
C04798,0.3949434570169825,39.49,High Risk,Medium Value,High Priority,0,1,2,15029.42,7017.85,0.4669408400324164,7514.71,150.0,180,46.0,South,Free,Organic,0,0.0,33,0,0.0,7514.71
C06871,0.39492916621420593,39.49,High Risk,Medium Value,High Priority,1,1,4,17469.96,8667.35,0.49612878335153604,4367.49,225.0,115,45.0,West,Free,Paid Ads,0,0.0,111,0,0.0,4367.49
C07129,0.3949055384090597,39.49,High Risk,Low Value,Medium Priority,1,1,1,2616.86,1326.95,0.5070771841061424,2616.86,200.0,30,60.0,West,Free,Paid Ads,0,0.0,0,0,0.0,2616.86
C01414,0.3948984236205347,39.49,High Risk,Medium Value,High Priority,0,1,3,6325.99,2844.41,0.4496387126758025,2108.6633333333334,133.33333333333334,77,29.0,East,Free,Paid Ads,0,0.0,171,0,0.0,2108.6633333333334
C06584,0.39488137928016304,39.49,High Risk,Medium Value,High Priority,0,1,2,7776.68,4165.6900000000005,0.535664319478235,3888.34,100.0,85,53.0,East,Free,Paid Ads,0,0.0,114,0,0.0,3888.34
C02881,0.3948318743127265,39.48,High Risk,Medium Value,High Priority,1,1,2,9520.82,3711.82,0.38986347814579,4760.41,100.0,65,21.0,West,Free,Organic,0,0.0,61,0,0.0,4760.41
C00360,0.3946902619836475,39.47,High Risk,Medium Value,High Priority,1,1,3,7315.33,3129.37,0.42778247871251196,2438.443333333333,100.0,58,39.0,North,Free,Referral,0,0.0,152,0,0.0,2438.443333333333
C02981,0.3946095377330081,39.46,High Risk,Medium Value,High Priority,1,1,2,9781.19,5156.299999999999,0.5271648950690048,4890.595,150.0,177,23.0,West,Free,Paid Ads,0,0.0,65,0,0.0,4890.595
C04700,0.39443996188897995,39.44,High Risk,Low Value,Medium Priority,0,1,1,4979.23,2454.11,0.4928693794020361,4979.23,0.0,99,44.0,South,Free,Referral,0,0.0,0,0,0.0,4979.23
C09322,0.3944200682158873,39.44,High Risk,Low Value,Medium Priority,1,1,2,4379.04,1919.78,0.4384020241879499,2189.52,100.0,126,19.0,South,Free,Paid Ads,0,0.0,6,0,0.0,2189.52
C08771,0.3944077854355613,39.44,High Risk,Medium Value,High Priority,0,1,3,11181.98,5872.09,0.525138660594993,3727.3266666666664,133.33333333333334,100,22.0,West,Free,Paid Ads,0,0.0,160,0,0.0,3727.3266666666664
C03500,0.39438086618235496,39.44,High Risk,Medium Value,High Priority,0,1,3,9828.8,4836.860000000001,0.49211093928048194,3276.2666666666664,83.33333333333333,69,45.0,North,Free,Paid Ads,0,0.0,173,0,0.0,3276.2666666666664
C04300,0.39424267259738466,39.42,High Risk,Medium Value,High Priority,1,1,4,16307.789999999999,8619.970000000001,0.5285798995449416,4076.9474999999998,12.5,52,21.0,North,Free,Referral,0,0.0,138,1,0.25,4076.9474999999998
C03151,0.3941839182404547,39.42,High Risk,High Value,Critical Priority,1,1,5,21104.6,11728.34,0.5557243444557112,4220.92,120.0,5,56.0,North,Free,Social Media,0,0.0,149,0,0.0,4220.92
C07548,0.39416258499267925,39.42,High Risk,Medium Value,High Priority,1,1,3,9076.93,4669.0,0.5143809636077395,3025.6433333333334,100.0,129,29.0,West,Free,Paid Ads,0,0.0,79,1,0.3333333333333333,3025.6433333333334
C03517,0.3941145429942159,39.41,High Risk,Medium Value,High Priority,0,1,2,12663.11,6654.8,0.5255265096804813,6331.555,50.0,17,40.0,East,Free,Email,0,0.0,233,0,0.0,6331.555
C05111,0.3941011577677387,39.41,High Risk,Medium Value,High Priority,1,1,2,14612.79,8700.98,0.5954359160707845,7306.395,500.0,164,40.0,South,Free,Social Media,1,0.3333333333333333,103,0,0.0,7306.395
C00480,0.393974505868175,39.4,High Risk,Low Value,Medium Priority,1,1,3,2710.48,1153.46,0.42555562114459433,903.4933333333333,150.0,75,33.0,North,Free,Referral,0,0.0,130,0,0.0,903.4933333333333
C06636,0.39395377904992673,39.4,High Risk,Medium Value,High Priority,0,1,3,13228.64,6689.24,0.5056634695630088,4409.546666666666,66.66666666666667,208,23.0,West,Free,Referral,0,0.0,34,1,0.3333333333333333,4409.546666666666
C01974,0.39388553051727676,39.39,High Risk,Medium Value,High Priority,0,1,2,7948.849999999999,3090.34,0.3887782509419602,3974.4249999999997,150.0,89,55.0,North,Free,Referral,0,0.0,147,0,0.0,3974.4249999999997
C09220,0.39382020646355165,39.38,High Risk,Low Value,Medium Priority,1,1,1,5194.3,2675.79,0.5151396723331344,5194.3,200.0,50,23.0,East,Free,Organic,0,0.0,0,0,0.0,5194.3
C07048,0.3938037244140935,39.38,High Risk,Medium Value,High Priority,0,1,5,17195.58,8226.79,0.4784246882047596,3439.1160000000004,70.0,75,58.0,East,Free,Social Media,0,0.0,125,0,0.0,3439.1160000000004
C00168,0.39376810400323237,39.38,High Risk,Low Value,Medium Priority,0,1,2,862.27,278.05,0.32246280167464947,431.135,150.0,55,45.0,East,Free,Referral,0,0.0,27,0,0.0,431.135
C06465,0.39376585055771873,39.38,High Risk,Medium Value,High Priority,1,1,1,6445.09,2977.82,0.4620292346577007,6445.09,200.0,191,19.0,South,Free,Referral,0,0.0,0,0,0.0,6445.09
C04664,0.39369158101918517,39.37,High Risk,Medium Value,High Priority,0,1,3,7165.469999999999,3538.9500000000003,0.493889444795666,2388.49,50.0,29,32.0,South,Free,Social Media,0,0.0,147,0,0.0,2388.49
C09876,0.39367799935532777,39.37,High Risk,High Value,Critical Priority,1,1,6,23510.03,12231.08,0.5202494424720002,3918.338333333333,158.33333333333334,76,39.0,East,Free,Organic,0,0.0,192,1,0.16666666666666666,3918.338333333333
C06836,0.3936432544363025,39.36,High Risk,Medium Value,High Priority,0,1,3,11200.48,6427.32,0.5738432638601203,3733.4933333333333,66.66666666666667,52,60.0,East,Free,Referral,0,0.0,35,0,0.0,3733.4933333333333
C00894,0.39358170756050553,39.36,High Risk,Low Value,Medium Priority,0,1,2,5840.84,2097.87,0.35917265324850534,2920.42,75.0,15,53.0,West,Free,Organic,0,0.0,72,0,0.0,2920.42
C04211,0.39348442711150444,39.35,High Risk,Low Value,Medium Priority,1,1,2,5836.51,2716.24,0.4653877060092418,2918.255,225.0,154,57.0,East,Free,Referral,0,0.0,63,0,0.0,2918.255
C09109,0.3933857478927177,39.34,High Risk,Low Value,Medium Priority,1,1,1,2233.3,1140.71,0.5107732951238078,2233.3,200.0,272,38.0,East,Free,Organic,1,0.5,0,0,0.0,2233.3
C04126,0.3933627901548002,39.34,High Risk,Medium Value,High Priority,1,1,4,13923.51,6656.25,0.4780583344286031,3480.8775,62.5,3,32.0,North,Free,Social Media,0,0.0,179,0,0.0,3480.8775
C08284,0.39334428042685143,39.33,High Risk,Low Value,Medium Priority,1,1,2,3367.1299999999997,1474.7,0.43796942796981414,1683.5649999999998,150.0,48,38.0,West,Free,Paid Ads,0,0.0,43,0,0.0,1683.5649999999998
C04625,0.3933346911582393,39.33,High Risk,Low Value,Medium Priority,0,1,1,0.0,-219.61,-219.61,0.0,300.0,20,33.0,South,Free,Referral,0,0.0,0,0,0.0,0.0
C07756,0.3932517416527633,39.33,High Risk,Medium Value,High Priority,0,1,5,11675.98,5201.1900000000005,0.44546068081651397,2335.196,220.0,81,53.0,North,Free,Paid Ads,0,0.0,106,0,0.0,2335.196
C07505,0.39317335183764585,39.32,High Risk,Medium Value,High Priority,1,1,2,13771.539999999999,7620.28,0.5533353568301004,6885.7699999999995,100.0,116,53.0,North,Free,Organic,0,0.0,10,0,0.0,6885.7699999999995
C04332,0.3930947111074305,39.31,High Risk,Medium Value,High Priority,1,1,2,6490.05,3463.61,0.533680017873514,3245.025,150.0,6,59.0,East,Free,Organic,0,0.0,33,1,0.5,3245.025
C06407,0.39308901555854936,39.31,High Risk,Low Value,Medium Priority,0,1,2,0.0,-300.0,-300.0,0.0,150.0,39,57.0,West,Free,Referral,0,0.0,199,0,0.0,0.0
C06975,0.39306783331690043,39.31,High Risk,Medium Value,High Priority,0,1,4,17912.26,9027.8,0.5040011701482672,4478.065,162.5,44,19.0,North,Free,Organic,0,0.0,129,0,0.0,4478.065
C08895,0.3930015011663099,39.3,High Risk,Medium Value,High Priority,1,1,5,11837.59,5583.14,0.4716449885491895,2367.518,140.0,14,57.0,East,Free,Social Media,0,0.0,194,0,0.0,2367.518
C04077,0.39299537484787583,39.3,High Risk,Medium Value,High Priority,0,1,4,8880.29,3262.89,0.36743056814586006,2220.0725,150.0,20,56.0,West,Free,Paid Ads,0,0.0,108,0,0.0,2220.0725
C02997,0.3929912257778255,39.3,High Risk,Medium Value,High Priority,0,1,1,5767.47,2921.96,0.5066276894374829,5767.47,300.0,75,47.0,East,Free,Referral,0,0.0,0,0,0.0,5767.47
C04331,0.392989294130461,39.3,High Risk,Medium Value,High Priority,0,1,5,9104.24,3454.67,0.3794572638682636,1820.848,90.0,33,36.0,West,Free,Organic,0,0.0,145,0,0.0,1820.848
C03840,0.3929772365741261,39.3,High Risk,Medium Value,High Priority,0,1,3,14892.55,7395.99,0.4966234795249974,4964.183333333333,116.66666666666667,172,52.0,North,Free,Paid Ads,0,0.0,94,1,0.3333333333333333,4964.183333333333
C03065,0.39292031169524605,39.29,High Risk,Medium Value,High Priority,0,1,3,7771.03,3553.3199999999997,0.45725212745286015,2590.3433333333332,216.66666666666666,58,23.0,North,Free,Referral,0,0.0,73,0,0.0,2590.3433333333332
C05607,0.3928891703181936,39.29,High Risk,Low Value,Medium Priority,0,1,1,3545.23,1870.69,0.5276639315361767,3545.23,100.0,1,45.0,South,Free,Referral,0,0.0,0,0,0.0,3545.23
C08189,0.39284653102441863,39.28,High Risk,Low Value,Medium Priority,0,1,3,6117.54,2719.8199999999997,0.44459374192894524,2039.18,16.666666666666668,85,21.0,North,Free,Paid Ads,0,0.0,87,0,0.0,2039.18
C07793,0.3928326214725538,39.28,High Risk,Low Value,Medium Priority,0,1,2,4305.95,1948.18,0.45243906687258334,2152.975,50.0,40,48.0,West,Free,Organic,0,0.0,72,1,0.5,2152.975
C01268,0.3927198821950804,39.27,High Risk,Medium Value,High Priority,1,1,3,8180.3,3897.37,0.4764336271285894,2726.766666666667,116.66666666666667,21,58.0,West,Free,Organic,0,0.0,120,0,0.0,2726.766666666667
C00350,0.3927036544617596,39.27,High Risk,Medium Value,High Priority,1,1,5,9674.380000000001,4494.82,0.4646106520521211,1934.8760000000002,40.0,127,49.0,North,Free,Organic,0,0.0,135,0,0.0,1934.8760000000002
C04197,0.3926989507947774,39.27,High Risk,Medium Value,High Priority,0,1,2,12536.599999999999,6940.15,0.5535910853022351,6268.299999999999,150.0,160,48.0,East,Free,Organic,0,0.0,19,0,0.0,6268.299999999999
C08204,0.39266990960629405,39.27,High Risk,Low Value,Medium Priority,0,1,2,2335.66,1099.69,0.4708262332702534,1167.83,100.0,5,39.0,West,Free,Organic,0,0.0,20,0,0.0,1167.83
C02673,0.39254555150218723,39.25,High Risk,Medium Value,High Priority,1,1,3,18097.59,9427.79,0.5209417386513895,6032.53,50.0,119,30.0,North,Free,Organic,0,0.0,40,2,0.6666666666666666,6032.53
C03858,0.3923940074224066,39.24,High Risk,Medium Value,High Priority,1,1,4,13434.539999999999,5870.09,0.4369401557477964,3358.6349999999998,137.5,97,23.0,North,Free,Paid Ads,0,0.0,140,1,0.25,3358.6349999999998
C05210,0.3923769230223284,39.24,High Risk,High Value,Critical Priority,0,1,3,29820.980000000003,14919.619999999999,0.5003061602938601,9940.326666666668,200.0,179,51.0,East,Free,Social Media,0,0.0,76,1,0.3333333333333333,9940.326666666668
C06010,0.39233001239910703,39.23,High Risk,Low Value,Medium Priority,0,1,2,0.0,-200.0,-200.0,0.0,100.0,77,21.0,West,Free,Referral,0,0.0,89,0,0.0,0.0
C06045,0.39227613316817445,39.23,High Risk,Low Value,Medium Priority,0,1,2,4445.23,2496.52,0.561617734065504,2222.615,0.0,6,21.0,North,Free,Paid Ads,0,0.0,189,0,0.0,2222.615
C00801,0.3922759139726236,39.23,High Risk,Medium Value,High Priority,0,1,3,14317.169999999998,7667.68,0.5355583540601949,4772.389999999999,50.0,32,44.0,North,Free,Social Media,0,0.0,234,1,0.3333333333333333,4772.389999999999
C05424,0.39226382693802503,39.23,High Risk,Low Value,Medium Priority,1,1,2,654.26,29.819999999999993,0.04557821049735578,327.13,125.0,82,47.0,West,Free,Paid Ads,0,0.0,118,0,0.0,327.13
C00302,0.3922319426875766,39.22,High Risk,Medium Value,High Priority,0,1,3,18657.56,8953.8,0.47990198075203827,6219.186666666667,200.0,106,53.0,North,Free,Paid Ads,0,0.0,161,1,0.3333333333333333,6219.186666666667
C06831,0.3921248996883417,39.21,High Risk,Low Value,Medium Priority,0,1,1,5408.52,2706.53,0.5004197081641558,5408.52,0.0,249,58.0,South,Free,Referral,0,0.0,0,0,0.0,5408.52
C00562,0.3920909551420721,39.21,High Risk,Medium Value,High Priority,0,1,2,10837.41,5641.04,0.5205155106247711,5418.705,125.0,94,21.0,East,Free,Paid Ads,0,0.0,134,0,0.0,5418.705
C02682,0.3919883866878741,39.2,High Risk,Medium Value,High Priority,0,1,3,8565.19,3998.33,0.4668115943721038,2855.0633333333335,133.33333333333334,47,30.0,South,Free,Paid Ads,0,0.0,92,0,0.0,2855.0633333333335
C09417,0.39195215210165985,39.2,High Risk,Medium Value,High Priority,1,1,2,10219.09,4995.49,0.4888390257840962,5109.545,75.0,128,40.0,North,Free,Paid Ads,0,0.0,58,0,0.0,5109.545
C09306,0.39191436757629156,39.19,High Risk,Low Value,Medium Priority,1,1,1,3248.12,1634.52,0.5032203243722523,3248.12,50.0,125,56.0,East,Free,Referral,0,0.0,0,0,0.0,3248.12
C06739,0.3918893811192884,39.19,High Risk,Medium Value,High Priority,0,1,1,12541.02,5899.64,0.4704274452955182,12541.02,100.0,65,25.0,East,Free,Organic,0,0.0,0,0,0.0,12541.02
C03901,0.3917331111929531,39.17,High Risk,Medium Value,High Priority,0,1,3,6565.42,3264.8099999999995,0.49727359407318944,2188.4733333333334,100.0,14,52.0,West,Free,Organic,0,0.0,192,1,0.3333333333333333,2188.4733333333334
C07381,0.3917299917667841,39.17,High Risk,Low Value,Medium Priority,1,1,5,3840.13,661.4299999999998,0.1722415647386937,768.0260000000001,160.0,98,59.0,West,Free,Organic,0,0.0,159,0,0.0,768.0260000000001
C04899,0.3916611229727064,39.17,High Risk,Medium Value,High Priority,1,1,2,6541.75,3194.63,0.48834486184889364,3270.875,100.0,23,32.0,East,Free,Social Media,0,0.0,143,1,0.5,3270.875
C07883,0.39160647778084634,39.16,High Risk,Medium Value,High Priority,0,1,4,18068.11,8671.79,0.47995003351208293,4517.0275,200.0,122,37.0,North,Free,Referral,0,0.0,92,1,0.25,4517.0275
C05375,0.39151435994017814,39.15,High Risk,Medium Value,High Priority,0,1,3,9010.09,5062.78,0.5619011574801139,3003.3633333333332,66.66666666666667,62,48.0,West,Free,Organic,0,0.0,13,0,0.0,3003.3633333333332
C02294,0.39150022762637243,39.15,High Risk,Medium Value,High Priority,0,1,4,9649.45,4806.9,0.4981527444569379,2412.3625,125.0,15,26.0,North,Free,Paid Ads,0,0.0,225,0,0.0,2412.3625
C05873,0.39148739880585187,39.15,High Risk,High Value,Critical Priority,1,1,6,21487.66,10310.14,0.4798167878680135,3581.2766666666666,191.66666666666666,1,21.0,North,Free,Organic,0,0.0,256,1,0.16666666666666666,3581.2766666666666
C04241,0.3914788213274281,39.15,High Risk,Medium Value,High Priority,0,1,2,8447.2,5055.17,0.5984432711431006,4223.6,100.0,67,57.0,North,Free,Referral,0,0.0,113,1,0.5,4223.6
C03853,0.39147594264358576,39.15,High Risk,Low Value,Medium Priority,1,1,2,4194.08,2136.12,0.5093178957006066,2097.04,125.0,74,27.0,North,Free,Paid Ads,0,0.0,150,0,0.0,2097.04
C04038,0.39139132009415745,39.14,High Risk,Medium Value,High Priority,1,1,3,9778.380000000001,5410.58,0.5533206932027595,3259.4600000000005,366.6666666666667,79,21.0,South,Free,Organic,0,0.0,90,0,0.0,3259.4600000000005
C06285,0.391349891781358,39.13,High Risk,Medium Value,High Priority,0,1,3,12553.73,5839.049999999999,0.4651247079553248,4184.576666666667,266.6666666666667,27,43.0,East,Free,Social Media,0,0.0,210,0,0.0,4184.576666666667
C07421,0.39126511386293966,39.13,High Risk,Low Value,Medium Priority,0,1,1,2035.23,1071.66,0.5265547382851079,2035.23,200.0,20,48.0,East,Free,Referral,0,0.0,0,0,0.0,2035.23
C08435,0.39122941586452836,39.12,High Risk,Low Value,Medium Priority,0,1,2,3317.06,1214.32,0.36608321827160195,1658.53,400.0,62,43.0,South,Free,Organic,0,0.0,119,0,0.0,1658.53
C05861,0.3911828806500179,39.12,High Risk,Medium Value,High Priority,0,1,4,20313.77,9489.03,0.4671230401840722,5078.4425,125.0,50,34.0,West,Free,Social Media,0,0.0,95,0,0.0,5078.4425
C05315,0.3911597462479928,39.12,High Risk,Medium Value,High Priority,0,1,3,5911.849999999999,3040.44,0.5142958633930158,1970.6166666666666,116.66666666666667,66,23.0,West,Free,Organic,0,0.0,164,2,0.6666666666666666,1970.6166666666666
C07391,0.39112264261290086,39.11,High Risk,Low Value,Medium Priority,1,1,1,700.2,370.44,0.5290488431876607,700.2,50.0,13,21.0,North,Free,Organic,1,0.5,0,0,0.0,700.2
C04251,0.3911184054599883,39.11,High Risk,Medium Value,High Priority,1,1,3,10937.310000000001,5583.04,0.5104582388174057,3645.7700000000004,50.0,14,60.0,West,Free,Email,0,0.0,209,1,0.3333333333333333,3645.7700000000004
C08705,0.391084107418454,39.11,High Risk,High Value,Critical Priority,0,1,8,37942.380000000005,17488.59,0.4609249604268366,4742.797500000001,75.0,31,18.0,West,Free,Social Media,0,0.0,221,1,0.125,4742.797500000001
C04543,0.3910665862997283,39.11,High Risk,Medium Value,High Priority,0,1,5,16493.89,6872.400000000001,0.4166633826222923,3298.778,110.0,38,41.0,East,Free,Organic,0,0.0,162,1,0.2,3298.778
C07654,0.39103634181459646,39.1,High Risk,Medium Value,High Priority,0,1,2,6377.01,3487.44,0.5468769846683634,3188.505,25.0,93,20.0,South,Free,Organic,0,0.0,141,0,0.0,3188.505
C08763,0.39103051339176376,39.1,High Risk,Low Value,Medium Priority,0,1,2,1668.3400000000001,546.74,0.32771497416593737,834.1700000000001,250.0,64,29.0,North,Free,Referral,0,0.0,187,0,0.0,834.1700000000001
C04020,0.390898594271373,39.09,High Risk,Low Value,Medium Priority,0,1,1,4235.67,1972.5,0.46568783687114434,4235.67,200.0,136,55.0,East,Free,Paid Ads,1,0.5,0,0,0.0,4235.67
C04952,0.39085617086996505,39.09,High Risk,Medium Value,High Priority,0,1,3,6879.259999999999,3818.58,0.5550858667938122,2293.0866666666666,0.0,88,24.0,East,Free,Organic,0,0.0,46,0,0.0,2293.0866666666666
C04299,0.39073698083805336,39.07,High Risk,Medium Value,High Priority,0,1,4,8711.960000000001,4932.21,0.5661424065307921,2177.9900000000002,12.5,74,20.0,West,Free,Referral,0,0.0,175,0,0.0,2177.9900000000002
C08178,0.39071184121603547,39.07,High Risk,Medium Value,High Priority,1,1,5,20158.809999999998,9556.509999999998,0.47406121690714875,4031.7619999999997,110.0,3,44.0,North,Free,Organic,0,0.0,150,2,0.4,4031.7619999999997
C01649,0.390634915341781,39.06,High Risk,Low Value,Medium Priority,0,1,3,4295.02,1693.21,0.39422633654790895,1431.6733333333334,50.0,57,59.0,South,Free,Paid Ads,0,0.0,169,1,0.3333333333333333,1431.6733333333334
C02206,0.3905430634302458,39.05,High Risk,Low Value,Medium Priority,1,1,2,5243.0599999999995,2338.06,0.44593424450607094,2621.5299999999997,100.0,95,25.0,South,Free,Paid Ads,0,0.0,9,0,0.0,2621.5299999999997
C06315,0.39051800681533294,39.05,High Risk,High Value,Critical Priority,0,1,5,20777.199999999997,11161.89,0.53721820072002,4155.44,30.0,22,55.0,West,Free,Email,0,0.0,237,1,0.2,4155.44
C01514,0.39045272932445624,39.05,High Risk,Medium Value,High Priority,1,1,3,15113.77,7178.360000000001,0.4749549582930004,5037.923333333333,116.66666666666667,80,25.0,East,Free,Email,0,0.0,191,0,0.0,5037.923333333333
C03150,0.3903314312088184,39.03,High Risk,Medium Value,High Priority,1,1,3,10802.68,4819.09,0.44610133781617156,3600.8933333333334,266.6666666666667,84,51.0,West,Free,Paid Ads,0,0.0,54,0,0.0,3600.8933333333334
C03370,0.3899515522238905,39.0,High Risk,High Value,Critical Priority,1,1,3,23914.68,11061.9,0.4625568897430365,7971.56,150.0,132,27.0,North,Free,Organic,0,0.0,77,0,0.0,7971.56
C00192,0.38986349624412214,38.99,High Risk,Low Value,Medium Priority,0,1,1,194.23,31.91,0.16428975956340422,194.23,0.0,105,40.0,South,Free,Referral,0,0.0,0,0,0.0,194.23
C08630,0.3897120513419814,38.97,High Risk,Low Value,Medium Priority,0,1,2,2769.93,1253.71,0.4526143259937977,1384.965,0.0,20,25.0,North,Free,Paid Ads,0,0.0,89,0,0.0,1384.965
C07015,0.3897003523512577,38.97,High Risk,Medium Value,High Priority,0,1,4,15972.210000000001,8381.39,0.5247482971986969,3993.0525000000002,75.0,73,52.0,West,Free,Paid Ads,0,0.0,114,0,0.0,3993.0525000000002
C01172,0.38962436164617414,38.96,High Risk,Medium Value,High Priority,1,1,3,9934.43,4290.72,0.43190399449188327,3311.476666666667,50.0,75,27.0,South,Free,Email,0,0.0,191,0,0.0,3311.476666666667
C05775,0.38962230863284575,38.96,High Risk,Medium Value,High Priority,1,1,2,6916.03,3504.07,0.5066591671811719,3458.015,150.0,168,45.0,East,Free,Referral,0,0.0,19,1,0.5,3458.015
C04867,0.3895394626763448,38.95,High Risk,Low Value,Medium Priority,0,1,1,89.6,22.4,0.25,89.6,0.0,255,35.0,West,Free,Paid Ads,1,0.5,0,0,0.0,89.6
C05051,0.3894779399857812,38.95,High Risk,Medium Value,High Priority,0,1,2,6584.36,3004.64,0.4563298483072007,3292.18,250.0,139,39.0,East,Free,Organic,0,0.0,83,1,0.5,3292.18
C09471,0.38939084733439344,38.94,High Risk,Medium Value,High Priority,1,1,3,7782.04,4219.61,0.5422241468817944,2594.0133333333333,166.66666666666666,116,24.0,West,Free,Paid Ads,0,0.0,153,0,0.0,2594.0133333333333
C08456,0.38931218600184775,38.93,High Risk,Medium Value,High Priority,0,1,3,9632.9,4798.58,0.49814489925152344,3210.9666666666667,166.66666666666666,150,49.0,East,Free,Organic,0,0.0,122,0,0.0,3210.9666666666667
C08966,0.38925297573809015,38.93,High Risk,Medium Value,High Priority,1,1,4,19513.53,9040.97,0.4633180157562471,4878.3825,62.5,24,30.0,North,Free,Social Media,0,0.0,150,0,0.0,4878.3825
C09318,0.38918485226203564,38.92,High Risk,Medium Value,High Priority,0,1,3,14454.86,6977.9,0.48273729389284986,4818.286666666667,216.66666666666666,138,33.0,West,Free,Organic,0,0.0,70,0,0.0,4818.286666666667
C06912,0.38916229177183254,38.92,High Risk,Low Value,Medium Priority,0,1,3,1934.87,748.97,0.3870906055704001,644.9566666666666,116.66666666666667,31,35.0,South,Free,Referral,0,0.0,174,0,0.0,644.9566666666666
C03381,0.3891514257448251,38.92,High Risk,Medium Value,High Priority,0,1,3,8161.59,4163.4400000000005,0.5101260906269489,2720.53,166.66666666666666,80,48.0,West,Free,Organic,0,0.0,101,0,0.0,2720.53
C01644,0.38913729297989,38.91,High Risk,Low Value,Medium Priority,0,1,2,2131.14,1011.53,0.47464267950486594,1065.57,100.0,15,39.0,North,Free,Social Media,1,0.3333333333333333,158,0,0.0,1065.57
C07553,0.389131002700171,38.91,High Risk,Medium Value,High Priority,0,1,1,6481.82,2801.91,0.4322721087595768,6481.82,200.0,228,22.0,North,Free,Paid Ads,1,0.5,0,0,0.0,6481.82
C01759,0.38909985925962426,38.91,High Risk,Medium Value,High Priority,0,1,4,10019.75,4832.49,0.48229646448264674,2504.9375,100.0,8,46.0,East,Free,Organic,0,0.0,234,1,0.25,2504.9375
C02143,0.38908450154000257,38.91,High Risk,Medium Value,High Priority,0,1,3,15509.05,7524.48,0.48516704762703067,5169.683333333333,250.0,7,25.0,North,Free,Organic,0,0.0,174,0,0.0,5169.683333333333
C05979,0.38900119295598956,38.9,High Risk,Medium Value,High Priority,0,1,3,5882.34,2753.1000000000004,0.4680280296616653,1960.78,66.66666666666667,31,33.0,North,Free,Referral,0,0.0,227,0,0.0,1960.78
C05161,0.38898087885980537,38.9,High Risk,Medium Value,High Priority,0,1,4,6497.259999999999,3030.6,0.46644277741694196,1624.3149999999998,112.5,15,48.0,North,Free,Organic,0,0.0,133,0,0.0,1624.3149999999998
C05189,0.3889464890496658,38.89,High Risk,Medium Value,High Priority,0,1,2,15864.89,7995.5599999999995,0.5039782816017003,7932.445,150.0,22,47.0,South,Free,Social Media,0,0.0,57,0,0.0,7932.445
C01372,0.3889068734728233,38.89,High Risk,Low Value,Medium Priority,1,1,4,7213.72,2684.2599999999998,0.3721048224771685,1803.43,150.0,41,56.0,East,Free,Paid Ads,0,0.0,203,0,0.0,1803.43
C02386,0.3888626454096519,38.89,High Risk,Medium Value,High Priority,0,1,3,6041.46,3358.07,0.555837496234354,2013.82,83.33333333333333,3,46.0,North,Free,Organic,0,0.0,108,0,0.0,2013.82
C07714,0.3888587485568011,38.89,High Risk,Medium Value,High Priority,0,1,5,16135.45,8278.01,0.5130324843744674,3227.09,140.0,26,27.0,West,Free,Referral,0,0.0,227,1,0.2,3227.09
C05690,0.3888117698130098,38.88,High Risk,Medium Value,High Priority,0,1,7,14106.4,6350.28,0.4501701355413146,2015.2,100.0,24,39.0,North,Free,Paid Ads,0,0.0,88,0,0.0,2015.2
C07933,0.38876118356268646,38.88,High Risk,Medium Value,High Priority,0,1,4,15522.29,7488.790000000001,0.4824539420407685,3880.5725,37.5,103,36.0,North,Free,Referral,0,0.0,157,0,0.0,3880.5725
C07950,0.3883924043269571,38.84,High Risk,Medium Value,High Priority,0,1,2,8942.4,3627.1800000000003,0.40561594202898554,4471.2,150.0,79,58.0,West,Free,Organic,0,0.0,177,0,0.0,4471.2
C02619,0.3883787346840615,38.84,High Risk,Low Value,Medium Priority,1,1,2,3730.04,1537.21,0.41211622395470293,1865.02,75.0,2,38.0,South,Free,Paid Ads,0,0.0,115,0,0.0,1865.02
C06027,0.3883682509745573,38.84,High Risk,Medium Value,High Priority,0,1,2,6775.179999999999,3178.75,0.46917572669656016,3387.5899999999997,50.0,185,29.0,South,Free,Referral,0,0.0,35,0,0.0,3387.5899999999997
C03157,0.38834871529686865,38.83,High Risk,Low Value,Medium Priority,0,1,1,1157.5,294.84,0.2547213822894168,1157.5,50.0,47,43.0,South,Free,Paid Ads,0,0.0,0,0,0.0,1157.5
C00701,0.38832233216136414,38.83,High Risk,Medium Value,High Priority,0,1,3,13286.18,7249.87,0.5456700119974289,4428.7266666666665,200.0,17,60.0,North,Free,Organic,0,0.0,59,0,0.0,4428.7266666666665
C00151,0.38831005994637297,38.83,High Risk,Medium Value,High Priority,1,1,3,11295.39,5911.61,0.5233648417628785,3765.1299999999997,150.0,79,30.0,South,Free,Organic,0,0.0,161,0,0.0,3765.1299999999997
C00749,0.38827496167985165,38.83,High Risk,Low Value,Medium Priority,0,1,1,0.0,-150.0,-150.0,0.0,150.0,15,37.0,South,Free,Referral,0,0.0,0,0,0.0,0.0
C02275,0.3882664809383256,38.83,High Risk,Medium Value,High Priority,1,1,2,10971.310000000001,5314.98,0.4844435167723817,5485.655000000001,225.0,162,52.0,South,Free,Organic,0,0.0,54,0,0.0,5485.655000000001
C02738,0.3882573638579646,38.83,High Risk,Medium Value,High Priority,1,1,4,8701.84,3212.2799999999997,0.36914951320640227,2175.46,162.5,14,32.0,North,Free,Referral,0,0.0,213,0,0.0,2175.46
C03236,0.3881776382422237,38.82,High Risk,Medium Value,High Priority,0,1,6,16196.49,7646.710000000001,0.4721214287787046,2699.415,216.66666666666666,15,34.0,East,Free,Referral,0,0.0,254,2,0.3333333333333333,2699.415
C04717,0.38809405783942114,38.81,High Risk,High Value,Critical Priority,0,1,2,19918.73,9976.24,0.500847192566996,9959.365,100.0,97,57.0,North,Free,Organic,0,0.0,86,0,0.0,9959.365
C08366,0.38801504620294397,38.8,High Risk,Medium Value,High Priority,0,1,3,12484.69,5554.45,0.44490091464025133,4161.5633333333335,133.33333333333334,50,39.0,South,Free,Social Media,0,0.0,163,0,0.0,4161.5633333333335
C03769,0.3879936211061252,38.8,High Risk,Low Value,Medium Priority,0,1,3,4123.43,1589.16,0.38539759375083366,1374.4766666666667,66.66666666666667,103,41.0,East,Free,Referral,0,0.0,118,1,0.3333333333333333,1374.4766666666667
C03669,0.38798677392419584,38.8,High Risk,Medium Value,High Priority,0,1,2,11023.51,5188.610000000001,0.47068583418530036,5511.755,225.0,151,35.0,East,Free,Paid Ads,0,0.0,95,0,0.0,5511.755
C01893,0.387942214290726,38.79,High Risk,Medium Value,High Priority,0,1,3,9929.86,5361.45,0.5399320836346131,3309.9533333333334,216.66666666666666,49,25.0,South,Free,Paid Ads,0,0.0,187,0,0.0,3309.9533333333334
C01912,0.38793722268616904,38.79,High Risk,Medium Value,High Priority,0,1,3,11583.230000000001,6544.93,0.5650349686572743,3861.0766666666673,66.66666666666667,44,32.0,South,Free,Organic,0,0.0,145,1,0.3333333333333333,3861.0766666666673
C09564,0.38784325967159117,38.78,High Risk,High Value,Critical Priority,0,1,4,28704.37,13135.689999999999,0.45761986763687895,7176.0925,150.0,24,24.0,North,Free,Email,0,0.0,213,0,0.0,7176.0925
C09801,0.3878314710752153,38.78,High Risk,Medium Value,High Priority,0,1,2,7238.22,3024.9,0.41790661239918103,3619.11,100.0,176,30.0,South,Free,Organic,0,0.0,83,0,0.0,3619.11
C03080,0.3877309995799345,38.77,High Risk,Medium Value,High Priority,1,1,2,6655.48,2970.67,0.44634947441807354,3327.74,125.0,152,58.0,South,Free,Organic,0,0.0,74,0,0.0,3327.74
C07262,0.3877139729447108,38.77,High Risk,Medium Value,High Priority,0,1,3,9957.3,4269.47,0.42877788155423663,3319.1,116.66666666666667,49,52.0,East,Free,Paid Ads,0,0.0,182,1,0.3333333333333333,3319.1
C08556,0.38758034031573363,38.76,High Risk,Medium Value,High Priority,1,1,2,12540.44,6637.49,0.5292868511790655,6270.22,125.0,51,25.0,North,Free,Organic,0,0.0,57,0,0.0,6270.22
C00542,0.387500648024188,38.75,High Risk,Medium Value,High Priority,1,1,4,10385.54,5208.76,0.5015396406927324,2596.385,50.0,22,32.0,North,Free,Referral,0,0.0,197,0,0.0,2596.385
C08260,0.3874773096339807,38.75,High Risk,Medium Value,High Priority,0,1,2,7594.55,3782.39,0.49804004187213197,3797.275,125.0,55,36.0,South,Free,Referral,0,0.0,102,0,0.0,3797.275
C06530,0.387254104503681,38.73,High Risk,Medium Value,High Priority,0,1,3,9644.05,4268.92,0.4426480576106512,3214.683333333333,133.33333333333334,146,44.0,South,Free,Paid Ads,0,0.0,55,0,0.0,3214.683333333333
C06704,0.38720589043635273,38.72,High Risk,Medium Value,High Priority,0,1,3,9163.82,3593.14,0.3921006741729977,3054.6066666666666,250.0,49,44.0,West,Free,Paid Ads,0,0.0,72,0,0.0,3054.6066666666666
C05367,0.3872056904098792,38.72,High Risk,Medium Value,High Priority,1,1,4,6559.42,3263.71,0.4975607599452391,1639.855,75.0,59,40.0,North,Free,Organic,0,0.0,194,0,0.0,1639.855
C07984,0.38697776244873194,38.7,High Risk,High Value,Critical Priority,0,1,6,28063.609999999997,14488.700000000003,0.5162806923271811,4677.2683333333325,158.33333333333334,73,30.0,East,Free,Referral,0,0.0,160,1,0.16666666666666666,4677.2683333333325
C09161,0.38680882880791395,38.68,High Risk,Medium Value,High Priority,1,1,2,6542.73,3400.9300000000003,0.5198028957331268,3271.365,150.0,43,53.0,South,Free,Organic,0,0.0,14,0,0.0,3271.365
C09246,0.38678510240718783,38.68,High Risk,Low Value,Medium Priority,1,1,4,4428.92,1790.53,0.40428140494748155,1107.23,162.5,97,59.0,South,Free,Paid Ads,0,0.0,139,0,0.0,1107.23
C04221,0.38655662674987784,38.66,High Risk,Medium Value,High Priority,1,1,2,12017.35,6905.49,0.5746266855837601,6008.675,50.0,61,28.0,West,Free,Organic,0,0.0,8,0,0.0,6008.675
C04374,0.38652994709941174,38.65,High Risk,Medium Value,High Priority,1,1,2,8023.66,4600.63,0.5733829698666195,4011.83,0.0,143,30.0,West,Free,Organic,0,0.0,123,0,0.0,4011.83
C00840,0.38652817149493307,38.65,High Risk,Low Value,Medium Priority,0,1,1,0.0,-100.0,-100.0,0.0,100.0,89,29.0,North,Free,Organic,1,0.5,0,0,0.0,0.0
C08654,0.3864967001336746,38.65,High Risk,Medium Value,High Priority,0,1,3,13800.79,6587.2,0.47730600929367084,4600.263333333333,116.66666666666667,22,19.0,North,Free,Organic,0,0.0,196,0,0.0,4600.263333333333
C04918,0.38649012908637514,38.65,High Risk,Medium Value,High Priority,0,1,4,16714.54,8254.15,0.49383052121087384,4178.635,187.5,101,43.0,West,Free,Referral,0,0.0,164,0,0.0,4178.635
C01195,0.3864618077663219,38.65,High Risk,High Value,Critical Priority,0,1,6,27447.28,12953.4,0.47193747431439476,4574.546666666666,158.33333333333334,76,58.0,East,Free,Email,0,0.0,126,0,0.0,4574.546666666666
C03823,0.38637599276298573,38.64,High Risk,Medium Value,High Priority,0,1,1,5891.82,2958.71,0.50217250357275,5891.82,0.0,112,21.0,South,Free,Paid Ads,0,0.0,0,0,0.0,5891.82
C01680,0.38637220639117004,38.64,High Risk,Medium Value,High Priority,0,1,3,11066.52,4907.56,0.4434600940494392,3688.84,133.33333333333334,77,48.0,North,Free,Paid Ads,0,0.0,107,0,0.0,3688.84
C09843,0.38632627738519487,38.63,High Risk,Low Value,Medium Priority,1,1,3,2246.06,1116.76,0.49720844501037376,748.6866666666666,83.33333333333333,85,31.0,West,Free,Email,1,0.25,167,0,0.0,748.6866666666666
C06160,0.38627633575347103,38.63,High Risk,Medium Value,High Priority,0,1,3,11567.22,5217.91,0.45109455858883984,3855.74,100.0,2,28.0,South,Free,Social Media,0,0.0,152,0,0.0,3855.74
C04213,0.3862336757888356,38.62,High Risk,Medium Value,High Priority,1,1,3,13363.69,6427.85,0.4809936477125704,4454.5633333333335,166.66666666666666,33,30.0,North,Free,Organic,0,0.0,234,0,0.0,4454.5633333333335
C01169,0.3862086632560967,38.62,High Risk,Low Value,Medium Priority,1,1,3,6041.89,2664.6400000000003,0.4410275592571199,2013.9633333333334,83.33333333333333,20,39.0,East,Free,Organic,0,0.0,57,0,0.0,2013.9633333333334
C07722,0.3861454463183862,38.61,High Risk,Low Value,Medium Priority,0,1,1,0.0,0.0,0.0,0.0,0.0,56,55.0,South,Free,Referral,0,0.0,0,0,0.0,0.0
C04013,0.38611352867677884,38.61,High Risk,Medium Value,High Priority,0,1,3,6418.860000000001,3261.7699999999995,0.5081540958986486,2139.6200000000003,66.66666666666667,28,43.0,North,Free,Email,1,0.25,101,0,0.0,2139.6200000000003
C02887,0.3860765646381837,38.61,High Risk,Medium Value,High Priority,0,1,2,16342.49,9678.880000000001,0.5922524658115135,8171.245,75.0,108,54.0,West,Free,Organic,0,0.0,162,0,0.0,8171.245
C05566,0.3860289513976238,38.6,High Risk,Medium Value,High Priority,1,1,1,6245.06,3631.6,0.5815156299539155,6245.06,0.0,48,46.0,East,Free,Organic,0,0.0,0,0,0.0,6245.06
C02261,0.3859732415467064,38.6,High Risk,Low Value,Medium Priority,1,1,3,2920.46,1315.0900000000001,0.4503023496298529,973.4866666666667,66.66666666666667,10,39.0,South,Free,Paid Ads,0,0.0,202,0,0.0,973.4866666666667
C04848,0.38593637755013566,38.59,High Risk,Low Value,Medium Priority,0,1,1,2916.95,1579.85,0.5416102435763382,2916.95,0.0,255,20.0,East,Free,Organic,1,0.5,0,0,0.0,2916.95
C03597,0.38585904357841516,38.59,High Risk,Medium Value,High Priority,0,1,2,10347.68,5414.1,0.5232187311551961,5173.84,225.0,49,34.0,East,Free,Organic,0,0.0,151,1,0.5,5173.84
C06212,0.3854863999301514,38.55,High Risk,Medium Value,High Priority,0,1,3,12850.789999999999,4991.12,0.388390130100951,4283.596666666666,183.33333333333334,119,18.0,East,Free,Paid Ads,0,0.0,57,0,0.0,4283.596666666666
C00560,0.3853699779204132,38.54,High Risk,Medium Value,High Priority,1,1,5,17805.53,7368.610000000001,0.4138382850721097,3561.1059999999998,60.0,32,35.0,North,Free,Referral,0,0.0,185,2,0.4,3561.1059999999998
C01468,0.38526533193067164,38.53,High Risk,Low Value,Medium Priority,1,1,1,0.0,-200.0,-200.0,0.0,200.0,86,36.0,West,Free,Organic,0,0.0,0,1,1.0,0.0
C03489,0.38524849815336787,38.52,High Risk,High Value,Critical Priority,0,1,7,31327.14,15982.79,0.510189886469049,4475.305714285714,78.57142857142857,83,42.0,East,Free,Paid Ads,0,0.0,186,1,0.14285714285714285,4475.305714285714
C08488,0.3852251407069362,38.52,High Risk,Medium Value,High Priority,1,1,5,9344.16,4615.0199999999995,0.49389351209739557,1868.8319999999999,110.0,10,30.0,North,Free,Organic,0,0.0,178,0,0.0,1868.8319999999999
C06083,0.3851452833648682,38.51,High Risk,Medium Value,High Priority,0,1,3,7356.799999999999,3346.99,0.45495188125271857,2452.2666666666664,33.333333333333336,16,41.0,West,Free,Organic,0,0.0,200,0,0.0,2452.2666666666664
C00973,0.38510123031885496,38.51,High Risk,Medium Value,High Priority,1,1,1,16364.45,8649.83,0.5285744403264393,16364.45,0.0,161,59.0,North,Free,Organic,0,0.0,0,0,0.0,16364.45
C09103,0.3850721343972366,38.51,High Risk,Low Value,Medium Priority,1,1,2,2523.69,1014.36,0.40193526146238245,1261.845,175.0,10,32.0,West,Free,Paid Ads,0,0.0,144,0,0.0,1261.845
C08814,0.38506769123240214,38.51,High Risk,Medium Value,High Priority,1,1,2,5899.43,3139.18,0.5321158145786965,2949.715,75.0,201,31.0,West,Free,Organic,1,0.3333333333333333,11,0,0.0,2949.715
C00248,0.38496280423920115,38.5,High Risk,Low Value,Medium Priority,0,1,1,1467.98,616.4,0.4198967288382675,1467.98,200.0,179,36.0,South,Free,Organic,0,0.0,0,1,1.0,1467.98
C05730,0.38493958075907203,38.49,High Risk,Medium Value,High Priority,0,1,3,17484.760000000002,8729.5,0.49926335849047965,5828.253333333334,133.33333333333334,94,48.0,South,Free,Organic,0,0.0,91,0,0.0,5828.253333333334
C03387,0.38490786965700347,38.49,High Risk,Medium Value,High Priority,1,1,5,8145.44,3651.95,0.4483428765051366,1629.088,130.0,36,29.0,West,Free,Referral,0,0.0,230,1,0.2,1629.088
C03835,0.38480803494385807,38.48,High Risk,Medium Value,High Priority,0,1,1,11586.18,7075.18,0.6106568342628891,11586.18,200.0,14,45.0,West,Free,Paid Ads,0,0.0,0,0,0.0,11586.18
C08494,0.3847583081352077,38.48,High Risk,Medium Value,High Priority,1,1,3,9253.8,4165.389999999999,0.45012751518295185,3084.6,133.33333333333334,58,19.0,South,Free,Organic,0,0.0,196,0,0.0,3084.6
C02338,0.3847219370791815,38.47,High Risk,Medium Value,High Priority,0,1,4,14835.109999999999,7970.56,0.5372767711193245,3708.7774999999997,12.5,73,46.0,West,Free,Organic,0,0.0,190,0,0.0,3708.7774999999997
C01101,0.38450602438742054,38.45,High Risk,Low Value,Medium Priority,1,1,1,18.09,-32.98,-1.8231066887783305,18.09,50.0,166,60.0,East,Free,Organic,0,0.0,0,1,1.0,18.09
C03005,0.38447278468381163,38.45,High Risk,Medium Value,High Priority,1,1,5,11896.050000000001,5178.77,0.4353352583420547,2379.21,180.0,37,27.0,North,Free,Paid Ads,0,0.0,171,0,0.0,2379.21
C03032,0.3843766541088388,38.44,High Risk,Medium Value,High Priority,0,1,1,9577.5,5289.84,0.552319498825372,9577.5,150.0,60,41.0,West,Free,Referral,0,0.0,0,0,0.0,9577.5
C07814,0.3843446384905676,38.43,High Risk,Low Value,Medium Priority,0,1,2,1810.05,682.61,0.377122178945333,905.025,175.0,167,55.0,West,Free,Organic,1,0.3333333333333333,72,0,0.0,905.025
C09439,0.38430851854621884,38.43,High Risk,Medium Value,High Priority,0,1,5,12238.67,6432.41,0.5255808024891594,2447.734,200.0,51,24.0,East,Free,Organic,0,0.0,155,0,0.0,2447.734
C08757,0.3841056202334426,38.41,High Risk,Medium Value,High Priority,0,1,2,16044.2,6882.5199999999995,0.4289724635693895,8022.1,0.0,93,28.0,East,Free,Organic,0,0.0,54,0,0.0,8022.1
C01161,0.38401041458271956,38.4,High Risk,Low Value,Medium Priority,0,1,2,4206.63,1992.66,0.47369509559909,2103.315,250.0,96,38.0,South,Free,Paid Ads,0,0.0,102,1,0.5,2103.315
C07945,0.3839851552902474,38.4,High Risk,Low Value,Medium Priority,1,1,2,2219.8,975.86,0.4396161816379854,1109.9,50.0,9,19.0,West,Free,Paid Ads,0,0.0,122,0,0.0,1109.9
C08967,0.3838903330952879,38.39,High Risk,Medium Value,High Priority,0,1,2,9170.79,4644.76,0.5064732700236293,4585.395,100.0,203,50.0,North,Free,Paid Ads,1,0.3333333333333333,26,0,0.0,4585.395
C05175,0.38382247178168005,38.38,High Risk,Medium Value,High Priority,0,1,3,9361.04,3747.2200000000003,0.4002995393674207,3120.346666666667,83.33333333333333,32,60.0,West,Free,Organic,0,0.0,225,1,0.3333333333333333,3120.346666666667
C00503,0.3837000939499109,38.37,High Risk,Low Value,Medium Priority,0,1,3,3311.51,1727.65,0.5217106395571809,1103.8366666666668,66.66666666666667,3,52.0,West,Free,Referral,0,0.0,245,0,0.0,1103.8366666666668
C07213,0.383696424111185,38.37,High Risk,Low Value,Medium Priority,0,1,3,5108.93,2245.0,0.4394266509817124,1702.9766666666667,16.666666666666668,16,58.0,West,Free,Referral,0,0.0,190,0,0.0,1702.9766666666667
C04115,0.383692396761243,38.37,High Risk,Medium Value,High Priority,0,1,3,17487.78,9508.31,0.5437116660891205,5829.259999999999,66.66666666666667,1,44.0,North,Free,Email,0,0.0,257,0,0.0,5829.259999999999
C04778,0.3836440009100085,38.36,High Risk,Medium Value,High Priority,1,1,2,8642.52,3515.88,0.40681190208411433,4321.26,250.0,74,46.0,West,Free,Paid Ads,0,0.0,123,0,0.0,4321.26
C00561,0.38361592060317345,38.36,High Risk,Low Value,Medium Priority,0,1,1,0.0,-200.0,-200.0,0.0,200.0,218,45.0,North,Free,Referral,0,0.0,0,1,1.0,0.0
C03614,0.38352985596099787,38.35,High Risk,Low Value,Medium Priority,0,1,2,3099.33,1621.23,0.5230904743928527,1549.665,125.0,111,40.0,South,Free,Organic,0,0.0,103,1,0.5,1549.665
C05453,0.383423808472592,38.34,High Risk,Low Value,Medium Priority,1,1,2,3392.08,1434.94,0.42302657956180284,1696.04,125.0,77,58.0,East,Free,Referral,0,0.0,121,0,0.0,1696.04
C05263,0.38336123553092255,38.34,High Risk,Medium Value,High Priority,1,1,2,13022.18,6099.15,0.46836627968588973,6511.09,250.0,57,55.0,North,Free,Referral,0,0.0,68,0,0.0,6511.09
C01891,0.3832984386722248,38.33,High Risk,Medium Value,High Priority,1,1,4,6520.0599999999995,3224.35,0.49452765772094126,1630.0149999999999,175.0,6,54.0,East,Free,Referral,0,0.0,256,0,0.0,1630.0149999999999
C08955,0.38327938021948466,38.33,High Risk,Low Value,Medium Priority,0,1,4,4931.46,1412.8000000000002,0.28648716607252217,1232.865,300.0,43,52.0,West,Free,Referral,0,0.0,191,0,0.0,1232.865
C05121,0.38324376823751294,38.32,High Risk,Low Value,Medium Priority,1,1,3,3167.74,1422.05,0.44891626206696256,1055.9133333333332,100.0,236,38.0,West,Free,Referral,1,0.25,23,0,0.0,1055.9133333333332
C04990,0.3831187232949902,38.31,High Risk,Low Value,Medium Priority,1,1,3,5939.33,2746.79,0.4624747235799324,1979.7766666666666,200.0,12,43.0,South,Free,Paid Ads,0,0.0,243,0,0.0,1979.7766666666666
C05709,0.3831111939513551,38.31,High Risk,Medium Value,High Priority,0,1,2,10298.59,4541.34,0.4409671615240533,5149.295,275.0,156,39.0,North,Free,Paid Ads,1,0.3333333333333333,28,0,0.0,5149.295
C07696,0.3831102441111797,38.31,High Risk,Medium Value,High Priority,1,1,5,15285.06,7879.21,0.5154844011080101,3057.0119999999997,110.0,6,23.0,North,Free,Referral,0,0.0,231,0,0.0,3057.0119999999997
C03603,0.3830386889546762,38.3,High Risk,Medium Value,High Priority,0,1,4,11258.06,5530.099999999999,0.4912125179649069,2814.515,112.5,33,52.0,East,Free,Organic,0,0.0,232,0,0.0,2814.515
C07340,0.3829950551415628,38.3,High Risk,Medium Value,High Priority,0,1,4,6234.99,2891.4799999999996,0.46375054330480076,1558.7475,100.0,23,49.0,North,Free,Organic,0,0.0,219,0,0.0,1558.7475
C04026,0.3829809711781657,38.3,High Risk,Low Value,Medium Priority,0,1,2,4163.5599999999995,2205.62,0.5297437769601014,2081.7799999999997,50.0,103,56.0,South,Free,Paid Ads,0,0.0,112,0,0.0,2081.7799999999997
C09215,0.3828945132407137,38.29,High Risk,Medium Value,High Priority,0,1,3,6773.4,3204.08,0.47303865119437805,2257.7999999999997,33.333333333333336,29,28.0,East,Free,Referral,0,0.0,235,1,0.3333333333333333,2257.7999999999997
C02174,0.38288714524948925,38.29,High Risk,Medium Value,High Priority,0,1,3,7764.77,4089.08,0.526619590792773,2588.2566666666667,16.666666666666668,91,33.0,South,Free,Paid Ads,0,0.0,76,0,0.0,2588.2566666666667
C09259,0.38287467164652117,38.29,High Risk,Medium Value,High Priority,0,1,3,11347.35,5884.24,0.5185563149105298,3782.4500000000003,183.33333333333334,38,33.0,South,Free,Paid Ads,0,0.0,232,1,0.3333333333333333,3782.4500000000003
C04124,0.3827795794329949,38.28,High Risk,Medium Value,High Priority,0,1,4,12296.859999999999,5253.35,0.4272106863052845,3074.2149999999997,62.5,29,32.0,South,Free,Email,0,0.0,227,0,0.0,3074.2149999999997
C06255,0.38276956307916016,38.28,High Risk,Medium Value,High Priority,0,1,2,10768.109999999999,5284.93,0.4907945776928357,5384.054999999999,100.0,117,28.0,West,Free,Organic,0,0.0,120,0,0.0,5384.054999999999
C00558,0.38272755704794287,38.27,High Risk,Medium Value,High Priority,1,1,3,8161.5199999999995,4402.13,0.5393762436408904,2720.5066666666667,83.33333333333333,29,38.0,East,Free,Referral,0,0.0,51,0,0.0,2720.5066666666667
C00621,0.3826291820754649,38.26,High Risk,High Value,Critical Priority,1,1,8,29074.809999999998,13877.300000000001,0.47729632627005997,3634.3512499999997,93.75,142,28.0,East,Free,Referral,0,0.0,119,0,0.0,3634.3512499999997
C01133,0.382602330479161,38.26,High Risk,Low Value,Medium Priority,0,1,2,5414.17,2635.7200000000003,0.4868188475795921,2707.085,125.0,17,30.0,East,Free,Organic,0,0.0,113,0,0.0,2707.085
C01239,0.38255199914685517,38.26,High Risk,Medium Value,High Priority,0,1,2,12419.09,6766.66,0.544859567005312,6209.545,75.0,237,56.0,South,Free,Referral,0,0.0,13,1,0.5,6209.545
C06624,0.38250658876770083,38.25,High Risk,Medium Value,High Priority,0,1,3,14765.32,7509.4400000000005,0.508586336090244,4921.7733333333335,133.33333333333334,18,58.0,North,Free,Organic,0,0.0,106,1,0.3333333333333333,4921.7733333333335
C07274,0.3823837958682784,38.24,High Risk,Medium Value,High Priority,0,1,3,10220.32,4090.77,0.40025850462607826,3406.773333333333,150.0,49,59.0,East,Free,Organic,0,0.0,220,0,0.0,3406.773333333333
C03742,0.38229541277087464,38.23,High Risk,Medium Value,High Priority,0,1,4,15266.91,7272.8,0.47637668657246296,3816.7275,112.5,39,20.0,South,Free,Paid Ads,0,0.0,223,1,0.25,3816.7275
C04163,0.3822782147592901,38.23,High Risk,Medium Value,High Priority,0,1,3,11366.33,6010.530000000001,0.5288012929415212,3788.7766666666666,216.66666666666666,57,23.0,North,Free,Referral,0,0.0,178,0,0.0,3788.7766666666666
C04139,0.3822712393785682,38.23,High Risk,Low Value,Medium Priority,0,1,1,1736.18,889.1,0.5121012798212167,1736.18,150.0,104,51.0,North,Free,Referral,1,0.5,0,0,0.0,1736.18
C09807,0.3821648276539795,38.22,High Risk,Medium Value,High Priority,0,1,5,12310.26,5722.29,0.4648390854457989,2462.052,50.0,20,37.0,North,Free,Social Media,1,0.16666666666666666,139,1,0.2,2462.052
C00378,0.3820646715671708,38.21,High Risk,Medium Value,High Priority,0,1,2,12181.05,6918.08,0.5679379035469028,6090.525,0.0,94,23.0,East,Free,Organic,0,0.0,61,0,0.0,6090.525
C07929,0.3818952587695314,38.19,High Risk,Medium Value,High Priority,0,1,2,9553.16,3815.98,0.39944688459106725,4776.58,50.0,40,50.0,South,Free,Referral,0,0.0,56,0,0.0,4776.58
C01666,0.38171734488208253,38.17,High Risk,Low Value,Medium Priority,1,1,1,1128.75,304.06,0.26937763012181615,1128.75,150.0,230,43.0,South,Free,Referral,1,0.5,0,0,0.0,1128.75
C03362,0.3816890810460224,38.17,High Risk,Low Value,Medium Priority,1,1,1,5454.48,2477.06,0.4541331162640619,5454.48,0.0,25,28.0,West,Free,Referral,0,0.0,0,0,0.0,5454.48
C01904,0.3816778407575321,38.17,High Risk,High Value,Critical Priority,1,1,4,20866.920000000002,10565.49,0.5063272394776037,5216.7300000000005,50.0,113,49.0,East,Free,Organic,0,0.0,155,0,0.0,5216.7300000000005
C00213,0.3816538294939974,38.17,High Risk,Low Value,Medium Priority,0,1,3,4882.29,2083.75,0.42679767076515324,1627.43,200.0,160,30.0,North,Free,Organic,1,0.25,100,0,0.0,1627.43
C04069,0.3815435457193982,38.15,High Risk,Medium Value,High Priority,1,1,4,16122.86,7332.610000000001,0.4547958612801947,4030.715,212.5,18,56.0,North,Free,Referral,0,0.0,208,0,0.0,4030.715
C03963,0.3814323300316855,38.14,High Risk,Medium Value,High Priority,1,1,3,19504.02,9121.37,0.4676661529264224,6501.34,50.0,129,48.0,East,Free,Paid Ads,0,0.0,126,0,0.0,6501.34
C05097,0.38124118636362436,38.12,High Risk,Medium Value,High Priority,0,1,4,13319.14,6528.35,0.4901480125593695,3329.785,187.5,63,55.0,South,Free,Referral,0,0.0,177,0,0.0,3329.785
C08201,0.38123596098118145,38.12,High Risk,Medium Value,High Priority,0,1,3,17056.06,7670.0,0.4496935400086538,5685.3533333333335,116.66666666666667,38,30.0,East,Free,Paid Ads,0,0.0,112,0,0.0,5685.3533333333335
C01941,0.38118125901972066,38.12,High Risk,Low Value,Medium Priority,0,1,2,4689.969999999999,2332.23,0.49728036639893225,2344.9849999999997,100.0,77,27.0,East,Free,Organic,0,0.0,121,1,0.5,2344.9849999999997
C06069,0.38117814425940205,38.12,High Risk,Low Value,Medium Priority,0,1,4,6053.85,2633.52,0.4350157337892415,1513.4625,50.0,69,51.0,East,Free,Paid Ads,0,0.0,172,0,0.0,1513.4625
C02814,0.38113525021988454,38.11,High Risk,Medium Value,High Priority,0,1,4,8075.04,4319.34,0.5349001367175891,2018.76,87.5,12,39.0,East,Free,Paid Ads,0,0.0,223,1,0.25,2018.76
C08828,0.38112349119143724,38.11,High Risk,Low Value,Medium Priority,0,1,2,4118.87,1031.31,0.2503866351693547,2059.435,175.0,7,23.0,West,Free,Organic,0,0.0,78,1,0.5,2059.435
C01698,0.3810653958940926,38.11,High Risk,High Value,Critical Priority,0,1,2,19020.05,10434.05,0.5485816283343103,9510.025,75.0,161,52.0,East,Free,Paid Ads,0,0.0,31,0,0.0,9510.025
C09155,0.38078500414183936,38.08,High Risk,Medium Value,High Priority,1,1,4,18501.35,7235.42,0.39107524586043724,4625.3375,112.5,92,19.0,East,Free,Paid Ads,0,0.0,145,0,0.0,4625.3375
C09831,0.38065192126475444,38.07,High Risk,Low Value,Medium Priority,0,1,1,0.0,-120.5,-120.5,0.0,150.0,68,50.0,West,Free,Organic,1,0.5,0,0,0.0,0.0
C05894,0.3806252344854536,38.06,High Risk,Medium Value,High Priority,0,1,4,12989.56,6109.8099999999995,0.47036312238443795,3247.39,262.5,60,40.0,East,Free,Referral,0,0.0,203,1,0.25,3247.39
C00214,0.3806022013271403,38.06,High Risk,Medium Value,High Priority,1,1,4,7700.0,3935.87,0.5111519480519481,1925.0,125.0,4,59.0,East,Free,Organic,0,0.0,234,1,0.25,1925.0
C03587,0.3804262960753434,38.04,High Risk,High Value,Critical Priority,0,1,4,20396.25,10359.1,0.5078923821780965,5099.0625,150.0,68,59.0,West,Free,Organic,0,0.0,189,0,0.0,5099.0625
C00635,0.38036728863236446,38.04,High Risk,Medium Value,High Priority,1,1,6,19422.839999999997,9631.779999999999,0.49589967275640434,3237.1399999999994,133.33333333333334,122,29.0,East,Free,Organic,0,0.0,148,0,0.0,3237.1399999999994
C01032,0.38029614354446734,38.03,High Risk,Medium Value,High Priority,0,1,4,7977.78,3226.86,0.40448094582703464,1994.445,187.5,31,47.0,North,Free,Referral,0,0.0,203,0,0.0,1994.445
C05093,0.38016784115478736,38.02,High Risk,Low Value,Medium Priority,0,1,2,3397.93,2006.42,0.5904830293737658,1698.965,0.0,65,30.0,South,Free,Paid Ads,0,0.0,127,0,0.0,1698.965
C07881,0.38013637504276937,38.01,High Risk,Medium Value,High Priority,0,1,3,9181.25,4665.89,0.5081976855003404,3060.4166666666665,233.33333333333334,8,36.0,East,Free,Referral,0,0.0,264,0,0.0,3060.4166666666665
C02357,0.3800840762204561,38.01,High Risk,Medium Value,High Priority,1,1,4,12557.63,6204.32,0.49406775004519166,3139.4075,125.0,3,45.0,South,Free,Paid Ads,0,0.0,263,1,0.25,3139.4075
C08521,0.38006548722620515,38.01,High Risk,High Value,Critical Priority,0,1,4,23173.14,13250.06,0.5717852651820168,5793.285,100.0,55,47.0,West,Free,Paid Ads,0,0.0,167,0,0.0,5793.285
C06103,0.38006336718103345,38.01,High Risk,Medium Value,High Priority,0,1,6,8407.65,3027.4100000000003,0.3600780241803596,1401.2749999999999,100.0,47,29.0,West,Free,Paid Ads,0,0.0,210,0,0.0,1401.2749999999999
C04393,0.3798571089836712,37.99,High Risk,Medium Value,High Priority,0,1,3,17543.78,9334.44,0.53206549557735,5847.926666666666,150.0,27,43.0,North,Free,Organic,0,0.0,99,0,0.0,5847.926666666666
C01671,0.3798350374723841,37.98,High Risk,Medium Value,High Priority,0,1,4,5462.74,2987.12,0.5468171650124296,1365.685,75.0,36,43.0,West,Free,Social Media,1,0.2,132,0,0.0,1365.685
C00800,0.3798199695200124,37.98,High Risk,Low Value,Medium Priority,0,1,2,3479.19,1775.39,0.5102883142340603,1739.595,100.0,70,28.0,South,Free,Email,1,0.3333333333333333,198,0,0.0,1739.595
C01856,0.37980355754787837,37.98,High Risk,Medium Value,High Priority,1,1,3,18588.05,9333.960000000001,0.5021484233149793,6196.016666666666,200.0,74,44.0,West,Free,Organic,0,0.0,99,1,0.3333333333333333,6196.016666666666
C02445,0.379799623196355,37.98,High Risk,Medium Value,High Priority,1,1,4,20633.37,9393.88,0.45527608917011614,5158.3425,125.0,71,38.0,West,Free,Organic,0,0.0,160,0,0.0,5158.3425
C06188,0.3797978221301921,37.98,High Risk,Medium Value,High Priority,0,1,4,6806.03,3079.7200000000003,0.4524987400878339,1701.5075,100.0,23,36.0,West,Free,Organic,0,0.0,190,0,0.0,1701.5075
C06890,0.37978664430022346,37.98,High Risk,High Value,Critical Priority,0,1,5,24103.82,11631.99,0.4825786949952331,4820.764,190.0,92,45.0,West,Free,Referral,0,0.0,148,0,0.0,4820.764
C02508,0.37978578850081357,37.98,High Risk,Low Value,Medium Priority,0,1,2,2521.99,1108.65,0.4395933370076805,1260.995,250.0,29,59.0,West,Free,Referral,0,0.0,210,0,0.0,1260.995
C00185,0.37978262609646884,37.98,High Risk,Medium Value,High Priority,0,1,2,9837.02,4862.6,0.49431636816840874,4918.51,0.0,127,41.0,West,Free,Organic,0,0.0,138,0,0.0,4918.51
C05457,0.37972026263256636,37.97,High Risk,High Value,Critical Priority,0,1,5,25914.86,13377.61,0.516213863397294,5182.972,90.0,66,33.0,West,Free,Paid Ads,0,0.0,132,0,0.0,5182.972
C09909,0.3795731520197089,37.96,High Risk,Medium Value,High Priority,0,1,5,17558.99,8527.86,0.485669164342596,3511.7980000000002,50.0,8,39.0,East,Free,Social Media,0,0.0,252,0,0.0,3511.7980000000002
C09545,0.37952719899100124,37.95,High Risk,High Value,Critical Priority,1,1,1,25784.91,11523.37,0.44690363472278943,25784.91,200.0,190,30.0,West,Free,Referral,0,0.0,0,0,0.0,25784.91
C04091,0.3794522535792345,37.95,High Risk,Medium Value,High Priority,0,1,6,11513.1,5265.01,0.4573060253102987,1918.8500000000001,116.66666666666667,16,57.0,North,Free,Organic,0,0.0,229,0,0.0,1918.8500000000001
C01482,0.3794112011139367,37.94,High Risk,Medium Value,High Priority,1,1,2,7440.15,3740.8599999999997,0.5027936264725845,3720.075,100.0,129,30.0,East,Free,Social Media,1,0.3333333333333333,72,0,0.0,3720.075
C08355,0.3793486057384979,37.93,High Risk,High Value,Critical Priority,1,1,5,19763.1,10004.2,0.506206010190709,3952.62,170.0,20,36.0,East,Free,Paid Ads,0,0.0,197,0,0.0,3952.62
C08477,0.37927429861879197,37.93,High Risk,Medium Value,High Priority,1,1,3,14990.0,7514.72,0.5013155436957972,4996.666666666667,150.0,50,37.0,East,Free,Paid Ads,0,0.0,65,0,0.0,4996.666666666667
C02636,0.3792531910240961,37.93,High Risk,Medium Value,High Priority,1,1,5,8956.44,3451.31,0.38534395362443113,1791.288,100.0,7,34.0,North,Free,Organic,0,0.0,221,0,0.0,1791.288
C01127,0.3791808576277783,37.92,High Risk,Medium Value,High Priority,0,1,3,14296.89,7687.4,0.537697359355776,4765.63,16.666666666666668,2,32.0,East,Free,Organic,0,0.0,165,0,0.0,4765.63
C04734,0.37914793165327426,37.91,High Risk,Medium Value,High Priority,0,1,3,19319.059999999998,9755.82,0.504984196953682,6439.686666666666,83.33333333333333,35,49.0,South,Free,Paid Ads,0,0.0,56,0,0.0,6439.686666666666
C09459,0.3790440916464801,37.9,High Risk,High Value,Critical Priority,1,1,6,20477.95,10356.38,0.5057332398995016,3412.991666666667,158.33333333333334,4,20.0,North,Free,Referral,0,0.0,250,0,0.0,3412.991666666667
C02914,0.37887094909330776,37.89,High Risk,Medium Value,High Priority,0,1,4,13604.02,6419.33,0.4718700795794184,3401.005,87.5,11,42.0,South,Free,Social Media,0,0.0,253,0,0.0,3401.005
C04764,0.3788121377485961,37.88,High Risk,Low Value,Medium Priority,1,1,2,5136.76,2026.33,0.39447628466192697,2568.38,150.0,9,19.0,West,Free,Organic,0,0.0,177,0,0.0,2568.38
C00676,0.3787922301064753,37.88,High Risk,High Value,Critical Priority,1,1,6,39944.69,21416.4,0.5361513632975997,6657.448333333334,75.0,78,39.0,South,Free,Social Media,0,0.0,183,0,0.0,6657.448333333334
C01583,0.37875690958392255,37.88,High Risk,Low Value,Medium Priority,0,1,1,1260.19,536.27,0.4255469413342432,1260.19,50.0,187,36.0,North,Free,Paid Ads,0,0.0,0,1,1.0,1260.19
C09956,0.3787550320272489,37.88,High Risk,Medium Value,High Priority,0,1,4,7868.09,3504.01,0.44534442285230597,1967.0225,37.5,54,50.0,West,Free,Referral,0,0.0,128,0,0.0,1967.0225
C07971,0.37868165927850983,37.87,High Risk,Medium Value,High Priority,0,1,3,8979.77,4090.64,0.455539507136597,2993.2566666666667,66.66666666666667,109,27.0,South,Free,Organic,0,0.0,141,0,0.0,2993.2566666666667
C08985,0.37866000684473256,37.87,High Risk,High Value,Critical Priority,0,1,4,23833.370000000003,11586.310000000001,0.4861381332140608,5958.342500000001,137.5,1,42.0,East,Free,Email,0,0.0,258,1,0.25,5958.342500000001
C08911,0.37861524265127305,37.86,High Risk,Medium Value,High Priority,0,1,3,15247.33,6506.52,0.42673176221672915,5082.443333333334,66.66666666666667,32,56.0,North,Free,Paid Ads,0,0.0,49,0,0.0,5082.443333333334
C05680,0.378539852173266,37.85,High Risk,Medium Value,High Priority,0,1,3,15046.68,7984.220000000001,0.5306300127337061,5015.56,133.33333333333334,20,25.0,East,Free,Referral,0,0.0,178,0,0.0,5015.56
C02519,0.37848452614919853,37.85,High Risk,Medium Value,High Priority,0,1,3,11033.220000000001,5528.82,0.5011066578931626,3677.7400000000002,66.66666666666667,5,25.0,North,Free,Email,1,0.25,114,0,0.0,3677.7400000000002
C09548,0.37828740091500623,37.83,High Risk,Medium Value,High Priority,1,1,3,8310.91,4581.389999999999,0.5512501037792491,2770.3033333333333,66.66666666666667,19,35.0,East,Free,Organic,0,0.0,184,1,0.3333333333333333,2770.3033333333333
C09212,0.3782217517154755,37.82,High Risk,Medium Value,High Priority,1,1,1,5441.49,3163.35,0.581338934740301,5441.49,0.0,244,26.0,South,Free,Organic,1,0.5,0,0,0.0,5441.49
C07001,0.378191456188041,37.82,High Risk,Medium Value,High Priority,0,1,5,8592.06,4062.84,0.4728598263978604,1718.4119999999998,20.0,55,57.0,East,Free,Organic,0,0.0,186,0,0.0,1718.4119999999998
C01214,0.3779514935166367,37.8,High Risk,Medium Value,High Priority,0,1,3,8741.59,4458.5,0.5100330717867115,2913.8633333333332,100.0,15,44.0,South,Free,Organic,0,0.0,122,1,0.3333333333333333,2913.8633333333332
C00950,0.37789898520577886,37.79,High Risk,Medium Value,High Priority,1,1,5,10633.09,4747.59,0.446492035711162,2126.618,180.0,58,22.0,North,Free,Email,1,0.16666666666666666,169,1,0.2,2126.618
C04345,0.37783745056505563,37.78,High Risk,Medium Value,High Priority,0,1,3,20929.47,8639.44,0.41278828369758047,6976.490000000001,66.66666666666667,92,34.0,North,Free,Organic,0,0.0,19,0,0.0,6976.490000000001
C06812,0.37778302686856,37.78,High Risk,Medium Value,High Priority,1,1,6,10233.75,4683.17,0.4576201294735556,1705.625,233.33333333333334,2,26.0,East,Free,Referral,0,0.0,194,0,0.0,1705.625
C05038,0.37770352119441325,37.77,High Risk,High Value,Critical Priority,1,1,3,29750.050000000003,17709.02,0.5952601760333176,9916.683333333334,83.33333333333333,12,46.0,South,Free,Social Media,0,0.0,238,0,0.0,9916.683333333334
C08274,0.3776955301310696,37.77,High Risk,Medium Value,High Priority,1,1,4,11075.05,5409.55,0.4884447474277769,2768.7625,62.5,20,19.0,North,Free,Organic,0,0.0,214,0,0.0,2768.7625
C04847,0.37768813666123496,37.77,High Risk,Low Value,Medium Priority,1,1,2,4331.74,2082.97,0.4808621939451583,2165.87,125.0,81,21.0,South,Free,Referral,0,0.0,161,0,0.0,2165.87
C09918,0.37752371818541114,37.75,High Risk,High Value,Critical Priority,0,1,5,26134.1,12993.07,0.4971692156990293,5226.82,140.0,29,44.0,East,Free,Paid Ads,0,0.0,229,1,0.2,5226.82
C08680,0.3775225227544804,37.75,High Risk,Medium Value,High Priority,0,1,6,22584.83,8561.650000000001,0.3790885297786169,3764.138333333334,208.33333333333334,52,27.0,East,Free,Paid Ads,0,0.0,160,0,0.0,3764.138333333334
C05940,0.37748732075294295,37.75,High Risk,Medium Value,High Priority,0,1,3,7778.2,4010.29,0.5155807256177521,2592.733333333333,166.66666666666666,53,36.0,West,Free,Email,1,0.25,200,0,0.0,2592.733333333333
C05277,0.3774851175997256,37.75,High Risk,Low Value,Medium Priority,0,1,1,552.81,180.58,0.3266583455436769,552.81,100.0,61,32.0,East,Free,Organic,1,0.5,0,0,0.0,552.81
C04946,0.3772998614285014,37.73,High Risk,Low Value,Medium Priority,1,1,2,5001.63,2548.01,0.5094359238888123,2500.815,25.0,16,40.0,South,Free,Paid Ads,0,0.0,12,1,0.5,2500.815
C01534,0.37728235245604747,37.73,High Risk,Low Value,Medium Priority,0,1,1,1132.29,554.43,0.48965371062183716,1132.29,50.0,44,50.0,West,Free,Referral,2,0.6666666666666666,0,0,0.0,1132.29
C08532,0.3772614141471415,37.73,High Risk,Medium Value,High Priority,0,1,5,16489.96,8392.58,0.5089509010331135,3297.9919999999997,130.0,71,22.0,East,Free,Organic,0,0.0,167,0,0.0,3297.9919999999997
C05230,0.37725950234272343,37.73,High Risk,High Value,Critical Priority,1,1,6,25229.75,11890.36,0.47128330641405486,4204.958333333333,258.3333333333333,8,57.0,North,Free,Paid Ads,0,0.0,223,1,0.16666666666666666,4204.958333333333
C09500,0.3771434005481673,37.71,High Risk,Medium Value,High Priority,1,1,5,13841.57,5545.79,0.400661919132006,2768.314,180.0,16,20.0,East,Free,Referral,0,0.0,236,0,0.0,2768.314
C01428,0.3770385716224089,37.7,High Risk,Medium Value,High Priority,0,1,2,20899.67,7825.53,0.3744331848301911,10449.835,300.0,163,25.0,South,Free,Social Media,1,0.3333333333333333,6,0,0.0,10449.835
C05735,0.37699728283319406,37.7,High Risk,Medium Value,High Priority,1,1,3,16514.15,8939.86,0.5413454522333877,5504.716666666667,66.66666666666667,3,39.0,North,Free,Paid Ads,0,0.0,255,0,0.0,5504.716666666667
C08460,0.37698344738728284,37.7,High Risk,Medium Value,High Priority,1,1,3,13180.14,6288.78,0.4771406070041745,4393.38,16.666666666666668,33,39.0,West,Free,Organic,0,0.0,225,0,0.0,4393.38
C06564,0.37698059054830196,37.7,High Risk,High Value,Critical Priority,1,1,4,23869.86,13446.99,0.5633459936505701,5967.465,50.0,68,28.0,North,Free,Paid Ads,0,0.0,193,1,0.25,5967.465
C05782,0.3769341993732638,37.69,High Risk,Medium Value,High Priority,1,1,2,8806.369999999999,4431.74,0.5032425392074147,4403.1849999999995,75.0,26,59.0,West,Free,Paid Ads,0,0.0,113,0,0.0,4403.1849999999995
C02987,0.3768167463458241,37.68,High Risk,Medium Value,High Priority,0,1,3,11747.349999999999,5301.530000000001,0.45129582416459896,3915.783333333333,66.66666666666667,50,39.0,East,Free,Paid Ads,0,0.0,95,0,0.0,3915.783333333333
C08445,0.37676585315572403,37.68,High Risk,Medium Value,High Priority,1,1,4,18439.77,7690.360000000001,0.41705292419590917,4609.9425,112.5,18,46.0,East,Free,Social Media,0,0.0,230,0,0.0,4609.9425
C06524,0.3766317849596782,37.66,High Risk,Medium Value,High Priority,1,1,2,5691.24,3139.5099999999998,0.5516390101278456,2845.62,50.0,7,35.0,East,Free,Referral,0,0.0,107,0,0.0,2845.62
C00640,0.3766170360362441,37.66,High Risk,Medium Value,High Priority,1,1,4,10150.84,4336.49,0.427205039188875,2537.71,100.0,53,26.0,West,Free,Referral,0,0.0,148,0,0.0,2537.71
C01224,0.3764794601172584,37.65,High Risk,Medium Value,High Priority,1,1,4,18749.8,8651.56,0.4614214551621884,4687.45,150.0,130,18.0,South,Free,Referral,0,0.0,134,1,0.25,4687.45
C07557,0.3764681625465927,37.65,High Risk,Low Value,Medium Priority,0,1,4,5583.68,2428.19,0.434872700441286,1395.92,50.0,23,31.0,East,Free,Referral,0,0.0,169,0,0.0,1395.92
C01132,0.3764188877792201,37.64,High Risk,Medium Value,High Priority,0,1,4,18224.739999999998,8921.32,0.4895169972246518,4556.1849999999995,137.5,16,60.0,West,Free,Paid Ads,0,0.0,202,0,0.0,4556.1849999999995
C00954,0.3763484237560435,37.63,High Risk,Medium Value,High Priority,1,1,2,8695.81,3657.3599999999997,0.4205887663138914,4347.905,75.0,196,39.0,South,Free,Social Media,1,0.3333333333333333,63,0,0.0,4347.905
C03238,0.376249265951671,37.62,High Risk,Medium Value,High Priority,0,1,4,11867.24,5213.780000000001,0.43934225649771985,2966.81,137.5,38,56.0,South,Free,Organic,0,0.0,184,1,0.25,2966.81
C07961,0.3761960142168385,37.62,High Risk,Low Value,Medium Priority,0,1,3,0.0,-450.0,-450.0,0.0,150.0,6,38.0,South,Free,Organic,0,0.0,251,0,0.0,0.0
C09240,0.3761038785464996,37.61,High Risk,Low Value,Medium Priority,1,1,2,1010.59,317.13,0.3138067861348321,505.295,150.0,21,35.0,North,Free,Referral,0,0.0,241,1,0.5,505.295
C00665,0.3759818449594261,37.6,High Risk,Low Value,Medium Priority,1,1,3,5272.35,1939.3500000000001,0.36783407778315175,1757.45,83.33333333333333,15,38.0,East,Free,Paid Ads,0,0.0,183,0,0.0,1757.45
C06374,0.3759007999290078,37.59,High Risk,Low Value,Medium Priority,1,1,3,1021.86,90.25000000000003,0.08831933924412348,340.62,233.33333333333334,148,47.0,South,Free,Organic,1,0.25,97,0,0.0,340.62
C02439,0.3758991710477338,37.59,High Risk,Low Value,Medium Priority,0,1,1,190.13,-87.23,-0.4587913532845948,190.13,300.0,55,21.0,North,Free,Referral,0,0.0,0,1,1.0,190.13
C06556,0.37581891324022376,37.58,High Risk,Medium Value,High Priority,0,1,3,16743.87,7977.38,0.47643585383785236,5581.29,150.0,12,36.0,North,Free,Referral,0,0.0,232,0,0.0,5581.29
C07158,0.3757342807373058,37.57,High Risk,Medium Value,High Priority,0,1,3,13300.529999999999,5579.67,0.4195073429404693,4433.509999999999,133.33333333333334,62,52.0,West,Free,Paid Ads,0,0.0,114,0,0.0,4433.509999999999
C02277,0.3756538048195303,37.57,High Risk,Medium Value,High Priority,1,1,2,10889.4,6386.75,0.5865107352103881,5444.7,75.0,113,39.0,North,Free,Email,1,0.3333333333333333,158,0,0.0,5444.7
C04189,0.37553675942682163,37.55,High Risk,Medium Value,High Priority,1,1,8,19706.46,9421.7,0.4781021045890536,2463.3075,100.0,28,29.0,North,Free,Paid Ads,1,0.1111111111111111,156,2,0.25,2463.3075
C06733,0.37541943527746807,37.54,High Risk,Medium Value,High Priority,0,1,3,16467.78,7834.65,0.47575629501972944,5489.259999999999,200.0,19,19.0,South,Free,Organic,0,0.0,195,0,0.0,5489.259999999999
C03785,0.3753460779951234,37.53,High Risk,Medium Value,High Priority,1,1,3,5854.28,2845.17,0.4859982781827996,1951.4266666666665,50.0,12,41.0,South,Free,Referral,0,0.0,250,0,0.0,1951.4266666666665
C07046,0.37531302012509815,37.53,High Risk,Medium Value,High Priority,0,1,2,13904.25,5644.2,0.4059334376179945,6952.125,25.0,38,36.0,West,Free,Paid Ads,0,0.0,4,0,0.0,6952.125
C06196,0.3752992646758944,37.53,High Risk,Medium Value,High Priority,0,1,2,9034.36,4516.1,0.4998804563909342,4517.18,125.0,14,33.0,East,Free,Organic,0,0.0,147,0,0.0,4517.18
C02517,0.3752892830407965,37.53,High Risk,Low Value,Medium Priority,0,1,2,4068.03,1883.67,0.4630423079475815,2034.015,325.0,9,55.0,East,Free,Referral,0,0.0,243,0,0.0,2034.015
C03824,0.37516765420106934,37.52,High Risk,Low Value,Medium Priority,1,1,2,1373.7,643.61,0.46852296716895975,686.85,50.0,138,52.0,West,Free,Organic,1,0.3333333333333333,131,0,0.0,686.85
C04760,0.3750526474349711,37.51,High Risk,Medium Value,High Priority,0,1,2,9700.48,5037.59,0.5193134772712279,4850.24,150.0,14,20.0,South,Free,Organic,0,0.0,111,0,0.0,4850.24
C08446,0.37497115134858583,37.5,High Risk,Medium Value,High Priority,1,1,5,12973.019999999999,6471.65,0.4988545458189381,2594.604,60.0,8,23.0,North,Free,Referral,0,0.0,190,0,0.0,2594.604
C01076,0.3749706666800871,37.5,High Risk,Medium Value,High Priority,0,1,2,5900.55,2748.55,0.465812509003398,2950.275,175.0,73,57.0,West,Free,Paid Ads,1,0.3333333333333333,29,0,0.0,2950.275
C04406,0.37490430449738593,37.49,High Risk,Medium Value,High Priority,0,1,2,6863.71,3131.75,0.456276561801125,3431.855,50.0,57,50.0,North,Free,Paid Ads,1,0.3333333333333333,13,0,0.0,3431.855
C07050,0.37478531380814806,37.48,High Risk,Medium Value,High Priority,1,1,2,15614.57,7987.719999999999,0.5115555535631144,7807.285,75.0,206,23.0,West,Free,Social Media,1,0.3333333333333333,8,1,0.5,7807.285
C01557,0.37472770909984676,37.47,High Risk,Medium Value,High Priority,0,1,4,11647.95,4802.83,0.4123326422245974,2911.9875,250.0,34,55.0,North,Free,Referral,0,0.0,234,0,0.0,2911.9875
C06502,0.374719599472087,37.47,High Risk,Low Value,Medium Priority,0,1,1,3496.73,1304.56,0.3730799918781261,3496.73,100.0,156,48.0,East,Free,Referral,1,0.5,0,0,0.0,3496.73
C02487,0.3746006208804314,37.46,High Risk,Medium Value,High Priority,1,1,5,9398.82,3611.09,0.38420674084619133,1879.764,150.0,24,53.0,West,Free,Paid Ads,0,0.0,226,0,0.0,1879.764
C07563,0.3745975420629478,37.46,High Risk,High Value,Critical Priority,1,1,4,26869.629999999997,11684.95,0.43487573144847924,6717.407499999999,125.0,47,39.0,East,Free,Social Media,0,0.0,152,0,0.0,6717.407499999999
C03232,0.37455037039326944,37.46,High Risk,Medium Value,High Priority,1,1,3,20946.94,9016.02,0.4304218181748743,6982.313333333333,133.33333333333334,95,39.0,North,Free,Organic,0,0.0,104,0,0.0,6982.313333333333
C02762,0.374438184114238,37.44,High Risk,High Value,Critical Priority,1,1,4,21457.72,11034.24,0.514231707749006,5364.43,175.0,45,28.0,East,Free,Organic,0,0.0,180,1,0.25,5364.43
C08655,0.3744169419400361,37.44,High Risk,Medium Value,High Priority,0,1,4,14842.05,6911.16,0.46564726570790427,3710.5125,112.5,73,22.0,West,Free,Paid Ads,0,0.0,179,0,0.0,3710.5125
C01562,0.37426303543635325,37.43,High Risk,High Value,Critical Priority,0,1,5,33255.85,17063.9,0.5131097235523976,6651.17,110.0,3,43.0,East,Free,Paid Ads,0,0.0,140,1,0.2,6651.17
C04767,0.37419640124277703,37.42,High Risk,Medium Value,High Priority,0,1,6,22324.53,8907.33,0.39899294632406596,3720.7549999999997,125.0,80,28.0,South,Free,Organic,0,0.0,173,0,0.0,3720.7549999999997
C06125,0.37414791444556844,37.41,High Risk,High Value,Critical Priority,0,1,5,30154.95,15415.619999999999,0.511213581849746,6030.99,120.0,55,43.0,South,Free,Social Media,0,0.0,164,0,0.0,6030.99
C03418,0.3737286317557695,37.37,High Risk,High Value,Critical Priority,1,1,9,30693.309999999998,13748.53,0.4479324647618651,3410.3677777777775,116.66666666666667,8,51.0,North,Free,Organic,0,0.0,212,0,0.0,3410.3677777777775
C05888,0.3736522163947569,37.37,High Risk,Medium Value,High Priority,0,1,2,10531.4,4220.67,0.40077007805230075,5265.7,175.0,22,51.0,South,Free,Referral,0,0.0,22,0,0.0,5265.7
C07512,0.3736401317738081,37.36,High Risk,Medium Value,High Priority,1,1,2,10165.65,5740.8099999999995,0.5647263086964434,5082.825,100.0,63,29.0,South,Free,Referral,0,0.0,109,0,0.0,5082.825
C06120,0.37363240968850897,37.36,High Risk,Medium Value,High Priority,0,1,3,9863.65,5082.3099999999995,0.515256522686835,3287.883333333333,83.33333333333333,13,49.0,North,Free,Email,1,0.25,81,1,0.3333333333333333,3287.883333333333
C06149,0.3734710693299681,37.35,High Risk,Medium Value,High Priority,1,1,4,16024.380000000001,8324.07,0.5194628434922287,4006.0950000000003,62.5,56,23.0,North,Free,Referral,0,0.0,188,0,0.0,4006.0950000000003
C08039,0.37345946561149707,37.35,High Risk,High Value,Critical Priority,0,1,5,22468.23,11972.42,0.5328599538103358,4493.646,50.0,32,27.0,West,Free,Paid Ads,0,0.0,202,1,0.2,4493.646
C09375,0.37338946194203365,37.34,High Risk,Low Value,Medium Priority,0,1,1,743.82,384.67,0.5171546879621414,743.82,50.0,40,43.0,East,Free,Paid Ads,1,0.5,0,0,0.0,743.82
C01848,0.3732998576000603,37.33,High Risk,Medium Value,High Priority,0,1,4,7161.32,3865.58,0.5397859612473678,1790.33,87.5,10,57.0,East,Free,Organic,0,0.0,248,0,0.0,1790.33
C03891,0.37328351764050016,37.33,High Risk,High Value,Critical Priority,1,1,5,31083.43,18319.7,0.5893718936423683,6216.686,90.0,81,45.0,North,Free,Referral,0,0.0,91,0,0.0,6216.686
C03449,0.37318100883303906,37.32,High Risk,Medium Value,High Priority,1,1,4,20928.16,9597.37,0.45858642135763494,5232.04,187.5,85,25.0,North,Free,Referral,0,0.0,150,0,0.0,5232.04
C08252,0.3729258484052699,37.29,High Risk,Medium Value,High Priority,0,1,5,10029.74,3941.93,0.3930241461892332,2005.9479999999999,130.0,81,39.0,South,Free,Referral,0,0.0,183,0,0.0,2005.9479999999999
C09494,0.3729255203664116,37.29,High Risk,High Value,Critical Priority,1,1,7,29184.38,13042.25,0.446891453578935,4169.197142857143,164.28571428571428,78,57.0,East,Free,Organic,0,0.0,188,0,0.0,4169.197142857143
C03851,0.3727914585408629,37.28,High Risk,Low Value,Medium Priority,1,1,2,5695.67,2699.6,0.4739740890887288,2847.835,150.0,13,39.0,West,Free,Organic,0,0.0,255,0,0.0,2847.835
C04193,0.37257915542660974,37.26,High Risk,Medium Value,High Priority,1,1,6,11015.03,5870.97,0.532996278720984,1835.8383333333334,108.33333333333333,5,56.0,West,Free,Referral,0,0.0,229,0,0.0,1835.8383333333334
C05905,0.3725483786182762,37.25,High Risk,Medium Value,High Priority,0,1,3,16764.02,8122.41,0.4845144541703004,5588.006666666667,50.0,45,51.0,East,Free,Paid Ads,0,0.0,222,0,0.0,5588.006666666667
C04537,0.3724544306649629,37.25,High Risk,Medium Value,High Priority,0,1,4,9613.79,4718.3,0.49078459171669025,2403.4475,137.5,1,22.0,West,Free,Referral,0,0.0,204,0,0.0,2403.4475
C02495,0.3724416514053696,37.24,High Risk,Medium Value,High Priority,0,1,4,16432.68,7759.82,0.47221877380926297,4108.17,175.0,2,32.0,North,Free,Organic,0,0.0,209,0,0.0,4108.17
C09126,0.3724373808180251,37.24,High Risk,Low Value,Medium Priority,1,1,3,5420.0,2546.9900000000002,0.46992435424354245,1806.6666666666667,266.6666666666667,54,28.0,South,Free,Social Media,1,0.25,106,0,0.0,1806.6666666666667
C05002,0.37222532719164547,37.22,High Risk,High Value,Critical Priority,0,1,5,28906.24,12440.67,0.4303800840233804,5781.2480000000005,170.0,54,40.0,West,Free,Organic,0,0.0,126,0,0.0,5781.2480000000005
C04935,0.3718973690538009,37.19,High Risk,Medium Value,High Priority,0,1,4,17217.04,7378.77,0.42857366887688014,4304.26,87.5,33,60.0,West,Free,Referral,0,0.0,196,0,0.0,4304.26
C04067,0.3718138480662547,37.18,High Risk,Medium Value,High Priority,1,1,4,9858.86,5117.89,0.5191158004069436,2464.715,112.5,41,39.0,East,Free,Referral,0,0.0,221,0,0.0,2464.715
C02466,0.37160839768395626,37.16,High Risk,Medium Value,High Priority,0,1,2,16041.470000000001,8226.3,0.5128145986620926,8020.735000000001,25.0,98,20.0,East,Free,Organic,0,0.0,130,0,0.0,8020.735000000001
C07433,0.3715592309640919,37.16,High Risk,Medium Value,High Priority,0,1,4,12257.26,5635.83,0.45979525603601457,3064.315,187.5,32,39.0,East,Free,Organic,0,0.0,235,0,0.0,3064.315
C01659,0.37149662456163574,37.15,High Risk,Medium Value,High Priority,1,1,2,10597.94,5983.3,0.5645719828570458,5298.97,50.0,50,39.0,West,Free,Paid Ads,0,0.0,203,0,0.0,5298.97
C09911,0.37141507299674525,37.14,High Risk,Low Value,Medium Priority,1,1,2,3078.55,1445.82,0.46964317617059975,1539.275,150.0,133,31.0,West,Free,Organic,1,0.3333333333333333,40,0,0.0,1539.275
C01395,0.3713217762350362,37.13,High Risk,High Value,Critical Priority,0,1,4,26168.85,13018.26,0.4974716122412716,6542.2125,150.0,95,40.0,West,Free,Paid Ads,0,0.0,171,1,0.25,6542.2125
C05436,0.37121029615512624,37.12,High Risk,Medium Value,High Priority,1,1,4,14864.84,7726.349999999999,0.5197735058029551,3716.21,225.0,13,57.0,North,Free,Referral,0,0.0,244,0,0.0,3716.21
C02627,0.37098222899568717,37.1,High Risk,Medium Value,High Priority,0,1,1,7341.98,4077.57,0.5553774322457975,7341.98,0.0,180,27.0,East,Free,Referral,1,0.5,0,0,0.0,7341.98
C03482,0.37069302593263126,37.07,High Risk,Medium Value,High Priority,1,1,3,5398.9,2907.19,0.5384782085239587,1799.6333333333332,33.333333333333336,103,58.0,North,Free,Paid Ads,1,0.25,147,1,0.3333333333333333,1799.6333333333332
C03842,0.37068366655092677,37.07,High Risk,Low Value,Medium Priority,1,1,1,2009.42,762.03,0.3792288322003364,2009.42,150.0,137,52.0,East,Free,Organic,0,0.0,0,1,1.0,2009.42
C03440,0.3706484741220018,37.06,High Risk,Low Value,Medium Priority,0,1,1,1384.5,775.75,0.560310581437342,1384.5,0.0,226,42.0,South,Free,Organic,0,0.0,0,1,1.0,1384.5
C01778,0.37051162966464846,37.05,High Risk,Medium Value,High Priority,0,1,4,14925.710000000001,7868.280000000001,0.5271628619342061,3731.4275000000002,75.0,50,49.0,West,Free,Referral,0,0.0,167,0,0.0,3731.4275000000002
C07140,0.3704609694286489,37.05,High Risk,Medium Value,High Priority,0,1,2,11057.89,5705.509999999999,0.5159673319231788,5528.945,75.0,46,38.0,East,Free,Organic,0,0.0,191,0,0.0,5528.945
C07525,0.3703929979593313,37.04,High Risk,Medium Value,High Priority,0,1,5,16640.75,7093.700000000001,0.42628487297748,3328.15,120.0,45,25.0,West,Free,Paid Ads,0,0.0,186,0,0.0,3328.15
C08153,0.37037368408691035,37.04,High Risk,Medium Value,High Priority,1,1,1,14477.84,7877.39,0.544099810468965,14477.84,0.0,24,18.0,East,Free,Referral,0,0.0,0,0,0.0,14477.84
C00390,0.3703569444766642,37.04,High Risk,High Value,Critical Priority,1,1,5,25402.350000000002,12548.52,0.4939905166254303,5080.47,190.0,81,39.0,South,Free,Referral,0,0.0,154,1,0.2,5080.47
C00236,0.37035030596079954,37.04,High Risk,Medium Value,High Priority,1,1,3,17235.87,8551.6,0.49615134019924734,5745.29,133.33333333333334,39,51.0,North,Free,Referral,0,0.0,160,0,0.0,5745.29
C06806,0.37028623585058845,37.03,High Risk,Medium Value,High Priority,0,1,4,7351.3099999999995,3257.72,0.44314822800290016,1837.8274999999999,100.0,29,38.0,South,Free,Paid Ads,0,0.0,235,0,0.0,1837.8274999999999
C01821,0.3702283390365095,37.02,High Risk,Medium Value,High Priority,0,1,4,12830.670000000002,5601.91,0.43660307684633765,3207.6675000000005,125.0,2,33.0,East,Free,Organic,0,0.0,181,0,0.0,3207.6675000000005
C03251,0.37015518603474445,37.02,High Risk,Low Value,Medium Priority,0,1,2,2653.31,581.19,0.2190433835473428,1326.655,275.0,39,47.0,North,Free,Paid Ads,1,0.3333333333333333,53,0,0.0,1326.655
C04432,0.3701325343383875,37.01,High Risk,Low Value,Medium Priority,0,1,4,2190.02,-3.8100000000000307,-0.001739710139633442,547.505,200.0,102,44.0,North,Free,Referral,1,0.2,149,0,0.0,547.505
C05193,0.37009296038665623,37.01,High Risk,High Value,Critical Priority,0,1,7,23185.37,10806.15,0.4660762368683355,3312.195714285714,207.14285714285714,8,40.0,South,Free,Organic,0,0.0,259,1,0.14285714285714285,3312.195714285714
C08673,0.3700117890148667,37.0,High Risk,Low Value,Medium Priority,0,1,2,4404.61,1723.13,0.39121057255920505,2202.305,50.0,84,43.0,West,Free,Social Media,1,0.3333333333333333,178,0,0.0,2202.305
C04890,0.36979119670202304,36.98,High Risk,Medium Value,High Priority,0,1,3,9166.53,3870.47,0.42223938611448386,3055.51,16.666666666666668,8,29.0,North,Free,Paid Ads,0,0.0,255,0,0.0,3055.51
C03268,0.36971931302510525,36.97,High Risk,Medium Value,High Priority,1,1,4,13856.6,7019.42,0.5065759277167559,3464.15,62.5,7,27.0,North,Free,Referral,0,0.0,217,0,0.0,3464.15
C07260,0.36971299878342523,36.97,High Risk,High Value,Critical Priority,0,1,6,25727.28,12660.87,0.4921184827933618,4287.88,300.0,16,45.0,West,Free,Paid Ads,0,0.0,154,0,0.0,4287.88
C03137,0.36941433881507646,36.94,High Risk,Medium Value,High Priority,0,1,2,13902.89,6417.9400000000005,0.4616263237355687,6951.445,250.0,10,41.0,North,Free,Paid Ads,0,0.0,168,1,0.5,6951.445
C08060,0.3690994456151968,36.91,High Risk,Medium Value,High Priority,0,1,3,20845.61,9752.48,0.46784334927114146,6948.536666666667,100.0,56,37.0,North,Free,Paid Ads,0,0.0,149,0,0.0,6948.536666666667
C08735,0.368624923762139,36.86,High Risk,High Value,Critical Priority,0,1,2,23121.15,11103.69,0.4802395209580838,11560.575,125.0,93,45.0,West,Free,Referral,0,0.0,173,0,0.0,11560.575
C06231,0.36839095493712676,36.84,High Risk,Medium Value,High Priority,1,1,3,5531.7300000000005,3080.87,0.5569451148194144,1843.91,50.0,6,47.0,North,Free,Email,1,0.25,174,0,0.0,1843.91
C05184,0.36837952854762773,36.84,High Risk,High Value,Critical Priority,1,1,7,40039.659999999996,18844.420000000002,0.47064385661616515,5719.951428571428,235.71428571428572,56,39.0,South,Free,Paid Ads,0,0.0,213,1,0.14285714285714285,5719.951428571428
C07962,0.3683604996452533,36.84,High Risk,High Value,Critical Priority,1,1,8,22131.12,10927.28,0.49375178481703597,2766.39,93.75,3,25.0,West,Free,Paid Ads,0,0.0,206,0,0.0,2766.39
C07311,0.3683129539179962,36.83,High Risk,High Value,Critical Priority,1,1,5,26259.63,12510.62,0.47642026944020155,5251.926,70.0,24,19.0,South,Free,Email,0,0.0,246,0,0.0,5251.926
C04645,0.3681510650284171,36.82,High Risk,Medium Value,High Priority,1,1,2,17686.94,9258.84,0.5234845597938367,8843.47,50.0,184,26.0,North,Free,Organic,1,0.3333333333333333,13,1,0.5,8843.47
C08010,0.36812183505676355,36.81,High Risk,High Value,Critical Priority,0,1,6,27990.18,14373.83,0.5135311741475046,4665.03,100.0,30,41.0,East,Free,Referral,0,0.0,194,0,0.0,4665.03
C04605,0.3677730843711913,36.78,High Risk,High Value,Critical Priority,1,1,4,31411.230000000003,16284.869999999999,0.5184410161588705,7852.807500000001,187.5,34,32.0,North,Free,Referral,0,0.0,143,1,0.25,7852.807500000001
C01885,0.3677337753273196,36.77,High Risk,Medium Value,High Priority,0,1,3,18449.199999999997,9082.93,0.49232107625262894,6149.733333333333,116.66666666666667,2,38.0,East,Free,Organic,0,0.0,266,0,0.0,6149.733333333333
C07488,0.3677330812596689,36.77,High Risk,Low Value,Medium Priority,0,1,3,2317.34,729.4300000000001,0.31477038328428286,772.4466666666667,50.0,67,50.0,South,Free,Email,1,0.25,132,0,0.0,772.4466666666667
C03017,0.3676820791341386,36.77,High Risk,High Value,Critical Priority,0,1,4,19422.62,10578.17,0.5446314657857694,4855.655,137.5,3,20.0,North,Free,Organic,0,0.0,264,0,0.0,4855.655
C08091,0.3675343397796365,36.75,High Risk,Medium Value,High Priority,1,1,3,16992.67,8619.78,0.5072646029140802,5664.223333333332,100.0,9,56.0,South,Free,Referral,0,0.0,101,2,0.6666666666666666,5664.223333333332
C00160,0.3671549034135127,36.72,High Risk,High Value,Critical Priority,1,1,5,28827.96,14325.7,0.4969376952097894,5765.592,190.0,17,59.0,North,Free,Referral,0,0.0,242,0,0.0,5765.592
C06732,0.3671184953916979,36.71,High Risk,Medium Value,High Priority,0,1,2,11203.929999999998,5382.55,0.4804162467991143,5601.964999999999,100.0,2,47.0,East,Free,Paid Ads,0,0.0,175,0,0.0,5601.964999999999
C07224,0.36711718969481977,36.71,High Risk,High Value,Critical Priority,1,1,4,30062.399999999998,14200.09,0.47235383735164194,7515.599999999999,12.5,22,40.0,West,Free,Organic,0,0.0,87,0,0.0,7515.599999999999
C05087,0.36708635688111085,36.71,High Risk,High Value,Critical Priority,0,1,6,28365.84,14092.25,0.49680354962165757,4727.64,200.0,31,35.0,South,Free,Paid Ads,0,0.0,222,0,0.0,4727.64
C05904,0.3668073502806997,36.68,High Risk,High Value,Critical Priority,1,1,4,30322.42,14449.52,0.4765292479953777,7580.605,137.5,56,21.0,West,Free,Paid Ads,0,0.0,179,0,0.0,7580.605
C06251,0.36663015668820403,36.66,High Risk,Medium Value,High Priority,1,1,5,18633.739999999998,8955.55,0.480609367738307,3726.7479999999996,100.0,8,32.0,West,Free,Organic,0,0.0,196,0,0.0,3726.7479999999996
C05544,0.3665476529467173,36.65,High Risk,Medium Value,High Priority,1,1,3,11432.369999999999,5433.96,0.47531351766956464,3810.7899999999995,50.0,9,21.0,South,Free,Referral,0,0.0,119,0,0.0,3810.7899999999995
C07031,0.36652066996877847,36.65,High Risk,Low Value,Medium Priority,1,1,3,5560.93,2457.63,0.4419458615735138,1853.6433333333334,166.66666666666666,51,29.0,North,Free,Organic,1,0.25,177,0,0.0,1853.6433333333334
C04623,0.36648502629681956,36.65,High Risk,Medium Value,High Priority,0,1,4,10280.14,4823.45,0.4692008085492999,2570.035,250.0,30,33.0,East,Free,Email,1,0.2,215,1,0.25,2570.035
C09882,0.36645875874941064,36.65,High Risk,High Value,Critical Priority,0,1,2,23734.1,11491.029999999999,0.4841569724573504,11867.05,50.0,79,39.0,North,Free,Organic,0,0.0,111,0,0.0,11867.05
C07886,0.36632835591067087,36.63,High Risk,High Value,Critical Priority,0,1,5,24669.57,11786.01,0.4777549831634682,4933.914,100.0,4,46.0,South,Free,Referral,0,0.0,251,1,0.2,4933.914
C01451,0.36628065028382983,36.63,High Risk,High Value,Critical Priority,1,1,3,28384.1,13209.92,0.46539858582798116,9461.366666666667,150.0,156,59.0,West,Free,Referral,0,0.0,83,1,0.3333333333333333,9461.366666666667
C02711,0.3654731566461754,36.55,High Risk,Medium Value,High Priority,0,1,3,9188.14,4539.16,0.4940238176605929,3062.713333333333,50.0,30,41.0,South,Free,Paid Ads,0,0.0,230,0,0.0,3062.713333333333
C04636,0.36521557548380856,36.52,High Risk,Medium Value,High Priority,1,1,2,12219.39,6851.49,0.5607063855069688,6109.695,100.0,42,53.0,South,Free,Organic,0,0.0,208,0,0.0,6109.695
C09873,0.3652018714251335,36.52,High Risk,Medium Value,High Priority,0,1,4,14079.34,6747.12,0.4792213271360731,3519.835,150.0,78,48.0,West,Free,Organic,1,0.2,81,1,0.25,3519.835
C07667,0.3649946789406349,36.5,High Risk,Low Value,Medium Priority,1,1,3,5499.93,2394.05,0.4352873582027408,1833.3100000000002,250.0,1,28.0,North,Free,Paid Ads,1,0.25,177,0,0.0,1833.3100000000002
C04453,0.364816518256642,36.48,High Risk,Medium Value,High Priority,0,1,3,9950.869999999999,5154.130000000001,0.517957726309358,3316.9566666666665,166.66666666666666,1,35.0,South,Free,Paid Ads,0,0.0,259,0,0.0,3316.9566666666665
C03019,0.3647579788345901,36.48,High Risk,Medium Value,High Priority,1,1,2,6791.0,4122.13,0.6069989692239729,3395.5,50.0,78,53.0,East,Free,Referral,1,0.3333333333333333,82,0,0.0,3395.5
C00853,0.3647273533729898,36.47,High Risk,Medium Value,High Priority,0,1,2,10868.37,5859.66,0.5391480047145983,5434.185,0.0,16,37.0,East,Free,Referral,0,0.0,171,0,0.0,5434.185
C06868,0.3645875925213464,36.46,High Risk,Medium Value,High Priority,0,1,2,10078.75,5280.1,0.5238844102691307,5039.375,75.0,3,42.0,East,Free,Paid Ads,0,0.0,164,1,0.5,5039.375
C03131,0.3645237881427581,36.45,High Risk,High Value,Critical Priority,0,1,5,26781.35,13973.09,0.5217470366505049,5356.2699999999995,120.0,55,48.0,South,Free,Referral,0,0.0,213,0,0.0,5356.2699999999995
C00310,0.3641788194923937,36.42,High Risk,Medium Value,High Priority,0,1,2,8375.17,3915.3,0.4674890181333633,4187.585,150.0,130,53.0,West,Free,Referral,1,0.3333333333333333,135,0,0.0,4187.585
C08291,0.3641570185447155,36.42,High Risk,Medium Value,High Priority,1,1,4,16998.55,6384.82,0.3756096843554303,4249.6375,262.5,49,31.0,South,Free,Organic,0,0.0,202,0,0.0,4249.6375
C01203,0.363984848614497,36.4,High Risk,High Value,Critical Priority,0,1,4,19301.55,10229.43,0.5299797166548801,4825.3875,100.0,60,36.0,East,Free,Email,1,0.2,167,0,0.0,4825.3875
C00496,0.36380612212555935,36.38,High Risk,Medium Value,High Priority,1,1,3,12592.82,5896.92,0.468276367009137,4197.606666666667,183.33333333333334,10,29.0,West,Free,Social Media,1,0.25,247,0,0.0,4197.606666666667
C01694,0.36378375470578067,36.38,High Risk,Medium Value,High Priority,0,1,2,12137.17,6108.1900000000005,0.5032631165255163,6068.585,100.0,16,42.0,East,Free,Paid Ads,0,0.0,230,0,0.0,6068.585
C09627,0.36377532187997225,36.38,High Risk,High Value,Critical Priority,0,1,4,24860.56,13040.060000000001,0.5245280074141532,6215.14,37.5,38,18.0,North,Free,Paid Ads,0,0.0,205,0,0.0,6215.14
C08956,0.363618702349011,36.36,High Risk,Medium Value,High Priority,1,1,1,5920.3,3448.88,0.5825515598871679,5920.3,50.0,119,44.0,West,Free,Paid Ads,0,0.0,0,1,1.0,5920.3
C02335,0.3635776700002661,36.36,High Risk,Medium Value,High Priority,0,1,5,15389.460000000001,7090.6900000000005,0.4607497599006073,3077.8920000000003,70.0,15,40.0,East,Free,Paid Ads,0,0.0,247,0,0.0,3077.8920000000003
C08427,0.36350293463037453,36.35,High Risk,Low Value,Medium Priority,0,1,2,3754.88,1880.47,0.5008069498892108,1877.44,75.0,93,35.0,East,Free,Organic,1,0.3333333333333333,52,0,0.0,1877.44
C04049,0.36347329088537006,36.35,High Risk,Medium Value,High Priority,0,1,2,14817.54,7613.45,0.5138133590326059,7408.77,350.0,33,35.0,South,Free,Email,1,0.3333333333333333,136,0,0.0,7408.77
C06959,0.3634479037947531,36.34,High Risk,Medium Value,High Priority,0,1,3,13855.029999999999,7014.889999999999,0.506306373930623,4618.343333333333,150.0,103,43.0,North,Free,Paid Ads,1,0.25,123,0,0.0,4618.343333333333
C01936,0.3633715009986211,36.34,High Risk,Medium Value,High Priority,1,1,4,14574.59,7074.08,0.4853707720079947,3643.6475,50.0,47,45.0,South,Free,Organic,0,0.0,220,0,0.0,3643.6475
C08197,0.36317873668731726,36.32,High Risk,Low Value,Medium Priority,0,1,2,717.72,-23.84,-0.03321629604859834,358.86,175.0,60,58.0,North,Free,Organic,1,0.3333333333333333,100,1,0.5,358.86
C05578,0.3630907304022524,36.31,High Risk,Medium Value,High Priority,0,1,4,16103.97,7760.52,0.48190104676051937,4025.9925,100.0,50,38.0,South,Free,Paid Ads,0,0.0,216,0,0.0,4025.9925
C09265,0.3630017608872389,36.3,High Risk,High Value,Critical Priority,0,1,5,20107.5,9815.970000000001,0.48817456173069756,4021.5,90.0,4,39.0,South,Free,Paid Ads,0,0.0,263,1,0.2,4021.5
C09499,0.36284825096062806,36.28,High Risk,Medium Value,High Priority,1,1,3,11461.46,4044.3100000000004,0.3528616773081266,3820.486666666666,100.0,76,49.0,South,Free,Referral,0,0.0,189,0,0.0,3820.486666666666
C08071,0.3625966484465371,36.26,High Risk,Medium Value,High Priority,0,1,3,6777.91,3601.25,0.5313216020867789,2259.3033333333333,100.0,41,25.0,West,Free,Referral,1,0.25,113,1,0.3333333333333333,2259.3033333333333
C09236,0.36243849337271294,36.24,High Risk,High Value,Critical Priority,0,1,6,30463.74,13840.93,0.45434112817401934,5077.29,116.66666666666667,10,52.0,West,Free,Organic,0,0.0,218,0,0.0,5077.29
C03493,0.3624031905225917,36.24,High Risk,High Value,Critical Priority,0,1,4,30555.440000000002,15028.070000000002,0.4918296054646898,7638.860000000001,87.5,58,45.0,South,Free,Referral,0,0.0,200,1,0.25,7638.860000000001
C07084,0.3623902790669727,36.24,High Risk,Medium Value,High Priority,0,1,3,15363.16,8783.869999999999,0.5717489110313242,5121.053333333333,116.66666666666667,57,48.0,West,Free,Social Media,1,0.25,156,1,0.3333333333333333,5121.053333333333
C02700,0.36230222084849223,36.23,High Risk,Medium Value,High Priority,0,1,2,8535.86,4603.37,0.5392977391850381,4267.93,100.0,127,41.0,South,Free,Organic,1,0.3333333333333333,145,0,0.0,4267.93
C00011,0.3620756472975826,36.21,High Risk,Medium Value,High Priority,1,1,4,20874.41,8851.49,0.4240354577686267,5218.6025,50.0,10,54.0,East,Free,Organic,0,0.0,259,0,0.0,5218.6025
C01458,0.3620743764275513,36.21,High Risk,High Value,Critical Priority,1,1,4,28055.71,13526.23,0.48212039545604085,7013.9275,150.0,53,39.0,North,Free,Organic,0,0.0,195,0,0.0,7013.9275
C08471,0.3616901017023641,36.17,High Risk,Medium Value,High Priority,0,1,5,16612.7,8157.670000000001,0.4910502206143493,3322.54,80.0,61,49.0,East,Free,Social Media,1,0.16666666666666666,196,0,0.0,3322.54
C05555,0.3614127428718212,36.14,High Risk,Medium Value,High Priority,0,1,4,15354.18,7948.179999999999,0.517655778426461,3838.545,100.0,1,50.0,South,Free,Paid Ads,0,0.0,217,0,0.0,3838.545
C02621,0.36109610237461504,36.11,High Risk,Medium Value,High Priority,1,1,3,6747.77,3682.99,0.5458084670935731,2249.2566666666667,50.0,98,22.0,South,Free,Referral,1,0.25,105,1,0.3333333333333333,2249.2566666666667
C08784,0.3610652567608843,36.11,High Risk,High Value,Critical Priority,0,1,5,25634.949999999997,12555.32,0.48977353183836914,5126.99,80.0,30,48.0,North,Free,Organic,0,0.0,234,0,0.0,5126.99
C03960,0.3603685219626513,36.04,High Risk,High Value,Critical Priority,1,1,4,20028.03,10686.119999999999,0.5335582181572526,5007.0075,100.0,142,19.0,East,Free,Social Media,1,0.2,126,0,0.0,5007.0075
C00256,0.36002527324878303,36.0,High Risk,Low Value,Medium Priority,1,1,3,2522.92,932.24,0.36950834747039146,840.9733333333334,133.33333333333334,9,38.0,North,Free,Organic,1,0.25,133,1,0.3333333333333333,840.9733333333334
C08012,0.3594956031920339,35.95,High Risk,Medium Value,High Priority,1,1,5,14517.05,6395.929999999999,0.44058055872232993,2903.41,120.0,25,53.0,West,Free,Email,1,0.16666666666666666,241,0,0.0,2903.41
C01390,0.3593245511374243,35.93,High Risk,High Value,Critical Priority,0,1,6,29704.08,13441.83,0.4525247036770706,4950.68,100.0,49,41.0,West,Free,Paid Ads,0,0.0,141,0,0.0,4950.68
C03932,0.35893528973869115,35.89,High Risk,Medium Value,High Priority,0,1,2,13386.29,6947.91,0.5190317855059168,6693.145,0.0,70,48.0,East,Free,Social Media,1,0.3333333333333333,148,0,0.0,6693.145
C09606,0.3587995528567773,35.88,High Risk,High Value,Critical Priority,1,1,6,34501.05,16095.07,0.4665095699985942,5750.175,216.66666666666666,60,32.0,South,Free,Referral,0,0.0,182,1,0.16666666666666666,5750.175
C07448,0.3587615908402712,35.88,High Risk,Low Value,Medium Priority,0,1,1,718.68,198.56,0.27628429899259754,718.68,0.0,34,42.0,West,Free,Referral,0,0.0,0,1,1.0,718.68
C01413,0.35846868855035696,35.85,High Risk,High Value,Critical Priority,1,1,7,46229.869999999995,23052.16,0.49864211169099115,6604.267142857142,57.142857142857146,20,60.0,West,Free,Paid Ads,0,0.0,237,1,0.14285714285714285,6604.267142857142
C03053,0.3580668737508041,35.81,High Risk,Medium Value,High Priority,1,1,4,17701.63,8606.1,0.48617556688282376,4425.4075,75.0,4,20.0,West,Free,Email,1,0.2,206,0,0.0,4425.4075
C00803,0.35774183810687943,35.77,High Risk,Low Value,Medium Priority,0,1,3,7134.030000000001,2507.81,0.3515278180775802,2378.01,200.0,10,52.0,North,Free,Organic,1,0.25,207,0,0.0,2378.01
C04569,0.3577001175559856,35.77,High Risk,Medium Value,High Priority,1,1,4,23247.11,9420.74,0.40524349048118236,5811.7775,162.5,19,33.0,East,Free,Organic,0,0.0,167,0,0.0,5811.7775
C04524,0.35752764800167,35.75,High Risk,High Value,Critical Priority,0,1,8,37722.5,19141.7,0.5074345549738221,4715.3125,181.25,4,30.0,North,Free,Organic,0,0.0,234,0,0.0,4715.3125
C07878,0.3574682611972866,35.75,High Risk,Medium Value,High Priority,1,1,4,7037.37,3125.46,0.444123301744828,1759.3425,62.5,122,56.0,West,Free,Paid Ads,1,0.2,131,1,0.25,1759.3425
C06519,0.3574568735730126,35.75,High Risk,Medium Value,High Priority,0,1,5,17111.33,9081.1,0.530706847451367,3422.2660000000005,60.0,62,44.0,South,Free,Referral,1,0.16666666666666666,161,2,0.4,3422.2660000000005
C01918,0.35740268376595485,35.74,High Risk,Medium Value,High Priority,0,1,6,12544.050000000001,5964.95,0.47552026658057,2090.675,125.0,1,55.0,North,Free,Organic,1,0.14285714285714285,262,1,0.16666666666666666,2090.675
C00861,0.35738450030999863,35.74,High Risk,Medium Value,High Priority,0,1,2,6699.64,3577.03,0.533913762530524,3349.82,100.0,66,48.0,South,Free,Organic,1,0.3333333333333333,18,0,0.0,3349.82
C00742,0.3571464348671523,35.71,High Risk,Medium Value,High Priority,1,1,3,9869.15,4221.52,0.42774909693337326,3289.7166666666667,66.66666666666667,161,41.0,West,Free,Organic,1,0.25,51,0,0.0,3289.7166666666667
C04924,0.3567863341576001,35.68,High Risk,Low Value,Medium Priority,0,1,2,2481.55,785.1199999999999,0.31638290584513706,1240.775,250.0,117,28.0,South,Free,Referral,1,0.3333333333333333,73,1,0.5,1240.775
C09326,0.3567612467094126,35.68,High Risk,High Value,Critical Priority,1,1,6,21241.67,10615.08,0.4997290702661326,3540.278333333333,16.666666666666668,9,58.0,South,Free,Paid Ads,0,0.0,209,0,0.0,3540.278333333333
C01652,0.35674169823810475,35.67,High Risk,Medium Value,High Priority,1,1,5,19747.43,8875.7,0.4494610184717708,3949.486,160.0,5,39.0,West,Free,Email,1,0.16666666666666666,161,1,0.2,3949.486
C04561,0.35654717461369695,35.65,High Risk,Low Value,Medium Priority,0,1,1,0.0,0.0,0.0,0.0,0.0,9,20.0,North,Free,Referral,1,0.5,0,1,1.0,0.0
C07792,0.356390864332008,35.64,High Risk,High Value,Critical Priority,0,1,6,25729.54,12199.31,0.4741363428961419,4288.256666666667,58.333333333333336,15,24.0,East,Free,Organic,0,0.0,223,0,0.0,4288.256666666667
C07733,0.3561892705347354,35.62,High Risk,Low Value,Medium Priority,0,1,4,3051.0200000000004,984.75,0.32276091274393476,762.7550000000001,100.0,93,54.0,East,Free,Organic,1,0.2,98,0,0.0,762.7550000000001
C08448,0.35606183726028795,35.61,High Risk,Medium Value,High Priority,0,1,3,12135.060000000001,6224.719999999999,0.5129533764151144,4045.0200000000004,133.33333333333334,40,42.0,South,Free,Organic,1,0.25,62,0,0.0,4045.0200000000004
C00054,0.35586268764576917,35.59,High Risk,Medium Value,High Priority,1,1,1,7132.81,3576.48,0.5014124868039384,7132.81,200.0,46,43.0,South,Free,Organic,0,0.0,0,1,1.0,7132.81
C07198,0.3557438563836099,35.57,High Risk,Medium Value,High Priority,1,1,3,6491.82,3416.17,0.5262268516379074,2163.94,116.66666666666667,154,19.0,South,Free,Paid Ads,1,0.25,108,0,0.0,2163.94
C09428,0.3557288079599294,35.57,High Risk,High Value,Critical Priority,1,1,4,20933.68,10132.84,0.48404485021267163,5233.42,25.0,45,44.0,South,Free,Paid Ads,0,0.0,198,0,0.0,5233.42
C08206,0.3552405688553821,35.52,High Risk,High Value,Critical Priority,0,1,5,32144.64,15565.5,0.484233141201768,6428.928,90.0,101,28.0,West,Free,Referral,0,0.0,168,0,0.0,6428.928
C03704,0.35485332426578103,35.49,High Risk,Medium Value,High Priority,0,1,1,6529.85,3219.22,0.49300060491435477,6529.85,300.0,259,37.0,South,Free,Paid Ads,1,0.5,0,1,1.0,6529.85
C05977,0.35465658638296077,35.47,High Risk,Medium Value,High Priority,1,1,5,10558.67,5721.5,0.5418769598822579,2111.734,60.0,61,58.0,East,Free,Paid Ads,1,0.16666666666666666,138,0,0.0,2111.734
C04199,0.3545735383017615,35.46,High Risk,High Value,Critical Priority,0,1,4,32952.14,14528.460000000001,0.44089579614556146,8238.035,250.0,3,55.0,West,Free,Organic,0,0.0,246,0,0.0,8238.035
C08917,0.3545469101168696,35.45,High Risk,Low Value,Medium Priority,1,1,2,4952.62,2235.59,0.45139542302861924,2476.31,100.0,37,34.0,North,Free,Organic,1,0.3333333333333333,186,0,0.0,2476.31
C03727,0.35426413267116275,35.43,High Risk,High Value,Critical Priority,1,1,5,42081.51,19942.51,0.47390195836603766,8416.302,180.0,0,26.0,East,Free,Paid Ads,0,0.0,255,1,0.2,8416.302
C05427,0.35417528183086805,35.42,High Risk,Medium Value,High Priority,0,1,4,14120.86,7103.129999999999,0.5030238951451964,3530.215,112.5,36,41.0,South,Free,Email,1,0.2,226,1,0.25,3530.215
C00826,0.3541719058987879,35.42,High Risk,Medium Value,High Priority,1,1,3,11744.119999999999,4334.13,0.3690468081048219,3914.7066666666665,216.66666666666666,122,45.0,South,Free,Organic,1,0.25,147,0,0.0,3914.7066666666665
C08690,0.353603679668389,35.36,High Risk,High Value,Critical Priority,0,1,3,23355.309999999998,12351.98,0.5288724491346936,7785.103333333333,100.0,9,22.0,East,Free,Organic,0,0.0,257,0,0.0,7785.103333333333
C03883,0.35355235794887113,35.36,High Risk,Medium Value,High Priority,0,1,4,16664.690000000002,7969.68,0.47823751896974975,4166.172500000001,12.5,3,35.0,South,Free,Paid Ads,0,0.0,256,0,0.0,4166.172500000001
C04707,0.35286735039623784,35.29,High Risk,Medium Value,High Priority,0,1,3,8206.32,4103.35,0.5000231528870432,2735.44,166.66666666666666,59,47.0,South,Free,Paid Ads,1,0.25,187,0,0.0,2735.44
C01487,0.3527682504267444,35.28,High Risk,Medium Value,High Priority,0,1,5,18592.93,8245.66,0.44348362522743856,3718.5860000000002,160.0,1,44.0,West,Free,Email,1,0.16666666666666666,226,1,0.2,3718.5860000000002
C08506,0.35268273808940476,35.27,High Risk,Medium Value,High Priority,0,1,4,15739.150000000001,7800.15,0.49558902482027295,3934.7875000000004,187.5,33,31.0,North,Free,Referral,1,0.2,233,1,0.25,3934.7875000000004
C09303,0.35263889093365264,35.26,High Risk,Medium Value,High Priority,0,1,3,5905.1,2878.73,0.4874989415928604,1968.3666666666668,216.66666666666666,42,25.0,South,Free,Paid Ads,1,0.25,83,0,0.0,1968.3666666666668
C08825,0.35228602074417764,35.23,High Risk,Medium Value,High Priority,0,1,3,15671.150000000001,7803.02,0.4979226157620851,5223.716666666667,216.66666666666666,33,34.0,South,Free,Email,1,0.25,184,0,0.0,5223.716666666667
C03516,0.3520464986796489,35.2,High Risk,High Value,Critical Priority,1,1,6,29947.17,15547.97,0.5191799425454893,4991.195,158.33333333333334,26,55.0,South,Free,Organic,0,0.0,242,0,0.0,4991.195
C02461,0.3513395753290264,35.13,High Risk,High Value,Critical Priority,0,1,2,20506.239999999998,10695.29,0.521562704815705,10253.119999999999,0.0,235,24.0,South,Free,Organic,1,0.3333333333333333,6,0,0.0,10253.119999999999
C03868,0.3513030137124501,35.13,High Risk,Low Value,Medium Priority,0,1,2,4033.82,1633.33,0.4049089944519091,2016.91,50.0,36,32.0,North,Free,Paid Ads,1,0.3333333333333333,213,0,0.0,2016.91
C02549,0.35122648315780086,35.12,High Risk,Medium Value,High Priority,1,1,3,8075.24,4151.9,0.5141519013676373,2691.7466666666664,83.33333333333333,0,36.0,West,Free,Organic,1,0.25,207,0,0.0,2691.7466666666664
C08107,0.35120002570872144,35.12,High Risk,Low Value,Medium Priority,1,1,3,5224.87,2408.85,0.4610353941820562,1741.6233333333332,133.33333333333334,46,20.0,East,Free,Paid Ads,1,0.25,134,0,0.0,1741.6233333333332
C01061,0.3510766931022258,35.11,High Risk,High Value,Critical Priority,1,1,6,29571.74,15677.2,0.5301412767730272,4928.623333333334,158.33333333333334,9,52.0,South,Free,Organic,0,0.0,258,0,0.0,4928.623333333334
C00615,0.3510694992962137,35.11,High Risk,High Value,Critical Priority,0,1,6,31463.48,16932.670000000002,0.5381690137263901,5243.913333333333,91.66666666666667,31,26.0,South,Free,Paid Ads,0,0.0,239,0,0.0,5243.913333333333
C03623,0.3510481160134816,35.1,High Risk,Medium Value,High Priority,1,1,2,7837.4,3722.96,0.47502488070023224,3918.7,0.0,6,19.0,East,Free,Organic,1,0.3333333333333333,201,0,0.0,3918.7
C01556,0.35098098874830813,35.1,High Risk,Medium Value,High Priority,1,1,2,8651.470000000001,4226.96,0.4885828651084728,4325.735000000001,25.0,107,37.0,East,Free,Organic,1,0.3333333333333333,54,1,0.5,4325.735000000001
C05494,0.3509063417509556,35.09,High Risk,High Value,Critical Priority,0,1,5,20859.75,10977.15,0.5262359328371624,4171.95,170.0,46,31.0,West,Free,Social Media,1,0.16666666666666666,191,0,0.0,4171.95
C00874,0.35072464654477953,35.07,High Risk,High Value,Critical Priority,1,1,4,27571.15,11733.95,0.4255879787386453,6892.7875,87.5,55,55.0,West,Free,Paid Ads,0,0.0,197,0,0.0,6892.7875
C08310,0.3505276648874319,35.05,High Risk,High Value,Critical Priority,0,1,7,26661.570000000003,14297.27,0.5362501158033829,3808.795714285715,135.71428571428572,35,36.0,West,Free,Organic,1,0.125,192,1,0.14285714285714285,3808.795714285715
C08146,0.3504741488554683,35.05,High Risk,Low Value,Medium Priority,0,1,1,3039.55,1041.66,0.3427020447105657,3039.55,300.0,69,21.0,East,Free,Organic,1,0.5,0,1,1.0,3039.55
C06433,0.3499882763850126,35.0,Medium Risk,High Value,High Priority,0,1,5,32363.37,15419.73,0.4764562528562384,6472.674,120.0,96,37.0,South,Free,Social Media,1,0.16666666666666666,89,0,0.0,6472.674
C04488,0.3499560784257685,35.0,Medium Risk,Medium Value,Medium Priority,0,1,3,7060.52,3207.96,0.4543518041164107,2353.5066666666667,183.33333333333334,47,26.0,West,Free,Organic,1,0.25,159,0,0.0,2353.5066666666667
C08264,0.34981616949477723,34.98,Medium Risk,High Value,High Priority,0,1,6,39224.78,19867.5,0.506503796834552,6537.463333333333,75.0,21,42.0,East,Free,Referral,0,0.0,244,0,0.0,6537.463333333333
C02139,0.3490403460813061,34.9,Medium Risk,Medium Value,Medium Priority,0,1,3,11779.720000000001,6212.02,0.5273486975921329,3926.5733333333337,66.66666666666667,3,47.0,East,Free,Referral,1,0.25,143,1,0.3333333333333333,3926.5733333333337
C00358,0.3487419902968275,34.87,Medium Risk,High Value,High Priority,0,1,2,21462.9,11881.71,0.5535929441035461,10731.45,100.0,129,49.0,North,Free,Organic,1,0.3333333333333333,122,2,1.0,10731.45
C04218,0.3474082672591509,34.74,Medium Risk,Medium Value,Medium Priority,1,1,5,15545.470000000001,7664.47,0.49303559171900235,3109.094,120.0,8,59.0,West,Free,Organic,1,0.16666666666666666,262,1,0.2,3109.094
C08393,0.3468476405813738,34.68,Medium Risk,High Value,High Priority,1,1,7,32084.84,16254.31,0.5066040535031497,4583.548571428571,85.71428571428571,36,47.0,South,Free,Referral,0,0.0,233,0,0.0,4583.548571428571
C09950,0.34664580922297467,34.66,Medium Risk,High Value,High Priority,0,1,4,28069.08,12750.72,0.4542621275795287,7017.27,75.0,37,27.0,West,Free,Referral,0,0.0,224,0,0.0,7017.27
C06745,0.3465222626435699,34.65,Medium Risk,Medium Value,Medium Priority,1,1,2,9700.34,4382.19,0.4517563301904881,4850.17,300.0,8,21.0,West,Free,Referral,1,0.3333333333333333,154,0,0.0,4850.17
C03473,0.3459584766664232,34.6,Medium Risk,Medium Value,Medium Priority,1,1,5,14467.369999999999,6501.11,0.44936363692917236,2893.4739999999997,170.0,27,22.0,North,Free,Organic,1,0.16666666666666666,245,1,0.2,2893.4739999999997
C03632,0.3452241564983315,34.52,Medium Risk,Medium Value,Medium Priority,1,1,5,10726.78,5623.54,0.5242523851519282,2145.356,90.0,67,32.0,East,Free,Organic,1,0.16666666666666666,142,0,0.0,2145.356
C04044,0.345211568077539,34.52,Medium Risk,Medium Value,Medium Priority,1,1,5,8859.349999999999,4385.13,0.4949719787569066,1771.8699999999997,170.0,14,57.0,North,Free,Organic,1,0.16666666666666666,212,0,0.0,1771.8699999999997
C08075,0.34505540206358337,34.51,Medium Risk,Low Value,Monitor,0,1,2,4842.75,1887.49,0.389755820556502,2421.375,75.0,90,20.0,South,Free,Referral,1,0.3333333333333333,173,0,0.0,2421.375
C07707,0.3449563841753655,34.5,Medium Risk,Medium Value,Medium Priority,0,1,5,19021.019999999997,9726.26,0.5113427145337107,3804.2039999999993,110.0,42,50.0,North,Free,Referral,1,0.16666666666666666,142,1,0.2,3804.2039999999993
C08151,0.3440726176432857,34.41,Medium Risk,Medium Value,Medium Priority,0,1,5,17432.64,8788.5,0.5041405088385924,3486.528,120.0,16,53.0,North,Free,Organic,1,0.16666666666666666,238,0,0.0,3486.528
C02696,0.344023346425189,34.4,Medium Risk,Medium Value,Medium Priority,0,1,3,17811.550000000003,9562.64,0.5368785984375306,5937.183333333334,66.66666666666667,90,47.0,North,Free,Organic,1,0.25,182,1,0.3333333333333333,5937.183333333334
C04657,0.34294784454957794,34.29,Medium Risk,Low Value,Monitor,0,1,2,5666.76,2319.79,0.40936796335119185,2833.38,150.0,197,49.0,South,Free,Email,2,0.5,9,1,0.5,2833.38
C00334,0.3427944239271259,34.28,Medium Risk,Medium Value,Medium Priority,0,1,2,5861.25,2954.07,0.504,2930.625,25.0,10,55.0,East,Free,Organic,1,0.3333333333333333,192,0,0.0,2930.625
C06331,0.3426124622785423,34.26,Medium Risk,Medium Value,Medium Priority,1,1,3,16588.41,9551.04,0.575765850976676,5529.47,83.33333333333333,44,19.0,East,Free,Referral,1,0.25,89,1,0.3333333333333333,5529.47
C08932,0.3424393536346706,34.24,Medium Risk,High Value,High Priority,0,1,5,28452.59,12766.55,0.448695531760026,5690.518,150.0,166,35.0,East,Free,Paid Ads,1,0.16666666666666666,72,1,0.2,5690.518
C07246,0.3422275501700558,34.22,Medium Risk,Medium Value,Medium Priority,0,1,4,11152.77,4396.03,0.394164857699029,2788.1925,75.0,34,57.0,East,Free,Paid Ads,1,0.2,222,0,0.0,2788.1925
C04933,0.3418250360150416,34.18,Medium Risk,Medium Value,Medium Priority,1,1,3,12598.87,6116.27,0.48546179141462686,4199.623333333334,83.33333333333333,99,28.0,South,Free,Paid Ads,1,0.25,117,0,0.0,4199.623333333334
C05452,0.34120096003444284,34.12,Medium Risk,Low Value,Monitor,1,1,3,4247.04,2091.2200000000003,0.4923947031344184,1415.68,50.0,23,52.0,East,Free,Paid Ads,1,0.25,221,0,0.0,1415.68
C04097,0.3407484739529729,34.07,Medium Risk,Low Value,Monitor,1,1,3,3383.09,1065.42,0.31492511284062796,1127.6966666666667,266.6666666666667,12,51.0,East,Free,Referral,1,0.25,259,0,0.0,1127.6966666666667
C08283,0.33978108628768133,33.98,Medium Risk,High Value,High Priority,0,1,5,18690.300000000003,9825.74,0.5257133379346505,3738.0600000000004,110.0,15,49.0,South,Free,Organic,1,0.16666666666666666,155,0,0.0,3738.0600000000004
C09292,0.3394528466749343,33.95,Medium Risk,Medium Value,Medium Priority,0,1,5,16049.039999999999,8161.119999999999,0.5085114125206243,3209.808,190.0,33,24.0,North,Free,Organic,1,0.16666666666666666,230,0,0.0,3209.808
C09436,0.33853764450183954,33.85,Medium Risk,Medium Value,Medium Priority,1,1,4,14114.77,6888.17,0.48801149434245117,3528.6925,125.0,14,44.0,West,Free,Referral,1,0.2,244,0,0.0,3528.6925
C08149,0.3381363326690249,33.81,Medium Risk,Medium Value,Medium Priority,0,1,3,9829.87,4138.21,0.4209831869597461,3276.6233333333334,166.66666666666666,37,50.0,West,Free,Organic,1,0.25,233,0,0.0,3276.6233333333334
C02383,0.33740405783198696,33.74,Medium Risk,Medium Value,Medium Priority,0,1,5,8040.2699999999995,3821.5200000000004,0.47529747135357403,1608.0539999999999,90.0,3,47.0,South,Free,Referral,1,0.16666666666666666,266,0,0.0,1608.0539999999999
C01251,0.3358122949311289,33.58,Medium Risk,Medium Value,Medium Priority,0,1,5,14300.83,6225.98,0.4353579477554799,2860.166,100.0,31,26.0,South,Free,Referral,1,0.16666666666666666,206,0,0.0,2860.166
C03354,0.3355036065548479,33.55,Medium Risk,Medium Value,Medium Priority,1,1,3,14005.11,6718.0,0.47968205890564225,4668.37,116.66666666666667,32,20.0,West,Free,Paid Ads,1,0.25,202,0,0.0,4668.37
C04405,0.3353136551578366,33.53,Medium Risk,Medium Value,Medium Priority,0,1,3,17733.31,7960.209999999999,0.4488846131940398,5911.1033333333335,66.66666666666667,6,52.0,South,Free,Social Media,1,0.25,248,0,0.0,5911.1033333333335
C06595,0.3350848457815877,33.51,Medium Risk,High Value,High Priority,0,1,4,37610.46,18863.18,0.501540794768264,9402.615,137.5,60,32.0,North,Free,Social Media,1,0.2,185,0,0.0,9402.615
C00728,0.3335863879667948,33.36,Medium Risk,High Value,High Priority,1,1,3,25379.53,13158.449999999999,0.5184670480501412,8459.843333333332,150.0,27,42.0,South,Free,Organic,1,0.25,164,0,0.0,8459.843333333332
C06779,0.33343200000795264,33.34,Medium Risk,Medium Value,Medium Priority,0,1,3,16159.87,7622.46,0.47169067572944584,5386.623333333334,133.33333333333334,37,30.0,South,Free,Referral,2,0.4,196,1,0.3333333333333333,5386.623333333334
C08831,0.3329014436313464,33.29,Medium Risk,High Value,High Priority,0,1,4,25175.15,12398.439999999999,0.4924872344355445,6293.7875,225.0,77,60.0,West,Free,Referral,1,0.2,169,1,0.25,6293.7875
C06661,0.3316138519591584,33.16,Medium Risk,High Value,High Priority,0,1,4,23305.370000000003,10560.529999999999,0.4531371954189098,5826.342500000001,137.5,14,29.0,North,Free,Paid Ads,1,0.2,216,1,0.25,5826.342500000001
C01267,0.33021610391898276,33.02,Medium Risk,Medium Value,Medium Priority,0,1,3,7418.89,3495.04,0.47110012414256036,2472.9633333333336,133.33333333333334,154,45.0,West,Free,Referral,2,0.4,67,0,0.0,2472.9633333333336
C00934,0.3302100167602574,33.02,Medium Risk,Medium Value,Medium Priority,1,1,4,16211.71,7209.93,0.4447359347039887,4052.9275,125.0,0,39.0,North,Free,Paid Ads,1,0.2,242,0,0.0,4052.9275
C04939,0.3300509698006341,33.01,Medium Risk,High Value,High Priority,0,1,3,23817.329999999998,11525.17,0.48389848904138294,7939.11,116.66666666666667,28,53.0,South,Free,Referral,1,0.25,213,2,0.6666666666666666,7939.11
C05283,0.3295095343187122,32.95,Medium Risk,Medium Value,Medium Priority,0,1,3,5938.05,3017.86,0.50822408029572,1979.3500000000001,16.666666666666668,2,21.0,East,Free,Social Media,2,0.4,216,0,0.0,1979.3500000000001
C03018,0.3288187233882927,32.88,Medium Risk,High Value,High Priority,0,1,5,27702.12,12957.189999999999,0.4677327944576083,5540.424,190.0,26,18.0,West,Free,Referral,1,0.16666666666666666,198,0,0.0,5540.424
C08930,0.32758667377525263,32.76,Medium Risk,High Value,High Priority,0,1,8,56952.08,30954.100000000002,0.5435113168825441,7119.01,37.5,4,42.0,South,Free,Paid Ads,0,0.0,221,0,0.0,7119.01
C08045,0.32559256975880446,32.56,Medium Risk,Medium Value,Medium Priority,0,1,5,20720.92,9189.2,0.44347451754072703,4144.183999999999,210.0,21,21.0,West,Free,Paid Ads,1,0.16666666666666666,231,0,0.0,4144.183999999999
C08497,0.3245254645379974,32.45,Medium Risk,High Value,High Priority,0,1,3,23117.8,11526.150000000001,0.4985833427056209,7705.933333333333,83.33333333333333,52,32.0,South,Free,Organic,1,0.25,156,0,0.0,7705.933333333333
C07187,0.32360227674020686,32.36,Medium Risk,Medium Value,Medium Priority,1,1,9,14411.42,7294.52,0.5061624739269274,1601.2688888888888,61.111111111111114,2,48.0,North,Free,Email,2,0.18181818181818182,268,0,0.0,1601.2688888888888
C01448,0.3221285196539298,32.21,Medium Risk,High Value,High Priority,0,1,8,34712.9,16512.07,0.47567532531133955,4339.1125,150.0,59,54.0,South,Free,Organic,1,0.1111111111111111,213,0,0.0,4339.1125
C01774,0.3208113599476034,32.08,Medium Risk,Medium Value,Medium Priority,1,1,2,9218.0,4146.49,0.4498253417227164,4609.0,275.0,71,51.0,South,Free,Paid Ads,2,0.5,161,0,0.0,4609.0
C06626,0.3186796604310542,31.87,Medium Risk,Medium Value,Medium Priority,0,1,4,23076.57,9267.33,0.4015904443337983,5769.1425,150.0,34,27.0,East,Free,Organic,1,0.2,225,0,0.0,5769.1425
C02835,0.31743949930740656,31.74,Medium Risk,High Value,High Priority,1,1,3,33229.11,14438.720000000001,0.4345202143542214,11076.37,266.6666666666667,21,49.0,West,Free,Referral,1,0.25,231,0,0.0,11076.37
C05543,0.3169720128957108,31.7,Medium Risk,Medium Value,Medium Priority,0,1,3,17679.2,8648.74,0.48920426263631833,5893.066666666667,50.0,1,57.0,South,Free,Paid Ads,1,0.25,265,0,0.0,5893.066666666667
C01990,0.31612481111245505,31.61,Medium Risk,Low Value,Monitor,1,1,3,5196.96,2220.09,0.4271901265355131,1732.32,83.33333333333333,32,28.0,North,Free,Referral,2,0.4,81,0,0.0,1732.32
C01393,0.31543884768537234,31.54,Medium Risk,High Value,High Priority,0,1,9,30893.98,13457.82,0.4356130223428642,3432.6644444444446,150.0,27,33.0,East,Free,Organic,1,0.1,226,0,0.0,3432.6644444444446
C05748,0.31347842068543896,31.35,Medium Risk,Medium Value,Medium Priority,0,1,6,13000.34,5673.0,0.4363732025470103,2166.7233333333334,141.66666666666666,18,37.0,South,Basic,Email,0,0.0,178,1,0.16666666666666666,2166.7233333333334
C06330,0.3130569809911696,31.31,Medium Risk,Medium Value,Medium Priority,0,1,4,16085.9,8249.53,0.5128423028863788,4021.475,12.5,41,60.0,East,Free,Organic,2,0.3333333333333333,127,1,0.25,4021.475
C04159,0.3106376404473117,31.06,Medium Risk,Medium Value,Medium Priority,1,1,4,8791.34,4274.719999999999,0.4862421428360181,2197.835,75.0,50,31.0,South,Free,Organic,2,0.3333333333333333,177,0,0.0,2197.835
C08819,0.31022025732657,31.02,Medium Risk,Low Value,Monitor,0,1,3,2209.89,956.5999999999999,0.43287222440935974,736.63,66.66666666666667,229,21.0,North,Basic,Social Media,0,0.0,27,0,0.0,736.63
C00336,0.30932706561209505,30.93,Medium Risk,Medium Value,Medium Priority,0,1,5,7163.870000000001,3694.45,0.5157058963939881,1432.7740000000001,40.0,20,34.0,East,Free,Organic,2,0.2857142857142857,230,0,0.0,1432.7740000000001
C07694,0.3086155475579795,30.86,Medium Risk,Medium Value,Medium Priority,0,1,3,12241.220000000001,5743.92,0.4692277403722831,4080.406666666667,116.66666666666667,3,51.0,North,Basic,Email,0,0.0,138,0,0.0,4080.406666666667
C07833,0.3077744497637122,30.78,Medium Risk,Medium Value,Medium Priority,0,1,5,10146.98,5102.16,0.5028254712239504,2029.396,200.0,190,56.0,East,Basic,Social Media,0,0.0,42,1,0.2,2029.396
C00200,0.3074500170565103,30.75,Medium Risk,Medium Value,Medium Priority,1,1,2,10256.54,5190.46,0.506063448297379,5128.27,100.0,61,59.0,South,Free,Paid Ads,2,0.5,111,0,0.0,5128.27
C08504,0.3058337321894658,30.58,Medium Risk,Low Value,Monitor,0,1,4,4383.0599999999995,1640.62,0.3743092725173737,1095.7649999999999,162.5,34,40.0,South,Free,Referral,2,0.3333333333333333,202,1,0.25,1095.7649999999999
C06529,0.30565274455863634,30.57,Medium Risk,High Value,High Priority,0,1,7,24904.39,12448.2,0.49983958651466676,3557.77,64.28571428571429,78,53.0,West,Basic,Paid Ads,0,0.0,158,2,0.2857142857142857,3557.77
C06482,0.30503216116456233,30.5,Medium Risk,Low Value,Monitor,1,1,1,926.46,314.07,0.3390000647626449,926.46,100.0,224,53.0,West,Basic,Email,0,0.0,0,0,0.0,926.46
C06618,0.30198542135084033,30.2,Medium Risk,Medium Value,Medium Priority,0,1,4,18126.88,9140.220000000001,0.50423569858685,4531.72,37.5,36,59.0,West,Basic,Social Media,0,0.0,107,0,0.0,4531.72
C06388,0.29999593452066936,30.0,Medium Risk,Medium Value,Medium Priority,0,1,6,18414.37,9274.78,0.5036707745092556,3069.0616666666665,166.66666666666666,51,42.0,North,Basic,Email,0,0.0,182,2,0.3333333333333333,3069.0616666666665
C01962,0.29901701520417084,29.9,Medium Risk,Low Value,Monitor,0,1,1,36.41,-28.4,-0.7800054929964296,36.41,50.0,112,23.0,West,Basic,Email,0,0.0,0,0,0.0,36.41
C01728,0.2982124533314263,29.82,Medium Risk,Medium Value,Medium Priority,0,1,6,14571.66,7000.47,0.4804167816158214,2428.61,33.333333333333336,30,59.0,South,Free,Organic,2,0.25,206,0,0.0,2428.61
C00751,0.29782984760803427,29.78,Medium Risk,Medium Value,Medium Priority,0,1,3,9973.93,4955.72,0.49686733313748943,3324.6433333333334,150.0,229,26.0,East,Basic,Social Media,0,0.0,38,0,0.0,3324.6433333333334
C00304,0.2970807006508653,29.71,Medium Risk,Low Value,Monitor,0,1,4,5768.280000000001,2281.7,0.3955598549307592,1442.0700000000002,125.0,127,53.0,North,Basic,Email,0,0.0,99,0,0.0,1442.0700000000002
C09533,0.29604318301739835,29.6,Medium Risk,Low Value,Monitor,0,1,1,1850.2,503.52,0.27214355204842716,1850.2,500.0,104,54.0,West,Basic,Email,0,0.0,0,0,0.0,1850.2
C09253,0.29561614688666704,29.56,Medium Risk,Medium Value,Medium Priority,0,1,3,7839.11,3334.4,0.4253544088550869,2613.0366666666664,33.333333333333336,1,36.0,West,Free,Paid Ads,2,0.4,257,0,0.0,2613.0366666666664
C01166,0.2955042556741504,29.55,Medium Risk,Low Value,Monitor,0,1,3,1259.87,-127.88,-0.10150253597593403,419.95666666666665,300.0,1,27.0,South,Basic,Social Media,0,0.0,19,1,0.3333333333333333,419.95666666666665
C03998,0.2949107035890356,29.49,Medium Risk,Medium Value,Medium Priority,1,1,2,6244.51,3376.38,0.5406957471442916,3122.255,75.0,147,58.0,West,Basic,Email,0,0.0,19,0,0.0,3122.255
C02431,0.29438341527114664,29.44,Medium Risk,Medium Value,Medium Priority,0,1,1,6010.96,3244.44,0.5397540492700001,6010.96,300.0,156,38.0,North,Basic,Social Media,0,0.0,0,0,0.0,6010.96
C08692,0.29355664206551474,29.36,Medium Risk,Medium Value,Medium Priority,0,1,6,17345.68,8058.52,0.4645836888493273,2890.9466666666667,125.0,176,24.0,North,Basic,Email,0,0.0,79,1,0.16666666666666666,2890.9466666666667
C08704,0.292216179976769,29.22,Medium Risk,Medium Value,Medium Priority,0,1,3,9559.46,4518.21,0.47264280618361293,3186.486666666666,216.66666666666666,150,39.0,East,Basic,Email,0,0.0,114,1,0.3333333333333333,3186.486666666666
C09806,0.29089083953540684,29.09,Medium Risk,Low Value,Monitor,1,1,3,1680.1100000000001,449.81000000000006,0.26772651790656565,560.0366666666667,83.33333333333333,97,37.0,South,Basic,Email,0,0.0,66,0,0.0,560.0366666666667
C08021,0.2908207398434159,29.08,Medium Risk,Low Value,Monitor,0,1,1,2827.57,1203.41,0.4255986589191426,2827.57,300.0,208,24.0,West,Basic,Organic,0,0.0,0,0,0.0,2827.57
C07080,0.2907410748874805,29.07,Medium Risk,Low Value,Monitor,1,1,1,1647.1,617.86,0.3751199077165928,1647.1,150.0,201,47.0,North,Basic,Paid Ads,0,0.0,0,0,0.0,1647.1
C03983,0.290503032767075,29.05,Medium Risk,High Value,High Priority,0,1,4,22263.56,10779.98,0.48419839414720733,5565.89,225.0,73,57.0,East,Basic,Referral,0,0.0,89,1,0.25,5565.89
C02886,0.2904226191592573,29.04,Medium Risk,Low Value,Monitor,0,1,5,7102.34,2592.3900000000003,0.3650050546721222,1420.468,230.0,30,30.0,South,Basic,Organic,0,0.0,228,0,0.0,1420.468
C09151,0.28988128349391984,28.99,Medium Risk,Low Value,Monitor,0,1,1,0.0,-273.18,-273.18,0.0,300.0,83,33.0,North,Basic,Paid Ads,0,0.0,0,0,0.0,0.0
C01638,0.2897048508171148,28.97,Medium Risk,Medium Value,Medium Priority,1,1,5,8098.09,3081.4100000000003,0.38051071301998374,1619.618,130.0,73,55.0,East,Basic,Organic,0,0.0,171,3,0.6,1619.618
C00312,0.2896519306473354,28.97,Medium Risk,Medium Value,Medium Priority,1,1,5,9227.31,4651.6,0.5041122493987956,1845.462,70.0,50,59.0,East,Basic,Social Media,0,0.0,141,1,0.2,1845.462
C07810,0.2889175347130039,28.89,Medium Risk,Low Value,Monitor,0,1,3,4456.01,1909.0900000000001,0.42843036707727317,1485.3366666666668,100.0,111,35.0,East,Basic,Email,0,0.0,127,0,0.0,1485.3366666666668
C03744,0.288456585195282,28.85,Medium Risk,Low Value,Monitor,0,1,1,3596.91,1482.8,0.412242730565958,3596.91,300.0,131,58.0,East,Basic,Social Media,0,0.0,0,0,0.0,3596.91
C06521,0.287849825408893,28.78,Medium Risk,Medium Value,Medium Priority,1,1,1,7529.81,3888.75,0.5164472941548326,7529.81,150.0,230,26.0,East,Basic,Social Media,0,0.0,0,0,0.0,7529.81
C00230,0.28713110745524456,28.71,Medium Risk,Low Value,Monitor,1,1,1,0.0,-200.0,-200.0,0.0,200.0,249,52.0,North,Basic,Organic,0,0.0,0,0,0.0,0.0
C06504,0.28637924937952425,28.64,Medium Risk,Medium Value,Medium Priority,0,1,5,13396.77,5903.17,0.4406412889076994,2679.3540000000003,180.0,7,28.0,East,Basic,Social Media,0,0.0,243,2,0.4,2679.3540000000003
C01350,0.28621597412489097,28.62,Medium Risk,Low Value,Monitor,0,1,1,0.0,0.0,0.0,0.0,0.0,231,48.0,East,Basic,Organic,0,0.0,0,0,0.0,0.0
C01031,0.2861511221436186,28.62,Medium Risk,Low Value,Monitor,0,1,2,3418.91,1650.63,0.48279422389007026,1709.455,100.0,264,20.0,East,Basic,Referral,0,0.0,8,0,0.0,1709.455
C06771,0.2861304305220145,28.61,Medium Risk,Low Value,Monitor,0,1,1,4037.4,1828.33,0.4528483677614306,4037.4,0.0,226,54.0,East,Basic,Social Media,0,0.0,0,0,0.0,4037.4
C00549,0.28521317802437224,28.52,Medium Risk,Medium Value,Medium Priority,0,1,2,9128.35,3945.0699999999997,0.4321777758302431,4564.175,75.0,73,18.0,North,Basic,Social Media,0,0.0,96,0,0.0,4564.175
C09736,0.2849579926564246,28.5,Medium Risk,Low Value,Monitor,0,1,2,124.45,-608.08,-4.886139011651266,62.225,400.0,70,34.0,North,Basic,Organic,0,0.0,126,0,0.0,62.225
C08575,0.28480159526156434,28.48,Medium Risk,Medium Value,Medium Priority,1,1,3,10620.44,5084.61,0.4787570006515737,3540.146666666667,100.0,232,60.0,South,Basic,Social Media,0,0.0,7,1,0.3333333333333333,3540.146666666667
C03534,0.2846649677226662,28.47,Medium Risk,Low Value,Monitor,0,1,1,3461.2,1520.46,0.43928695250202243,3461.2,200.0,60,26.0,West,Basic,Email,0,0.0,0,0,0.0,3461.2
C03363,0.28426681789878977,28.43,Medium Risk,High Value,High Priority,0,1,9,28017.94,13587.08,0.4849421477810289,3113.104444444444,150.0,34,18.0,North,Basic,Email,0,0.0,227,1,0.1111111111111111,3113.104444444444
C06172,0.2840615788145139,28.41,Medium Risk,Low Value,Monitor,0,1,1,0.0,-300.0,-300.0,0.0,300.0,163,58.0,North,Basic,Organic,0,0.0,0,0,0.0,0.0
C05114,0.28388558871650904,28.39,Medium Risk,Medium Value,Medium Priority,0,1,3,7538.28,3323.42,0.44087245366316985,2512.7599999999998,216.66666666666666,107,30.0,North,Basic,Organic,0,0.0,18,0,0.0,2512.7599999999998
C07957,0.2837595640131648,28.38,Medium Risk,Medium Value,Medium Priority,1,1,6,15348.61,7633.06,0.4973127859786652,2558.101666666667,175.0,34,53.0,North,Basic,Email,0,0.0,163,0,0.0,2558.101666666667
C03428,0.28358121301412437,28.36,Medium Risk,Low Value,Monitor,0,1,4,5272.68,2150.0699999999997,0.40777555247047037,1318.17,250.0,33,49.0,North,Basic,Referral,0,0.0,154,2,0.5,1318.17
C07497,0.28349598387861247,28.35,Medium Risk,Medium Value,Medium Priority,1,1,2,6101.0199999999995,2847.44,0.4667154016869311,3050.5099999999998,250.0,190,57.0,East,Basic,Paid Ads,0,0.0,11,0,0.0,3050.5099999999998
C05901,0.2833434436609319,28.33,Medium Risk,Medium Value,Medium Priority,0,1,2,6998.05,3344.23,0.47788026664570843,3499.025,250.0,188,34.0,North,Basic,Organic,0,0.0,27,1,0.5,3499.025
C00345,0.28295158352838534,28.3,Medium Risk,Medium Value,Medium Priority,0,1,3,7270.9,3792.79,0.5216396869713515,2423.633333333333,233.33333333333334,62,46.0,West,Basic,Email,0,0.0,48,0,0.0,2423.633333333333
C01176,0.2828977131690544,28.29,Medium Risk,Low Value,Monitor,0,1,2,2418.59,1306.99,0.5403933696906048,1209.295,50.0,243,40.0,North,Basic,Organic,0,0.0,2,0,0.0,1209.295
C02430,0.28272180242337225,28.27,Medium Risk,Medium Value,Medium Priority,0,1,4,17410.39,8546.68,0.4908953791385489,4352.5975,150.0,107,22.0,South,Basic,Email,0,0.0,113,1,0.25,4352.5975
C09244,0.2825890606475501,28.26,Medium Risk,Low Value,Monitor,1,1,1,567.12,124.45,0.21944209338411624,567.12,0.0,155,46.0,North,Basic,Referral,0,0.0,0,0,0.0,567.12
C06059,0.282092381918882,28.21,Medium Risk,Low Value,Monitor,1,1,2,4615.64,2559.11,0.5544431541454706,2307.82,25.0,159,28.0,South,Basic,Email,0,0.0,25,0,0.0,2307.82
C06296,0.28197391509327296,28.2,Medium Risk,Medium Value,Medium Priority,0,1,3,7967.55,3999.37,0.5019573143563579,2655.85,183.33333333333334,95,47.0,South,Basic,Social Media,0,0.0,138,0,0.0,2655.85
C02623,0.28187828144346544,28.19,Medium Risk,Low Value,Monitor,0,1,5,6142.5,2430.35,0.39566137566137566,1228.5,160.0,3,53.0,West,Basic,Email,0,0.0,185,0,0.0,1228.5
C01315,0.28156161154419695,28.16,Medium Risk,Low Value,Monitor,0,1,3,5483.6,2381.3,0.43425851630315854,1827.8666666666668,50.0,113,37.0,West,Basic,Social Media,0,0.0,84,1,0.3333333333333333,1827.8666666666668
C08132,0.28154712928384323,28.15,Medium Risk,Medium Value,Medium Priority,0,1,3,8342.48,4393.49,0.5266407591028087,2780.8266666666664,66.66666666666667,128,22.0,North,Basic,Organic,0,0.0,63,1,0.3333333333333333,2780.8266666666664
C01052,0.28115062707408206,28.12,Medium Risk,Low Value,Monitor,0,1,3,3045.15,1165.77,0.382828432096941,1015.0500000000001,166.66666666666666,61,20.0,North,Basic,Email,0,0.0,181,0,0.0,1015.0500000000001
C04135,0.28106598120377085,28.11,Medium Risk,Medium Value,Medium Priority,0,1,5,13815.73,5710.99,0.41336867469181865,2763.1459999999997,190.0,37,19.0,North,Basic,Social Media,0,0.0,141,1,0.2,2763.1459999999997
C09108,0.28105696540938,28.11,Medium Risk,Medium Value,Medium Priority,0,1,6,13232.02,5627.77,0.42531450224531103,2205.3366666666666,158.33333333333334,41,40.0,South,Basic,Email,0,0.0,225,1,0.16666666666666666,2205.3366666666666
C03099,0.2810535142341161,28.11,Medium Risk,Low Value,Monitor,1,1,4,2382.5699999999997,518.1300000000001,0.21746685302005825,595.6424999999999,150.0,48,31.0,East,Basic,Organic,0,0.0,185,2,0.5,595.6424999999999
C09347,0.28043437070794053,28.04,Medium Risk,Low Value,Monitor,0,1,2,1027.52,288.01,0.2802962472749922,513.76,175.0,2,19.0,North,Basic,Organic,0,0.0,46,0,0.0,513.76
C01288,0.28033175250187553,28.03,Medium Risk,Medium Value,Medium Priority,0,1,3,6964.17,2860.0699999999997,0.410683541613717,2321.39,200.0,55,22.0,West,Basic,Social Media,0,0.0,209,0,0.0,2321.39
C05533,0.2803273276943144,28.03,Medium Risk,Medium Value,Medium Priority,0,1,8,17623.539999999997,8202.279999999999,0.46541614227334577,2202.9424999999997,156.25,37,28.0,North,Basic,Social Media,0,0.0,220,0,0.0,2202.9424999999997
C08289,0.2801080027826622,28.01,Medium Risk,Medium Value,Medium Priority,1,1,3,14055.990000000002,6592.75,0.4690349096719619,4685.330000000001,150.0,5,31.0,East,Basic,Referral,0,0.0,174,0,0.0,4685.330000000001
C09376,0.2800464203644487,28.0,Medium Risk,High Value,High Priority,0,1,6,20373.9,11500.33,0.5644638483550032,3395.65,100.0,91,54.0,West,Basic,Email,0,0.0,145,0,0.0,3395.65
C02402,0.28002595954334875,28.0,Medium Risk,High Value,High Priority,0,1,8,22492.08,10718.67,0.47655308001749946,2811.51,131.25,38,51.0,East,Basic,Referral,0,0.0,208,0,0.0,2811.51
C01450,0.27970978083255277,27.97,Medium Risk,Low Value,Monitor,0,1,3,4277.87,2192.21,0.5124536276230929,1425.9566666666667,166.66666666666666,133,55.0,North,Basic,Referral,0,0.0,94,0,0.0,1425.9566666666667
C04268,0.2796528966021481,27.97,Medium Risk,Medium Value,Medium Priority,1,1,3,9365.83,4255.47,0.4543612258603883,3121.943333333333,100.0,96,44.0,East,Basic,Social Media,0,0.0,156,0,0.0,3121.943333333333
C03524,0.2796469771954401,27.96,Medium Risk,Medium Value,Medium Priority,0,1,6,13461.27,6393.52,0.47495667199305863,2243.545,175.0,5,30.0,East,Basic,Email,0,0.0,150,0,0.0,2243.545
C05936,0.2795500470687747,27.96,Medium Risk,Low Value,Monitor,0,1,4,1675.91,605.06,0.36103370706064164,418.9775,112.5,66,56.0,North,Basic,Organic,0,0.0,122,0,0.0,418.9775
C03956,0.2795121833669914,27.95,Medium Risk,Low Value,Monitor,0,1,1,0.0,-170.42,-170.42,0.0,200.0,250,28.0,South,Basic,Organic,0,0.0,0,0,0.0,0.0
C06377,0.2795098228078981,27.95,Medium Risk,Medium Value,Medium Priority,0,1,3,17893.84,9297.45,0.5195894229522562,5964.613333333334,150.0,101,26.0,North,Basic,Social Media,0,0.0,163,0,0.0,5964.613333333334
C00085,0.27946478910113887,27.95,Medium Risk,Medium Value,Medium Priority,0,1,2,5462.63,2980.99,0.5457060060813198,2731.315,25.0,152,37.0,West,Basic,Social Media,0,0.0,97,0,0.0,2731.315
C09871,0.2794416668724726,27.94,Medium Risk,Medium Value,Medium Priority,0,1,5,16047.849999999999,7490.719999999999,0.46677405384521914,3209.5699999999997,150.0,63,51.0,West,Basic,Social Media,0,0.0,202,2,0.4,3209.5699999999997
C01915,0.27931896516592825,27.93,Medium Risk,Low Value,Monitor,0,1,4,5286.639999999999,2421.9599999999996,0.45812841426690676,1321.6599999999999,150.0,67,48.0,West,Basic,Email,0,0.0,124,0,0.0,1321.6599999999999
C01937,0.2792399645577409,27.92,Medium Risk,Low Value,Monitor,0,1,4,6714.44,2621.65,0.39044953860634696,1678.61,187.5,41,39.0,West,Basic,Social Media,0,0.0,229,0,0.0,1678.61
C01691,0.27910334777437573,27.91,Medium Risk,Medium Value,Medium Priority,0,1,1,7173.42,3416.25,0.47623727594369214,7173.42,300.0,127,36.0,East,Basic,Organic,0,0.0,0,0,0.0,7173.42
C07913,0.2790133192191382,27.9,Medium Risk,High Value,High Priority,0,1,4,20966.4,10936.94,0.5216412927350427,5241.6,225.0,197,19.0,North,Basic,Organic,0,0.0,36,0,0.0,5241.6
C01752,0.27893621579344907,27.89,Medium Risk,Low Value,Monitor,0,1,1,796.44,256.43,0.32197026769122594,796.44,200.0,35,29.0,East,Basic,Organic,0,0.0,0,0,0.0,796.44
C08135,0.2786607504793879,27.87,Medium Risk,Low Value,Monitor,0,1,2,4394.599999999999,2055.98,0.4678423519774269,2197.2999999999997,150.0,243,25.0,North,Basic,Referral,0,0.0,26,0,0.0,2197.2999999999997
C09659,0.2786448976265167,27.86,Medium Risk,Medium Value,Medium Priority,0,1,3,10921.41,4935.33,0.4518949476303884,3640.47,100.0,131,37.0,North,Basic,Paid Ads,0,0.0,76,2,0.6666666666666666,3640.47
C06016,0.27834034012298087,27.83,Medium Risk,Medium Value,Medium Priority,1,1,9,19477.96,9312.3,0.47809421520528844,2164.217777777778,122.22222222222223,7,46.0,North,Basic,Email,0,0.0,240,1,0.1111111111111111,2164.217777777778
C01589,0.278154554060986,27.82,Medium Risk,Medium Value,Medium Priority,1,1,4,10594.34,5286.64,0.4990060730541025,2648.585,162.5,3,42.0,West,Basic,Social Media,0,0.0,160,0,0.0,2648.585
C03243,0.2776366850877584,27.76,Medium Risk,Medium Value,Medium Priority,1,1,2,8248.14,3279.2299999999996,0.3975720586701971,4124.07,200.0,240,42.0,North,Basic,Organic,0,0.0,10,0,0.0,4124.07
C07566,0.277591786705053,27.76,Medium Risk,Low Value,Monitor,0,1,1,1997.25,906.07,0.45365878082363253,1997.25,0.0,70,28.0,South,Basic,Email,0,0.0,0,0,0.0,1997.25
C04823,0.2774147729633638,27.74,Medium Risk,Medium Value,Medium Priority,0,1,5,9878.18,4688.66,0.47464816393303216,1975.636,130.0,1,56.0,West,Basic,Email,0,0.0,193,0,0.0,1975.636
C02895,0.277406459198362,27.74,Medium Risk,Low Value,Monitor,0,1,1,1442.57,629.97,0.43669977886688344,1442.57,300.0,2,56.0,East,Basic,Paid Ads,0,0.0,0,0,0.0,1442.57
C02053,0.27740631662700105,27.74,Medium Risk,Medium Value,Medium Priority,1,1,9,18111.559999999998,8476.28,0.468003860517813,2012.3955555555553,111.11111111111111,19,38.0,East,Basic,Social Media,0,0.0,189,1,0.1111111111111111,2012.3955555555553
C09360,0.27722082968288103,27.72,Medium Risk,Medium Value,Medium Priority,0,1,5,8687.76,4302.7,0.4952599979741613,1737.5520000000001,120.0,18,52.0,North,Basic,Social Media,0,0.0,133,0,0.0,1737.5520000000001
C08904,0.2771038248506919,27.71,Medium Risk,Medium Value,Medium Priority,0,1,3,8654.98,4693.52,0.5422912589052777,2884.9933333333333,83.33333333333333,9,35.0,North,Basic,Social Media,0,0.0,233,0,0.0,2884.9933333333333
C00113,0.2771011819450444,27.71,Medium Risk,Low Value,Monitor,0,1,1,0.0,0.0,0.0,0.0,0.0,120,20.0,South,Basic,Organic,0,0.0,0,0,0.0,0.0
C02028,0.2769849221696621,27.7,Medium Risk,Medium Value,Medium Priority,0,1,3,11689.39,5534.75,0.4734849294958933,3896.463333333333,100.0,115,26.0,South,Basic,Social Media,0,0.0,140,0,0.0,3896.463333333333
C00177,0.2768898889576264,27.69,Medium Risk,Low Value,Monitor,1,1,1,0.0,0.0,0.0,0.0,0.0,48,52.0,North,Basic,Referral,0,0.0,0,0,0.0,0.0
C07451,0.2767368691101597,27.67,Medium Risk,Medium Value,Medium Priority,0,1,5,7272.5,3343.23,0.4597084908903403,1454.5,140.0,62,48.0,North,Basic,Organic,0,0.0,206,2,0.4,1454.5
C06154,0.27669534837078597,27.67,Medium Risk,Medium Value,Medium Priority,0,1,2,18300.82,8959.9,0.48959008394159387,9150.41,75.0,83,39.0,East,Basic,Social Media,0,0.0,2,0,0.0,9150.41
C02668,0.2763458132857645,27.63,Medium Risk,Medium Value,Medium Priority,1,1,6,11526.220000000001,4333.73,0.37598883241860726,1921.0366666666669,133.33333333333334,15,53.0,North,Basic,Email,0,0.0,243,1,0.16666666666666666,1921.0366666666669
C00145,0.2762617309289763,27.63,Medium Risk,Low Value,Monitor,0,1,4,2467.9500000000003,1225.3999999999999,0.4965254563504122,616.9875000000001,50.0,54,50.0,West,Basic,Organic,0,0.0,68,0,0.0,616.9875000000001
C01002,0.27623961210706355,27.62,Medium Risk,Medium Value,Medium Priority,0,1,3,18264.11,9814.39,0.5373593347828063,6088.036666666667,50.0,20,27.0,North,Basic,Social Media,0,0.0,100,0,0.0,6088.036666666667
C09676,0.27617520429516135,27.62,Medium Risk,Medium Value,Medium Priority,0,1,4,15359.41,6946.96,0.4522934149163282,3839.8525,137.5,66,49.0,North,Basic,Organic,0,0.0,42,1,0.25,3839.8525
C09682,0.27611754827463475,27.61,Medium Risk,Low Value,Monitor,1,1,1,369.22,136.43,0.3695086940035751,369.22,50.0,203,20.0,East,Basic,Organic,0,0.0,0,0,0.0,369.22
C07043,0.2760367697892533,27.6,Medium Risk,High Value,High Priority,0,1,8,28577.510000000002,14025.15,0.49077578837344465,3572.1887500000003,225.0,11,31.0,North,Basic,Paid Ads,0,0.0,220,2,0.25,3572.1887500000003
C08677,0.276013197679129,27.6,Medium Risk,Medium Value,Medium Priority,0,1,5,9669.380000000001,4376.33,0.4525967538766704,1933.8760000000002,100.0,44,60.0,East,Basic,Email,0,0.0,187,1,0.2,1933.8760000000002
C07946,0.27581790626974206,27.58,Medium Risk,Low Value,Monitor,1,1,4,5992.9,2358.8500000000004,0.3936074354653007,1498.225,112.5,99,50.0,East,Basic,Paid Ads,0,0.0,133,1,0.25,1498.225
C05644,0.27561901640610226,27.56,Medium Risk,Medium Value,Medium Priority,0,1,2,6415.59,3128.47,0.487635587685622,3207.795,225.0,194,26.0,West,Basic,Paid Ads,0,0.0,1,0,0.0,3207.795
C03654,0.2753957541522533,27.54,Medium Risk,Medium Value,Medium Priority,1,1,4,7024.88,2936.62,0.41803134003712517,1756.22,87.5,170,47.0,East,Basic,Paid Ads,0,0.0,93,0,0.0,1756.22
C04678,0.2753231551568651,27.53,Medium Risk,Low Value,Monitor,0,1,3,781.84,239.58999999999997,0.3064437736621303,260.61333333333334,50.0,215,27.0,South,Basic,Organic,0,0.0,16,0,0.0,260.61333333333334
C09315,0.2749423425011286,27.49,Medium Risk,Low Value,Monitor,0,1,4,2533.92,922.3299999999999,0.3639933383847951,633.48,200.0,53,18.0,North,Basic,Paid Ads,0,0.0,215,0,0.0,633.48
C09324,0.27494227154070816,27.49,Medium Risk,Low Value,Monitor,1,1,2,4320.35,2076.61,0.4806578170750055,2160.175,125.0,108,56.0,West,Basic,Organic,0,0.0,74,0,0.0,2160.175
C06580,0.2749285902940047,27.49,Medium Risk,Low Value,Monitor,1,1,3,5663.17,1865.66,0.32943739990146864,1887.7233333333334,116.66666666666667,23,29.0,North,Basic,Email,0,0.0,152,0,0.0,1887.7233333333334
C04028,0.27486268922745494,27.49,Medium Risk,Low Value,Monitor,1,1,1,1575.09,706.7,0.4486727742541697,1575.09,50.0,234,50.0,East,Basic,Paid Ads,0,0.0,0,0,0.0,1575.09
C01558,0.2748343093266762,27.48,Medium Risk,High Value,High Priority,0,1,5,20755.09,10615.17,0.511448998775722,4151.018,230.0,1,33.0,West,Basic,Email,0,0.0,132,0,0.0,4151.018
C09870,0.2747387121082874,27.47,Medium Risk,Medium Value,Medium Priority,0,1,4,9095.08,4375.18,0.481049094675363,2273.77,187.5,42,18.0,East,Basic,Social Media,0,0.0,119,0,0.0,2273.77
C00249,0.2746660406844086,27.47,Medium Risk,Low Value,Monitor,0,1,2,4683.75,1514.19,0.3232858286629304,2341.875,75.0,49,22.0,South,Basic,Social Media,0,0.0,171,0,0.0,2341.875
C04850,0.27463715426480567,27.46,Medium Risk,Medium Value,Medium Priority,0,1,4,6156.54,2784.29,0.4522491529333034,1539.135,200.0,127,58.0,East,Basic,Referral,0,0.0,86,0,0.0,1539.135
C00471,0.2744250637982548,27.44,Medium Risk,Low Value,Monitor,0,1,5,6011.650000000001,2392.9700000000003,0.3980554423494382,1202.3300000000002,100.0,65,39.0,East,Basic,Social Media,0,0.0,162,0,0.0,1202.3300000000002
C03660,0.2744238024034535,27.44,Medium Risk,Medium Value,Medium Priority,1,1,5,11770.88,5998.71,0.5096228999021314,2354.176,90.0,183,30.0,South,Basic,Organic,0,0.0,66,0,0.0,2354.176
C03665,0.274387558007366,27.44,Medium Risk,Medium Value,Medium Priority,0,1,5,16373.09,8544.79,0.5218801093745897,3274.618,190.0,25,41.0,North,Basic,Email,0,0.0,247,1,0.2,3274.618
C05516,0.2742261644153397,27.42,Medium Risk,Low Value,Monitor,0,1,1,2348.86,784.33,0.33391943325698425,2348.86,300.0,15,40.0,South,Basic,Organic,0,0.0,0,0,0.0,2348.86
C09601,0.27369014563622485,27.37,Medium Risk,Medium Value,Medium Priority,0,1,4,7723.93,4003.19,0.5182840859510638,1930.9825,162.5,56,44.0,East,Basic,Social Media,0,0.0,157,0,0.0,1930.9825
C07008,0.2735438816116533,27.35,Medium Risk,High Value,High Priority,0,1,7,24090.32,11565.22,0.48007747510203264,3441.4742857142855,78.57142857142857,21,32.0,East,Basic,Social Media,0,0.0,230,1,0.14285714285714285,3441.4742857142855
C00252,0.27347170267317783,27.35,Medium Risk,Medium Value,Medium Priority,0,1,2,6189.89,3166.63,0.5115809812452241,3094.945,75.0,4,44.0,West,Basic,Social Media,0,0.0,48,0,0.0,3094.945
C00931,0.2734232050925876,27.34,Medium Risk,Low Value,Monitor,0,1,1,1306.04,457.16,0.35003522097332396,1306.04,150.0,262,28.0,East,Basic,Paid Ads,1,0.5,0,0,0.0,1306.04
C03006,0.2734180833800791,27.34,Medium Risk,Medium Value,Medium Priority,0,1,2,15883.75,6671.870000000001,0.4200437554104038,7941.875,50.0,169,33.0,South,Basic,Social Media,0,0.0,81,0,0.0,7941.875
C00964,0.2733269257314704,27.33,Medium Risk,Medium Value,Medium Priority,0,1,5,11094.69,4512.83,0.40675584446253116,2218.938,140.0,97,51.0,West,Basic,Paid Ads,0,0.0,165,1,0.2,2218.938
C06310,0.27332637590670705,27.33,Medium Risk,Medium Value,Medium Priority,0,1,3,6809.510000000001,3233.53,0.47485501893675164,2269.836666666667,133.33333333333334,36,38.0,South,Basic,Social Media,0,0.0,215,0,0.0,2269.836666666667
C07850,0.27331526119498334,27.33,Medium Risk,High Value,High Priority,0,1,3,17043.190000000002,10082.66,0.5915946486543892,5681.063333333334,216.66666666666666,175,58.0,East,Basic,Paid Ads,0,0.0,93,1,0.3333333333333333,5681.063333333334
C09796,0.27324933463505685,27.32,Medium Risk,Medium Value,Medium Priority,0,1,7,19993.739999999998,9170.029999999999,0.4586450559024975,2856.2485714285713,164.28571428571428,67,45.0,North,Basic,Organic,0,0.0,194,2,0.2857142857142857,2856.2485714285713
C05996,0.2731323254581453,27.31,Medium Risk,Low Value,Monitor,0,1,1,0.0,-135.72,-135.72,0.0,150.0,36,22.0,North,Basic,Social Media,1,0.5,0,0,0.0,0.0
C02373,0.27274463488724926,27.27,Medium Risk,High Value,High Priority,0,1,8,24947.84,12895.68,0.5169056719940484,3118.48,87.5,41,41.0,North,Basic,Social Media,0,0.0,229,0,0.0,3118.48
C06520,0.2726966888903109,27.27,Medium Risk,Medium Value,Medium Priority,0,1,7,13293.240000000002,6125.740000000001,0.4608161742359274,1899.034285714286,100.0,47,55.0,East,Basic,Paid Ads,0,0.0,174,1,0.14285714285714285,1899.034285714286
C02388,0.27245187423649014,27.25,Medium Risk,Medium Value,Medium Priority,0,1,4,13992.92,6886.28,0.49212601801482464,3498.23,150.0,156,49.0,North,Basic,Email,1,0.2,82,2,0.5,3498.23
C09768,0.2724108237701254,27.24,Medium Risk,Medium Value,Medium Priority,0,1,4,10749.68,4585.49,0.4265699071972375,2687.42,150.0,13,48.0,South,Basic,Social Media,0,0.0,86,1,0.25,2687.42
C00359,0.2724018564995669,27.24,Medium Risk,Medium Value,Medium Priority,0,1,3,7602.200000000001,3170.2999999999997,0.41702401936281597,2534.066666666667,183.33333333333334,138,40.0,South,Basic,Paid Ads,0,0.0,59,0,0.0,2534.066666666667
C05287,0.27234933993973354,27.23,Medium Risk,Medium Value,Medium Priority,1,1,3,15285.01,6671.18,0.4364524458930678,5095.003333333333,66.66666666666667,96,22.0,South,Basic,Email,0,0.0,112,0,0.0,5095.003333333333
C06563,0.2722933003272815,27.23,Medium Risk,Medium Value,Medium Priority,0,1,4,16024.32,7711.21,0.48121917185877466,4006.08,100.0,10,29.0,East,Basic,Social Media,0,0.0,219,1,0.25,4006.08
C04061,0.2722751462753023,27.23,Medium Risk,Medium Value,Medium Priority,1,1,2,8937.25,4135.56,0.4627329435788414,4468.625,275.0,39,45.0,West,Basic,Paid Ads,0,0.0,23,0,0.0,4468.625
C07904,0.2722275199254451,27.22,Medium Risk,Medium Value,Medium Priority,1,1,4,13864.67,7450.83,0.5373968511331318,3466.1675,150.0,31,39.0,South,Basic,Email,0,0.0,186,0,0.0,3466.1675
C09704,0.2721441651153625,27.21,Medium Risk,Medium Value,Medium Priority,0,1,2,8801.68,4674.43,0.5310838385399151,4400.84,50.0,35,31.0,South,Basic,Social Media,0,0.0,150,0,0.0,4400.84
C07390,0.2720471814383416,27.2,Medium Risk,Medium Value,Medium Priority,0,1,6,15061.42,6463.07,0.4291142535033217,2510.2366666666667,108.33333333333333,2,19.0,West,Basic,Social Media,0,0.0,200,0,0.0,2510.2366666666667
C08275,0.27167363256211546,27.17,Medium Risk,Medium Value,Medium Priority,0,1,1,6658.23,3465.47,0.5204791663850603,6658.23,0.0,201,48.0,North,Basic,Organic,0,0.0,0,0,0.0,6658.23
C04477,0.2716104715537059,27.16,Medium Risk,Low Value,Monitor,1,1,5,5086.469999999999,1874.29,0.3684854132630292,1017.2939999999999,170.0,94,56.0,West,Basic,Referral,0,0.0,141,0,0.0,1017.2939999999999
C01576,0.2715191247171247,27.15,Medium Risk,High Value,High Priority,0,1,8,23891.7,10254.74,0.42921767810578565,2986.4625,87.5,3,37.0,East,Basic,Social Media,0,0.0,249,1,0.125,2986.4625
C01565,0.271430613819127,27.14,Medium Risk,Medium Value,Medium Priority,1,1,4,7303.360000000001,3029.63,0.41482687420584496,1825.8400000000001,125.0,16,22.0,South,Basic,Email,0,0.0,250,0,0.0,1825.8400000000001
C08463,0.27138645193309857,27.14,Medium Risk,Medium Value,Medium Priority,1,1,4,9528.130000000001,4773.42,0.5009818295930051,2382.0325000000003,100.0,54,30.0,West,Basic,Organic,0,0.0,156,1,0.25,2382.0325000000003
C07237,0.2713418044597218,27.13,Medium Risk,Medium Value,Medium Priority,1,1,2,8038.24,4185.9,0.5207483230159836,4019.12,100.0,172,46.0,North,Basic,Organic,0,0.0,40,0,0.0,4019.12
C09173,0.27130869852211703,27.13,Medium Risk,Medium Value,Medium Priority,1,1,2,13760.02,6771.160000000001,0.4920894010328474,6880.01,175.0,44,45.0,East,Basic,Social Media,0,0.0,10,0,0.0,6880.01
C09118,0.27130842806316796,27.13,Medium Risk,Low Value,Monitor,0,1,4,1853.83,276.71,0.14926395624194236,463.4575,187.5,64,33.0,South,Basic,Referral,0,0.0,116,2,0.5,463.4575
C01916,0.2711516994233894,27.12,Medium Risk,Low Value,Monitor,0,1,4,3416.73,1329.48,0.3891088848109157,854.1825,62.5,33,57.0,North,Basic,Organic,0,0.0,169,0,0.0,854.1825
C07591,0.2710403852601516,27.1,Medium Risk,Low Value,Monitor,0,1,4,5075.59,2264.48,0.44615108785382585,1268.8975,125.0,140,57.0,East,Basic,Email,1,0.2,39,1,0.25,1268.8975
C02792,0.2710276700605653,27.1,Medium Risk,Medium Value,Medium Priority,0,1,3,10983.25,5540.44,0.5044444950265177,3661.0833333333335,0.0,138,48.0,South,Basic,Organic,0,0.0,12,1,0.3333333333333333,3661.0833333333335
C02877,0.2709882589217519,27.1,Medium Risk,Medium Value,Medium Priority,0,1,3,11863.970000000001,5357.86,0.4516076827571209,3954.656666666667,66.66666666666667,56,24.0,West,Basic,Email,0,0.0,73,0,0.0,3954.656666666667
C03155,0.270980712781124,27.1,Medium Risk,Low Value,Monitor,0,1,3,5391.61,2401.35,0.4453864430105293,1797.2033333333331,66.66666666666667,178,33.0,West,Basic,Paid Ads,0,0.0,32,0,0.0,1797.2033333333331
C07612,0.2709760746953053,27.1,Medium Risk,Medium Value,Medium Priority,0,1,5,10277.79,4139.55,0.4027665480614023,2055.558,190.0,107,53.0,East,Basic,Organic,0,0.0,114,0,0.0,2055.558
C06847,0.2708032793476873,27.08,Medium Risk,Low Value,Monitor,1,1,2,2191.56,1121.6599999999999,0.5118089397506799,1095.78,100.0,59,43.0,West,Basic,Referral,0,0.0,80,0,0.0,1095.78
C03743,0.270736971934595,27.07,Medium Risk,High Value,High Priority,0,1,4,23716.07,11990.59,0.505589248134282,5929.0175,112.5,25,54.0,North,Basic,Email,0,0.0,233,1,0.25,5929.0175
C08054,0.2707214308786462,27.07,Medium Risk,Low Value,Monitor,1,1,1,4301.11,2236.13,0.5198960268395834,4301.11,50.0,124,58.0,North,Basic,Organic,0,0.0,0,0,0.0,4301.11
C05890,0.27051709601155766,27.05,Medium Risk,Low Value,Monitor,0,1,3,4758.38,1842.1799999999998,0.387144364258424,1586.1266666666668,200.0,13,41.0,West,Basic,Paid Ads,0,0.0,94,0,0.0,1586.1266666666668
C06879,0.27043092556810633,27.04,Medium Risk,Medium Value,Medium Priority,0,1,6,12764.76,5391.099999999999,0.42234244905505464,2127.46,125.0,43,32.0,South,Basic,Social Media,0,0.0,223,1,0.16666666666666666,2127.46
C06161,0.2704111679463368,27.04,Medium Risk,Low Value,Monitor,0,1,2,4103.93,1783.33,0.4345420121688235,2051.965,150.0,182,24.0,East,Basic,Paid Ads,0,0.0,60,0,0.0,2051.965
C06056,0.2703271776222299,27.03,Medium Risk,Medium Value,Medium Priority,0,1,2,10597.29,5914.6,0.5581238222224738,5298.645,100.0,105,46.0,West,Basic,Social Media,0,0.0,148,0,0.0,5298.645
C00234,0.2700746697286699,27.01,Medium Risk,Medium Value,Medium Priority,0,1,3,7744.7699999999995,2935.33,0.3790080273526522,2581.5899999999997,333.3333333333333,144,49.0,West,Basic,Paid Ads,0,0.0,91,1,0.3333333333333333,2581.5899999999997
C01858,0.2698513081125991,26.99,Medium Risk,Medium Value,Medium Priority,1,1,2,7763.99,4035.3199999999997,0.519748222241399,3881.995,150.0,73,31.0,West,Basic,Social Media,0,0.0,187,0,0.0,3881.995
C05214,0.26976579853723054,26.98,Medium Risk,Medium Value,Medium Priority,0,1,3,15323.42,7499.39,0.4894070644803836,5107.806666666666,183.33333333333334,35,44.0,North,Basic,Social Media,0,0.0,123,0,0.0,5107.806666666666
C07239,0.269761947667585,26.98,Medium Risk,Low Value,Monitor,0,1,4,5107.71,1906.37,0.37323379753353264,1276.9275,75.0,6,39.0,North,Basic,Paid Ads,0,0.0,136,0,0.0,1276.9275
C09073,0.2696299273225359,26.96,Medium Risk,Medium Value,Medium Priority,0,1,5,17167.57,9215.04,0.5367702010243733,3433.514,70.0,31,39.0,West,Basic,Email,0,0.0,210,1,0.2,3433.514
C00841,0.269628579290116,26.96,Medium Risk,Low Value,Monitor,0,1,3,4807.13,2171.38,0.4516998708168908,1602.3766666666668,66.66666666666667,64,36.0,East,Basic,Social Media,0,0.0,198,0,0.0,1602.3766666666668
C09087,0.2696002391617405,26.96,Medium Risk,Medium Value,Medium Priority,0,1,2,6184.01,2885.2,0.46655810711819673,3092.005,250.0,159,48.0,West,Basic,Paid Ads,0,0.0,61,0,0.0,3092.005
C03690,0.26958730461480435,26.96,Medium Risk,Medium Value,Medium Priority,1,1,5,7290.240000000001,3739.56,0.5129543060310771,1458.0480000000002,130.0,102,41.0,East,Basic,Referral,0,0.0,149,0,0.0,1458.0480000000002
C04910,0.2695728692849966,26.96,Medium Risk,Low Value,Monitor,0,1,2,5737.69,2722.51,0.47449583368916765,2868.845,25.0,8,36.0,North,Basic,Social Media,0,0.0,165,0,0.0,2868.845
C06091,0.26954912065033815,26.95,Medium Risk,Medium Value,Medium Priority,0,1,2,9936.810000000001,5775.86,0.5812589754659694,4968.405000000001,100.0,207,26.0,West,Basic,Organic,0,0.0,37,0,0.0,4968.405000000001
C07240,0.2694492998744474,26.94,Medium Risk,Medium Value,Medium Priority,0,1,2,14078.630000000001,7140.58,0.5071928163464768,7039.3150000000005,50.0,107,34.0,West,Basic,Social Media,0,0.0,72,0,0.0,7039.3150000000005
C08676,0.26937151200076703,26.94,Medium Risk,Medium Value,Medium Priority,0,1,7,17030.59,7819.85,0.4591649496582326,2432.941428571429,157.14285714285714,0,29.0,West,Basic,Social Media,0,0.0,271,1,0.14285714285714285,2432.941428571429
C05685,0.2693554958646572,26.94,Medium Risk,Low Value,Monitor,0,1,1,0.0,-122.41,-122.41,0.0,150.0,74,59.0,East,Basic,Paid Ads,0,0.0,0,0,0.0,0.0
C07184,0.26931308909502377,26.93,Medium Risk,Low Value,Monitor,0,1,1,2485.27,943.9,0.37979776845171753,2485.27,50.0,103,55.0,South,Basic,Referral,0,0.0,0,0,0.0,2485.27
C04352,0.2690861074968215,26.91,Medium Risk,Low Value,Monitor,0,1,1,1349.56,439.34,0.3255431399863659,1349.56,150.0,10,51.0,North,Basic,Paid Ads,0,0.0,0,0,0.0,1349.56
C03979,0.26905984150830475,26.91,Medium Risk,Low Value,Monitor,0,1,2,4230.88,1670.15,0.39475239193737477,2115.44,150.0,110,52.0,East,Basic,Paid Ads,0,0.0,148,0,0.0,2115.44
C02679,0.26899398798621776,26.9,Medium Risk,Medium Value,Medium Priority,0,1,6,11081.49,5235.41,0.4724463948440146,1846.915,116.66666666666667,23,19.0,East,Basic,Organic,0,0.0,243,1,0.16666666666666666,1846.915
C01493,0.26896390403480436,26.9,Medium Risk,Medium Value,Medium Priority,0,1,5,17982.57,8429.26,0.4687461247196591,3596.514,220.0,37,54.0,East,Basic,Email,0,0.0,210,1,0.2,3596.514
C09985,0.2688810649699415,26.89,Medium Risk,Low Value,Monitor,0,1,2,3706.54,1266.37,0.34165825810594247,1853.27,175.0,177,46.0,South,Basic,Organic,0,0.0,29,0,0.0,1853.27
C07145,0.2687845130392024,26.88,Medium Risk,Medium Value,Medium Priority,0,1,5,10222.119999999999,5189.01,0.5076256197344583,2044.4239999999998,90.0,10,19.0,South,Basic,Organic,0,0.0,145,1,0.2,2044.4239999999998
C01256,0.26867324441014834,26.87,Medium Risk,Medium Value,Medium Priority,0,1,2,10589.18,5709.389999999999,0.5391720605372653,5294.59,100.0,95,56.0,West,Basic,Paid Ads,0,0.0,53,0,0.0,5294.59
C00170,0.26851259380367154,26.85,Medium Risk,High Value,High Priority,0,1,7,30038.07,15515.4,0.5165245303709592,4291.152857142857,150.0,30,36.0,North,Basic,Social Media,0,0.0,210,1,0.14285714285714285,4291.152857142857
C00435,0.2683624899682862,26.84,Medium Risk,High Value,High Priority,1,1,4,21385.08,10967.95,0.5128786050835442,5346.27,150.0,63,46.0,East,Basic,Social Media,0,0.0,186,0,0.0,5346.27
C05361,0.2682805836568486,26.83,Medium Risk,Medium Value,Medium Priority,1,1,6,16737.769999999997,7760.49,0.46365137052307454,2789.6283333333326,108.33333333333333,8,20.0,North,Basic,Organic,0,0.0,218,1,0.16666666666666666,2789.6283333333326
C00231,0.268268061795985,26.83,Medium Risk,Low Value,Monitor,1,1,2,3673.32,1795.1200000000001,0.48869142900700185,1836.66,50.0,110,51.0,South,Basic,Organic,0,0.0,99,0,0.0,1836.66
C00606,0.2681115370631394,26.81,Medium Risk,Medium Value,Medium Priority,0,1,2,11609.75,6054.17,0.5214728999332457,5804.875,75.0,64,57.0,West,Basic,Organic,0,0.0,6,0,0.0,5804.875
C01344,0.26809035304601503,26.81,Medium Risk,Low Value,Monitor,0,1,1,2630.55,1437.3,0.5463876375662884,2630.55,100.0,18,35.0,North,Basic,Paid Ads,0,0.0,0,0,0.0,2630.55
C01181,0.2680827621886698,26.81,Medium Risk,Low Value,Monitor,1,1,1,3403.73,1438.48,0.42261871535051254,3403.73,50.0,100,56.0,South,Basic,Referral,0,0.0,0,0,0.0,3403.73
C09024,0.26779302782648395,26.78,Medium Risk,Low Value,Monitor,0,1,3,4742.89,1993.12,0.42023323332398593,1580.9633333333334,183.33333333333334,139,27.0,West,Basic,Paid Ads,0,0.0,106,0,0.0,1580.9633333333334
C01876,0.2677747638195821,26.78,Medium Risk,Medium Value,Medium Priority,1,1,3,6531.12,3375.29,0.5168010999644778,2177.04,16.666666666666668,32,19.0,North,Basic,Organic,0,0.0,197,1,0.3333333333333333,2177.04
C00952,0.26764614141100346,26.76,Medium Risk,Medium Value,Medium Priority,0,1,3,17890.08,8270.32,0.46228524411293853,5963.360000000001,116.66666666666667,75,32.0,North,Basic,Email,0,0.0,125,0,0.0,5963.360000000001
C06306,0.2676060906227803,26.76,Medium Risk,Medium Value,Medium Priority,0,1,4,15589.7,6950.37,0.4458309011719276,3897.425,200.0,44,43.0,West,Basic,Organic,0,0.0,205,2,0.5,3897.425
C04628,0.2675219320884939,26.75,Medium Risk,Medium Value,Medium Priority,0,1,5,11903.82,5030.63,0.4226063566149354,2380.764,170.0,25,30.0,West,Basic,Organic,0,0.0,213,1,0.2,2380.764
C07327,0.2673853239520567,26.74,Medium Risk,High Value,High Priority,0,1,5,38837.18,21699.43,0.5587282598788068,7767.436,130.0,54,30.0,East,Basic,Social Media,0,0.0,143,1,0.2,7767.436
C09042,0.2671141604951316,26.71,Medium Risk,Low Value,Monitor,1,1,4,6721.22,2540.02,0.3779105579046661,1680.305,175.0,35,58.0,West,Basic,Referral,0,0.0,96,0,0.0,1680.305
C09560,0.26707077141343843,26.71,Medium Risk,Low Value,Monitor,0,1,2,2497.46,1215.87,0.486842632114228,1248.73,150.0,73,34.0,North,Basic,Organic,0,0.0,130,0,0.0,1248.73
C09935,0.266952746145843,26.7,Medium Risk,High Value,High Priority,1,1,4,28188.53,13726.63,0.4869579931979426,7047.1325,100.0,201,34.0,West,Basic,Email,0,0.0,61,0,0.0,7047.1325
C07866,0.2669121607394277,26.69,Medium Risk,Low Value,Monitor,1,1,2,2660.98,1104.1100000000001,0.4149260798653128,1330.49,0.0,56,37.0,South,Basic,Paid Ads,0,0.0,59,0,0.0,1330.49
C09084,0.26680706396966347,26.68,Medium Risk,Medium Value,Medium Priority,0,1,4,20659.27,9579.93,0.4637109636497321,5164.8175,175.0,17,28.0,North,Basic,Social Media,0,0.0,246,0,0.0,5164.8175
C06104,0.2667923840860782,26.68,Medium Risk,Low Value,Monitor,0,1,1,4267.68,2152.81,0.5044450380534623,4267.68,100.0,0,24.0,South,Basic,Paid Ads,0,0.0,0,0,0.0,4267.68
C04486,0.2667227489900852,26.67,Medium Risk,High Value,High Priority,0,1,5,25902.68,13215.52,0.5101989446651852,5180.536,190.0,104,28.0,North,Basic,Social Media,0,0.0,162,0,0.0,5180.536
C02263,0.2665984563142692,26.66,Medium Risk,Medium Value,Medium Priority,0,1,7,11459.06,4921.49,0.4294846174118994,1637.0085714285713,128.57142857142858,4,33.0,South,Basic,Paid Ads,0,0.0,222,1,0.14285714285714285,1637.0085714285713
C06337,0.26658556681262063,26.66,Medium Risk,Medium Value,Medium Priority,1,1,4,8878.34,4379.860000000001,0.49331969715059354,2219.585,137.5,5,31.0,East,Basic,Organic,0,0.0,194,1,0.25,2219.585
C05961,0.26642382877029347,26.64,Medium Risk,Medium Value,Medium Priority,0,1,7,10733.43,3867.96,0.3603656985697955,1533.347142857143,71.42857142857143,25,31.0,West,Basic,Referral,0,0.0,235,1,0.14285714285714285,1533.347142857143
C08226,0.26634355138361027,26.63,Medium Risk,Medium Value,Medium Priority,0,1,6,19452.77,9751.36,0.5012838788511867,3242.1283333333336,83.33333333333333,62,57.0,North,Basic,Referral,0,0.0,198,1,0.16666666666666666,3242.1283333333336
C07638,0.2661928022499428,26.62,Medium Risk,Medium Value,Medium Priority,0,1,3,14997.119999999999,8149.75,0.5434210034993385,4999.04,166.66666666666666,115,35.0,North,Basic,Referral,0,0.0,148,0,0.0,4999.04
C09263,0.26612386150338746,26.61,Medium Risk,Low Value,Monitor,0,1,3,4550.12,1798.18,0.3951939729062091,1516.7066666666667,250.0,35,60.0,North,Basic,Referral,0,0.0,226,0,0.0,1516.7066666666667
C08476,0.26602729856183577,26.6,Medium Risk,Medium Value,Medium Priority,0,1,4,14843.55,7219.62,0.4863809533433714,3710.8875,37.5,75,56.0,North,Basic,Paid Ads,0,0.0,95,0,0.0,3710.8875
C06277,0.2657537782492699,26.58,Medium Risk,Low Value,Monitor,1,1,3,4023.76,1620.76,0.4027973835417619,1341.2533333333333,100.0,35,34.0,West,Basic,Organic,0,0.0,216,1,0.3333333333333333,1341.2533333333333
C07937,0.2656899925868634,26.57,Medium Risk,Medium Value,Medium Priority,0,1,5,17979.010000000002,8770.529999999999,0.48782051959479406,3595.8020000000006,90.0,113,39.0,West,Basic,Paid Ads,0,0.0,83,0,0.0,3595.8020000000006
C07016,0.265685705772981,26.57,Medium Risk,Medium Value,Medium Priority,1,1,3,12504.37,6162.46,0.49282450855181026,4168.123333333334,33.333333333333336,109,23.0,South,Basic,Social Media,0,0.0,160,1,0.3333333333333333,4168.123333333334
C05362,0.2655645956881026,26.56,Medium Risk,Medium Value,Medium Priority,0,1,3,11598.41,6011.3099999999995,0.5182874204309038,3866.1366666666668,66.66666666666667,122,23.0,East,Basic,Organic,0,0.0,139,0,0.0,3866.1366666666668
C07011,0.2655591103105837,26.56,Medium Risk,High Value,High Priority,1,1,5,22784.39,12123.130000000001,0.5320805165290798,4556.878,100.0,65,44.0,West,Basic,Email,1,0.16666666666666666,195,0,0.0,4556.878
C04942,0.26544807503805723,26.54,Medium Risk,Medium Value,Medium Priority,0,1,4,8152.48,3488.29,0.4278808411673503,2038.12,112.5,0,44.0,West,Basic,Email,0,0.0,209,0,0.0,2038.12
C04559,0.2654293528340692,26.54,Medium Risk,Medium Value,Medium Priority,0,1,5,13756.68,6455.37,0.4692534826716911,2751.3360000000002,130.0,15,52.0,South,Basic,Social Media,0,0.0,254,0,0.0,2751.3360000000002
C04591,0.265371089143911,26.54,Medium Risk,Medium Value,Medium Priority,1,1,4,16926.22,8321.6,0.49163959820916897,4231.555,212.5,47,39.0,North,Basic,Organic,0,0.0,70,1,0.25,4231.555
C07532,0.2651752434532575,26.52,Medium Risk,Medium Value,Medium Priority,0,1,3,7638.820000000001,3630.77,0.4753050863876881,2546.2733333333335,83.33333333333333,36,56.0,East,Basic,Paid Ads,0,0.0,94,0,0.0,2546.2733333333335
C05054,0.26515419935207335,26.52,Medium Risk,Low Value,Monitor,0,1,2,5179.85,2389.9,0.4613840169116866,2589.925,225.0,32,28.0,East,Basic,Organic,0,0.0,182,0,0.0,2589.925
C07359,0.2650896776375317,26.51,Medium Risk,Low Value,Monitor,0,1,2,4854.95,2216.48,0.4565402321342136,2427.475,250.0,76,47.0,East,Basic,Paid Ads,0,0.0,62,0,0.0,2427.475
C04167,0.26490420128216396,26.49,Medium Risk,Medium Value,Medium Priority,0,1,5,10013.98,4406.35,0.4400198522465594,2002.7959999999998,130.0,30,27.0,West,Basic,Organic,0,0.0,162,0,0.0,2002.7959999999998
C08434,0.2645553779966249,26.46,Medium Risk,Medium Value,Medium Priority,0,1,2,5818.74,3165.5,0.5440181207615394,2909.37,25.0,198,44.0,South,Basic,Organic,0,0.0,51,0,0.0,2909.37
C07747,0.26439353530984555,26.44,Medium Risk,Low Value,Monitor,0,1,1,2190.09,813.4,0.3714002620896858,2190.09,100.0,163,59.0,East,Basic,Organic,1,0.5,0,0,0.0,2190.09
C06710,0.2643791633157329,26.44,Medium Risk,Medium Value,Medium Priority,0,1,4,11847.499999999998,5274.22,0.44517577548005915,2961.8749999999995,175.0,93,40.0,South,Basic,Organic,0,0.0,112,0,0.0,2961.8749999999995
C03530,0.2643747096627897,26.44,Medium Risk,Medium Value,Medium Priority,0,1,4,8437.640000000001,3821.16,0.45287070792306844,2109.4100000000003,37.5,108,45.0,West,Basic,Organic,0,0.0,130,1,0.25,2109.4100000000003
C04921,0.26431309984774315,26.43,Medium Risk,Low Value,Monitor,1,1,2,4183.48,2196.19,0.524967252144148,2091.74,50.0,92,20.0,South,Basic,Paid Ads,0,0.0,152,0,0.0,2091.74
C04120,0.26404424018900413,26.4,Medium Risk,High Value,High Priority,0,1,6,24440.96,10501.8,0.42968033988844956,4073.4933333333333,175.0,17,48.0,North,Basic,Social Media,0,0.0,250,0,0.0,4073.4933333333333
C06146,0.2638729948785494,26.39,Medium Risk,Medium Value,Medium Priority,1,1,2,6062.97,2984.43,0.4922389521966956,3031.485,75.0,25,45.0,East,Basic,Social Media,0,0.0,205,0,0.0,3031.485
C01772,0.26351005528032867,26.35,Medium Risk,Medium Value,Medium Priority,0,1,4,8168.83,3534.62,0.4326959919596809,2042.2075,112.5,22,23.0,South,Basic,Social Media,0,0.0,196,0,0.0,2042.2075
C09964,0.2633882469498474,26.34,Medium Risk,High Value,High Priority,1,1,2,22575.02,10442.48,0.4625679179907703,11287.51,400.0,199,59.0,North,Basic,Organic,0,0.0,27,0,0.0,11287.51
C07419,0.2633864327269754,26.34,Medium Risk,High Value,High Priority,0,1,4,27120.59,14489.02,0.534244277134089,6780.1475,137.5,24,48.0,East,Basic,Social Media,0,0.0,153,0,0.0,6780.1475
C04245,0.2633778640643767,26.34,Medium Risk,Low Value,Monitor,1,1,1,49.5,12.38,0.2501010101010101,49.5,0.0,10,44.0,West,Basic,Paid Ads,0,0.0,0,0,0.0,49.5
C03596,0.26332850508588124,26.33,Medium Risk,Low Value,Monitor,0,1,2,5358.92,2604.7200000000003,0.48605315996506765,2679.46,75.0,109,26.0,North,Basic,Organic,0,0.0,148,0,0.0,2679.46
C00706,0.2632620919778548,26.33,Medium Risk,Medium Value,Medium Priority,0,1,7,7186.86,3545.64,0.4933503644150575,1026.6942857142856,121.42857142857143,19,57.0,South,Basic,Referral,1,0.125,220,1,0.14285714285714285,1026.6942857142856
C04384,0.26312913964319085,26.31,Medium Risk,Low Value,Monitor,0,1,2,4648.27,1856.46,0.39938729893056985,2324.135,50.0,42,24.0,North,Basic,Organic,0,0.0,76,0,0.0,2324.135
C06297,0.2629540521342054,26.3,Medium Risk,Medium Value,Medium Priority,0,1,1,6379.58,2751.02,0.4312227450709921,6379.58,150.0,76,52.0,West,Basic,Organic,0,0.0,0,0,0.0,6379.58
C00796,0.2628388599555039,26.28,Medium Risk,High Value,High Priority,1,1,5,18815.29,9852.66,0.523651774700257,3763.058,130.0,14,44.0,South,Basic,Paid Ads,0,0.0,115,1,0.2,3763.058
C06158,0.26283697733287376,26.28,Medium Risk,Medium Value,Medium Priority,0,1,4,19273.84,9624.66,0.4993639046500334,4818.46,162.5,56,60.0,North,Basic,Social Media,0,0.0,213,0,0.0,4818.46
C05223,0.26272209061944746,26.27,Medium Risk,High Value,High Priority,1,1,4,21511.41,10110.49,0.4700059177896753,5377.8525,162.5,164,26.0,East,Basic,Organic,0,0.0,106,0,0.0,5377.8525
C06855,0.2626587863915139,26.27,Medium Risk,Medium Value,Medium Priority,0,1,6,13749.0,5277.9400000000005,0.383878100225471,2291.5,175.0,26,29.0,East,Basic,Social Media,0,0.0,224,0,0.0,2291.5
C05231,0.26231204747526965,26.23,Medium Risk,Medium Value,Medium Priority,1,1,3,11287.46,6140.34,0.5439966121696113,3762.486666666666,66.66666666666667,110,38.0,North,Basic,Referral,0,0.0,59,0,0.0,3762.486666666666
C03789,0.2622184550699431,26.22,Medium Risk,Low Value,Monitor,0,1,2,2306.32,1346.8899999999999,0.5839996184397654,1153.16,50.0,117,50.0,East,Basic,Paid Ads,0,0.0,121,0,0.0,1153.16
C01423,0.26198431533874816,26.2,Medium Risk,Low Value,Monitor,0,1,2,4504.9,2475.52,0.5495171923905081,2252.45,75.0,30,57.0,East,Basic,Organic,0,0.0,19,0,0.0,2252.45
C04287,0.261841195793819,26.18,Medium Risk,High Value,High Priority,0,1,6,31860.51,16797.05,0.527205936125944,5310.085,141.66666666666666,42,22.0,South,Basic,Paid Ads,0,0.0,184,2,0.3333333333333333,5310.085
C00219,0.26180311889320246,26.18,Medium Risk,Medium Value,Medium Priority,0,1,3,12821.56,6179.790000000001,0.4819842515263354,4273.8533333333335,66.66666666666667,150,44.0,North,Basic,Organic,0,0.0,102,0,0.0,4273.8533333333335
C03042,0.26179309284449226,26.18,Medium Risk,High Value,High Priority,0,1,4,20230.89,10118.49,0.5001505124094887,5057.7225,100.0,152,48.0,South,Basic,Organic,0,0.0,62,0,0.0,5057.7225
C07055,0.2617156096135314,26.17,Medium Risk,Medium Value,Medium Priority,0,1,5,8181.42,3726.7799999999997,0.45551750185175677,1636.284,90.0,12,49.0,West,Basic,Paid Ads,0,0.0,197,0,0.0,1636.284
C06275,0.2615516724709884,26.16,Medium Risk,Medium Value,Medium Priority,0,1,1,10177.14,5719.22,0.5619673110520245,10177.14,0.0,80,30.0,North,Basic,Paid Ads,0,0.0,0,0,0.0,10177.14
C06849,0.2614734123388818,26.15,Medium Risk,Medium Value,Medium Priority,0,1,3,8487.33,4280.96,0.5043941969971711,2829.11,83.33333333333333,56,52.0,North,Basic,Referral,0,0.0,50,0,0.0,2829.11
C04977,0.26146725977527724,26.15,Medium Risk,Medium Value,Medium Priority,0,1,3,9750.84,4882.17,0.5006922480524755,3250.28,150.0,45,51.0,East,Basic,Paid Ads,0,0.0,166,0,0.0,3250.28
C08288,0.2614597439505261,26.15,Medium Risk,Medium Value,Medium Priority,0,1,3,10267.89,4006.9800000000005,0.3902437599156205,3422.6299999999997,166.66666666666666,105,45.0,East,Basic,Organic,0,0.0,34,0,0.0,3422.6299999999997
C05528,0.26133431289441983,26.13,Medium Risk,Medium Value,Medium Priority,0,1,3,6860.1,3399.11,0.49548986166382414,2286.7000000000003,66.66666666666667,41,46.0,East,Basic,Organic,0,0.0,187,0,0.0,2286.7000000000003
C07047,0.2612782957109095,26.13,Medium Risk,Low Value,Monitor,1,1,1,0.0,0.0,0.0,0.0,0.0,64,56.0,North,Basic,Social Media,0,0.0,0,1,1.0,0.0
C05879,0.2611930179798795,26.12,Medium Risk,Medium Value,Medium Priority,0,1,2,12832.93,6536.15,0.5093263970114384,6416.465,25.0,91,40.0,West,Basic,Organic,0,0.0,108,0,0.0,6416.465
C08210,0.2611560277520146,26.12,Medium Risk,High Value,High Priority,0,1,3,17450.789999999997,10185.84,0.5836893344083564,5816.929999999999,16.666666666666668,19,27.0,East,Basic,Email,0,0.0,138,0,0.0,5816.929999999999
C04114,0.2610733801435085,26.11,Medium Risk,Medium Value,Medium Priority,0,1,4,21079.23,9610.039999999999,0.4559009034011204,5269.8075,187.5,133,36.0,East,Basic,Organic,0,0.0,105,0,0.0,5269.8075
C07090,0.26105708233598734,26.11,Medium Risk,Medium Value,Medium Priority,0,1,4,19160.85,8493.66,0.4432820047127346,4790.2125,175.0,58,20.0,East,Basic,Social Media,0,0.0,154,0,0.0,4790.2125
C01521,0.26073822651718964,26.07,Medium Risk,Medium Value,Medium Priority,1,1,2,8948.32,4197.86,0.46912269565683834,4474.16,75.0,174,19.0,East,Basic,Referral,0,0.0,55,0,0.0,4474.16
C07830,0.2607045728471124,26.07,Medium Risk,Medium Value,Medium Priority,0,1,2,8407.89,4508.27,0.5361951690614412,4203.945,0.0,34,38.0,East,Basic,Organic,0,0.0,119,0,0.0,4203.945
C05697,0.2605166385603044,26.05,Medium Risk,Medium Value,Medium Priority,1,1,3,9954.900000000001,5005.27,0.5027946036625179,3318.3000000000006,150.0,150,31.0,West,Basic,Email,1,0.25,109,0,0.0,3318.3000000000006
C05686,0.260461483021305,26.05,Medium Risk,Medium Value,Medium Priority,1,1,4,12441.52,4325.23,0.3476448215330602,3110.38,162.5,42,46.0,North,Basic,Organic,0,0.0,200,0,0.0,3110.38
C01481,0.2603383902081018,26.03,Medium Risk,Medium Value,Medium Priority,1,1,4,10379.38,4532.82,0.436713946305078,2594.845,112.5,16,43.0,South,Basic,Email,0,0.0,202,0,0.0,2594.845
C04874,0.26021487901154416,26.02,Medium Risk,High Value,High Priority,0,1,3,19535.879999999997,10614.880000000001,0.5433530508991662,6511.959999999999,133.33333333333334,83,54.0,East,Basic,Paid Ads,0,0.0,82,0,0.0,6511.959999999999
C08306,0.2601925740661468,26.02,Medium Risk,Low Value,Monitor,0,1,2,3211.4700000000003,1073.87,0.3343858108592015,1605.7350000000001,125.0,211,29.0,East,Basic,Email,1,0.3333333333333333,42,1,0.5,1605.7350000000001
C06965,0.2601330546906182,26.01,Medium Risk,High Value,High Priority,0,1,7,28137.72,13854.46,0.4923803350093753,4019.674285714286,157.14285714285714,1,24.0,West,Basic,Social Media,0,0.0,267,1,0.14285714285714285,4019.674285714286
C06194,0.2601056096750437,26.01,Medium Risk,Medium Value,Medium Priority,0,1,8,21173.35,9707.05,0.45845603081231834,2646.66875,143.75,5,45.0,South,Basic,Paid Ads,0,0.0,215,1,0.125,2646.66875
C01629,0.260008870130457,26.0,Medium Risk,Medium Value,Medium Priority,1,1,9,18071.62,8580.91,0.47482793462899286,2007.9577777777777,133.33333333333334,4,20.0,East,Basic,Paid Ads,0,0.0,221,1,0.1111111111111111,2007.9577777777777
C09256,0.2599454963037502,25.99,Medium Risk,Medium Value,Medium Priority,0,1,4,12568.77,5466.37,0.43491686139534735,3142.1925,100.0,55,44.0,West,Basic,Organic,0,0.0,165,0,0.0,3142.1925
C09863,0.25988058009176146,25.99,Medium Risk,High Value,High Priority,0,1,6,22174.25,11151.74,0.5029139655230729,3695.7083333333335,116.66666666666667,4,41.0,South,Basic,Paid Ads,0,0.0,137,1,0.16666666666666666,3695.7083333333335
C06428,0.2598538525320839,25.99,Medium Risk,Low Value,Monitor,0,1,2,5894.52,2365.82,0.40135922857162243,2947.26,300.0,59,28.0,South,Basic,Paid Ads,0,0.0,80,0,0.0,2947.26
C00080,0.25966206805915776,25.97,Medium Risk,Medium Value,Medium Priority,1,1,5,9910.59,3629.7,0.36624459290516503,1982.118,100.0,15,52.0,East,Basic,Paid Ads,0,0.0,159,0,0.0,1982.118
C05813,0.259640728895281,25.96,Medium Risk,Medium Value,Medium Priority,0,1,5,16224.55,7662.72,0.4722916814333834,3244.91,160.0,94,55.0,South,Basic,Organic,0,0.0,144,0,0.0,3244.91
C02916,0.25961026945709553,25.96,Medium Risk,Low Value,Monitor,1,1,3,5305.41,1651.0200000000002,0.3111955532183187,1768.47,100.0,43,43.0,North,Basic,Paid Ads,0,0.0,139,0,0.0,1768.47
C00287,0.2595210928242745,25.95,Medium Risk,Medium Value,Medium Priority,0,1,3,11344.960000000001,6399.72,0.5641024736975714,3781.6533333333336,83.33333333333333,15,32.0,West,Basic,Organic,0,0.0,175,0,0.0,3781.6533333333336
C02800,0.2595054356729632,25.95,Medium Risk,Medium Value,Medium Priority,0,1,4,8239.019999999999,4160.46,0.5049702513162975,2059.7549999999997,75.0,114,22.0,East,Basic,Organic,0,0.0,156,0,0.0,2059.7549999999997
C07627,0.2594598673465635,25.95,Medium Risk,Low Value,Monitor,0,1,3,5939.63,2648.92,0.44597390746561655,1979.8766666666668,150.0,14,45.0,South,Basic,Organic,0,0.0,180,0,0.0,1979.8766666666668
C00704,0.25938271288572384,25.94,Medium Risk,Low Value,Monitor,1,1,3,4596.93,1828.54,0.397774166672105,1532.3100000000002,116.66666666666667,6,26.0,East,Basic,Organic,0,0.0,240,0,0.0,1532.3100000000002
C00387,0.25931681861025424,25.93,Medium Risk,Medium Value,Medium Priority,0,1,4,12699.48,6872.41,0.5411568032706852,3174.87,112.5,11,27.0,West,Basic,Paid Ads,0,0.0,185,0,0.0,3174.87
C03642,0.25919811915456575,25.92,Medium Risk,Medium Value,Medium Priority,0,1,6,17030.67,7953.46,0.46700805076958224,2838.4449999999997,50.0,7,22.0,South,Basic,Organic,0,0.0,202,1,0.16666666666666666,2838.4449999999997
C09429,0.25918371633865556,25.92,Medium Risk,Low Value,Monitor,0,1,2,1969.78,1066.91,0.5416391678258486,984.89,50.0,137,52.0,West,Basic,Paid Ads,0,0.0,132,1,0.5,984.89
C07558,0.25907526238758477,25.91,Medium Risk,High Value,High Priority,0,1,9,46657.41,22874.76,0.49027067726219686,5184.156666666667,155.55555555555554,27,53.0,West,Basic,Social Media,0,0.0,236,1,0.1111111111111111,5184.156666666667
C05089,0.2589735231043468,25.9,Medium Risk,Low Value,Monitor,0,1,4,6505.14,2327.91,0.35785701768140266,1626.285,125.0,37,40.0,North,Basic,Organic,0,0.0,178,0,0.0,1626.285
C03179,0.25895689994617727,25.9,Medium Risk,Medium Value,Medium Priority,0,1,4,9911.0,4490.96,0.45312884673594994,2477.75,100.0,26,56.0,South,Basic,Organic,0,0.0,134,0,0.0,2477.75
C07682,0.2588827905615745,25.89,Medium Risk,High Value,High Priority,0,1,5,27655.83,14718.06,0.5321865226970226,5531.166,60.0,98,32.0,North,Basic,Referral,0,0.0,80,0,0.0,5531.166
C02389,0.2587847154983527,25.88,Medium Risk,Low Value,Monitor,0,1,3,3639.6800000000003,1729.9499999999998,0.4753027738702303,1213.2266666666667,183.33333333333334,9,59.0,North,Basic,Referral,0,0.0,199,1,0.3333333333333333,1213.2266666666667
C06986,0.2587355198104136,25.87,Medium Risk,Low Value,Monitor,0,1,2,4152.68,2131.75,0.5133431904216073,2076.34,100.0,91,48.0,West,Basic,Email,1,0.3333333333333333,24,0,0.0,2076.34
C02447,0.2584746665789657,25.85,Medium Risk,Medium Value,Medium Priority,0,1,2,11671.21,5540.33,0.47470056660791815,5835.605,25.0,94,28.0,West,Basic,Paid Ads,0,0.0,0,0,0.0,5835.605
C00518,0.25830112158490287,25.83,Medium Risk,Medium Value,Medium Priority,0,1,4,14561.25,7063.68,0.4851012104043266,3640.3125,137.5,62,55.0,South,Basic,Organic,0,0.0,129,0,0.0,3640.3125
C09580,0.2582601191810916,25.83,Medium Risk,Medium Value,Medium Priority,0,1,5,14000.15,6438.81,0.45991007239208154,2800.0299999999997,140.0,4,39.0,East,Basic,Paid Ads,0,0.0,247,2,0.4,2800.0299999999997
C04227,0.2581494438799026,25.81,Medium Risk,Medium Value,Medium Priority,0,1,5,8256.82,3685.83,0.44639825017379575,1651.364,160.0,67,32.0,West,Basic,Organic,0,0.0,192,0,0.0,1651.364
C04003,0.25814282123953597,25.81,Medium Risk,Medium Value,Medium Priority,0,1,5,17027.35,8545.66,0.501878448496096,3405.47,100.0,47,39.0,South,Basic,Referral,0,0.0,186,1,0.2,3405.47
C06960,0.258060134001002,25.81,Medium Risk,Low Value,Monitor,0,1,2,5041.96,2088.2599999999998,0.4141762330522257,2520.98,25.0,13,39.0,South,Basic,Organic,0,0.0,132,0,0.0,2520.98
C02054,0.2580462021872562,25.8,Medium Risk,Medium Value,Medium Priority,1,1,6,19914.77,9336.28,0.46881184166324796,3319.1283333333336,233.33333333333334,85,51.0,South,Basic,Paid Ads,0,0.0,153,0,0.0,3319.1283333333336
C09617,0.2580426671365423,25.8,Medium Risk,Medium Value,Medium Priority,0,1,3,11227.43,4892.43,0.43575689182653554,3742.476666666667,66.66666666666667,43,34.0,North,Basic,Paid Ads,0,0.0,68,0,0.0,3742.476666666667
C01250,0.2579055253088463,25.79,Medium Risk,Medium Value,Medium Priority,1,1,5,14318.689999999999,6925.110000000001,0.4836413107623673,2863.738,140.0,5,46.0,North,Basic,Organic,0,0.0,257,0,0.0,2863.738
C09898,0.2578337911091024,25.78,Medium Risk,Medium Value,Medium Priority,0,1,4,19016.870000000003,8808.73,0.46320609017151604,4754.217500000001,125.0,2,57.0,North,Basic,Organic,0,0.0,210,1,0.25,4754.217500000001
C03455,0.25783332539194137,25.78,Medium Risk,High Value,High Priority,0,1,8,22903.85,10451.09,0.4563027613261526,2862.98125,225.0,41,30.0,South,Basic,Social Media,0,0.0,223,0,0.0,2862.98125
C04560,0.2577638977310148,25.78,Medium Risk,Low Value,Monitor,1,1,6,5359.92,2020.46,0.3769571187629666,893.32,58.333333333333336,43,18.0,South,Basic,Paid Ads,0,0.0,133,0,0.0,893.32
C02900,0.2575726761637947,25.76,Medium Risk,Medium Value,Medium Priority,0,1,3,13067.599999999999,6326.82,0.48416082524717624,4355.866666666666,116.66666666666667,46,30.0,East,Basic,Paid Ads,0,0.0,167,0,0.0,4355.866666666666
C05306,0.25750854953710994,25.75,Medium Risk,Low Value,Monitor,0,1,3,6243.07,2350.62,0.37651668169666525,2081.023333333333,150.0,4,21.0,North,Basic,Referral,0,0.0,120,0,0.0,2081.023333333333
C06907,0.25748453969559826,25.75,Medium Risk,Medium Value,Medium Priority,1,1,6,19261.32,9577.94,0.4972629082534323,3210.22,100.0,80,18.0,East,Basic,Referral,0,0.0,161,0,0.0,3210.22
C02106,0.2573977739090085,25.74,Medium Risk,Medium Value,Medium Priority,1,1,7,17614.43,7554.549999999999,0.4288841591808534,2516.347142857143,164.28571428571428,14,33.0,West,Basic,Paid Ads,0,0.0,190,0,0.0,2516.347142857143
C08020,0.25729793025659575,25.73,Medium Risk,Medium Value,Medium Priority,0,1,7,15673.869999999999,7453.92,0.4755634696472537,2239.1242857142856,142.85714285714286,46,29.0,South,Basic,Organic,0,0.0,217,0,0.0,2239.1242857142856
C06068,0.25724860074898825,25.72,Medium Risk,Medium Value,Medium Priority,0,1,5,15600.05,7494.26,0.4803997423085183,3120.0099999999998,220.0,41,59.0,West,Basic,Referral,0,0.0,188,0,0.0,3120.0099999999998
C03832,0.25724267577049614,25.72,Medium Risk,Medium Value,Medium Priority,0,1,3,10363.64,4966.78,0.479250533596304,3454.5466666666666,66.66666666666667,40,54.0,South,Basic,Paid Ads,0,0.0,124,0,0.0,3454.5466666666666
C08526,0.25722041747720154,25.72,Medium Risk,High Value,High Priority,0,1,5,20771.68,10109.03,0.48667368262942623,4154.336,140.0,86,18.0,East,Basic,Organic,0,0.0,175,0,0.0,4154.336
C08547,0.2572129415168949,25.72,Medium Risk,Medium Value,Medium Priority,1,1,4,10270.1,4945.39,0.48153279909640606,2567.525,262.5,19,30.0,South,Basic,Organic,0,0.0,243,0,0.0,2567.525
C04047,0.2572080011490241,25.72,Medium Risk,Medium Value,Medium Priority,1,1,6,18199.34,9516.03,0.5228777527097137,3033.2233333333334,83.33333333333333,129,50.0,West,Basic,Organic,0,0.0,127,0,0.0,3033.2233333333334
C09094,0.25719442519874897,25.72,Medium Risk,Low Value,Monitor,1,1,2,695.15,186.26999999999998,0.2679565561389628,347.575,100.0,172,40.0,North,Basic,Referral,1,0.3333333333333333,98,0,0.0,347.575
C03303,0.2569693376898258,25.7,Medium Risk,Low Value,Monitor,0,1,2,604.36,315.23,0.5215930902111324,302.18,0.0,110,45.0,North,Basic,Social Media,1,0.3333333333333333,147,0,0.0,302.18
C00963,0.25694896965157826,25.69,Medium Risk,Medium Value,Medium Priority,0,1,7,13989.99,5124.85,0.3663226349697177,1998.57,214.28571428571428,8,30.0,West,Basic,Organic,0,0.0,258,0,0.0,1998.57
C02841,0.2568640950571404,25.69,Medium Risk,Low Value,Monitor,0,1,2,3466.01,1712.38,0.4940493535794761,1733.005,75.0,93,23.0,West,Basic,Referral,0,0.0,158,0,0.0,1733.005
C02862,0.2565906581246119,25.66,Medium Risk,Medium Value,Medium Priority,0,1,2,12060.06,6269.79,0.5198804981069746,6030.03,225.0,86,55.0,West,Basic,Organic,0,0.0,112,0,0.0,6030.03
C01551,0.25640669530644455,25.64,Medium Risk,Medium Value,Medium Priority,0,1,3,17147.14,8920.49,0.5202319453856445,5715.713333333333,233.33333333333334,68,51.0,South,Basic,Paid Ads,0,0.0,180,1,0.3333333333333333,5715.713333333333
C08524,0.2563701294350314,25.64,Medium Risk,Medium Value,Medium Priority,0,1,6,12751.220000000001,6869.4,0.5387249220074627,2125.2033333333334,75.0,55,25.0,West,Basic,Organic,0,0.0,170,0,0.0,2125.2033333333334
C08852,0.25627361494615514,25.63,Medium Risk,Low Value,Monitor,0,1,2,3960.13,1882.98,0.4754843906639428,1980.065,225.0,55,23.0,West,Basic,Organic,0,0.0,159,1,0.5,1980.065
C01317,0.2561515375238546,25.62,Medium Risk,Medium Value,Medium Priority,0,1,4,8734.49,4147.110000000001,0.4747970402393272,2183.6225,37.5,56,59.0,North,Basic,Paid Ads,0,0.0,176,0,0.0,2183.6225
C05672,0.25607068211878425,25.61,Medium Risk,Medium Value,Medium Priority,0,1,4,9420.619999999999,4318.18,0.4583753510915418,2355.1549999999997,62.5,25,35.0,West,Basic,Organic,0,0.0,96,0,0.0,2355.1549999999997
C09764,0.2560313667496167,25.6,Medium Risk,Medium Value,Medium Priority,0,1,5,11023.29,5364.48,0.48664963001064104,2204.6580000000004,130.0,113,56.0,South,Basic,Organic,0,0.0,143,0,0.0,2204.6580000000004
C03305,0.2559405450197631,25.59,Medium Risk,Medium Value,Medium Priority,1,1,3,7668.9400000000005,3901.5,0.5087404517443088,2556.3133333333335,200.0,49,23.0,East,Basic,Paid Ads,0,0.0,175,0,0.0,2556.3133333333335
C02352,0.25581871887167923,25.58,Medium Risk,High Value,High Priority,1,1,5,20764.87,10222.7,0.4923074404029498,4152.974,80.0,70,49.0,South,Basic,Social Media,0,0.0,183,0,0.0,4152.974
C07728,0.2557411057477441,25.57,Medium Risk,Medium Value,Medium Priority,0,1,2,17895.81,8290.88,0.46328609881307403,8947.905,150.0,61,22.0,West,Basic,Referral,0,0.0,67,0,0.0,8947.905
C03378,0.2557172685912975,25.57,Medium Risk,Medium Value,Medium Priority,0,1,5,19554.96,9542.41,0.48797900890618034,3910.9919999999997,110.0,41,60.0,East,Basic,Organic,0,0.0,141,0,0.0,3910.9919999999997
C03872,0.2556805102774695,25.57,Medium Risk,Low Value,Monitor,0,1,3,6457.17,2663.78,0.41253056679629,2152.39,200.0,54,51.0,East,Basic,Organic,0,0.0,174,0,0.0,2152.39
C02144,0.2556190703549006,25.56,Medium Risk,High Value,High Priority,1,1,5,22188.65,11676.85,0.5262532871535672,4437.7300000000005,80.0,109,39.0,West,Basic,Referral,0,0.0,124,1,0.2,4437.7300000000005
C08464,0.25548658392198365,25.55,Medium Risk,Medium Value,Medium Priority,0,1,6,8659.76,3851.1,0.4447120936376989,1443.2933333333333,125.0,48,40.0,South,Basic,Organic,0,0.0,153,0,0.0,1443.2933333333333
C05925,0.2554331682153193,25.54,Medium Risk,Medium Value,Medium Priority,0,1,2,6077.5599999999995,2869.7200000000003,0.4721829155121464,3038.7799999999997,175.0,11,54.0,West,Basic,Social Media,1,0.3333333333333333,138,0,0.0,3038.7799999999997
C04435,0.25534404339029787,25.53,Medium Risk,Low Value,Monitor,1,1,2,1896.31,944.61,0.4981305799157311,948.155,25.0,7,34.0,East,Basic,Social Media,1,0.3333333333333333,72,1,0.5,948.155
C01381,0.2553400235532868,25.53,Medium Risk,Medium Value,Medium Priority,0,1,4,10780.95,4936.49,0.45789007462236625,2695.2375,37.5,110,20.0,East,Basic,Paid Ads,0,0.0,140,0,0.0,2695.2375
C04311,0.2552800431092931,25.53,Medium Risk,Low Value,Monitor,0,1,2,3368.98,1400.48,0.41569852002683305,1684.49,50.0,14,29.0,West,Basic,Organic,0,0.0,223,1,0.5,1684.49
C09233,0.25519927135344966,25.52,Medium Risk,Medium Value,Medium Priority,1,1,6,20794.510000000002,9652.89,0.464203773015089,3465.751666666667,58.333333333333336,132,57.0,South,Basic,Referral,0,0.0,108,0,0.0,3465.751666666667
C07542,0.255151605529995,25.52,Medium Risk,Medium Value,Medium Priority,0,1,7,11220.0,4332.85,0.3861720142602496,1602.857142857143,85.71428571428571,41,28.0,East,Basic,Organic,0,0.0,156,0,0.0,1602.857142857143
C02686,0.25503482505541797,25.5,Medium Risk,High Value,High Priority,1,1,8,21618.69,11312.95,0.5232948897458635,2702.33625,112.5,11,40.0,East,Basic,Organic,0,0.0,237,1,0.125,2702.33625
C03458,0.2549913108050562,25.5,Medium Risk,Medium Value,Medium Priority,1,1,2,16009.26,8972.07,0.5604300261223817,8004.63,150.0,66,26.0,North,Basic,Paid Ads,0,0.0,121,0,0.0,8004.63
C05682,0.2548913606257955,25.49,Medium Risk,Low Value,Monitor,1,1,3,2337.9300000000003,773.38,0.33079690153255226,779.3100000000001,66.66666666666667,62,27.0,West,Basic,Referral,0,0.0,192,0,0.0,779.3100000000001
C02576,0.2547837108555814,25.48,Medium Risk,Medium Value,Medium Priority,1,1,2,11449.650000000001,5741.21,0.5014310481106409,5724.825000000001,100.0,48,50.0,North,Basic,Referral,0,0.0,75,0,0.0,5724.825000000001
C03324,0.25468797749521366,25.47,Medium Risk,High Value,High Priority,0,1,6,26236.72,12442.93,0.4742563094777091,4372.786666666667,150.0,9,28.0,North,Basic,Email,0,0.0,257,0,0.0,4372.786666666667
C03655,0.25458971338160435,25.46,Medium Risk,Medium Value,Medium Priority,1,1,2,7999.89,3736.7799999999997,0.4671039226789368,3999.945,300.0,28,35.0,East,Basic,Paid Ads,0,0.0,161,0,0.0,3999.945
C04650,0.25448117206405624,25.45,Medium Risk,Medium Value,Medium Priority,0,1,4,18462.25,9528.630000000001,0.5161142330972661,4615.5625,137.5,23,25.0,East,Basic,Referral,0,0.0,129,0,0.0,4615.5625
C01115,0.25442401161520356,25.44,Medium Risk,High Value,High Priority,1,1,5,23483.2,11077.51,0.4717206343258159,4696.64,190.0,0,45.0,North,Basic,Social Media,0,0.0,261,0,0.0,4696.64
C09176,0.254354463046098,25.44,Medium Risk,Low Value,Monitor,0,1,2,2520.86,1076.77,0.42714391120490625,1260.43,75.0,11,49.0,East,Basic,Referral,0,0.0,101,0,0.0,1260.43
C04256,0.2542425363662037,25.42,Medium Risk,High Value,High Priority,0,1,6,23399.0,10692.83,0.45697807598615325,3899.8333333333335,150.0,25,30.0,North,Basic,Paid Ads,0,0.0,189,1,0.16666666666666666,3899.8333333333335
C09686,0.2541060415758701,25.41,Medium Risk,Medium Value,Medium Priority,0,1,4,10836.15,4783.56,0.44144460901704025,2709.0375,112.5,34,60.0,West,Basic,Paid Ads,0,0.0,196,1,0.25,2709.0375
C03954,0.25402355199020643,25.4,Medium Risk,Medium Value,Medium Priority,1,1,5,9253.45,3909.11,0.42244892445520316,1850.69,160.0,35,46.0,East,Basic,Referral,0,0.0,130,0,0.0,1850.69
C00053,0.2540024109770258,25.4,Medium Risk,Medium Value,Medium Priority,0,1,5,15680.5,8006.83,0.5106233857338732,3136.1,120.0,14,44.0,South,Basic,Referral,0,0.0,220,2,0.4,3136.1
C01681,0.25398844897488465,25.4,Medium Risk,Medium Value,Medium Priority,0,1,5,13893.57,6152.08,0.4428005185132403,2778.714,100.0,43,54.0,West,Basic,Social Media,1,0.16666666666666666,98,1,0.2,2778.714
C05628,0.2539621405865015,25.4,Medium Risk,High Value,High Priority,0,1,6,39415.69,21260.16,0.5393831745683001,6569.281666666667,25.0,66,52.0,West,Basic,Organic,0,0.0,92,2,0.3333333333333333,6569.281666666667
C08817,0.25382633349501005,25.38,Medium Risk,High Value,High Priority,0,1,7,23746.8,10430.83,0.43925202553607223,3392.4,121.42857142857143,29,40.0,North,Basic,Referral,1,0.125,220,1,0.14285714285714285,3392.4
C04902,0.2536962796246353,25.37,Medium Risk,Low Value,Monitor,1,1,4,5248.68,2244.08,0.4275513081384271,1312.17,162.5,20,57.0,West,Basic,Paid Ads,0,0.0,220,0,0.0,1312.17
C01683,0.253670308103266,25.37,Medium Risk,High Value,High Priority,0,1,5,28525.760000000002,14585.96,0.5113259033238728,5705.152,70.0,20,39.0,North,Basic,Social Media,0,0.0,200,0,0.0,5705.152
C00743,0.2536098976912081,25.36,Medium Risk,High Value,High Priority,1,1,9,37729.25,17816.65,0.47222380513792356,4192.138888888889,144.44444444444446,13,33.0,North,Basic,Organic,0,0.0,255,1,0.1111111111111111,4192.138888888889
C04775,0.2534753896738917,25.35,Medium Risk,Medium Value,Medium Priority,0,1,2,9422.98,5135.92,0.5450420143096982,4711.49,0.0,146,48.0,West,Basic,Social Media,1,0.3333333333333333,34,0,0.0,4711.49
C08110,0.25343698651965574,25.34,Medium Risk,Low Value,Monitor,1,1,2,5419.37,2231.67,0.4117950979541903,2709.685,225.0,83,46.0,South,Basic,Organic,0,0.0,188,0,0.0,2709.685
C03999,0.2532450500807915,25.32,Medium Risk,High Value,High Priority,0,1,3,22573.56,11051.79,0.489590033649987,7524.52,16.666666666666668,142,49.0,North,Basic,Organic,0,0.0,51,0,0.0,7524.52
C01356,0.25315588074274603,25.32,Medium Risk,High Value,High Priority,0,1,7,24520.29,11405.17,0.46513193767284156,3502.8985714285714,92.85714285714286,4,33.0,South,Basic,Paid Ads,0,0.0,221,1,0.14285714285714285,3502.8985714285714
C08207,0.2530268275156897,25.3,Medium Risk,Medium Value,Medium Priority,0,1,3,15182.64,7042.06,0.4638231559201826,5060.88,83.33333333333333,81,33.0,East,Basic,Organic,0,0.0,62,0,0.0,5060.88
C04341,0.2529421091465907,25.29,Medium Risk,Medium Value,Medium Priority,0,1,4,17680.32,9018.289999999999,0.5100750438906083,4420.08,112.5,32,31.0,West,Basic,Organic,0,0.0,156,1,0.25,4420.08
C04054,0.25274613079126707,25.27,Medium Risk,Medium Value,Medium Priority,0,1,3,6371.549999999999,2915.28,0.45754643689526103,2123.85,66.66666666666667,28,45.0,North,Basic,Organic,0,0.0,240,0,0.0,2123.85
C08044,0.2525884652215354,25.26,Medium Risk,High Value,High Priority,0,1,3,22697.17,11410.04,0.5027076062786683,7565.723333333332,183.33333333333334,104,39.0,North,Basic,Referral,0,0.0,95,1,0.3333333333333333,7565.723333333332
C03388,0.2524106084772957,25.24,Medium Risk,Medium Value,Medium Priority,0,1,5,11987.03,5064.18,0.4224716214108082,2397.406,80.0,21,46.0,North,Basic,Organic,0,0.0,192,0,0.0,2397.406
C07628,0.2523093771395402,25.23,Medium Risk,High Value,High Priority,0,1,6,22568.76,11267.67,0.4992595960079331,3761.4599999999996,100.0,30,45.0,West,Basic,Organic,0,0.0,186,1,0.16666666666666666,3761.4599999999996
C01689,0.2522725960317525,25.23,Medium Risk,High Value,High Priority,0,1,8,29535.73,13310.0,0.45064063085625444,3691.96625,100.0,44,19.0,North,Basic,Paid Ads,0,0.0,188,0,0.0,3691.96625
C08707,0.25227201932247245,25.23,Medium Risk,High Value,High Priority,0,1,3,23811.559999999998,13700.34,0.5753650747788049,7937.186666666666,200.0,13,33.0,North,Basic,Paid Ads,0,0.0,232,0,0.0,7937.186666666666
C00284,0.25213809008000476,25.21,Medium Risk,High Value,High Priority,1,1,5,27832.63,15145.15,0.5441508761478883,5566.526,140.0,159,23.0,East,Basic,Paid Ads,0,0.0,99,0,0.0,5566.526
C06685,0.25188855004177063,25.19,Medium Risk,Low Value,Monitor,1,1,6,5482.71,1537.96,0.28051091522258154,913.785,258.3333333333333,106,54.0,North,Basic,Referral,1,0.14285714285714285,165,2,0.3333333333333333,913.785
C01833,0.2515076400173143,25.15,Medium Risk,High Value,High Priority,0,1,5,19793.4,9904.960000000001,0.5004173108207787,3958.6800000000003,200.0,0,52.0,North,Basic,Referral,0,0.0,251,0,0.0,3958.6800000000003
C09750,0.251404605241313,25.14,Medium Risk,Medium Value,Medium Priority,0,1,7,15960.66,7461.94,0.46752076668508696,2280.094285714286,100.0,16,28.0,South,Basic,Paid Ads,0,0.0,252,0,0.0,2280.094285714286
C03518,0.251323574931024,25.13,Medium Risk,Medium Value,Medium Priority,1,1,7,21051.31,9423.63,0.44765052626178603,3007.3300000000004,107.14285714285714,30,28.0,West,Basic,Paid Ads,0,0.0,237,0,0.0,3007.3300000000004
C00868,0.251242498772259,25.12,Medium Risk,Low Value,Monitor,0,1,1,3545.09,1688.99,0.4764307817290957,3545.09,300.0,16,45.0,East,Basic,Paid Ads,0,0.0,0,1,1.0,3545.09
C03571,0.2511655191586079,25.12,Medium Risk,High Value,High Priority,1,1,3,19607.659999999996,10704.9,0.5459549992196928,6535.886666666665,100.0,75,49.0,West,Basic,Referral,0,0.0,188,0,0.0,6535.886666666665
C06526,0.2509222249175469,25.09,Medium Risk,Medium Value,Medium Priority,0,1,6,19726.61,9624.83,0.48791099940638555,3287.7683333333334,158.33333333333334,18,29.0,South,Basic,Referral,0,0.0,163,0,0.0,3287.7683333333334
C00697,0.2507827468679983,25.08,Medium Risk,High Value,High Priority,0,1,7,26258.010000000002,13909.01,0.5297054117962481,3751.144285714286,142.85714285714286,29,44.0,West,Basic,Organic,0,0.0,243,0,0.0,3751.144285714286
C07332,0.25073550781474563,25.07,Medium Risk,Medium Value,Medium Priority,0,1,4,11864.53,5965.91,0.5028357634057143,2966.1325,137.5,26,56.0,South,Basic,Organic,0,0.0,113,0,0.0,2966.1325
C07109,0.25066351056250336,25.07,Medium Risk,High Value,High Priority,1,1,3,26642.989999999998,12359.31,0.46388599778027917,8880.996666666666,0.0,134,28.0,South,Basic,Organic,0,0.0,24,0,0.0,8880.996666666666
C01678,0.2505865426866676,25.06,Medium Risk,Medium Value,Medium Priority,0,1,7,17671.59,9038.52,0.511471803046585,2524.5128571428572,21.428571428571427,6,30.0,West,Basic,Referral,0,0.0,249,1,0.14285714285714285,2524.5128571428572
C08083,0.2503526454073791,25.04,Medium Risk,Medium Value,Medium Priority,0,1,5,19208.23,8515.369999999999,0.44331882739846407,3841.6459999999997,170.0,27,24.0,East,Basic,Organic,0,0.0,239,0,0.0,3841.6459999999997
C04382,0.2502973324144041,25.03,Medium Risk,Medium Value,Medium Priority,0,1,3,8398.81,3621.49,0.4311908472747925,2799.603333333333,66.66666666666667,61,22.0,East,Basic,Referral,0,0.0,185,1,0.3333333333333333,2799.603333333333
C07404,0.25027117781505487,25.03,Medium Risk,High Value,High Priority,0,1,2,20632.42,11430.41,0.5540023904127582,10316.21,125.0,125,36.0,West,Basic,Email,1,0.3333333333333333,129,0,0.0,10316.21
C07513,0.2502654485753594,25.03,Medium Risk,Medium Value,Medium Priority,0,1,3,10742.23,4860.62,0.45247774437896043,3580.7433333333333,166.66666666666666,62,41.0,East,Basic,Referral,0,0.0,181,1,0.3333333333333333,3580.7433333333333
C09354,0.2502305833534402,25.02,Medium Risk,High Value,High Priority,1,1,3,18106.55,9822.5,0.5424832450135448,6035.516666666666,166.66666666666666,73,30.0,East,Basic,Organic,0,0.0,136,0,0.0,6035.516666666666
C05196,0.25021622969749424,25.02,Medium Risk,Medium Value,Medium Priority,0,1,3,11745.39,5815.8,0.495155971832353,3915.1299999999997,266.6666666666667,4,58.0,South,Basic,Referral,0,0.0,265,1,0.3333333333333333,3915.1299999999997
C02226,0.25017693223248566,25.02,Medium Risk,Medium Value,Medium Priority,0,1,5,10665.71,4925.74,0.46182954533734744,2133.142,160.0,12,34.0,West,Basic,Paid Ads,0,0.0,226,0,0.0,2133.142
C02098,0.25017020040753063,25.02,Medium Risk,Medium Value,Medium Priority,0,1,2,7969.11,4043.6499999999996,0.50741550813077,3984.555,50.0,166,34.0,North,Basic,Referral,1,0.3333333333333333,75,0,0.0,3984.555
C04894,0.25012932748118305,25.01,Medium Risk,Medium Value,Medium Priority,1,1,4,7244.17,3507.72,0.4842128221728645,1811.0425,162.5,7,53.0,West,Basic,Organic,0,0.0,255,0,0.0,1811.0425
C03237,0.25010896965921015,25.01,Medium Risk,Medium Value,Medium Priority,0,1,7,15255.66,5999.48,0.3932625661557743,2179.38,128.57142857142858,45,39.0,East,Basic,Paid Ads,0,0.0,172,0,0.0,2179.38
C09888,0.25004804266685865,25.0,Medium Risk,High Value,High Priority,1,1,5,33266.64,13446.07,0.4041908049625691,6653.3279999999995,160.0,134,23.0,South,Basic,Email,0,0.0,94,0,0.0,6653.3279999999995
C06398,0.25004285657409686,25.0,Medium Risk,High Value,High Priority,1,1,7,25841.74,12971.12,0.5019445285031117,3691.6771428571433,57.142857142857146,43,44.0,West,Basic,Organic,0,0.0,214,0,0.0,3691.6771428571433
C01737,0.24991141039903958,24.99,Medium Risk,High Value,High Priority,0,1,8,22414.73,10404.71,0.46419073528880334,2801.84125,93.75,2,26.0,West,Basic,Paid Ads,0,0.0,249,0,0.0,2801.84125
C02676,0.24985137374591107,24.99,Medium Risk,High Value,High Priority,0,1,7,30595.079999999998,14765.830000000002,0.48262106194852256,4370.725714285714,214.28571428571428,40,57.0,West,Basic,Paid Ads,0,0.0,169,0,0.0,4370.725714285714
C02564,0.24964137572045605,24.96,Medium Risk,Medium Value,Medium Priority,0,1,3,6430.77,3487.8500000000004,0.5423689542620869,2143.59,33.333333333333336,12,49.0,East,Basic,Referral,0,0.0,182,1,0.3333333333333333,2143.59
C05261,0.24957608878143214,24.96,Medium Risk,High Value,High Priority,0,1,6,32311.510000000002,17357.58,0.5371949500348329,5385.251666666667,41.666666666666664,56,44.0,East,Basic,Referral,0,0.0,215,1,0.16666666666666666,5385.251666666667
C07211,0.2495538069082628,24.96,Medium Risk,Medium Value,Medium Priority,0,1,4,13959.12,6701.76,0.4800990320306724,3489.78,125.0,17,38.0,West,Basic,Referral,0,0.0,102,0,0.0,3489.78
C02306,0.2494957026821407,24.95,Medium Risk,High Value,High Priority,0,1,6,30730.48,14021.56,0.45627533315457486,5121.746666666667,108.33333333333333,33,39.0,West,Basic,Email,0,0.0,182,0,0.0,5121.746666666667
C09372,0.2494540793058883,24.95,Medium Risk,Low Value,Monitor,0,1,1,2265.24,707.08,0.3121435256308383,2265.24,100.0,67,27.0,East,Basic,Paid Ads,1,0.5,0,0,0.0,2265.24
C02970,0.2494059813624636,24.94,Medium Risk,High Value,High Priority,0,1,9,40602.740000000005,20390.57,0.5021968960715458,4511.415555555556,72.22222222222223,7,47.0,West,Basic,Organic,0,0.0,234,2,0.2222222222222222,4511.415555555556
C00991,0.24919279447045656,24.92,Medium Risk,Medium Value,Medium Priority,0,1,2,10170.54,4746.540000000001,0.4666949837471757,5085.27,100.0,27,40.0,South,Basic,Organic,0,0.0,80,0,0.0,5085.27
C02968,0.24917878447456998,24.92,Medium Risk,Medium Value,Medium Priority,1,1,5,15669.64,7682.34,0.490269080846784,3133.928,200.0,35,32.0,North,Basic,Referral,0,0.0,236,0,0.0,3133.928
C01103,0.24914430450763847,24.91,Medium Risk,Medium Value,Medium Priority,0,1,2,11675.5,5665.289999999999,0.48522889811999476,5837.75,200.0,24,43.0,South,Basic,Organic,0,0.0,98,0,0.0,5837.75
C00877,0.24908066354211925,24.91,Medium Risk,High Value,High Priority,1,1,7,27391.06,13143.44,0.47984415353038545,3913.0085714285715,50.0,8,60.0,North,Basic,Referral,0,0.0,155,0,0.0,3913.0085714285715
C05620,0.24893129954052062,24.89,Medium Risk,High Value,High Priority,1,1,3,23412.91,10592.810000000001,0.45243457562515726,7804.303333333333,50.0,65,22.0,East,Basic,Organic,0,0.0,112,0,0.0,7804.303333333333
C03348,0.2488530344704377,24.89,Medium Risk,High Value,High Priority,0,1,7,46981.99,26354.42,0.5609472906532907,6711.712857142857,114.28571428571429,11,49.0,East,Basic,Social Media,0,0.0,228,1,0.14285714285714285,6711.712857142857
C06403,0.24882902596066597,24.88,Medium Risk,Medium Value,Medium Priority,0,1,4,12918.93,6545.8099999999995,0.5066836030538132,3229.7325,112.5,31,47.0,East,Basic,Organic,0,0.0,182,0,0.0,3229.7325
C01349,0.24848995125614295,24.85,Medium Risk,Medium Value,Medium Priority,0,1,3,12064.26,6057.11,0.5020705787176337,4021.42,83.33333333333333,0,21.0,South,Basic,Organic,0,0.0,247,0,0.0,4021.42
C09906,0.24846577134625647,24.85,Medium Risk,Medium Value,Medium Priority,0,1,4,16846.760000000002,7610.77,0.4517646123052741,4211.6900000000005,87.5,30,32.0,West,Basic,Referral,0,0.0,215,0,0.0,4211.6900000000005
C03165,0.24845814948448236,24.85,Medium Risk,High Value,High Priority,0,1,5,21473.64,9991.6,0.46529605600168394,4294.728,120.0,108,29.0,East,Basic,Organic,0,0.0,141,0,0.0,4294.728
C05129,0.24842157904058876,24.84,Medium Risk,High Value,High Priority,0,1,7,26388.91,13563.050000000001,0.5139677993520764,3769.844285714286,121.42857142857143,0,30.0,West,Basic,Social Media,1,0.125,245,2,0.2857142857142857,3769.844285714286
C03044,0.24841470929930295,24.84,Medium Risk,Medium Value,Medium Priority,1,1,3,10358.25,5014.16,0.48407404725701736,3452.75,100.0,40,18.0,West,Basic,Paid Ads,0,0.0,217,0,0.0,3452.75
C07175,0.24832469118414496,24.83,Medium Risk,Medium Value,Medium Priority,0,1,2,8879.69,4161.68,0.468674019025439,4439.845,25.0,18,58.0,East,Basic,Paid Ads,0,0.0,113,0,0.0,4439.845
C08126,0.24825467956854308,24.83,Medium Risk,Medium Value,Medium Priority,1,1,6,10860.26,4781.2,0.4402472868973671,1810.0433333333333,141.66666666666666,6,24.0,East,Basic,Paid Ads,0,0.0,254,0,0.0,1810.0433333333333
C04317,0.24818684317988585,24.82,Medium Risk,High Value,High Priority,0,1,4,29208.339999999997,16516.83,0.5654833516728442,7302.084999999999,100.0,1,42.0,North,Basic,Paid Ads,0,0.0,196,0,0.0,7302.084999999999
C07104,0.24813115263372318,24.81,Medium Risk,High Value,High Priority,0,1,5,33248.93,17328.36,0.5211704557109056,6649.786,200.0,38,30.0,North,Basic,Organic,0,0.0,57,0,0.0,6649.786
C07447,0.24812851666138533,24.81,Medium Risk,High Value,High Priority,0,1,10,28651.92,13197.599999999999,0.460618345995661,2865.192,190.0,22,27.0,North,Basic,Social Media,1,0.09090909090909091,241,2,0.2,2865.192
C08108,0.24808829646871677,24.81,Medium Risk,Medium Value,Medium Priority,0,1,4,5211.53,2893.14,0.5551421559503639,1302.8825,37.5,22,53.0,West,Basic,Email,1,0.2,212,0,0.0,1302.8825
C01271,0.24796028889427527,24.8,Medium Risk,High Value,High Priority,0,1,7,24928.28,11198.11,0.4492131025485914,3561.182857142857,71.42857142857143,10,57.0,North,Basic,Organic,0,0.0,254,1,0.14285714285714285,3561.182857142857
C09880,0.24774226535792937,24.77,Medium Risk,High Value,High Priority,0,1,5,23161.670000000002,10124.65,0.43712953340583816,4632.334000000001,120.0,1,49.0,North,Basic,Paid Ads,0,0.0,186,1,0.2,4632.334000000001
C08702,0.24772252343791376,24.77,Medium Risk,High Value,High Priority,1,1,5,27773.43,12447.599999999999,0.4481837497205062,5554.686,160.0,2,53.0,South,Basic,Social Media,0,0.0,128,0,0.0,5554.686
C00722,0.24767946449215744,24.77,Medium Risk,High Value,High Priority,0,1,7,38277.18,18118.75,0.47335644893380335,5468.168571428571,85.71428571428571,35,24.0,East,Basic,Paid Ads,0,0.0,175,1,0.14285714285714285,5468.168571428571
C00204,0.2476614549401441,24.77,Medium Risk,Medium Value,Medium Priority,1,1,3,19363.11,8781.36,0.45350979259013663,6454.37,133.33333333333334,73,30.0,South,Basic,Referral,0,0.0,143,0,0.0,6454.37
C09777,0.24762311293846223,24.76,Medium Risk,High Value,High Priority,0,1,6,35100.01,18362.38,0.5231445803006893,5850.001666666667,141.66666666666666,47,57.0,North,Basic,Organic,0,0.0,202,0,0.0,5850.001666666667
C05515,0.24744115504461645,24.74,Medium Risk,Medium Value,Medium Priority,0,1,5,16992.99,8415.369999999999,0.4952259725922276,3398.5980000000004,240.0,35,49.0,East,Basic,Organic,0,0.0,222,0,0.0,3398.5980000000004
C06513,0.24737985400734858,24.74,Medium Risk,High Value,High Priority,0,1,3,22581.27,10314.470000000001,0.45677103192158813,7527.09,83.33333333333333,51,34.0,South,Basic,Paid Ads,0,0.0,90,0,0.0,7527.09
C01431,0.24711996432626626,24.71,Medium Risk,High Value,High Priority,1,1,7,22451.1,11247.29,0.5009683267189582,3207.2999999999997,100.0,2,32.0,West,Basic,Referral,0,0.0,251,0,0.0,3207.2999999999997
C04550,0.2470520685600873,24.71,Medium Risk,High Value,High Priority,0,1,4,23282.46,12353.39,0.530587833072622,5820.615,37.5,53,39.0,South,Basic,Organic,0,0.0,168,0,0.0,5820.615
C09987,0.24694076045101662,24.69,Medium Risk,Medium Value,Medium Priority,0,1,6,18160.59,8344.21,0.4594680018655781,3026.765,91.66666666666667,56,52.0,West,Basic,Email,1,0.14285714285714285,206,1,0.16666666666666666,3026.765
C03446,0.24683464995427457,24.68,Medium Risk,Medium Value,Medium Priority,0,1,2,17640.53,8983.21,0.509236967370028,8820.265,125.0,51,52.0,North,Basic,Referral,0,0.0,120,0,0.0,8820.265
C09248,0.24666107954064062,24.67,Medium Risk,Medium Value,Medium Priority,0,1,2,9572.16,5026.400000000001,0.5251061411426471,4786.08,50.0,60,33.0,West,Basic,Referral,0,0.0,186,0,0.0,4786.08
C04998,0.24646655128528616,24.65,Medium Risk,High Value,High Priority,0,1,8,27175.53,12229.130000000001,0.45000520689016926,3396.94125,93.75,19,37.0,West,Basic,Paid Ads,0,0.0,238,1,0.125,3396.94125
C02047,0.24644335102336318,24.64,Medium Risk,Low Value,Monitor,1,1,2,606.15,250.57999999999998,0.4133960240864472,303.075,75.0,114,31.0,East,Basic,Referral,1,0.3333333333333333,141,0,0.0,303.075
C02164,0.24634806444911697,24.63,Medium Risk,Medium Value,Medium Priority,0,1,3,11103.49,5363.51,0.4830472220896313,3701.1633333333334,50.0,36,39.0,South,Basic,Email,1,0.25,96,0,0.0,3701.1633333333334
C08244,0.24633936333139503,24.63,Medium Risk,High Value,High Priority,0,1,4,24351.98,10259.35,0.4212942849000369,6087.995,187.5,31,39.0,West,Basic,Paid Ads,0,0.0,172,0,0.0,6087.995
C07087,0.2463150151545478,24.63,Medium Risk,Low Value,Monitor,0,1,4,7251.59,2047.08,0.282293952084991,1812.8975,237.5,151,23.0,North,Basic,Organic,1,0.2,105,1,0.25,1812.8975
C04915,0.2462580532547129,24.63,Medium Risk,Medium Value,Medium Priority,0,1,4,12999.66,7172.41,0.5517382762318399,3249.915,75.0,35,55.0,East,Basic,Referral,0,0.0,178,0,0.0,3249.915
C09051,0.24617353190067442,24.62,Medium Risk,Medium Value,Medium Priority,0,1,2,8366.23,4661.68,0.5572019894265399,4183.115,0.0,51,39.0,South,Basic,Organic,0,0.0,173,0,0.0,4183.115
C05308,0.24614232564543184,24.61,Medium Risk,Medium Value,Medium Priority,0,1,6,16756.68,8097.53,0.4832419071080906,2792.78,41.666666666666664,37,29.0,West,Basic,Paid Ads,0,0.0,210,0,0.0,2792.78
C07212,0.2458719089339157,24.59,Medium Risk,Medium Value,Medium Priority,0,1,3,8530.880000000001,3298.6800000000003,0.38667523162909334,2843.626666666667,100.0,108,55.0,East,Basic,Email,1,0.25,129,1,0.3333333333333333,2843.626666666667
C04693,0.24580519660323566,24.58,Medium Risk,High Value,High Priority,0,1,7,34874.28,18279.88,0.5241650867057328,4982.04,128.57142857142858,37,29.0,West,Basic,Paid Ads,0,0.0,196,0,0.0,4982.04
C02477,0.24575806104872505,24.58,Medium Risk,High Value,High Priority,0,1,5,26567.75,11858.970000000001,0.44636711802843676,5313.55,190.0,9,18.0,East,Basic,Organic,0,0.0,182,0,0.0,5313.55
C07543,0.24572452193157954,24.57,Medium Risk,High Value,High Priority,0,1,5,26871.76,13847.9,0.5153328252410709,5374.352,90.0,39,51.0,North,Basic,Referral,0,0.0,207,1,0.2,5374.352
C08824,0.24572171708840815,24.57,Medium Risk,Medium Value,Medium Priority,1,1,1,8226.24,3985.18,0.4844473295211421,8226.24,100.0,269,48.0,East,Basic,Paid Ads,0,0.0,0,1,1.0,8226.24
C02768,0.24560627259889953,24.56,Medium Risk,Medium Value,Medium Priority,0,1,1,8252.41,4158.52,0.5039158258011902,8252.41,50.0,112,49.0,West,Basic,Organic,1,0.5,0,0,0.0,8252.41
C01972,0.24556582093714963,24.56,Medium Risk,Low Value,Monitor,1,1,2,1834.69,625.49,0.34092407981729883,917.345,250.0,58,52.0,South,Basic,Organic,1,0.3333333333333333,132,0,0.0,917.345
C05397,0.24527373105315634,24.53,Medium Risk,High Value,High Priority,1,1,5,25186.309999999998,11331.83,0.4499202145927689,5037.262,80.0,36,37.0,East,Basic,Paid Ads,0,0.0,179,0,0.0,5037.262
C06003,0.24524290140474098,24.52,Medium Risk,Medium Value,Medium Priority,0,1,2,5449.88,2896.84,0.5315419789059576,2724.94,125.0,4,31.0,South,Basic,Paid Ads,0,0.0,232,0,0.0,2724.94
C03964,0.24522651137109885,24.52,Medium Risk,High Value,High Priority,1,1,8,45038.9,23719.91,0.5266538481179602,5629.8625,81.25,68,21.0,North,Basic,Referral,0,0.0,129,0,0.0,5629.8625
C06187,0.24515390244977822,24.52,Medium Risk,High Value,High Priority,1,1,9,33365.51,16680.16,0.499922225076134,3707.278888888889,100.0,64,25.0,South,Basic,Referral,0,0.0,193,1,0.1111111111111111,3707.278888888889
C05695,0.2450712556019667,24.51,Medium Risk,Medium Value,Medium Priority,0,1,4,17921.96,9191.3,0.5128512729634481,4480.49,87.5,41,47.0,North,Basic,Referral,0,0.0,201,0,0.0,4480.49
C09254,0.24480389490868207,24.48,Medium Risk,Medium Value,Medium Priority,0,1,3,18295.86,8725.91,0.47693357950924414,6098.62,233.33333333333334,38,33.0,West,Basic,Referral,0,0.0,141,0,0.0,6098.62
C03316,0.24471012278868007,24.47,Medium Risk,High Value,High Priority,0,1,5,20666.120000000003,10148.869999999999,0.4910873448910583,4133.224,120.0,9,34.0,North,Basic,Paid Ads,0,0.0,214,0,0.0,4133.224
C01674,0.24457629118845814,24.46,Medium Risk,Medium Value,Medium Priority,0,1,5,13272.970000000001,6139.74,0.4625746912710568,2654.594,120.0,91,55.0,South,Basic,Social Media,1,0.16666666666666666,139,0,0.0,2654.594
C03375,0.24455393019323055,24.46,Medium Risk,Medium Value,Medium Priority,1,1,2,13947.39,7704.469999999999,0.5523951076151165,6973.695,75.0,20,19.0,South,Basic,Referral,0,0.0,76,0,0.0,6973.695
C08798,0.24441921345169676,24.44,Medium Risk,High Value,High Priority,0,1,3,21129.33,10400.36,0.4922238424029536,7043.110000000001,116.66666666666667,81,43.0,West,Basic,Paid Ads,0,0.0,139,0,0.0,7043.110000000001
C04484,0.24425791190497262,24.43,Medium Risk,High Value,High Priority,1,1,5,38629.69,20273.47,0.5248157569993442,7725.938,190.0,54,23.0,North,Basic,Paid Ads,0,0.0,213,0,0.0,7725.938
C05689,0.24417615840455442,24.42,Medium Risk,Low Value,Monitor,0,1,2,2287.83,628.3199999999999,0.2746357902466529,1143.915,250.0,34,24.0,East,Basic,Paid Ads,1,0.3333333333333333,103,1,0.5,1143.915
C01814,0.24400281386928221,24.4,Medium Risk,High Value,High Priority,0,1,6,23189.65,11181.61,0.48218105922254106,3864.941666666667,108.33333333333333,6,40.0,East,Basic,Paid Ads,0,0.0,116,0,0.0,3864.941666666667
C01983,0.24399728695735698,24.4,Medium Risk,High Value,High Priority,0,1,6,33113.14,16002.36,0.48326313964788603,5518.856666666667,150.0,1,52.0,West,Basic,Email,0,0.0,245,0,0.0,5518.856666666667
C04314,0.2439513478899467,24.4,Medium Risk,Medium Value,Medium Priority,0,1,5,19285.11,8090.360000000001,0.41951329289799233,3857.022,220.0,82,38.0,South,Basic,Organic,0,0.0,184,0,0.0,3857.022
C04039,0.2439439760115238,24.39,Medium Risk,Low Value,Monitor,0,1,4,3581.05,1798.0900000000001,0.5021125089010207,895.2625,50.0,87,25.0,North,Basic,Paid Ads,1,0.2,180,0,0.0,895.2625
C05955,0.24392588369123963,24.39,Medium Risk,High Value,High Priority,0,1,5,21682.82,11904.05,0.5490083854406391,4336.564,110.0,64,37.0,East,Basic,Referral,0,0.0,177,0,0.0,4336.564
C04603,0.24369369844632288,24.37,Medium Risk,Medium Value,Medium Priority,0,1,7,16980.93,8632.650000000001,0.5083732163079409,2425.847142857143,92.85714285714286,23,32.0,South,Basic,Paid Ads,0,0.0,232,0,0.0,2425.847142857143
C05374,0.2436800415407134,24.37,Medium Risk,High Value,High Priority,1,1,4,22091.38,12427.55,0.5625519999203309,5522.845,62.5,129,40.0,South,Basic,Social Media,1,0.2,94,0,0.0,5522.845
C09424,0.24364570464828444,24.36,Medium Risk,Medium Value,Medium Priority,0,1,5,13577.66,5395.860000000001,0.39740721155191694,2715.532,60.0,18,50.0,West,Basic,Organic,0,0.0,219,0,0.0,2715.532
C07983,0.2433669465332512,24.34,Medium Risk,Low Value,Monitor,1,1,3,5884.08,2655.21,0.4512532120569401,1961.36,83.33333333333333,29,27.0,North,Basic,Paid Ads,1,0.25,109,0,0.0,1961.36
C05645,0.24333380917580158,24.33,Medium Risk,Medium Value,Medium Priority,1,1,4,16380.099999999999,7956.07,0.48571559392189306,4095.0249999999996,112.5,33,58.0,North,Basic,Referral,0,0.0,236,0,0.0,4095.0249999999996
C09809,0.24321347294997156,24.32,Medium Risk,High Value,High Priority,0,1,6,28668.63,13282.300000000001,0.463304315553272,4778.1050000000005,241.66666666666666,23,31.0,South,Basic,Paid Ads,0,0.0,192,1,0.16666666666666666,4778.1050000000005
C04718,0.24301835607029548,24.3,Medium Risk,High Value,High Priority,0,1,3,38825.34,22363.68,0.576007318931399,12941.779999999999,133.33333333333334,27,55.0,South,Basic,Paid Ads,0,0.0,56,1,0.3333333333333333,12941.779999999999
C09469,0.2428679746717786,24.29,Medium Risk,Medium Value,Medium Priority,0,1,3,9725.630000000001,4348.35,0.4471021414551037,3241.876666666667,166.66666666666666,4,50.0,North,Basic,Social Media,1,0.25,143,0,0.0,3241.876666666667
C01987,0.24276629241939102,24.28,Medium Risk,Medium Value,Medium Priority,0,1,3,16625.21,6701.76,0.4031082915644374,5541.736666666667,33.333333333333336,12,50.0,North,Basic,Paid Ads,0,0.0,189,1,0.3333333333333333,5541.736666666667
C09461,0.24271038913483137,24.27,Medium Risk,Medium Value,Medium Priority,0,1,6,14519.949999999999,6873.01,0.4733494261343876,2419.9916666666663,108.33333333333333,85,42.0,North,Basic,Paid Ads,1,0.14285714285714285,186,1,0.16666666666666666,2419.9916666666663
C04444,0.24262900118545536,24.26,Medium Risk,Low Value,Monitor,1,1,2,2216.96,1004.3299999999999,0.453021254330254,1108.48,150.0,63,51.0,West,Basic,Paid Ads,1,0.3333333333333333,206,0,0.0,1108.48
C09523,0.24257719770232958,24.26,Medium Risk,High Value,High Priority,1,1,7,30787.76,15366.19,0.49910061660867827,4398.251428571429,85.71428571428571,0,45.0,South,Basic,Social Media,0,0.0,254,0,0.0,4398.251428571429
C08977,0.24220399438118878,24.22,Medium Risk,Low Value,Monitor,0,1,3,1306.61,415.95000000000005,0.318342887319093,435.53666666666663,166.66666666666666,116,33.0,West,Basic,Organic,1,0.25,103,0,0.0,435.53666666666663
C06169,0.24155699414631246,24.16,Medium Risk,Low Value,Monitor,0,1,3,4236.48,1554.15,0.3668493655109903,1412.1599999999999,150.0,72,56.0,East,Basic,Organic,1,0.25,136,0,0.0,1412.1599999999999
C02770,0.2414434377392675,24.14,Medium Risk,High Value,High Priority,0,1,5,29720.269999999997,13841.380000000001,0.46572187937727355,5944.053999999999,130.0,8,29.0,North,Basic,Paid Ads,0,0.0,262,0,0.0,5944.053999999999
C06837,0.2414192173600188,24.14,Medium Risk,Low Value,Monitor,0,1,3,7257.37,2651.35,0.36533206933090084,2419.1233333333334,133.33333333333334,0,24.0,West,Basic,Social Media,1,0.25,123,0,0.0,2419.1233333333334
C05309,0.24078029658281877,24.08,Medium Risk,High Value,High Priority,0,1,9,34084.01,16992.44,0.49854579904183804,3787.1122222222225,133.33333333333334,26,38.0,South,Basic,Paid Ads,0,0.0,244,0,0.0,3787.1122222222225
C04347,0.24066454070788634,24.07,Medium Risk,Medium Value,Medium Priority,0,1,5,19479.35,9540.58,0.4897791764098905,3895.87,80.0,2,59.0,South,Basic,Referral,0,0.0,247,0,0.0,3895.87
C05007,0.24045992220664664,24.05,Medium Risk,Medium Value,Medium Priority,0,1,3,6700.7300000000005,3182.1800000000003,0.4749004959161166,2233.576666666667,150.0,112,25.0,South,Basic,Organic,1,0.25,132,0,0.0,2233.576666666667
C09399,0.24037657575419463,24.04,Medium Risk,Medium Value,Medium Priority,0,1,6,19567.54,7891.949999999999,0.4033184549514144,3261.2566666666667,125.0,12,22.0,West,Basic,Paid Ads,0,0.0,223,0,0.0,3261.2566666666667
C08234,0.24036512452790373,24.04,Medium Risk,Medium Value,Medium Priority,0,1,2,15403.14,8863.06,0.5754060535708952,7701.57,0.0,0,42.0,North,Basic,Paid Ads,0,0.0,252,0,0.0,7701.57
C05127,0.2402611889974263,24.03,Medium Risk,High Value,High Priority,0,1,2,20162.78,10063.050000000001,0.49909040320828785,10081.39,0.0,28,45.0,North,Basic,Email,1,0.3333333333333333,185,0,0.0,10081.39
C03064,0.24009599271337378,24.01,Medium Risk,High Value,High Priority,1,1,6,41185.520000000004,20339.75,0.4938568215236811,6864.253333333334,133.33333333333334,37,56.0,North,Basic,Organic,0,0.0,172,1,0.16666666666666666,6864.253333333334
C05636,0.2400759648554322,24.01,Medium Risk,Medium Value,Medium Priority,1,1,6,14725.73,7197.87,0.48879546209254143,2454.2883333333334,75.0,13,47.0,East,Basic,Social Media,1,0.14285714285714285,180,0,0.0,2454.2883333333334
C03216,0.24000172560041874,24.0,Medium Risk,High Value,High Priority,0,1,4,31402.32,14352.45,0.45705062555887593,7850.58,137.5,147,39.0,East,Basic,Organic,0,0.0,110,0,0.0,7850.58
C04857,0.23997148904370605,24.0,Medium Risk,High Value,High Priority,0,1,2,26011.31,13454.79,0.517266911970216,13005.655,150.0,85,39.0,East,Basic,Organic,0,0.0,123,0,0.0,13005.655
C00445,0.23983197015512175,23.98,Medium Risk,High Value,High Priority,0,1,7,32701.71,14515.94,0.4438893256652328,4671.672857142857,228.57142857142858,0,42.0,South,Basic,Paid Ads,0,0.0,170,0,0.0,4671.672857142857
C08776,0.239823003740267,23.98,Medium Risk,Medium Value,Medium Priority,0,1,6,18880.65,8700.36,0.4608082878502594,3146.775,175.0,18,33.0,East,Basic,Social Media,1,0.14285714285714285,140,1,0.16666666666666666,3146.775
C00545,0.2396298746723157,23.96,Medium Risk,High Value,High Priority,0,1,5,41967.41,19897.809999999998,0.47412527959194994,8393.482,150.0,45,36.0,North,Basic,Organic,0,0.0,143,0,0.0,8393.482
C07820,0.23962176984828373,23.96,Medium Risk,High Value,High Priority,0,1,8,24676.800000000003,11703.240000000002,0.47426084419373665,3084.6000000000004,31.25,1,36.0,North,Basic,Paid Ads,0,0.0,270,0,0.0,3084.6000000000004
C06781,0.2392393237758498,23.92,Medium Risk,Medium Value,Medium Priority,1,1,3,11217.17,5377.17,0.4793695736090297,3739.056666666667,83.33333333333333,110,50.0,West,Basic,Paid Ads,1,0.25,92,0,0.0,3739.056666666667
C09552,0.2390705527454121,23.91,Medium Risk,High Value,High Priority,0,1,5,19741.370000000003,9930.36,0.5030228398535663,3948.2740000000003,190.0,10,47.0,South,Basic,Organic,0,0.0,231,0,0.0,3948.2740000000003
C03773,0.238950726884944,23.9,Medium Risk,High Value,High Priority,1,1,7,23983.28,11201.67,0.4670616362732704,3426.182857142857,92.85714285714286,26,30.0,West,Basic,Paid Ads,0,0.0,243,0,0.0,3426.182857142857
C08259,0.23833450833602465,23.83,Medium Risk,High Value,High Priority,0,1,7,24240.86,10981.699999999999,0.45302435639659644,3462.98,142.85714285714286,90,37.0,North,Basic,Organic,1,0.125,144,1,0.14285714285714285,3462.98
C05183,0.23831510286552174,23.83,Medium Risk,High Value,High Priority,0,1,4,23812.09,9839.14,0.4131993453745555,5953.0225,87.5,8,36.0,East,Basic,Paid Ads,0,0.0,168,1,0.25,5953.0225
C07572,0.23830349704994372,23.83,Medium Risk,Medium Value,Medium Priority,0,1,2,8284.8,4636.72,0.5596658941676323,4142.4,75.0,128,53.0,North,Basic,Referral,1,0.3333333333333333,92,0,0.0,4142.4
C00010,0.23824366644779663,23.82,Medium Risk,Medium Value,Medium Priority,0,1,3,6881.7,3209.21,0.4663397125710217,2293.9,100.0,4,33.0,North,Basic,Organic,1,0.25,171,0,0.0,2293.9
C00368,0.23816929223359487,23.82,Medium Risk,Low Value,Monitor,0,1,2,3847.59,1631.8899999999999,0.42413302872707326,1923.795,25.0,52,49.0,South,Basic,Paid Ads,1,0.3333333333333333,119,0,0.0,1923.795
C02908,0.23815216730104022,23.82,Medium Risk,Medium Value,Medium Priority,0,1,4,7080.57,3770.68,0.5325390469976288,1770.1425,100.0,5,25.0,East,Basic,Organic,1,0.2,191,1,0.25,1770.1425
C04613,0.23788682279234707,23.79,Medium Risk,High Value,High Priority,1,1,7,30587.64,14455.630000000001,0.4725971013128179,4369.662857142857,78.57142857142857,32,24.0,West,Basic,Organic,0,0.0,167,0,0.0,4369.662857142857
C02747,0.23738180760124936,23.74,Medium Risk,Medium Value,Medium Priority,1,1,1,14282.32,7651.38,0.5357238879957879,14282.32,50.0,153,49.0,North,Basic,Paid Ads,0,0.0,0,1,1.0,14282.32
C03996,0.23716709624643442,23.72,Medium Risk,Medium Value,Medium Priority,1,1,3,12874.130000000001,6612.120000000001,0.5135974236705704,4291.376666666667,16.666666666666668,146,37.0,West,Basic,Referral,1,0.25,123,1,0.3333333333333333,4291.376666666667
C05915,0.23688404134708416,23.69,Medium Risk,High Value,High Priority,0,1,7,27918.97,14350.97,0.5140221863485651,3988.424285714286,114.28571428571429,33,52.0,North,Basic,Social Media,1,0.125,181,1,0.14285714285714285,3988.424285714286
C01116,0.23676321174736487,23.68,Medium Risk,Medium Value,Medium Priority,0,1,3,7399.72,3661.89,0.49486872476255855,2466.5733333333333,233.33333333333334,17,45.0,North,Basic,Referral,1,0.25,46,0,0.0,2466.5733333333333
C01702,0.2365253741040171,23.65,Medium Risk,High Value,High Priority,1,1,9,30019.85,14489.02,0.4826479812524047,3335.538888888889,77.77777777777777,6,26.0,West,Basic,Paid Ads,0,0.0,238,0,0.0,3335.538888888889
C07892,0.23650897161940385,23.65,Medium Risk,Medium Value,Medium Priority,0,1,2,13302.86,6881.469999999999,0.5172925220591662,6651.43,150.0,89,40.0,West,Basic,Organic,1,0.3333333333333333,13,0,0.0,6651.43
C01194,0.23637804947836627,23.64,Medium Risk,Medium Value,Medium Priority,0,1,5,10957.28,5262.4,0.4802651752989793,2191.456,100.0,79,31.0,North,Basic,Organic,1,0.16666666666666666,171,1,0.2,2191.456
C00762,0.23626757823104513,23.63,Medium Risk,High Value,High Priority,0,1,4,29074.440000000002,12963.61,0.4458765155923897,7268.610000000001,250.0,62,27.0,West,Basic,Paid Ads,0,0.0,185,0,0.0,7268.610000000001
C07632,0.2353209612579404,23.53,Medium Risk,Medium Value,Medium Priority,0,1,3,11774.45,5151.07,0.43747860834264013,3924.816666666667,66.66666666666667,111,25.0,North,Basic,Paid Ads,1,0.25,49,0,0.0,3924.816666666667
C00888,0.23513298959781564,23.51,Medium Risk,Medium Value,Medium Priority,0,1,4,19667.04,8692.09,0.44196228817351263,4916.76,200.0,43,22.0,East,Basic,Social Media,1,0.2,163,1,0.25,4916.76
C02064,0.2348721477141054,23.49,Medium Risk,High Value,High Priority,1,1,5,35031.27,18546.7,0.5294327039813288,7006.253999999999,70.0,11,55.0,West,Basic,Organic,0,0.0,233,1,0.2,7006.253999999999
C02902,0.23481537997001387,23.48,Medium Risk,High Value,High Priority,0,1,8,39780.67,21266.780000000002,0.5346008501113733,4972.58375,137.5,83,31.0,South,Basic,Organic,0,0.0,187,0,0.0,4972.58375
C01981,0.23469552714719094,23.47,Medium Risk,High Value,High Priority,0,1,7,42679.04,23927.91,0.5606478027621989,6097.005714285714,57.142857142857146,26,25.0,East,Basic,Referral,0,0.0,231,0,0.0,6097.005714285714
C08639,0.23465239070660193,23.47,Medium Risk,High Value,High Priority,0,1,8,34546.19,16764.27,0.48527116883222143,4318.27375,131.25,0,56.0,North,Basic,Social Media,1,0.1111111111111111,249,1,0.125,4318.27375
C08533,0.23419935487946364,23.42,Medium Risk,High Value,High Priority,0,1,7,50774.2,26352.44,0.5190124118154495,7253.457142857143,64.28571428571429,55,56.0,North,Basic,Organic,0,0.0,201,0,0.0,7253.457142857143
C01585,0.23389068238455718,23.39,Medium Risk,Medium Value,Medium Priority,0,1,4,8899.77,4106.41,0.4614063060056608,2224.9425,187.5,44,59.0,South,Basic,Social Media,1,0.2,218,0,0.0,2224.9425
C06227,0.23361723381707417,23.36,Medium Risk,High Value,High Priority,0,1,5,28339.399999999998,13413.539999999999,0.4733177131484788,5667.879999999999,40.0,35,34.0,East,Basic,Referral,0,0.0,131,0,0.0,5667.879999999999
C04263,0.2331142518608936,23.31,Medium Risk,High Value,High Priority,0,1,5,26990.100000000002,12080.82,0.4476018984738848,5398.02,60.0,6,48.0,West,Basic,Paid Ads,0,0.0,169,0,0.0,5398.02
C02610,0.2330241948081372,23.3,Medium Risk,High Value,High Priority,0,1,7,23261.059999999998,10223.92,0.4395294109554767,3323.008571428571,157.14285714285714,3,59.0,East,Basic,Referral,0,0.0,267,0,0.0,3323.008571428571
C00924,0.23294613974044912,23.29,Medium Risk,High Value,High Priority,0,1,9,44234.100000000006,20415.8,0.46153985273804593,4914.900000000001,61.111111111111114,21,27.0,South,Basic,Email,0,0.0,246,0,0.0,4914.900000000001
C06107,0.23288341795732517,23.29,Medium Risk,Medium Value,Medium Priority,0,1,2,7110.22,3328.2300000000005,0.4680910014036134,3555.11,100.0,19,58.0,West,Basic,Organic,1,0.3333333333333333,229,0,0.0,3555.11
C09325,0.23265123097921397,23.27,Medium Risk,High Value,High Priority,0,1,5,33995.479999999996,15781.71,0.46422965641314673,6799.096,120.0,98,26.0,East,Basic,Referral,0,0.0,140,0,0.0,6799.096
C07587,0.23242369395700888,23.24,Medium Risk,High Value,High Priority,1,1,6,44027.67,21194.36,0.4813872730489713,7337.945,50.0,137,18.0,West,Basic,Email,1,0.14285714285714285,125,1,0.16666666666666666,7337.945
C06628,0.23241821962158546,23.24,Medium Risk,Medium Value,Medium Priority,0,1,5,11862.91,5786.18,0.4877538479175852,2372.582,90.0,3,53.0,North,Basic,Organic,1,0.16666666666666666,264,2,0.4,2372.582
C09514,0.23232708710845473,23.23,Medium Risk,Medium Value,Medium Priority,1,1,6,16655.48,7733.62,0.4643288575291736,2775.9133333333334,191.66666666666666,53,47.0,North,Basic,Paid Ads,1,0.14285714285714285,181,0,0.0,2775.9133333333334
C05373,0.2321786315723506,23.22,Medium Risk,Medium Value,Medium Priority,0,1,6,11581.45,5288.23,0.4566120822522222,1930.2416666666668,133.33333333333334,4,36.0,West,Basic,Referral,1,0.14285714285714285,240,1,0.16666666666666666,1930.2416666666668
C01209,0.23191946040276273,23.19,Medium Risk,Medium Value,Medium Priority,0,1,3,14150.22,8166.860000000001,0.5771542774599971,4716.74,116.66666666666667,62,22.0,West,Basic,Paid Ads,1,0.25,43,0,0.0,4716.74
C03084,0.23184055236501577,23.18,Medium Risk,Medium Value,Medium Priority,1,1,5,10349.35,5213.26,0.5037282534651935,2069.87,40.0,76,33.0,North,Basic,Organic,1,0.16666666666666666,116,0,0.0,2069.87
C04979,0.23126390837150376,23.13,Medium Risk,Medium Value,Medium Priority,0,1,3,6660.06,3603.76,0.5411002303282553,2220.02,33.333333333333336,35,23.0,East,Basic,Organic,1,0.25,81,0,0.0,2220.02
C04877,0.23095738565783558,23.1,Medium Risk,High Value,High Priority,1,1,5,36862.06,18478.379999999997,0.501284518553765,7372.411999999999,210.0,11,29.0,North,Basic,Paid Ads,0,0.0,246,0,0.0,7372.411999999999
C04816,0.23079084351937612,23.08,Medium Risk,Medium Value,Medium Priority,0,1,4,19368.46,7709.28,0.3980326778690717,4842.115,225.0,23,32.0,South,Basic,Social Media,1,0.2,217,0,0.0,4842.115
C02921,0.23004703998626616,23.0,Medium Risk,Medium Value,Medium Priority,0,1,3,12720.529999999999,7172.19,0.5638279222642453,4240.176666666666,116.66666666666667,13,20.0,West,Basic,Referral,1,0.25,198,1,0.3333333333333333,4240.176666666666
C00233,0.22999568038349968,23.0,Medium Risk,Medium Value,Medium Priority,1,1,5,10279.35,4744.0599999999995,0.4615136171061399,2055.87,90.0,31,53.0,North,Basic,Organic,1,0.16666666666666666,101,0,0.0,2055.87
C09724,0.22989379576734076,22.99,Medium Risk,High Value,High Priority,0,1,4,32761.739999999998,18502.5,0.5647593809120028,8190.4349999999995,212.5,105,39.0,North,Basic,Paid Ads,1,0.2,105,0,0.0,8190.4349999999995
C05110,0.22984906830090104,22.98,Medium Risk,Medium Value,Medium Priority,0,1,5,12575.04,6329.88,0.503368577754027,2515.0080000000003,130.0,18,30.0,South,Basic,Social Media,1,0.16666666666666666,216,0,0.0,2515.0080000000003
C00301,0.2298305708166422,22.98,Medium Risk,High Value,High Priority,0,1,3,36609.9,18538.54,0.5063805145602692,12203.300000000001,33.333333333333336,105,45.0,East,Basic,Email,1,0.25,86,0,0.0,12203.300000000001
C05253,0.22975068115209152,22.98,Medium Risk,Medium Value,Medium Priority,0,1,4,10698.36,5142.88,0.480716670592502,2674.59,75.0,121,58.0,North,Basic,Referral,1,0.2,128,0,0.0,2674.59
C06225,0.22921289677687634,22.92,Medium Risk,Medium Value,Medium Priority,0,1,7,13163.9,6351.38,0.4824846739947888,1880.5571428571427,78.57142857142857,40,51.0,East,Basic,Paid Ads,1,0.125,176,0,0.0,1880.5571428571427
C02577,0.22910916548380664,22.91,Medium Risk,Medium Value,Medium Priority,1,1,4,19907.91,9538.05,0.47910855534307717,4976.9775,37.5,87,60.0,South,Basic,Email,1,0.2,111,0,0.0,4976.9775
C01825,0.22897756094002347,22.9,Medium Risk,High Value,High Priority,1,1,6,45235.1,24270.55,0.5365424194928274,7539.183333333333,83.33333333333333,30,57.0,North,Basic,Organic,0,0.0,196,0,0.0,7539.183333333333
C07753,0.22890711408854705,22.89,Medium Risk,Medium Value,Medium Priority,0,1,3,6243.9,3241.76,0.5191883278079407,2081.2999999999997,50.0,73,32.0,East,Basic,Organic,1,0.25,163,0,0.0,2081.2999999999997
C04452,0.22876673119231172,22.88,Medium Risk,High Value,High Priority,1,1,3,24833.510000000002,12324.19,0.49627257685280896,8277.836666666668,133.33333333333334,36,51.0,North,Basic,Paid Ads,1,0.25,73,0,0.0,8277.836666666668
C06999,0.22871293375389476,22.87,Medium Risk,High Value,High Priority,0,1,6,32563.36,15274.91,0.46908273593388394,5427.2266666666665,108.33333333333333,40,59.0,West,Basic,Referral,0,0.0,210,0,0.0,5427.2266666666665
C02512,0.22832518187299233,22.83,Medium Risk,Medium Value,Medium Priority,0,1,4,10284.47,4653.93,0.45252015903590564,2571.1175,50.0,23,46.0,South,Basic,Organic,1,0.2,220,1,0.25,2571.1175
C08742,0.22798795984113904,22.8,Medium Risk,Low Value,Monitor,1,1,4,5901.32,2500.31,0.42368656503968605,1475.33,175.0,51,41.0,West,Basic,Paid Ads,1,0.2,189,0,0.0,1475.33
C06496,0.2278271052328497,22.78,Medium Risk,Medium Value,Medium Priority,0,1,3,10545.05,4738.83,0.4493890498385499,3515.0166666666664,66.66666666666667,22,41.0,East,Basic,Organic,1,0.25,201,0,0.0,3515.0166666666664
C00448,0.22666847243368782,22.67,Medium Risk,High Value,High Priority,1,1,6,44026.0,20508.57,0.4658286012810612,7337.666666666667,75.0,1,44.0,North,Basic,Organic,0,0.0,269,1,0.16666666666666666,7337.666666666667
C08732,0.22653391427887873,22.65,Medium Risk,High Value,High Priority,0,1,7,55005.81999999999,28272.03,0.5139825203951146,7857.974285714285,200.0,13,27.0,North,Basic,Referral,0,0.0,247,0,0.0,7857.974285714285
C09340,0.22606234020303442,22.61,Medium Risk,High Value,High Priority,0,1,7,23352.94,10735.24,0.4596954387755889,3336.1342857142854,142.85714285714286,4,22.0,West,Basic,Referral,1,0.125,192,1,0.14285714285714285,3336.1342857142854
C06869,0.22577504230101658,22.58,Medium Risk,Medium Value,Medium Priority,0,1,3,14066.66,6790.09,0.48270804867680034,4688.886666666666,66.66666666666667,42,33.0,North,Basic,Referral,1,0.25,122,1,0.3333333333333333,4688.886666666666
C05835,0.22562132247961877,22.56,Medium Risk,Medium Value,Medium Priority,0,1,3,11851.970000000001,5236.73,0.44184468911075536,3950.656666666667,33.333333333333336,39,36.0,South,Basic,Referral,1,0.25,116,0,0.0,3950.656666666667
C03606,0.22538535421964132,22.54,Medium Risk,High Value,High Priority,1,1,6,53158.770000000004,26174.52,0.4923838531252698,8859.795,141.66666666666666,4,55.0,East,Basic,Social Media,0,0.0,232,0,0.0,8859.795
C03184,0.22529217105367386,22.53,Medium Risk,Medium Value,Medium Priority,0,1,4,8110.85,4047.08,0.49897113126244474,2027.7125,212.5,3,29.0,West,Basic,Paid Ads,1,0.2,194,0,0.0,2027.7125
C06804,0.22506046996150988,22.51,Medium Risk,High Value,High Priority,0,1,6,39835.58,17755.940000000002,0.44573067594346566,6639.263333333333,116.66666666666667,2,27.0,West,Basic,Organic,0,0.0,156,0,0.0,6639.263333333333
C03021,0.224780596273305,22.48,Medium Risk,Medium Value,Medium Priority,1,1,4,7852.719999999999,3327.19,0.4236990495013193,1963.1799999999998,150.0,41,45.0,West,Basic,Organic,1,0.2,196,0,0.0,1963.1799999999998
C02795,0.22477978855131736,22.48,Medium Risk,Medium Value,Medium Priority,1,1,5,19971.04,9472.27,0.47430028681530856,3994.208,160.0,24,45.0,West,Basic,Paid Ads,1,0.16666666666666666,148,0,0.0,3994.208
C00189,0.22414791863495193,22.41,Medium Risk,High Value,High Priority,0,1,5,31755.09,15297.28,0.48172686646455737,6351.018,70.0,11,57.0,North,Basic,Organic,1,0.16666666666666666,236,2,0.4,6351.018
C02876,0.22409934402459217,22.41,Medium Risk,High Value,High Priority,0,1,5,23591.36,12907.05,0.5471091959090107,4718.272,90.0,132,28.0,West,Basic,Organic,1,0.16666666666666666,92,0,0.0,4718.272
C01212,0.224056435932937,22.41,Medium Risk,Medium Value,Medium Priority,0,1,6,18766.66,8559.380000000001,0.45609501104618516,3127.7766666666666,141.66666666666666,21,33.0,West,Basic,Paid Ads,1,0.14285714285714285,178,0,0.0,3127.7766666666666
C02344,0.22357501280402112,22.36,Medium Risk,Medium Value,Medium Priority,1,1,8,18686.63,8383.9,0.44865767663832373,2335.82875,156.25,22,22.0,West,Basic,Organic,1,0.1111111111111111,240,0,0.0,2335.82875
C01060,0.2234892811058644,22.35,Medium Risk,Medium Value,Medium Priority,0,1,4,20745.42,7859.3,0.3788450655614589,5186.355,75.0,35,20.0,North,Basic,Paid Ads,1,0.2,139,0,0.0,5186.355
C00524,0.22332153344446237,22.33,Medium Risk,Medium Value,Medium Priority,0,1,4,11857.4,5431.96,0.4581071735793682,2964.35,175.0,43,31.0,South,Basic,Referral,1,0.2,63,0,0.0,2964.35
C00590,0.22304736024865288,22.3,Medium Risk,High Value,High Priority,1,1,7,34840.67,18201.49,0.5224207800825874,4977.238571428571,107.14285714285714,8,24.0,East,Basic,Email,1,0.125,248,0,0.0,4977.238571428571
C00196,0.22295526995532447,22.3,Medium Risk,High Value,High Priority,0,1,4,30691.29,14069.42,0.4584173555428918,7672.8225,75.0,13,24.0,West,Basic,Referral,0,0.0,247,0,0.0,7672.8225
C07375,0.22240224579473036,22.24,Medium Risk,Low Value,Monitor,1,1,3,4169.55,1750.1599999999999,0.4197479344293748,1389.8500000000001,16.666666666666668,17,40.0,East,Basic,Paid Ads,1,0.25,219,0,0.0,1389.8500000000001
C08879,0.22196195570251104,22.2,Medium Risk,High Value,High Priority,1,1,7,25575.85,11369.98,0.4445592228606283,3653.692857142857,85.71428571428571,4,58.0,West,Basic,Organic,1,0.125,221,1,0.14285714285714285,3653.692857142857
C07516,0.22193829691033964,22.19,Medium Risk,Medium Value,Medium Priority,1,1,6,17251.66,7969.56,0.4619590230737216,2875.2766666666666,150.0,80,44.0,South,Basic,Referral,1,0.14285714285714285,190,0,0.0,2875.2766666666666
C02324,0.22129117598149506,22.13,Medium Risk,High Value,High Priority,0,1,4,23671.34,11864.47,0.5012166611607116,5917.835,137.5,7,18.0,West,Basic,Organic,1,0.2,163,0,0.0,5917.835
C02278,0.22122985940356615,22.12,Medium Risk,High Value,High Priority,1,1,6,36749.77,19100.52,0.5197452936440147,6124.961666666666,83.33333333333333,14,22.0,West,Basic,Organic,1,0.14285714285714285,129,1,0.16666666666666666,6124.961666666666
C07839,0.22110800200006991,22.11,Medium Risk,Medium Value,Medium Priority,0,0,4,13852.86,7015.22,0.5064095067733305,3463.215,162.5,15,22.0,West,Basic,Referral,1,0.2,133,0,0.0,3463.215
C03009,0.22078408966819082,22.08,Medium Risk,Medium Value,Medium Priority,0,0,4,18809.37,9343.68,0.49675666968112175,4702.3425,100.0,31,53.0,North,Basic,Paid Ads,1,0.2,134,0,0.0,4702.3425
C02456,0.22065207812230486,22.07,Medium Risk,Medium Value,Medium Priority,0,0,3,13579.41,7051.81,0.5193016485988714,4526.47,50.0,18,20.0,East,Basic,Organic,1,0.25,151,0,0.0,4526.47
C08914,0.22017582209793682,22.02,Medium Risk,High Value,High Priority,0,0,8,22687.8,10537.78,0.46446900977617933,2835.975,118.75,19,32.0,East,Basic,Organic,1,0.1111111111111111,205,0,0.0,2835.975
C05443,0.2201178730178124,22.01,Medium Risk,Medium Value,Medium Priority,0,0,6,10034.449999999999,5329.11,0.531081424492623,1672.408333333333,125.0,19,20.0,East,Basic,Paid Ads,1,0.14285714285714285,252,0,0.0,1672.408333333333
C04972,0.2193847283869011,21.94,Medium Risk,Medium Value,Medium Priority,0,0,5,10206.81,4876.33,0.47775259851021035,2041.3619999999999,60.0,60,44.0,South,Basic,Organic,1,0.16666666666666666,187,0,0.0,2041.3619999999999
C08359,0.21906364130035305,21.91,Medium Risk,Medium Value,Medium Priority,1,0,3,12150.4,5469.639999999999,0.45016131156175926,4050.133333333333,83.33333333333333,15,28.0,East,Basic,Organic,1,0.25,180,0,0.0,4050.133333333333
C07153,0.21886046615639243,21.89,Medium Risk,High Value,High Priority,0,0,8,58415.64,29189.67,0.49968929553797575,7301.955,181.25,8,22.0,South,Basic,Organic,0,0.0,260,1,0.125,7301.955
C07417,0.21874728650533243,21.87,Medium Risk,High Value,High Priority,0,0,7,23482.53,11396.34,0.4853114208733046,3354.6471428571426,128.57142857142858,82,55.0,West,Basic,Organic,1,0.125,123,0,0.0,3354.6471428571426
C05285,0.21873331277610358,21.87,Medium Risk,High Value,High Priority,0,0,8,44467.81,22019.7,0.4951829199594044,5558.47625,100.0,35,51.0,West,Basic,Referral,1,0.1111111111111111,236,3,0.375,5558.47625
C09674,0.21855666219229722,21.86,Medium Risk,High Value,High Priority,1,0,8,37980.18,19522.62,0.5140212605627461,4747.5225,87.5,63,25.0,East,Basic,Referral,1,0.1111111111111111,199,1,0.125,4747.5225
C06709,0.21811550491506432,21.81,Medium Risk,Medium Value,Medium Priority,0,0,6,16075.99,7325.68,0.4556907537265201,2679.3316666666665,141.66666666666666,5,35.0,North,Basic,Referral,1,0.14285714285714285,182,0,0.0,2679.3316666666665
C09427,0.21782094183144687,21.78,Medium Risk,Medium Value,Medium Priority,0,0,5,15421.18,7621.03,0.49419240291598954,3084.236,190.0,37,39.0,West,Basic,Referral,1,0.16666666666666666,190,0,0.0,3084.236
C07500,0.21741375118356238,21.74,Medium Risk,Medium Value,Medium Priority,0,0,6,16694.16,7606.05,0.45561142339596605,2782.36,125.0,25,48.0,North,Basic,Referral,1,0.14285714285714285,189,0,0.0,2782.36
C01433,0.21627212751937597,21.63,Medium Risk,High Value,High Priority,1,0,6,31721.980000000003,15499.69,0.48861042091319645,5286.996666666667,175.0,14,50.0,West,Basic,Email,1,0.14285714285714285,240,0,0.0,5286.996666666667
C08177,0.21589400981893686,21.59,Medium Risk,High Value,High Priority,0,0,6,51515.63,25141.06,0.48802780825935743,8585.938333333334,100.0,12,39.0,East,Basic,Paid Ads,0,0.0,166,0,0.0,8585.938333333334
C04528,0.2149311453733136,21.49,Medium Risk,Medium Value,Medium Priority,0,0,3,14974.36,7837.1900000000005,0.5233739538784963,4991.453333333334,116.66666666666667,45,31.0,South,Basic,Referral,1,0.25,182,0,0.0,4991.453333333334
C07075,0.21469254572660407,21.47,Medium Risk,High Value,High Priority,0,0,3,21553.46,11566.84,0.5366581514058532,7184.486666666667,166.66666666666666,204,56.0,West,Basic,Organic,2,0.4,18,1,0.3333333333333333,7184.486666666667
C03481,0.21398829572483036,21.4,Medium Risk,Medium Value,Medium Priority,0,0,2,6253.88,3141.39,0.502310565600875,3126.94,25.0,89,47.0,East,Basic,Social Media,2,0.5,180,0,0.0,3126.94
C05454,0.2138883317232236,21.39,Medium Risk,Medium Value,Medium Priority,0,0,5,15624.19,8096.68,0.5182143842336787,3124.838,100.0,16,56.0,West,Basic,Referral,1,0.16666666666666666,206,0,0.0,3124.838
C08428,0.21355181648408583,21.36,Medium Risk,High Value,High Priority,0,0,7,22221.0,10212.49,0.45958732730300167,3174.4285714285716,150.0,18,28.0,South,Basic,Referral,1,0.125,225,0,0.0,3174.4285714285716
C03733,0.21190647491454043,21.19,Medium Risk,Medium Value,Medium Priority,1,0,3,10617.11,4729.889999999999,0.4454969384323982,3539.036666666667,166.66666666666666,68,49.0,West,Basic,Email,2,0.4,179,1,0.3333333333333333,3539.036666666667
C07975,0.21188107014367105,21.19,Medium Risk,High Value,High Priority,1,0,5,28683.79,15326.410000000002,0.5343230444791292,5736.758,90.0,46,28.0,North,Basic,Referral,1,0.16666666666666666,167,0,0.0,5736.758
C00759,0.2115268023994732,21.15,Medium Risk,Medium Value,Medium Priority,0,0,4,10575.65,4638.43,0.4385952636480973,2643.9125,62.5,5,44.0,South,Basic,Organic,1,0.2,258,0,0.0,2643.9125
C04447,0.21118251415793618,21.12,Medium Risk,High Value,High Priority,0,0,6,27052.26,12515.72,0.4626497009861653,4508.71,58.333333333333336,10,38.0,East,Basic,Organic,1,0.14285714285714285,224,0,0.0,4508.71
C02856,0.2108178321280545,21.08,Medium Risk,High Value,High Priority,0,0,6,39315.159999999996,19920.92,0.5066981795317633,6552.526666666666,150.0,5,54.0,West,Basic,Email,1,0.14285714285714285,223,0,0.0,6552.526666666666
C04852,0.21080262651923118,21.08,Medium Risk,High Value,High Priority,0,0,6,19855.08,9894.300000000001,0.4983258692485752,3309.1800000000003,133.33333333333334,5,26.0,West,Basic,Paid Ads,1,0.14285714285714285,261,0,0.0,3309.1800000000003
C02457,0.21011215920980467,21.01,Medium Risk,High Value,High Priority,0,0,5,26398.949999999997,13125.15,0.4971845471126693,5279.789999999999,200.0,51,43.0,West,Basic,Paid Ads,1,0.16666666666666666,218,0,0.0,5279.789999999999
C05421,0.20805344251783559,20.81,Medium Risk,High Value,High Priority,0,0,4,27771.38,15216.849999999999,0.5479327998824689,6942.845,50.0,75,58.0,East,Basic,Referral,1,0.2,171,0,0.0,6942.845
C02201,0.20797281369496942,20.8,Medium Risk,High Value,High Priority,1,0,7,32075.82,15377.97,0.47942562341352457,4582.26,107.14285714285714,12,30.0,South,Basic,Organic,1,0.125,210,0,0.0,4582.26
C02129,0.20784614713818378,20.78,Medium Risk,High Value,High Priority,0,0,6,33325.08,16573.829999999998,0.49733804089892647,5554.18,50.0,44,55.0,South,Basic,Referral,1,0.14285714285714285,137,0,0.0,5554.18
C06706,0.20763286910897388,20.76,Medium Risk,High Value,High Priority,0,0,8,33634.39,18297.75,0.5440190828494288,4204.29875,81.25,15,45.0,South,Basic,Referral,1,0.1111111111111111,220,0,0.0,4204.29875
C04011,0.20641312167423181,20.64,Medium Risk,High Value,High Priority,0,0,8,53606.28,26031.989999999998,0.48561455859276187,6700.785,200.0,29,18.0,East,Basic,Organic,1,0.1111111111111111,207,1,0.125,6700.785
C05639,0.20538571017092133,20.54,Medium Risk,Medium Value,Medium Priority,0,0,4,9165.220000000001,4526.639999999999,0.4938932180569587,2291.3050000000003,150.0,1,28.0,East,Basic,Paid Ads,2,0.3333333333333333,35,1,0.25,2291.3050000000003
C09897,0.20151914023660633,20.15,Medium Risk,Medium Value,Medium Priority,0,0,4,16425.97,7464.24,0.4544169994222563,4106.4925,112.5,26,32.0,North,Basic,Paid Ads,2,0.3333333333333333,217,1,0.25,4106.4925
C09480,0.1997252681499799,19.97,Low Risk,Medium Value,Monitor,0,0,3,16164.189999999999,8270.93,0.5116823051448913,5388.063333333333,66.66666666666667,64,35.0,East,Basic,Paid Ads,2,0.4,151,0,0.0,5388.063333333333
C04186,0.19757712765774554,19.76,Low Risk,High Value,Maintain,0,0,7,22941.5,11368.039999999999,0.4955229605736329,3277.3571428571427,157.14285714285714,13,40.0,North,Basic,Referral,2,0.2222222222222222,252,2,0.2857142857142857,3277.3571428571427
C04052,0.19539880902033469,19.54,Low Risk,High Value,Maintain,0,0,8,29388.97,14139.42,0.4811131523153074,3673.62125,137.5,47,46.0,North,Basic,Referral,2,0.2,221,1,0.125,3673.62125
C02238,0.1943996723966296,19.44,Low Risk,High Value,Maintain,0,0,11,67848.09999999999,32511.12,0.4791750984920728,6168.00909090909,177.27272727272728,7,49.0,East,Basic,Paid Ads,1,0.08333333333333333,238,1,0.09090909090909091,6168.00909090909
C00987,0.18892943547901722,18.89,Low Risk,Medium Value,Monitor,0,0,5,15791.560000000001,7910.030000000001,0.5009023807654215,3158.3120000000004,150.0,16,38.0,North,Basic,Paid Ads,2,0.2857142857142857,253,0,0.0,3158.3120000000004
C04538,0.18776307114056115,18.78,Low Risk,High Value,Maintain,0,0,3,36849.54,20543.8,0.5575049240777497,12283.18,83.33333333333333,97,47.0,North,Basic,Organic,2,0.4,82,0,0.0,12283.18
C05564,0.16297215970785775,16.3,Low Risk,High Value,Maintain,0,0,8,57941.06,27083.47,0.46743138630877656,7242.6325,106.25,1,26.0,West,Basic,Organic,2,0.2,190,0,0.0,7242.6325
C06132,0.15423659373653395,15.42,Low Risk,Medium Value,Monitor,0,0,8,18128.07,7990.16,0.44076175787052896,2266.00875,200.0,31,48.0,North,Premium,Organic,0,0.0,164,1,0.125,2266.00875
C09115,0.15406921265069198,15.41,Low Risk,High Value,Maintain,0,0,13,29096.13,13165.9,0.45249660350019055,2238.1638461538464,88.46153846153847,38,49.0,West,Premium,Referral,0,0.0,165,4,0.3076923076923077,2238.1638461538464
C00099,0.15396746280502235,15.4,Low Risk,Medium Value,Monitor,0,0,5,7458.56,2868.7200000000003,0.38462116011669817,1491.712,120.0,18,37.0,East,Premium,Email,0,0.0,222,0,0.0,1491.712
C08106,0.14961269683421252,14.96,Low Risk,Low Value,Monitor,0,0,1,4355.09,1456.44,0.3344224803620591,4355.09,500.0,255,19.0,North,Premium,Paid Ads,0,0.0,0,0,0.0,4355.09
C07769,0.1482053231708819,14.82,Low Risk,Medium Value,Monitor,0,0,7,17535.79,9006.23,0.5135913466117009,2505.112857142857,21.428571428571427,2,30.0,East,Premium,Email,0,0.0,251,0,0.0,2505.112857142857
C07874,0.14607041640928292,14.61,Low Risk,Medium Value,Monitor,0,0,2,8681.47,4066.88,0.46845522705256143,4340.735,100.0,237,20.0,South,Premium,Email,0,0.0,18,0,0.0,4340.735
C04125,0.14399218722845428,14.4,Low Risk,High Value,Maintain,1,0,9,28816.620000000003,13683.79,0.4748575648358482,3201.846666666667,111.11111111111111,1,42.0,South,Premium,Social Media,0,0.0,262,3,0.3333333333333333,3201.846666666667
C08270,0.14332146989213027,14.33,Low Risk,Low Value,Monitor,0,0,5,3967.4,1755.9099999999999,0.4425845641982154,793.48,70.0,63,34.0,North,Premium,Social Media,0,0.0,199,0,0.0,793.48
C04525,0.143141889404732,14.31,Low Risk,High Value,Maintain,0,0,6,47319.68,23013.61,0.48634331424050203,7886.613333333334,58.333333333333336,89,32.0,South,Premium,Social Media,0,0.0,174,2,0.3333333333333333,7886.613333333334
C07321,0.14084280026081922,14.08,Low Risk,Medium Value,Monitor,0,0,6,9219.65,3669.4900000000002,0.3980075165543161,1536.6083333333333,191.66666666666666,75,29.0,West,Premium,Social Media,0,0.0,183,0,0.0,1536.6083333333333
C04698,0.14051420647348095,14.05,Low Risk,Low Value,Monitor,0,0,1,2992.94,1172.54,0.3917686288398698,2992.94,500.0,223,46.0,West,Premium,Paid Ads,0,0.0,0,0,0.0,2992.94
C02697,0.14013701609962737,14.01,Low Risk,Medium Value,Monitor,0,0,4,6106.3099999999995,2819.38,0.46171583165610663,1526.5774999999999,175.0,72,51.0,North,Premium,Social Media,0,0.0,192,1,0.25,1526.5774999999999
C01354,0.13982723417610268,13.98,Low Risk,Medium Value,Monitor,0,0,5,8741.46,4602.53,0.5265173094654669,1748.292,50.0,126,22.0,North,Premium,Referral,0,0.0,77,2,0.4,1748.292
C06000,0.1391697329331888,13.92,Low Risk,High Value,Maintain,0,0,12,28858.93,13087.34,0.4534935979954905,2404.9108333333334,170.83333333333334,63,44.0,East,Premium,Paid Ads,0,0.0,185,2,0.16666666666666666,2404.9108333333334
C08125,0.1390536703280771,13.91,Low Risk,Medium Value,Monitor,0,0,5,13288.41,6810.77,0.5125346072253942,2657.682,80.0,24,41.0,West,Premium,Social Media,0,0.0,196,1,0.2,2657.682
C01860,0.13889445258989244,13.89,Low Risk,Medium Value,Monitor,0,0,5,17010.99,9683.82,0.5692684552750897,3402.1980000000003,40.0,26,43.0,North,Premium,Social Media,0,0.0,227,1,0.2,3402.1980000000003
C03659,0.13858389794510004,13.86,Low Risk,Medium Value,Monitor,0,0,5,16952.77,6564.860000000001,0.38724409049376596,3390.554,60.0,73,55.0,North,Premium,Email,0,0.0,185,1,0.2,3390.554
C03033,0.13803330313303222,13.8,Low Risk,Medium Value,Monitor,0,0,7,17504.36,6845.52,0.3910751378513696,2500.6228571428574,157.14285714285714,100,47.0,North,Premium,Organic,0,0.0,100,1,0.14285714285714285,2500.6228571428574
C09808,0.13670044391702452,13.67,Low Risk,High Value,Maintain,1,0,10,46849.81,23228.97,0.4958178058779748,4684.981,150.0,20,25.0,North,Premium,Social Media,0,0.0,231,2,0.2,4684.981
C01578,0.13646612631769475,13.65,Low Risk,High Value,Maintain,0,0,8,24514.42,11937.36,0.4869525772994018,3064.3025,112.5,19,22.0,North,Premium,Organic,0,0.0,237,3,0.375,3064.3025
C07816,0.13562501100307825,13.56,Low Risk,Medium Value,Monitor,0,0,6,8941.8,4993.5,0.5584446084680937,1490.3,133.33333333333334,13,56.0,North,Premium,Organic,0,0.0,241,1,0.16666666666666666,1490.3
C03433,0.13530709418176604,13.53,Low Risk,High Value,Maintain,0,0,6,23189.72,11234.869999999999,0.4844763110550709,3864.9533333333334,133.33333333333334,144,36.0,North,Premium,Referral,0,0.0,79,1,0.16666666666666666,3864.9533333333334
C02898,0.13525218121415394,13.53,Low Risk,Medium Value,Monitor,0,0,6,7896.639999999999,3315.09,0.41981019775499456,1316.1066666666666,58.333333333333336,0,43.0,West,Premium,Social Media,0,0.0,228,0,0.0,1316.1066666666666
C07333,0.13524431975988785,13.52,Low Risk,Low Value,Monitor,0,0,4,3736.4700000000003,1382.25,0.3699347244859453,934.1175000000001,187.5,101,27.0,South,Premium,Paid Ads,0,0.0,165,1,0.25,934.1175000000001
C08440,0.13518319935819822,13.52,Low Risk,High Value,Maintain,0,0,10,35323.02,17511.48,0.4957526281727893,3532.3019999999997,180.0,32,26.0,West,Premium,Social Media,0,0.0,219,1,0.1,3532.3019999999997
C07074,0.1350567562671578,13.51,Low Risk,Low Value,Monitor,0,0,2,0.0,-100.0,-100.0,0.0,50.0,162,46.0,East,Premium,Organic,0,0.0,71,1,0.5,0.0
C04439,0.13460517521404877,13.46,Low Risk,Low Value,Monitor,0,0,4,4850.56,1704.83,0.3514707580155693,1212.64,225.0,130,27.0,South,Premium,Paid Ads,0,0.0,108,0,0.0,1212.64
C04105,0.1345925316081931,13.46,Low Risk,Medium Value,Monitor,0,0,2,13681.380000000001,7812.65,0.5710425410302177,6840.6900000000005,250.0,168,23.0,West,Premium,Referral,0,0.0,28,0,0.0,6840.6900000000005
C02562,0.13454589464719796,13.45,Low Risk,Low Value,Monitor,0,0,3,5349.6,2401.17,0.44885038133692234,1783.2,266.6666666666667,58,58.0,North,Premium,Organic,0,0.0,160,0,0.0,1783.2
C04395,0.13451442948564926,13.45,Low Risk,Low Value,Monitor,0,0,5,6025.32,2590.58,0.42994894876952594,1205.0639999999999,60.0,90,47.0,South,Premium,Organic,0,0.0,146,1,0.2,1205.0639999999999
C02992,0.13438015541946427,13.44,Low Risk,Medium Value,Monitor,0,0,5,16367.94,8490.52,0.5187286854668334,3273.588,120.0,98,29.0,South,Premium,Social Media,0,0.0,144,1,0.2,3273.588
C08806,0.1337805227167962,13.38,Low Risk,Medium Value,Monitor,0,0,7,20503.92,8874.57,0.4328230894385074,2929.1314285714284,185.71428571428572,92,22.0,South,Premium,Email,0,0.0,172,1,0.14285714285714285,2929.1314285714284
C07266,0.13339104646100902,13.34,Low Risk,Medium Value,Monitor,0,0,8,18592.32,9619.63,0.5173980439235125,2324.04,112.5,41,20.0,East,Premium,Referral,0,0.0,136,1,0.125,2324.04
C01870,0.1333333299741803,13.33,Low Risk,Low Value,Monitor,0,0,2,4297.14,2280.98,0.5308135178281368,2148.57,100.0,56,57.0,North,Premium,Organic,0,0.0,122,0,0.0,2148.57
C01086,0.1330714434104133,13.31,Low Risk,High Value,Maintain,0,0,9,35463.94,17747.98,0.500451444481352,3940.437777777778,83.33333333333333,48,18.0,West,Premium,Social Media,0,0.0,222,1,0.1111111111111111,3940.437777777778
C01149,0.13294912881293589,13.29,Low Risk,Medium Value,Monitor,0,0,5,10478.23,5217.57,0.4979438321166838,2095.6459999999997,110.0,2,51.0,South,Premium,Social Media,0,0.0,192,0,0.0,2095.6459999999997
C02287,0.1325724257753964,13.26,Low Risk,Medium Value,Monitor,0,0,3,8831.91,4962.13,0.5618410966597259,2943.97,100.0,191,42.0,South,Premium,Referral,0,0.0,67,0,0.0,2943.97
C05131,0.1321766505102991,13.22,Low Risk,High Value,Maintain,0,0,7,28843.42,12931.24,0.4483254759664423,4120.488571428571,150.0,6,34.0,North,Premium,Social Media,0,0.0,260,1,0.14285714285714285,4120.488571428571
C03128,0.13215038412357955,13.22,Low Risk,Medium Value,Monitor,0,0,6,12841.31,6485.12,0.5050201264512733,2140.2183333333332,108.33333333333333,20,21.0,East,Premium,Organic,0,0.0,192,1,0.16666666666666666,2140.2183333333332
C07730,0.13192063897865422,13.19,Low Risk,High Value,Maintain,0,0,7,25000.89,11658.22,0.4663121992857054,3571.555714285714,185.71428571428572,5,55.0,North,Premium,Paid Ads,0,0.0,256,2,0.2857142857142857,3571.555714285714
C09260,0.13191629465190224,13.19,Low Risk,Medium Value,Monitor,0,0,3,14344.85,6917.28,0.48221347731067243,4781.616666666667,100.0,139,40.0,East,Premium,Organic,0,0.0,20,0,0.0,4781.616666666667
C03693,0.13178064389222696,13.18,Low Risk,Low Value,Monitor,0,0,1,434.34,179.9,0.4141916470967445,434.34,0.0,198,49.0,South,Premium,Organic,0,0.0,0,0,0.0,434.34
C00335,0.1317481544416307,13.17,Low Risk,Medium Value,Monitor,0,0,7,17373.8,8061.78,0.46401938551151733,2481.9714285714285,142.85714285714286,39,19.0,East,Premium,Paid Ads,0,0.0,179,1,0.14285714285714285,2481.9714285714285
C05211,0.13160353797765856,13.16,Low Risk,Medium Value,Monitor,0,0,8,18182.9,8076.09,0.44415852256790717,2272.8625,156.25,67,36.0,South,Premium,Organic,0,0.0,177,1,0.125,2272.8625
C00998,0.13147433790030683,13.15,Low Risk,High Value,Maintain,0,0,8,31486.8,14883.18,0.4726799801821716,3935.85,162.5,29,51.0,East,Premium,Social Media,0,0.0,238,1,0.125,3935.85
C06143,0.13142158189980332,13.14,Low Risk,High Value,Maintain,0,0,8,21780.82,10675.17,0.4901179110795645,2722.6025,181.25,29,60.0,East,Premium,Organic,0,0.0,181,2,0.25,2722.6025
C05383,0.13141767757009584,13.14,Low Risk,Medium Value,Monitor,0,0,9,12407.19,4368.5,0.3520942292332107,1378.5766666666668,127.77777777777777,76,32.0,West,Premium,Paid Ads,0,0.0,182,1,0.1111111111111111,1378.5766666666668
C02272,0.13136414118635345,13.14,Low Risk,High Value,Maintain,1,0,5,19765.879999999997,10904.810000000001,0.5516986848043195,3953.1759999999995,60.0,168,48.0,West,Premium,Organic,0,0.0,81,0,0.0,3953.1759999999995
C03755,0.1313398019940975,13.13,Low Risk,Low Value,Monitor,0,0,3,3378.9600000000005,1591.05,0.4708697350664109,1126.3200000000002,200.0,143,44.0,West,Premium,Paid Ads,0,0.0,114,0,0.0,1126.3200000000002
C03283,0.13133266595464077,13.13,Low Risk,Medium Value,Monitor,1,0,4,6398.8,3065.25,0.4790351315871726,1599.7,12.5,49,42.0,South,Premium,Email,0,0.0,220,1,0.25,1599.7
C06081,0.13122625281768158,13.12,Low Risk,Low Value,Monitor,0,0,2,2640.5,974.78,0.3691649308843022,1320.25,250.0,184,25.0,West,Premium,Social Media,1,0.3333333333333333,20,0,0.0,1320.25
C01385,0.13104585241717254,13.1,Low Risk,High Value,Maintain,0,0,16,47764.81,23972.63,0.5018889429268116,2985.300625,90.625,25,52.0,North,Premium,Email,0,0.0,211,1,0.0625,2985.300625
C08648,0.13088272122303207,13.09,Low Risk,High Value,Maintain,0,0,6,20694.670000000002,9912.92,0.4790083630229426,3449.111666666667,191.66666666666666,104,47.0,East,Premium,Referral,0,0.0,122,2,0.3333333333333333,3449.111666666667
C06826,0.13064186334138073,13.06,Low Risk,High Value,Maintain,0,0,7,21411.28,10876.0,0.5079565537417661,3058.7542857142857,178.57142857142858,83,38.0,South,Premium,Organic,0,0.0,176,1,0.14285714285714285,3058.7542857142857
C09279,0.13046794093089054,13.05,Low Risk,High Value,Maintain,0,0,6,27664.1,14772.48,0.5339945994989896,4610.683333333333,208.33333333333334,60,43.0,East,Premium,Social Media,0,0.0,193,1,0.16666666666666666,4610.683333333333
C02220,0.130429992310894,13.04,Low Risk,Medium Value,Monitor,0,0,2,9034.41,4545.63,0.5031463039645091,4517.205,100.0,118,42.0,East,Premium,Organic,0,0.0,103,0,0.0,4517.205
C07461,0.13032805548202547,13.03,Low Risk,High Value,Maintain,0,0,9,32401.829999999998,16262.24,0.5018926400144683,3600.203333333333,138.88888888888889,36,31.0,West,Premium,Social Media,0,0.0,192,1,0.1111111111111111,3600.203333333333
C06453,0.1303156793244531,13.03,Low Risk,High Value,Maintain,0,0,6,31629.64,15617.42,0.4937590184396661,5271.606666666667,116.66666666666667,96,60.0,West,Premium,Paid Ads,0,0.0,144,2,0.3333333333333333,5271.606666666667
C02655,0.1300488382089552,13.0,Low Risk,Low Value,Monitor,0,0,6,5758.78,2295.46,0.3986017871840911,959.7966666666666,91.66666666666667,3,39.0,South,Premium,Paid Ads,0,0.0,246,1,0.16666666666666666,959.7966666666666
C02421,0.13002028685029135,13.0,Low Risk,Medium Value,Monitor,1,0,10,17746.75,8742.92,0.4926490765914886,1774.675,90.0,80,19.0,East,Premium,Organic,0,0.0,191,0,0.0,1774.675
C02148,0.12988390696579885,12.99,Low Risk,High Value,Maintain,0,0,7,25714.15,12613.48,0.49052681111372526,3673.4500000000003,71.42857142857143,12,46.0,West,Premium,Organic,0,0.0,228,2,0.2857142857142857,3673.4500000000003
C03464,0.12982150129192946,12.98,Low Risk,Medium Value,Monitor,0,0,6,15368.34,7103.15,0.4621937047202235,2561.39,166.66666666666666,15,29.0,North,Premium,Referral,0,0.0,228,2,0.3333333333333333,2561.39
C01442,0.12961672213375294,12.96,Low Risk,Medium Value,Monitor,0,0,4,10816.78,5367.71,0.49623917653867416,2704.195,150.0,43,31.0,East,Premium,Paid Ads,0,0.0,200,1,0.25,2704.195
C04970,0.12954225387176346,12.95,Low Risk,Medium Value,Monitor,0,0,8,21984.58,9223.83,0.41955907276827664,2748.0725,137.5,0,49.0,West,Premium,Social Media,0,0.0,228,1,0.125,2748.0725
C07582,0.1295348112221645,12.95,Low Risk,High Value,Maintain,0,0,10,34323.82,16696.899999999998,0.48645226551123966,3432.382,105.0,59,47.0,West,Premium,Email,0,0.0,213,1,0.1,3432.382
C01071,0.1294215576299551,12.94,Low Risk,Medium Value,Monitor,0,0,10,14163.9,6032.26,0.425889762000579,1416.3899999999999,115.0,36,23.0,West,Premium,Organic,0,0.0,213,0,0.0,1416.3899999999999
C04252,0.1294212362886989,12.94,Low Risk,High Value,Maintain,0,0,10,40857.63,20537.97,0.5026715940205049,4085.763,80.0,5,44.0,East,Premium,Email,0,0.0,218,1,0.1,4085.763
C05791,0.12930075382666284,12.93,Low Risk,High Value,Maintain,0,0,5,21149.710000000003,10763.130000000001,0.5089020133136577,4229.942000000001,170.0,5,53.0,West,Premium,Social Media,0,0.0,225,0,0.0,4229.942000000001
C02825,0.1291958476553535,12.92,Low Risk,Medium Value,Monitor,1,0,6,18363.66,7936.139999999999,0.432165483351358,3060.61,233.33333333333334,30,48.0,West,Premium,Social Media,0,0.0,147,0,0.0,3060.61
C05606,0.12917202505245656,12.92,Low Risk,Medium Value,Monitor,1,0,7,16365.89,7122.85,0.4352253375771193,2337.9842857142858,157.14285714285714,23,49.0,North,Premium,Social Media,0,0.0,244,0,0.0,2337.9842857142858
C00415,0.12886696802012718,12.89,Low Risk,High Value,Maintain,0,0,8,26413.01,11386.68,0.43110118839162975,3301.62625,112.5,20,42.0,North,Premium,Organic,0,0.0,164,1,0.125,3301.62625
C08220,0.1286393901411465,12.86,Low Risk,High Value,Maintain,0,0,7,20050.5,9926.58,0.4950789257125757,2864.3571428571427,78.57142857142857,13,25.0,North,Premium,Social Media,0,0.0,206,0,0.0,2864.3571428571427
C04839,0.12831242321442415,12.83,Low Risk,Low Value,Monitor,0,0,6,6234.15,2673.36,0.4288251004547533,1039.0249999999999,150.0,9,32.0,East,Premium,Paid Ads,0,0.0,232,0,0.0,1039.0249999999999
C01126,0.12829715645648962,12.83,Low Risk,Medium Value,Monitor,0,0,9,16369.980000000001,8048.469999999999,0.4916603441177081,1818.8866666666668,111.11111111111111,13,53.0,North,Premium,Referral,1,0.1,246,1,0.1111111111111111,1818.8866666666668
C08436,0.12827929382263714,12.83,Low Risk,High Value,Maintain,0,0,7,27594.989999999998,12544.17,0.4545814294551294,3942.141428571428,192.85714285714286,103,30.0,West,Premium,Referral,0,0.0,145,2,0.2857142857142857,3942.141428571428
C02632,0.1281815797236737,12.82,Low Risk,High Value,Maintain,0,0,6,28054.23,13762.34,0.4905620293267718,4675.705,108.33333333333333,24,60.0,North,Premium,Social Media,0,0.0,218,0,0.0,4675.705
C04988,0.12813196160083537,12.81,Low Risk,Medium Value,Monitor,1,0,3,14639.01,6964.1,0.47572206043987947,4879.67,100.0,39,42.0,North,Premium,Organic,0,0.0,103,0,0.0,4879.67
C05467,0.12811437710893142,12.81,Low Risk,Medium Value,Monitor,0,0,5,7026.51,3406.6099999999997,0.48482247943858325,1405.3020000000001,70.0,15,41.0,South,Premium,Referral,0,0.0,169,2,0.4,1405.3020000000001
C02221,0.1279611285507107,12.8,Low Risk,Medium Value,Monitor,0,0,6,9378.84,4424.79,0.47178435712732064,1563.14,83.33333333333333,5,39.0,North,Premium,Paid Ads,0,0.0,245,0,0.0,1563.14
C08968,0.12778585681332613,12.78,Low Risk,High Value,Maintain,0,0,9,21483.29,9975.56,0.46434042458115116,2387.032222222222,161.11111111111111,11,57.0,North,Premium,Referral,0,0.0,117,0,0.0,2387.032222222222
C02459,0.1277663124064395,12.78,Low Risk,Medium Value,Monitor,0,0,5,17367.85,7552.08,0.43483102398972817,3473.5699999999997,250.0,2,41.0,West,Premium,Organic,0,0.0,69,0,0.0,3473.5699999999997
C08746,0.12774456423015645,12.77,Low Risk,High Value,Maintain,0,0,6,26627.190000000002,13766.7,0.517016628491403,4437.865000000001,116.66666666666667,29,39.0,West,Premium,Social Media,0,0.0,219,1,0.16666666666666666,4437.865000000001
C04530,0.12770023524850577,12.77,Low Risk,Medium Value,Monitor,0,0,5,7681.82,2772.6000000000004,0.3609300920875522,1536.364,200.0,18,22.0,East,Premium,Organic,0,0.0,218,0,0.0,1536.364
C02291,0.1275407128553895,12.75,Low Risk,High Value,Maintain,0,0,7,21703.079999999998,10951.189999999999,0.5045915141998278,3100.4399999999996,200.0,1,32.0,North,Premium,Paid Ads,0,0.0,154,0,0.0,3100.4399999999996
C03295,0.1273972919769594,12.74,Low Risk,Medium Value,Monitor,0,0,2,10707.56,6247.18,0.5834363757942986,5353.78,125.0,95,30.0,South,Premium,Paid Ads,0,0.0,125,0,0.0,5353.78
C04971,0.12691071054017442,12.69,Low Risk,Medium Value,Monitor,0,0,4,13665.019999999999,6934.6,0.5074709001523598,3416.2549999999997,87.5,56,59.0,West,Premium,Organic,0,0.0,138,0,0.0,3416.2549999999997
C04131,0.1268695920036781,12.69,Low Risk,Medium Value,Monitor,0,0,7,12957.14,5440.4,0.4198766085725708,1851.02,50.0,14,50.0,West,Premium,Email,0,0.0,254,0,0.0,1851.02
C01861,0.12684564196811954,12.68,Low Risk,High Value,Maintain,0,0,7,37623.09,17450.600000000002,0.4638268680217389,5374.727142857142,114.28571428571429,28,38.0,South,Premium,Social Media,0,0.0,145,1,0.14285714285714285,5374.727142857142
C01504,0.12682712008092778,12.68,Low Risk,Medium Value,Monitor,0,0,5,16675.05,8221.31,0.4930306056053805,3335.0099999999998,210.0,78,53.0,West,Premium,Organic,0,0.0,192,0,0.0,3335.0099999999998
C03432,0.12654904276016365,12.65,Low Risk,High Value,Maintain,0,0,7,24128.79,13374.86,0.5543112605315061,3446.9700000000003,128.57142857142858,102,39.0,South,Premium,Organic,0,0.0,123,0,0.0,3446.9700000000003
C03263,0.12646064493407844,12.65,Low Risk,High Value,Maintain,0,0,11,51204.9,27894.23,0.544757044735953,4654.99090909091,122.72727272727273,59,26.0,West,Premium,Email,0,0.0,190,1,0.09090909090909091,4654.99090909091
C01823,0.12645592923803045,12.65,Low Risk,High Value,Maintain,0,0,10,49983.380000000005,24535.49,0.4908729661739562,4998.338000000001,75.0,36,48.0,North,Premium,Paid Ads,0,0.0,169,2,0.2,4998.338000000001
C09623,0.1264454105238791,12.64,Low Risk,Medium Value,Monitor,0,0,6,19541.81,8826.82,0.45168896842206524,3256.9683333333337,158.33333333333334,97,55.0,West,Premium,Organic,0,0.0,142,1,0.16666666666666666,3256.9683333333337
C02392,0.1263535269911607,12.64,Low Risk,High Value,Maintain,0,0,9,43340.31,21921.18,0.5057919521110947,4815.59,105.55555555555556,23,50.0,East,Premium,Social Media,0,0.0,247,1,0.1111111111111111,4815.59
C04745,0.12621198434637956,12.62,Low Risk,Medium Value,Monitor,0,0,3,9940.31,4875.74,0.4905018052756906,3313.4366666666665,100.0,36,27.0,East,Premium,Paid Ads,0,0.0,160,0,0.0,3313.4366666666665
C00578,0.1262026636858818,12.62,Low Risk,Medium Value,Monitor,0,0,5,17644.65,8521.4,0.48294525536069,3528.9300000000003,100.0,54,21.0,South,Premium,Organic,0,0.0,194,1,0.2,3528.9300000000003
C00138,0.12605812817303305,12.61,Low Risk,Medium Value,Monitor,0,0,6,18482.079999999998,7861.280000000001,0.4253460649450712,3080.3466666666664,141.66666666666666,76,44.0,North,Premium,Referral,0,0.0,150,1,0.16666666666666666,3080.3466666666664
C03222,0.12602210627772226,12.6,Low Risk,High Value,Maintain,0,0,8,29231.41,14565.83,0.49829378740197616,3653.92625,125.0,134,43.0,East,Premium,Paid Ads,0,0.0,112,0,0.0,3653.92625
C04349,0.12601779332627178,12.6,Low Risk,High Value,Maintain,0,0,3,15986.3,10517.61,0.6579139638315308,5328.766666666666,66.66666666666667,55,33.0,South,Premium,Paid Ads,0,0.0,106,0,0.0,5328.766666666666
C09361,0.12591693529328252,12.59,Low Risk,Medium Value,Monitor,0,0,6,19330.29,9270.539999999999,0.4795861831353797,3221.715,208.33333333333334,39,32.0,North,Premium,Paid Ads,0,0.0,217,1,0.16666666666666666,3221.715
C01291,0.12591692618116285,12.59,Low Risk,High Value,Maintain,0,0,11,37923.17,18011.55,0.4749484286255606,3447.560909090909,150.0,18,33.0,West,Premium,Organic,0,0.0,202,2,0.18181818181818182,3447.560909090909
C04198,0.1258076234302575,12.58,Low Risk,Medium Value,Monitor,1,0,6,12738.81,5942.27,0.46646978799432604,2123.1349999999998,175.0,11,59.0,West,Premium,Referral,0,0.0,158,1,0.16666666666666666,2123.1349999999998
C03585,0.12578133905799693,12.58,Low Risk,Medium Value,Monitor,0,0,6,18003.190000000002,9395.08,0.5218564043372312,3000.531666666667,75.0,69,56.0,West,Premium,Paid Ads,0,0.0,175,0,0.0,3000.531666666667
C09034,0.1255697702919484,12.56,Low Risk,Medium Value,Monitor,1,0,4,8872.57,4414.950000000001,0.49759539795121377,2218.1425,100.0,35,38.0,South,Premium,Referral,0,0.0,220,1,0.25,2218.1425
C07716,0.12556440322062667,12.56,Low Risk,Medium Value,Monitor,0,0,5,8690.94,3650.3500000000004,0.4200178576770752,1738.188,40.0,46,43.0,South,Premium,Referral,0,0.0,121,0,0.0,1738.188
C09720,0.1253248288967731,12.53,Low Risk,High Value,Maintain,0,0,14,59368.33,27202.69,0.45820204139142867,4240.595,171.42857142857142,46,19.0,North,Premium,Organic,0,0.0,219,2,0.14285714285714285,4240.595
C05500,0.12521213142075155,12.52,Low Risk,Medium Value,Monitor,0,0,3,13230.1,5878.700000000001,0.44434282431727656,4410.033333333334,100.0,2,60.0,North,Premium,Social Media,0,0.0,242,0,0.0,4410.033333333334
C04518,0.12513567963640684,12.51,Low Risk,Medium Value,Monitor,0,0,2,10336.33,4714.5199999999995,0.4561115986041467,5168.165,50.0,131,35.0,South,Premium,Organic,0,0.0,83,1,0.5,5168.165
C06261,0.12513104824414403,12.51,Low Risk,Medium Value,Monitor,0,0,4,18490.48,8351.68,0.45167459146544603,4622.62,100.0,70,23.0,East,Premium,Social Media,0,0.0,191,0,0.0,4622.62
C03514,0.12489885084137212,12.49,Low Risk,High Value,Maintain,0,0,8,36274.25,18726.170000000002,0.5162386541417121,4534.28125,68.75,26,57.0,South,Premium,Organic,0,0.0,226,2,0.25,4534.28125
C02651,0.12473132947898158,12.47,Low Risk,High Value,Maintain,0,0,9,25927.18,12798.369999999999,0.49362753681657623,2880.797777777778,144.44444444444446,25,43.0,East,Premium,Paid Ads,0,0.0,155,1,0.1111111111111111,2880.797777777778
C07646,0.12466039664558591,12.47,Low Risk,High Value,Maintain,0,0,10,27749.64,12266.32,0.4420352840613428,2774.964,80.0,40,19.0,North,Premium,Paid Ads,0,0.0,199,1,0.1,2774.964
C07105,0.12463604106277991,12.46,Low Risk,Medium Value,Monitor,0,0,6,15158.960000000001,7052.26,0.4652205692211075,2526.4933333333333,208.33333333333334,99,19.0,West,Premium,Paid Ads,0,0.0,167,0,0.0,2526.4933333333333
C02815,0.12448501141642823,12.45,Low Risk,Medium Value,Monitor,0,0,6,19816.38,8610.21,0.4344996412059114,3302.73,108.33333333333333,5,42.0,North,Premium,Social Media,0,0.0,251,0,0.0,3302.73
C02642,0.12434865348228306,12.43,Low Risk,High Value,Maintain,0,0,8,27002.69,13634.37,0.5049263610403261,3375.33625,62.5,5,39.0,East,Premium,Organic,0,0.0,237,1,0.125,3375.33625
C00201,0.1241469779106526,12.41,Low Risk,High Value,Maintain,0,0,4,22081.22,10050.64,0.4551668793662669,5520.305,287.5,83,20.0,North,Premium,Organic,0,0.0,82,0,0.0,5520.305
C06557,0.12406350499041163,12.41,Low Risk,High Value,Maintain,0,0,5,23733.35,12420.92,0.5233530032633404,4746.67,70.0,5,21.0,West,Premium,Organic,0,0.0,197,1,0.2,4746.67
C01054,0.12398450643759167,12.4,Low Risk,High Value,Maintain,0,0,6,18590.55,10542.43,0.5670854278114419,3098.4249999999997,66.66666666666667,12,28.0,South,Premium,Social Media,0,0.0,237,0,0.0,3098.4249999999997
C07078,0.12394941632204994,12.39,Low Risk,Medium Value,Monitor,0,0,1,9568.08,4645.45,0.48551538030618474,9568.08,200.0,78,34.0,North,Premium,Social Media,0,0.0,0,1,1.0,9568.08
C07446,0.12393283520448253,12.39,Low Risk,Medium Value,Monitor,0,0,7,15963.02,6150.44,0.3852930084658166,2280.4314285714286,185.71428571428572,12,44.0,North,Premium,Referral,0,0.0,239,1,0.14285714285714285,2280.4314285714286
C05509,0.12391563597936105,12.39,Low Risk,High Value,Maintain,0,0,7,29047.85,14512.8,0.49961701124179586,4149.692857142857,185.71428571428572,33,20.0,West,Premium,Referral,0,0.0,224,1,0.14285714285714285,4149.692857142857
C09543,0.12381662011116702,12.38,Low Risk,High Value,Maintain,0,0,8,20246.760000000002,10456.77,0.5164663383178345,2530.8450000000003,37.5,1,48.0,West,Premium,Organic,0,0.0,202,1,0.125,2530.8450000000003
C01707,0.12359901032774848,12.36,Low Risk,Medium Value,Monitor,0,0,8,12123.630000000001,5372.98,0.44318244618154784,1515.4537500000001,193.75,67,27.0,North,Premium,Email,1,0.1111111111111111,189,1,0.125,1515.4537500000001
C00348,0.12359221901582346,12.36,Low Risk,High Value,Maintain,0,0,7,27975.4,12416.28,0.4438285064735446,3996.4857142857145,128.57142857142858,16,22.0,East,Premium,Paid Ads,0,0.0,181,1,0.14285714285714285,3996.4857142857145
C05191,0.12352965773652778,12.35,Low Risk,Medium Value,Monitor,0,0,2,16431.129999999997,8654.7,0.5267257942697795,8215.564999999999,150.0,146,23.0,West,Premium,Paid Ads,0,0.0,94,0,0.0,8215.564999999999
C02532,0.12345123371818456,12.35,Low Risk,Low Value,Monitor,0,0,3,279.51,-6.289999999999992,-0.022503667131766276,93.17,100.0,37,32.0,South,Premium,Paid Ads,0,0.0,184,0,0.0,93.17
C02550,0.12331194854848028,12.33,Low Risk,High Value,Maintain,1,0,8,23463.21,11772.53,0.5017442199937691,2932.90125,143.75,49,41.0,East,Premium,Paid Ads,0,0.0,212,0,0.0,2932.90125
C06932,0.1232832788256721,12.33,Low Risk,Medium Value,Monitor,0,0,3,13310.69,5786.6,0.4347332858026143,4436.8966666666665,166.66666666666666,23,49.0,East,Premium,Organic,0,0.0,173,0,0.0,4436.8966666666665
C05429,0.12313070252114298,12.31,Low Risk,High Value,Maintain,0,0,7,34518.31,14419.78,0.41774293121534634,4931.187142857142,207.14285714285714,0,60.0,North,Premium,Referral,0,0.0,248,3,0.42857142857142855,4931.187142857142
C01485,0.12308785416460889,12.31,Low Risk,High Value,Maintain,0,0,8,21837.05,10474.89,0.4796842980164445,2729.63125,118.75,27,60.0,West,Premium,Paid Ads,0,0.0,215,1,0.125,2729.63125
C04389,0.12308124881094251,12.31,Low Risk,High Value,Maintain,0,0,7,27804.04,13964.07,0.5022316900709393,3972.0057142857145,64.28571428571429,49,54.0,East,Premium,Referral,0,0.0,200,1,0.14285714285714285,3972.0057142857145
C03245,0.1228663408056316,12.29,Low Risk,Medium Value,Monitor,1,0,7,16427.25,8339.26,0.5076479629883274,2346.75,100.0,37,40.0,North,Premium,Organic,0,0.0,210,0,0.0,2346.75
C04954,0.12275336938209862,12.28,Low Risk,High Value,Maintain,0,0,4,31721.409999999996,15795.57,0.4979466549563844,7930.352499999999,125.0,2,50.0,North,Premium,Social Media,0,0.0,247,0,0.0,7930.352499999999
C08863,0.12272302353201475,12.27,Low Risk,Medium Value,Monitor,1,0,7,14249.71,6351.93,0.4457585452616229,2035.672857142857,142.85714285714286,4,37.0,South,Premium,Organic,0,0.0,230,0,0.0,2035.672857142857
C09356,0.12267321167000793,12.27,Low Risk,High Value,Maintain,0,0,8,29004.2,15916.88,0.5487784527758048,3625.525,112.5,9,31.0,South,Premium,Email,0,0.0,204,0,0.0,3625.525
C00499,0.12248460936962269,12.25,Low Risk,Medium Value,Monitor,0,0,3,7995.41,3912.5600000000004,0.4893507650014196,2665.1366666666668,0.0,124,40.0,South,Premium,Paid Ads,0,0.0,124,0,0.0,2665.1366666666668
C08715,0.12227448566167283,12.23,Low Risk,High Value,Maintain,0,0,11,34156.93,16076.09,0.47065383217988266,3105.1754545454546,100.0,18,36.0,South,Premium,Organic,0,0.0,237,1,0.09090909090909091,3105.1754545454546
C05096,0.12225727153270809,12.23,Low Risk,Medium Value,Monitor,0,0,8,21928.67,9310.529999999999,0.4245825214205877,2741.08375,112.5,11,47.0,West,Premium,Paid Ads,0,0.0,185,1,0.125,2741.08375
C09142,0.12222256104487766,12.22,Low Risk,Medium Value,Monitor,0,0,4,7591.969999999999,3287.3399999999997,0.4330022378908241,1897.9924999999998,125.0,35,56.0,East,Premium,Paid Ads,0,0.0,165,0,0.0,1897.9924999999998
C08616,0.12218563923191592,12.22,Low Risk,Medium Value,Monitor,0,0,7,18590.23,8950.75,0.481476022620484,2655.747142857143,100.0,36,53.0,South,Premium,Organic,0,0.0,196,0,0.0,2655.747142857143
C09406,0.12207823690856069,12.21,Low Risk,Medium Value,Monitor,0,0,5,9988.189999999999,3456.55,0.34606370123115404,1997.6379999999997,110.0,22,55.0,West,Premium,Referral,0,0.0,240,0,0.0,1997.6379999999997
C08664,0.12206306287839049,12.21,Low Risk,Medium Value,Monitor,0,0,6,16954.79,8342.95,0.49207038247008666,2825.7983333333336,158.33333333333334,52,50.0,West,Premium,Organic,0,0.0,152,0,0.0,2825.7983333333336
C04055,0.12204449646979865,12.2,Low Risk,High Value,Maintain,0,0,8,20667.489999999998,10249.73,0.49593492001205763,2583.4362499999997,56.25,36,26.0,South,Premium,Paid Ads,0,0.0,196,0,0.0,2583.4362499999997
C02782,0.12195632547326835,12.2,Low Risk,Medium Value,Monitor,0,0,4,11143.779999999999,5545.4,0.4976228891812294,2785.9449999999997,125.0,21,29.0,South,Premium,Referral,0,0.0,131,1,0.25,2785.9449999999997
C00904,0.12195295903117602,12.2,Low Risk,Low Value,Monitor,0,0,4,6732.56,2560.9700000000003,0.3803857670781991,1683.14,100.0,14,60.0,North,Premium,Paid Ads,0,0.0,226,0,0.0,1683.14
C03146,0.12190088935957942,12.19,Low Risk,High Value,Maintain,1,0,10,31489.0,15737.28,0.4997707135825209,3148.9,85.0,35,19.0,West,Premium,Paid Ads,0,0.0,177,0,0.0,3148.9
C05148,0.12168080983911088,12.17,Low Risk,Medium Value,Monitor,0,0,4,14671.15,7604.8,0.5183506405428341,3667.7875,62.5,22,55.0,South,Premium,Paid Ads,0,0.0,163,0,0.0,3667.7875
C04369,0.1216695797155119,12.17,Low Risk,High Value,Maintain,0,0,10,30099.88,13246.12,0.4400721863342977,3009.9880000000003,245.0,10,33.0,East,Premium,Social Media,0,0.0,261,0,0.0,3009.9880000000003
C02268,0.12164468934662027,12.16,Low Risk,Medium Value,Monitor,1,0,6,14409.39,6720.570000000001,0.4664021169529037,2401.565,41.666666666666664,22,46.0,North,Premium,Organic,0,0.0,184,0,0.0,2401.565
C03774,0.12152953303987549,12.15,Low Risk,Medium Value,Monitor,0,0,2,16786.29,7520.08,0.4479894008741657,8393.145,125.0,30,47.0,North,Premium,Organic,0,0.0,40,0,0.0,8393.145
C00897,0.1212783698133744,12.13,Low Risk,High Value,Maintain,0,0,4,21993.69,10995.630000000001,0.4999447568825423,5498.4225,50.0,25,23.0,West,Premium,Organic,0,0.0,139,0,0.0,5498.4225
C08649,0.12118615263624766,12.12,Low Risk,High Value,Maintain,0,0,5,40211.09,23504.88,0.5845372507932514,8042.217999999999,110.0,35,32.0,North,Premium,Organic,0,0.0,224,1,0.2,8042.217999999999
C01776,0.1210980252983033,12.11,Low Risk,Medium Value,Monitor,0,0,6,19320.04,9057.81,0.4688297746795555,3220.0066666666667,125.0,7,42.0,West,Premium,Organic,0,0.0,234,0,0.0,3220.0066666666667
C08803,0.12100947945278666,12.1,Low Risk,Medium Value,Monitor,0,0,7,12077.150000000001,5061.32,0.41908231660615286,1725.3071428571432,135.71428571428572,70,43.0,West,Premium,Paid Ads,1,0.125,181,2,0.2857142857142857,1725.3071428571432
C08811,0.12053828216283154,12.05,Low Risk,High Value,Maintain,0,0,8,33751.5,17977.97,0.5326569189517504,4218.9375,125.0,17,40.0,East,Premium,Email,0,0.0,242,0,0.0,4218.9375
C02691,0.12049176230896876,12.05,Low Risk,Medium Value,Monitor,0,0,2,6039.12,2914.1800000000003,0.48255043781213164,3019.56,0.0,41,20.0,North,Premium,Paid Ads,1,0.3333333333333333,8,0,0.0,3019.56
C01125,0.12048692730711717,12.05,Low Risk,High Value,Maintain,0,0,8,27363.91,13254.76,0.48438837870757506,3420.48875,106.25,0,30.0,North,Premium,Paid Ads,0,0.0,244,0,0.0,3420.48875
C05483,0.12046587753872319,12.05,Low Risk,High Value,Maintain,0,0,6,32324.04,18056.42,0.5586065355691924,5387.34,75.0,139,28.0,West,Premium,Paid Ads,0,0.0,80,0,0.0,5387.34
C00776,0.12045462740172536,12.05,Low Risk,Medium Value,Monitor,1,0,4,7830.7,3524.62,0.4501028005159181,1957.675,75.0,16,45.0,East,Premium,Email,1,0.2,198,1,0.25,1957.675
C07766,0.12044257989776422,12.04,Low Risk,Medium Value,Monitor,0,0,2,12596.23,6573.93,0.5218966309760937,6298.115,225.0,159,40.0,North,Premium,Paid Ads,1,0.3333333333333333,106,0,0.0,6298.115
C03866,0.12042235442812513,12.04,Low Risk,High Value,Maintain,0,0,4,19777.17,9948.68,0.5030386046132991,4944.2925,62.5,126,39.0,West,Premium,Email,1,0.2,49,0,0.0,4944.2925
C04694,0.12001216889699498,12.0,Low Risk,Medium Value,Monitor,0,0,5,16594.920000000002,6673.35,0.40213209825657487,3318.9840000000004,200.0,79,27.0,North,Premium,Email,1,0.16666666666666666,145,0,0.0,3318.9840000000004
C00526,0.11993203070422254,11.99,Low Risk,High Value,Maintain,0,0,4,20307.9,10548.94,0.5194500662303833,5076.975,125.0,1,39.0,West,Premium,Organic,0,0.0,243,2,0.5,5076.975
C00297,0.11986691022331547,11.99,Low Risk,High Value,Maintain,0,0,6,28185.48,13288.13,0.47145303184476545,4697.58,208.33333333333334,84,56.0,South,Premium,Referral,0,0.0,105,0,0.0,4697.58
C09060,0.11981968905846847,11.98,Low Risk,High Value,Maintain,1,0,8,22931.489999999998,10786.130000000001,0.47036324285949155,2866.4362499999997,175.0,7,48.0,East,Premium,Referral,0,0.0,225,0,0.0,2866.4362499999997
C06117,0.11974830477110561,11.97,Low Risk,High Value,Maintain,0,0,8,31502.12,15118.25,0.4799121455952806,3937.765,75.0,35,36.0,North,Premium,Paid Ads,0,0.0,211,0,0.0,3937.765
C06780,0.11962861000367196,11.96,Low Risk,Low Value,Monitor,1,0,3,507.69,-452.09000000000003,-0.8904843506864426,169.23,266.6666666666667,120,50.0,East,Premium,Referral,1,0.25,115,0,0.0,169.23
C07817,0.11956184443813749,11.96,Low Risk,High Value,Maintain,0,0,4,27656.13,13451.79,0.4863945172372274,6914.0325,162.5,28,46.0,West,Premium,Paid Ads,0,0.0,114,0,0.0,6914.0325
C01940,0.1194810078857249,11.95,Low Risk,High Value,Maintain,0,0,7,30920.18,15062.94,0.48715563751569363,4417.168571428571,135.71428571428572,22,19.0,East,Premium,Social Media,0,0.0,245,0,0.0,4417.168571428571
C00352,0.11942337704236781,11.94,Low Risk,Medium Value,Monitor,1,0,4,9925.58,4735.3,0.4770804325792548,2481.395,100.0,15,27.0,South,Premium,Organic,0,0.0,255,1,0.25,2481.395
C04880,0.1193276536146555,11.93,Low Risk,High Value,Maintain,0,0,5,21617.23,9853.71,0.45582667159483425,4323.446,60.0,18,45.0,South,Premium,Organic,0,0.0,120,0,0.0,4323.446
C08297,0.11930653746340904,11.93,Low Risk,High Value,Maintain,0,0,6,31073.31,14757.85,0.4749365291306269,5178.885,141.66666666666666,9,59.0,North,Premium,Social Media,0,0.0,252,0,0.0,5178.885
C02659,0.11924365092108895,11.92,Low Risk,High Value,Maintain,0,0,6,32727.68,17529.57,0.5356190845180593,5454.613333333334,133.33333333333334,83,56.0,East,Premium,Referral,0,0.0,141,0,0.0,5454.613333333334
C01456,0.11916388728318929,11.92,Low Risk,High Value,Maintain,0,0,5,24765.25,12861.380000000001,0.5193317248967808,4953.05,100.0,78,20.0,South,Premium,Referral,0,0.0,128,1,0.2,4953.05
C05770,0.11914389641739577,11.91,Low Risk,Medium Value,Monitor,0,0,5,16715.72,8835.130000000001,0.5285521652671856,3343.1440000000002,160.0,6,19.0,South,Premium,Referral,0,0.0,214,1,0.2,3343.1440000000002
C00007,0.11910614369256227,11.91,Low Risk,High Value,Maintain,0,0,4,35174.8,17580.74,0.4998106599042496,8793.7,125.0,62,24.0,East,Premium,Email,0,0.0,143,0,0.0,8793.7
C06684,0.11882620790444016,11.88,Low Risk,Medium Value,Monitor,0,0,3,12357.53,5280.56,0.4273151673514044,4119.176666666667,66.66666666666667,15,57.0,West,Premium,Email,1,0.25,76,0,0.0,4119.176666666667
C03218,0.11869192105489765,11.87,Low Risk,High Value,Maintain,0,0,5,22351.34,10702.51,0.4788307994062101,4470.268,120.0,55,50.0,East,Premium,Referral,0,0.0,204,0,0.0,4470.268
C09783,0.11837199939005416,11.84,Low Risk,High Value,Maintain,0,0,7,28735.079999999998,13724.69,0.47762839010714436,4105.011428571428,171.42857142857142,65,24.0,North,Premium,Paid Ads,0,0.0,181,0,0.0,4105.011428571428
C02713,0.11809598314738053,11.81,Low Risk,High Value,Maintain,0,0,7,29975.870000000003,14815.52,0.49424820697447647,4282.267142857143,121.42857142857143,39,53.0,West,Premium,Organic,0,0.0,225,0,0.0,4282.267142857143
C04590,0.11790639584755265,11.79,Low Risk,Medium Value,Monitor,0,0,6,12101.050000000001,5489.12,0.4536069184079067,2016.841666666667,150.0,18,34.0,North,Premium,Social Media,1,0.14285714285714285,222,1,0.16666666666666666,2016.841666666667
C04176,0.11779736173294107,11.78,Low Risk,High Value,Maintain,0,0,8,26351.69,12052.98,0.45738926042314554,3293.96125,150.0,22,25.0,South,Premium,Paid Ads,0,0.0,239,1,0.125,3293.96125
C01278,0.11768547514276673,11.77,Low Risk,High Value,Maintain,0,0,7,23311.42,10746.949999999999,0.4610165318114469,3330.202857142857,114.28571428571429,8,20.0,South,Premium,Organic,0,0.0,235,0,0.0,3330.202857142857
C00992,0.11755859734156597,11.76,Low Risk,High Value,Maintain,0,0,8,30393.95,14368.54,0.4727434242670005,3799.24375,118.75,5,46.0,North,Premium,Referral,0,0.0,244,1,0.125,3799.24375
C02695,0.11752646843999646,11.75,Low Risk,High Value,Maintain,0,0,3,19971.79,10016.27,0.5015208952227116,6657.263333333333,66.66666666666667,93,46.0,South,Premium,Referral,0,0.0,31,0,0.0,6657.263333333333
C08211,0.11751977970646624,11.75,Low Risk,High Value,Maintain,0,0,10,51641.59,24893.239999999998,0.48203860493063827,5164.159,110.0,8,33.0,East,Premium,Paid Ads,0,0.0,114,1,0.1,5164.159
C02557,0.1174913346401414,11.75,Low Risk,High Value,Maintain,0,0,9,49458.409999999996,21743.52,0.4396324103423463,5495.3788888888885,133.33333333333334,26,57.0,North,Premium,Email,0,0.0,220,0,0.0,5495.3788888888885
C09132,0.1174194678738036,11.74,Low Risk,High Value,Maintain,0,0,6,20615.35,10180.25,0.4938189261884955,3435.8916666666664,175.0,28,50.0,North,Premium,Referral,0,0.0,234,0,0.0,3435.8916666666664
C09598,0.11735419263977961,11.74,Low Risk,Medium Value,Monitor,1,0,8,18582.05,9380.43,0.5048113636547098,2322.75625,68.75,0,47.0,West,Premium,Organic,0,0.0,251,0,0.0,2322.75625
C00786,0.1172983405986942,11.73,Low Risk,Medium Value,Monitor,0,0,5,14055.79,5804.83,0.41298496918351796,2811.1580000000004,60.0,4,57.0,South,Premium,Organic,0,0.0,238,1,0.2,2811.1580000000004
C06951,0.11728309558610754,11.73,Low Risk,Medium Value,Monitor,0,0,8,14016.900000000001,6931.32,0.49449735676219414,1752.1125000000002,100.0,1,38.0,North,Premium,Email,1,0.1111111111111111,261,1,0.125,1752.1125000000002
C06994,0.11698898789594932,11.7,Low Risk,Medium Value,Monitor,0,0,8,14996.890000000001,6572.38,0.4382495304026368,1874.6112500000002,75.0,2,55.0,East,Premium,Paid Ads,0,0.0,259,0,0.0,1874.6112500000002
C03332,0.11698833912277455,11.7,Low Risk,Medium Value,Monitor,0,0,7,15706.21,7399.42,0.47111429173556196,2243.7442857142855,92.85714285714286,30,48.0,North,Premium,Social Media,1,0.125,205,0,0.0,2243.7442857142855
C09138,0.11678725721382975,11.68,Low Risk,High Value,Maintain,0,0,4,37977.21,18462.12,0.4861368173175438,9494.3025,62.5,83,47.0,West,Premium,Organic,0,0.0,136,1,0.25,9494.3025
C01205,0.11677934043962046,11.68,Low Risk,High Value,Maintain,0,0,10,50294.01,24799.41,0.4930887395934426,5029.401,145.0,1,53.0,West,Premium,Email,0,0.0,269,0,0.0,5029.401
C04098,0.11677482937076049,11.68,Low Risk,Medium Value,Monitor,0,0,3,7884.34,3625.29,0.4598089377170442,2628.1133333333332,200.0,118,22.0,East,Premium,Referral,1,0.25,116,1,0.3333333333333333,2628.1133333333332
C09800,0.11676026538491145,11.68,Low Risk,High Value,Maintain,0,0,9,40038.99,19166.44,0.4786943926407734,4448.776666666667,94.44444444444444,9,49.0,South,Premium,Organic,0,0.0,224,1,0.1111111111111111,4448.776666666667
C09096,0.11675998969081364,11.68,Low Risk,Medium Value,Monitor,0,0,2,12577.039999999999,5875.41,0.46715363869400117,6288.5199999999995,200.0,8,37.0,South,Premium,Organic,0,0.0,154,0,0.0,6288.5199999999995
C06589,0.11674111705455427,11.67,Low Risk,High Value,Maintain,0,0,7,36969.12,19754.32,0.5343465032437883,5281.302857142858,35.714285714285715,4,18.0,East,Premium,Social Media,0,0.0,233,0,0.0,5281.302857142858
C05109,0.11661763086428932,11.66,Low Risk,High Value,Maintain,0,0,4,35313.01,18654.17,0.5282520521473529,8828.2525,112.5,117,24.0,South,Premium,Paid Ads,0,0.0,137,0,0.0,8828.2525
C02567,0.11656944766136741,11.66,Low Risk,High Value,Maintain,0,0,5,25410.239999999998,11466.32,0.4512480008059743,5082.048,170.0,25,53.0,East,Premium,Organic,0,0.0,234,0,0.0,5082.048
C01255,0.11655439985246893,11.66,Low Risk,Medium Value,Monitor,0,0,7,21963.94,9770.2,0.4448291153590841,3137.7057142857143,150.0,107,28.0,North,Premium,Organic,1,0.125,114,1,0.14285714285714285,3137.7057142857143
C04075,0.11632325187392392,11.63,Low Risk,High Value,Maintain,0,0,8,23523.59,10852.36,0.4613394469126524,2940.44875,81.25,2,19.0,North,Premium,Organic,0,0.0,260,0,0.0,2940.44875
C03077,0.11608884501779884,11.61,Low Risk,High Value,Maintain,1,0,7,33357.0,16353.05,0.4902434271667116,4765.285714285715,92.85714285714286,1,33.0,South,Premium,Referral,0,0.0,235,1,0.14285714285714285,4765.285714285715
C00481,0.1159488357167004,11.59,Low Risk,High Value,Maintain,0,0,7,28595.27,14713.33,0.5145371944381011,4085.0385714285717,185.71428571428572,24,22.0,North,Premium,Referral,0,0.0,220,0,0.0,4085.0385714285717
C00308,0.11585090528503142,11.59,Low Risk,High Value,Maintain,1,0,4,26777.41,14011.5,0.5232582240029936,6694.3525,100.0,19,39.0,West,Premium,Paid Ads,0,0.0,246,0,0.0,6694.3525
C06573,0.1157019537575556,11.57,Low Risk,High Value,Maintain,1,0,4,32234.409999999996,16960.399999999998,0.5261582265659586,8058.602499999999,12.5,65,51.0,East,Premium,Referral,0,0.0,204,1,0.25,8058.602499999999
C09018,0.11564993135624733,11.56,Low Risk,Medium Value,Monitor,0,0,5,18836.36,9503.05,0.5045056475879628,3767.272,120.0,51,44.0,South,Premium,Paid Ads,0,0.0,203,0,0.0,3767.272
C04654,0.11560784644241975,11.56,Low Risk,High Value,Maintain,0,0,9,27679.149999999998,13345.0,0.48213185737278785,3075.4611111111108,144.44444444444446,91,49.0,South,Premium,Referral,0,0.0,171,0,0.0,3075.4611111111108
C04231,0.11557906920528709,11.56,Low Risk,High Value,Maintain,0,0,9,28543.54,14241.63,0.49894406930604956,3171.5044444444447,83.33333333333333,5,54.0,North,Premium,Paid Ads,0,0.0,241,0,0.0,3171.5044444444447
C05845,0.11557516923108313,11.56,Low Risk,High Value,Maintain,1,0,6,21177.17,10605.91,0.5008180979800417,3529.528333333333,41.666666666666664,62,32.0,South,Premium,Organic,0,0.0,190,0,0.0,3529.528333333333
C06111,0.11553949185557014,11.55,Low Risk,Medium Value,Monitor,0,0,5,14301.100000000002,6651.56,0.4651082783841802,2860.2200000000003,50.0,22,49.0,South,Premium,Referral,0,0.0,156,0,0.0,2860.2200000000003
C02223,0.11538506280486754,11.54,Low Risk,High Value,Maintain,0,0,6,31055.07,15578.99,0.5016568953153221,5175.845,141.66666666666666,21,25.0,East,Premium,Paid Ads,0,0.0,91,0,0.0,5175.845
C04754,0.11520411019037516,11.52,Low Risk,High Value,Maintain,0,0,6,34766.75,18170.02,0.5226263599559925,5794.458333333333,116.66666666666667,110,41.0,West,Premium,Paid Ads,0,0.0,145,0,0.0,5794.458333333333
C01437,0.11515340683304737,11.52,Low Risk,High Value,Maintain,0,0,7,22040.51,10063.69,0.4565996884827076,3148.6442857142856,121.42857142857143,30,55.0,West,Premium,Referral,0,0.0,193,0,0.0,3148.6442857142856
C09561,0.11513148438848979,11.51,Low Risk,Medium Value,Monitor,0,0,4,11165.78,4065.18,0.36407487878141964,2791.445,200.0,4,55.0,South,Premium,Referral,0,0.0,194,0,0.0,2791.445
C05741,0.1150865987548132,11.51,Low Risk,High Value,Maintain,0,0,7,31441.0,14515.619999999999,0.46167806367481945,4491.571428571428,135.71428571428572,22,18.0,South,Premium,Organic,0,0.0,200,0,0.0,4491.571428571428
C06184,0.11506012485121164,11.51,Low Risk,Medium Value,Monitor,0,0,5,16738.8,8786.34,0.5249085955982508,3347.7599999999998,130.0,15,60.0,South,Premium,Paid Ads,0,0.0,227,0,0.0,3347.7599999999998
C03166,0.11459878959041962,11.46,Low Risk,Medium Value,Monitor,0,0,8,16626.829999999998,7908.65,0.47565591276268543,2078.3537499999998,81.25,77,43.0,West,Premium,Organic,1,0.1111111111111111,185,1,0.125,2078.3537499999998
C08722,0.11455409168472729,11.46,Low Risk,Medium Value,Monitor,0,0,4,15844.93,7852.74,0.49559953877991253,3961.2325,187.5,53,18.0,North,Premium,Email,1,0.2,189,0,0.0,3961.2325
C07180,0.11444890616105491,11.44,Low Risk,High Value,Maintain,0,0,8,37607.59,19035.18,0.5061526144057623,4700.94875,131.25,14,58.0,West,Premium,Paid Ads,0,0.0,232,0,0.0,4700.94875
C03780,0.11422710429703277,11.42,Low Risk,Medium Value,Monitor,0,0,8,20028.76,9049.25,0.4518127932033736,2503.595,87.5,10,60.0,South,Premium,Organic,0,0.0,230,0,0.0,2503.595
C05561,0.11404182587881775,11.4,Low Risk,High Value,Maintain,0,0,6,48790.81,23568.72,0.48305654282025656,8131.801666666666,158.33333333333334,2,42.0,West,Premium,Email,0,0.0,245,0,0.0,8131.801666666666
C03953,0.11403500652916897,11.4,Low Risk,High Value,Maintain,0,0,5,26079.1,13816.87,0.5298062433136114,5215.82,90.0,79,32.0,South,Premium,Paid Ads,0,0.0,183,0,0.0,5215.82
C07800,0.11386084094355339,11.39,Low Risk,Low Value,Monitor,0,0,5,6769.01,2413.52,0.3565543558068314,1353.8020000000001,260.0,36,31.0,West,Premium,Paid Ads,1,0.16666666666666666,159,0,0.0,1353.8020000000001
C05236,0.11378986528738176,11.38,Low Risk,High Value,Maintain,0,0,9,24984.45,11217.48,0.44897846460498425,2776.05,161.11111111111111,1,58.0,East,Premium,Organic,0,0.0,261,0,0.0,2776.05
C03204,0.11373838641875139,11.37,Low Risk,High Value,Maintain,0,0,9,68506.39,34660.28,0.5059422923905347,7611.821111111111,66.66666666666667,27,27.0,South,Premium,Social Media,0,0.0,210,2,0.2222222222222222,7611.821111111111
C04731,0.11367805152117436,11.37,Low Risk,Medium Value,Monitor,0,0,5,19168.510000000002,8672.39,0.4524290098708767,3833.702,110.0,131,45.0,East,Premium,Organic,1,0.16666666666666666,106,1,0.2,3833.702
C09556,0.11362043101840824,11.36,Low Risk,High Value,Maintain,1,0,7,20654.7,10526.01,0.5096181498641955,2950.671428571429,150.0,19,46.0,South,Premium,Referral,0,0.0,242,0,0.0,2950.671428571429
C01647,0.1135967386561008,11.36,Low Risk,Medium Value,Monitor,0,0,3,11309.9,5353.55,0.4733507811740157,3769.9666666666667,216.66666666666666,68,24.0,East,Premium,Organic,1,0.25,131,0,0.0,3769.9666666666667
C01554,0.11353100146959126,11.35,Low Risk,High Value,Maintain,0,0,7,38512.8,18389.66,0.47749475499054855,5501.828571428572,185.71428571428572,11,19.0,South,Premium,Social Media,0,0.0,250,0,0.0,5501.828571428572
C04060,0.11341628646170927,11.34,Low Risk,High Value,Maintain,1,0,7,34053.18,17844.25,0.5240112670828393,4864.74,71.42857142857143,17,43.0,South,Premium,Paid Ads,0,0.0,228,0,0.0,4864.74
C00019,0.11339172835642154,11.34,Low Risk,High Value,Maintain,0,0,8,32346.01,15369.48,0.47515845076409735,4043.25125,150.0,20,43.0,West,Premium,Social Media,1,0.1111111111111111,187,1,0.125,4043.25125
C04875,0.11334832117355602,11.33,Low Risk,Low Value,Monitor,0,0,2,1148.57,399.96999999999997,0.3482330201903236,574.285,50.0,74,24.0,West,Premium,Paid Ads,1,0.3333333333333333,133,0,0.0,574.285
C06333,0.11326922480347681,11.33,Low Risk,High Value,Maintain,0,0,4,24463.420000000002,11129.15,0.45493025913792917,6115.8550000000005,37.5,4,60.0,North,Premium,Organic,0,0.0,166,0,0.0,6115.8550000000005
C00573,0.11324934787795582,11.32,Low Risk,Medium Value,Monitor,0,0,6,16218.769999999999,7261.68,0.44773308950062185,2703.128333333333,158.33333333333334,4,55.0,West,Premium,Email,1,0.14285714285714285,226,0,0.0,2703.128333333333
C02019,0.11315521175719963,11.32,Low Risk,High Value,Maintain,0,0,8,52482.18,26769.34,0.5100653212195073,6560.2725,150.0,6,26.0,East,Premium,Paid Ads,0,0.0,227,1,0.125,6560.2725
C00981,0.1129720540980295,11.3,Low Risk,High Value,Maintain,0,0,7,43082.909999999996,22238.14,0.5161707971908119,6154.701428571428,207.14285714285714,26,20.0,West,Premium,Paid Ads,0,0.0,242,0,0.0,6154.701428571428
C08408,0.11267551329392572,11.27,Low Risk,High Value,Maintain,0,0,8,40194.9,20296.02,0.50494017897793,5024.3625,93.75,46,20.0,West,Premium,Social Media,1,0.1111111111111111,151,2,0.25,5024.3625
C01827,0.11265434532536121,11.27,Low Risk,Medium Value,Monitor,0,0,4,9476.21,4905.219999999999,0.5176352149224215,2369.0525,150.0,47,38.0,East,Premium,Organic,1,0.2,143,0,0.0,2369.0525
C00710,0.11263013021070514,11.26,Low Risk,High Value,Maintain,0,0,5,34022.68,17883.86,0.5256452460535149,6804.536,160.0,28,21.0,North,Premium,Paid Ads,0,0.0,225,0,0.0,6804.536
C05320,0.11262513310629818,11.26,Low Risk,Medium Value,Monitor,0,0,7,16131.43,7912.3,0.49048968380360575,2304.4900000000002,85.71428571428571,127,35.0,North,Premium,Referral,1,0.125,141,0,0.0,2304.4900000000002
C05523,0.1126007734637494,11.26,Low Risk,Medium Value,Monitor,1,0,2,13341.14,7250.51,0.5434700482867282,6670.57,50.0,63,37.0,North,Premium,Paid Ads,1,0.3333333333333333,22,0,0.0,6670.57
C03483,0.11233024152178296,11.23,Low Risk,Medium Value,Monitor,1,0,3,5849.85,2829.58,0.48370129148610647,1949.95,66.66666666666667,1,21.0,West,Premium,Email,1,0.25,261,0,0.0,1949.95
C03721,0.11230414072626158,11.23,Low Risk,Medium Value,Monitor,0,0,6,17620.350000000002,9041.69,0.5131390693147412,2936.7250000000004,141.66666666666666,42,36.0,West,Premium,Email,2,0.25,192,0,0.0,2936.7250000000004
C09262,0.11207297463232892,11.21,Low Risk,High Value,Maintain,0,0,9,39780.1,20311.04,0.5105829296557827,4420.011111111111,138.88888888888889,47,49.0,West,Premium,Organic,0,0.0,199,0,0.0,4420.011111111111
C04386,0.11200702588536543,11.2,Low Risk,Medium Value,Monitor,1,0,4,8806.029999999999,3841.88,0.436278322921907,2201.5074999999997,62.5,93,31.0,North,Premium,Organic,1,0.2,83,0,0.0,2201.5074999999997
C09002,0.11193727597049613,11.19,Low Risk,High Value,Maintain,0,0,5,36368.03,19393.59,0.5332592939458091,7273.606,60.0,87,43.0,North,Premium,Referral,0,0.0,181,0,0.0,7273.606
C04170,0.1117349464850341,11.17,Low Risk,High Value,Maintain,0,0,5,30705.27,15335.619999999999,0.49944586059656854,6141.054,200.0,35,24.0,East,Premium,Social Media,1,0.16666666666666666,223,1,0.2,6141.054
C05182,0.11173069569867594,11.17,Low Risk,High Value,Maintain,0,0,7,26770.35,11273.01,0.4211005832945778,3824.335714285714,200.0,47,33.0,South,Premium,Paid Ads,0,0.0,222,0,0.0,3824.335714285714
C02607,0.1117053674119512,11.17,Low Risk,High Value,Maintain,0,0,11,52658.729999999996,26394.78,0.5012422441635034,4787.157272727272,104.54545454545455,16,59.0,East,Premium,Email,0,0.0,255,0,0.0,4787.157272727272
C08848,0.11150483510210818,11.15,Low Risk,Medium Value,Monitor,0,0,5,20436.08,9361.43,0.45808344848914273,4087.2160000000003,50.0,28,56.0,North,Premium,Social Media,1,0.16666666666666666,235,0,0.0,4087.2160000000003
C06916,0.1113728669801463,11.14,Low Risk,High Value,Maintain,1,0,3,21853.36,9837.83,0.4501747099759488,7284.453333333334,66.66666666666667,39,45.0,East,Premium,Organic,0,0.0,205,0,0.0,7284.453333333334
C00754,0.1112856660699072,11.13,Low Risk,High Value,Maintain,1,0,9,33698.549999999996,16469.6,0.48873319475170296,3744.283333333333,172.22222222222223,0,35.0,West,Premium,Paid Ads,0,0.0,260,0,0.0,3744.283333333333
C00376,0.1109697828838023,11.1,Low Risk,High Value,Maintain,0,0,11,26433.22,12276.98,0.46445268491693403,2403.02,140.9090909090909,22,44.0,West,Premium,Paid Ads,1,0.08333333333333333,181,1,0.09090909090909091,2403.02
C00171,0.11082462272390384,11.08,Low Risk,High Value,Maintain,0,0,11,57694.62,28734.3,0.4980412385071606,5244.965454545455,204.54545454545453,2,41.0,North,Premium,Paid Ads,0,0.0,247,1,0.09090909090909091,5244.965454545455
C01318,0.11063124609766987,11.06,Low Risk,High Value,Maintain,1,0,5,22126.27,9913.23,0.44802987579921966,4425.254,350.0,111,39.0,North,Premium,Referral,1,0.16666666666666666,139,0,0.0,4425.254
C07787,0.11016914872710039,11.02,Low Risk,Low Value,Monitor,0,0,3,2318.86,820.1700000000001,0.3536953503014412,772.9533333333334,183.33333333333334,1,39.0,West,Premium,Referral,1,0.25,266,0,0.0,772.9533333333334
C02243,0.11009827902893952,11.01,Low Risk,High Value,Maintain,0,0,4,43968.85,23436.39,0.5330225830332156,10992.2125,100.0,9,44.0,North,Premium,Organic,0,0.0,241,0,0.0,10992.2125
C03988,0.11008419383073306,11.01,Low Risk,Medium Value,Monitor,0,0,5,10607.92,4389.73,0.41381628066576664,2121.584,170.0,119,42.0,West,Premium,Organic,1,0.16666666666666666,104,0,0.0,2121.584
C00078,0.1100430559812107,11.0,Low Risk,High Value,Maintain,1,0,8,29185.79,14980.6,0.513284033085964,3648.22375,87.5,2,55.0,East,Premium,Referral,0,0.0,264,0,0.0,3648.22375
C00446,0.10987789709941,10.99,Low Risk,Medium Value,Monitor,0,0,7,12515.91,6064.280000000001,0.4845256956945201,1787.9871428571428,135.71428571428572,93,50.0,South,Premium,Paid Ads,1,0.125,175,1,0.14285714285714285,1787.9871428571428
C01831,0.1098397357181472,10.98,Low Risk,Medium Value,Monitor,0,0,5,7616.2300000000005,3315.95,0.4353794462614705,1523.246,140.0,57,34.0,South,Premium,Organic,1,0.16666666666666666,199,0,0.0,1523.246
C01092,0.10981631198401232,10.98,Low Risk,Medium Value,Monitor,1,0,3,16580.05,9496.279999999999,0.572753399416769,5526.683333333333,83.33333333333333,8,18.0,North,Premium,Paid Ads,1,0.25,182,0,0.0,5526.683333333333
C06759,0.10962957322455119,10.96,Low Risk,High Value,Maintain,0,0,7,30252.1,13713.42,0.4533047292584647,4321.728571428571,142.85714285714286,24,46.0,South,Premium,Organic,0,0.0,214,0,0.0,4321.728571428571
C00618,0.10936139787214061,10.94,Low Risk,High Value,Maintain,0,0,10,51868.69,25437.35,0.49041820797864755,5186.869000000001,95.0,23,59.0,West,Premium,Paid Ads,0,0.0,232,1,0.1,5186.869000000001
C09475,0.10922572304561465,10.92,Low Risk,High Value,Maintain,1,0,5,38950.61,21592.19,0.5543479293392324,7790.122,150.0,28,36.0,South,Premium,Referral,0,0.0,234,1,0.2,7790.122
C08713,0.10913117651452227,10.91,Low Risk,High Value,Maintain,0,0,11,48308.94,22235.63,0.4602798157028492,4391.721818181818,145.45454545454547,75,48.0,North,Premium,Paid Ads,1,0.08333333333333333,180,2,0.18181818181818182,4391.721818181818
C01924,0.10907213020273117,10.91,Low Risk,Medium Value,Monitor,0,0,4,13060.19,6609.2,0.5060569562923664,3265.0475,137.5,123,18.0,West,Premium,Paid Ads,1,0.2,124,0,0.0,3265.0475
C08683,0.10881903927326453,10.88,Low Risk,Medium Value,Monitor,0,0,6,14429.0,6256.110000000001,0.4335789035969229,2404.8333333333335,150.0,58,53.0,East,Premium,Organic,1,0.14285714285714285,152,1,0.16666666666666666,2404.8333333333335
C09752,0.10876269989403896,10.88,Low Risk,High Value,Maintain,0,0,5,19003.78,10226.490000000002,0.5381292563900446,3800.756,160.0,80,59.0,East,Premium,Organic,1,0.16666666666666666,163,0,0.0,3800.756
C05573,0.10863988319748175,10.86,Low Risk,High Value,Maintain,0,0,10,32498.6,14307.199999999999,0.44024050266780723,3249.8599999999997,125.0,4,30.0,South,Premium,Organic,0,0.0,267,0,0.0,3249.8599999999997
C08618,0.10859491230052472,10.86,Low Risk,High Value,Maintain,0,0,9,41675.13,22104.809999999998,0.5304077035872473,4630.57,94.44444444444444,9,42.0,East,Premium,Social Media,1,0.1,250,1,0.1111111111111111,4630.57
C01063,0.1085309501640105,10.85,Low Risk,High Value,Maintain,0,0,5,32880.4,16634.59,0.5059120327003321,6576.08,190.0,29,52.0,South,Premium,Referral,0,0.0,170,0,0.0,6576.08
C03230,0.10829574893277917,10.83,Low Risk,High Value,Maintain,0,0,6,52271.85,31385.760000000002,0.6004333116199255,8711.975,108.33333333333333,7,32.0,East,Premium,Organic,0,0.0,140,0,0.0,8711.975
C06328,0.10811412264245265,10.81,Low Risk,High Value,Maintain,0,0,8,37947.1,18842.55,0.496547825789059,4743.3875,162.5,8,20.0,West,Premium,Referral,0,0.0,244,0,0.0,4743.3875
C08549,0.10804839756392778,10.8,Low Risk,High Value,Maintain,0,0,9,32244.36,14613.36,0.45320670033457017,3582.706666666667,155.55555555555554,34,27.0,West,Premium,Social Media,1,0.1,208,0,0.0,3582.706666666667
C07292,0.10792459218491256,10.79,Low Risk,Medium Value,Monitor,0,0,5,14820.490000000002,7350.0599999999995,0.4959390681414716,2964.0980000000004,140.0,61,35.0,East,Premium,Paid Ads,1,0.16666666666666666,209,0,0.0,2964.0980000000004
C09468,0.10746907100719978,10.75,Low Risk,Medium Value,Monitor,0,0,6,17580.49,9106.21,0.5179724797204173,2930.081666666667,158.33333333333334,71,49.0,South,Premium,Organic,1,0.14285714285714285,157,1,0.16666666666666666,2930.081666666667
C01043,0.10722697633853508,10.72,Low Risk,High Value,Maintain,0,0,4,39511.56,22198.89,0.5618327902011462,9877.89,62.5,19,21.0,West,Premium,Social Media,1,0.2,125,0,0.0,9877.89
C05530,0.10704269806736186,10.7,Low Risk,High Value,Maintain,0,0,9,50523.59,27136.34,0.5371023713873064,5613.732222222222,183.33333333333334,1,35.0,West,Premium,Email,1,0.1,244,1,0.1111111111111111,5613.732222222222
C04129,0.10700042723693647,10.7,Low Risk,Medium Value,Monitor,0,0,5,5620.11,2859.65,0.5088245603733735,1124.022,80.0,14,28.0,West,Premium,Social Media,2,0.2857142857142857,150,1,0.2,1124.022
C05153,0.1066202039673234,10.66,Low Risk,High Value,Maintain,1,0,8,49378.37,25725.46,0.5209864157119807,6172.29625,68.75,6,22.0,South,Premium,Organic,0,0.0,255,0,0.0,6172.29625
C05074,0.1065964136640556,10.66,Low Risk,Medium Value,Monitor,0,0,4,17796.48,6642.3,0.373236729960082,4449.12,100.0,19,60.0,East,Premium,Organic,1,0.2,151,1,0.25,4449.12
C04372,0.10636425925254371,10.64,Low Risk,Medium Value,Monitor,0,0,5,16798.06,8996.2,0.5355499385048035,3359.612,70.0,3,59.0,West,Premium,Paid Ads,1,0.16666666666666666,169,0,0.0,3359.612
C06467,0.10633624625720281,10.63,Low Risk,High Value,Maintain,0,0,8,43764.25,21413.24,0.48928611823577467,5470.53125,193.75,62,55.0,North,Premium,Email,1,0.1111111111111111,203,0,0.0,5470.53125
C01706,0.10624355692988181,10.62,Low Risk,High Value,Maintain,0,0,7,20973.14,10050.7,0.47921770416828385,2996.162857142857,85.71428571428571,58,20.0,East,Premium,Organic,1,0.125,173,0,0.0,2996.162857142857
C03778,0.1061313272061653,10.61,Low Risk,High Value,Maintain,0,0,6,23854.0,10298.33,0.4317234006875157,3975.6666666666665,175.0,5,52.0,North,Premium,Paid Ads,1,0.14285714285714285,262,1,0.16666666666666666,3975.6666666666665
C02982,0.105777292262619,10.58,Low Risk,Medium Value,Monitor,1,0,3,6631.44,2782.62,0.419610220404618,2210.48,266.6666666666667,30,35.0,East,Premium,Referral,1,0.25,222,0,0.0,2210.48
C05847,0.10564502327922788,10.56,Low Risk,High Value,Maintain,0,0,11,46943.99,23574.629999999997,0.502186328857006,4267.635454545454,104.54545454545455,1,53.0,East,Premium,Organic,0,0.0,271,0,0.0,4267.635454545454
C05294,0.10447477145421472,10.45,Low Risk,High Value,Maintain,0,0,5,35212.23,18412.66,0.5229052519536536,7042.446000000001,90.0,119,46.0,East,Premium,Referral,1,0.16666666666666666,139,1,0.2,7042.446000000001
C07133,0.10390053887373506,10.39,Low Risk,High Value,Maintain,0,0,12,59408.0,29848.9,0.5024390654457312,4950.666666666667,112.5,20,41.0,North,Premium,Referral,1,0.07692307692307693,227,3,0.25,4950.666666666667
C01879,0.10377603817541368,10.38,Low Risk,High Value,Maintain,1,0,8,21936.99,10282.890000000001,0.46874662385313576,2742.12375,187.5,5,35.0,West,Premium,Organic,1,0.1111111111111111,265,1,0.125,2742.12375
C01711,0.10347202273272094,10.35,Low Risk,High Value,Maintain,0,0,6,21546.05,10588.18,0.49142093330332015,3591.008333333333,66.66666666666667,26,57.0,East,Premium,Organic,1,0.14285714285714285,190,0,0.0,3591.008333333333
C04830,0.10331215089384815,10.33,Low Risk,High Value,Maintain,0,0,8,32159.54,15282.33,0.4752036254249905,4019.9425,143.75,43,24.0,West,Premium,Organic,1,0.1111111111111111,126,0,0.0,4019.9425
C08975,0.10321661866859642,10.32,Low Risk,Medium Value,Monitor,0,0,8,20131.46,9146.03,0.45431528562757,2516.4325,68.75,7,36.0,West,Premium,Paid Ads,1,0.1111111111111111,233,0,0.0,2516.4325
C06086,0.10288679585973783,10.29,Low Risk,Medium Value,Monitor,0,0,6,13848.51,6738.58,0.48659242041201545,2308.085,141.66666666666666,14,34.0,West,Premium,Paid Ads,1,0.14285714285714285,213,0,0.0,2308.085
C00785,0.10251752736498658,10.25,Low Risk,High Value,Maintain,0,0,9,29021.07,14878.64,0.5126840602362353,3224.5633333333335,172.22222222222223,40,29.0,East,Premium,Referral,1,0.1,229,1,0.1111111111111111,3224.5633333333335
C00659,0.10239522707594728,10.24,Low Risk,Medium Value,Monitor,1,0,6,13002.85,6549.21,0.5036749635656799,2167.141666666667,108.33333333333333,61,51.0,North,Premium,Social Media,2,0.25,175,0,0.0,2167.141666666667
C06240,0.10197281985383451,10.2,Low Risk,High Value,Maintain,0,0,7,31441.1,15742.29,0.500691451634962,4491.585714285714,21.428571428571427,102,34.0,South,Premium,Organic,1,0.125,124,0,0.0,4491.585714285714
C07758,0.1019704985868088,10.2,Low Risk,High Value,Maintain,0,0,11,30015.23,14017.21,0.46700325134939824,2728.657272727273,122.72727272727273,12,27.0,South,Premium,Organic,1,0.08333333333333333,159,0,0.0,2728.657272727273
C05017,0.10196614720041668,10.2,Low Risk,High Value,Maintain,0,0,9,27535.25,14011.560000000001,0.5088590079988379,3059.472222222222,61.111111111111114,11,19.0,East,Premium,Organic,1,0.1,249,1,0.1111111111111111,3059.472222222222
C07865,0.10187544781316137,10.19,Low Risk,High Value,Maintain,0,0,6,29370.78,14638.85,0.49841543193609433,4895.13,150.0,53,31.0,West,Premium,Organic,1,0.14285714285714285,217,0,0.0,4895.13
C03610,0.10179792098076748,10.18,Low Risk,Medium Value,Monitor,0,0,6,13916.11,6912.96,0.4967595110990068,2319.351666666667,216.66666666666666,22,54.0,South,Premium,Email,2,0.25,207,1,0.16666666666666666,2319.351666666667
C06590,0.1010881760047437,10.11,Low Risk,High Value,Maintain,0,0,11,29334.38,13866.41,0.4727016558727336,2666.7618181818184,136.36363636363637,30,20.0,South,Premium,Organic,1,0.08333333333333333,234,0,0.0,2666.7618181818184
C06719,0.10094079653869116,10.09,Low Risk,Medium Value,Monitor,0,0,5,13619.36,6575.9,0.48283472938522803,2723.8720000000003,80.0,3,47.0,East,Premium,Referral,1,0.16666666666666666,169,0,0.0,2723.8720000000003
C00948,0.10079533005313235,10.08,Low Risk,High Value,Maintain,0,0,6,25923.54,11278.320000000002,0.435060952323641,4320.59,150.0,43,33.0,South,Premium,Organic,1,0.14285714285714285,173,0,0.0,4320.59
C00494,0.10068434583814495,10.07,Low Risk,High Value,Maintain,0,0,7,34000.36,16571.1,0.4873801336221145,4857.194285714286,114.28571428571429,48,32.0,East,Premium,Paid Ads,1,0.125,148,1,0.14285714285714285,4857.194285714286
C01550,0.10060166314091308,10.06,Low Risk,High Value,Maintain,0,0,10,39832.130000000005,19603.98,0.4921649934362033,3983.2130000000006,85.0,30,43.0,North,Premium,Organic,1,0.09090909090909091,212,1,0.1,3983.2130000000006
C01281,0.10041248380611537,10.04,Low Risk,High Value,Maintain,0,0,4,18437.95,9861.43,0.5348441665152579,4609.4875,112.5,21,58.0,North,Premium,Email,2,0.3333333333333333,244,1,0.25,4609.4875
C08143,0.10031242058050027,10.03,Low Risk,High Value,Maintain,0,0,9,41900.66,19817.67,0.47296796756900716,4655.628888888889,77.77777777777777,2,31.0,North,Premium,Paid Ads,1,0.1,259,1,0.1111111111111111,4655.628888888889
C09185,0.10019948173467523,10.02,Low Risk,High Value,Maintain,1,0,6,21290.82,10339.84,0.48564780501643434,3548.47,150.0,15,38.0,North,Premium,Paid Ads,1,0.14285714285714285,253,0,0.0,3548.47
C06199,0.09999667725352779,10.0,Low Risk,High Value,Maintain,1,0,6,24602.69,11602.0,0.4715744497857755,4100.448333333333,83.33333333333333,1,42.0,East,Premium,Referral,1,0.14285714285714285,185,0,0.0,4100.448333333333
C00186,0.09953901113839946,9.95,Low Risk,High Value,Maintain,0,0,7,25251.89,11746.49,0.46517270588458925,3607.412857142857,78.57142857142857,16,28.0,North,Premium,Organic,1,0.125,195,0,0.0,3607.412857142857
C02875,0.09933079498450662,9.93,Low Risk,Medium Value,Monitor,0,0,5,14306.79,7183.2300000000005,0.5020853734485513,2861.358,90.0,18,57.0,South,Premium,Organic,1,0.16666666666666666,235,0,0.0,2861.358
C09973,0.09713489293587756,9.71,Low Risk,High Value,Maintain,0,0,7,28143.980000000003,14580.369999999999,0.5180635432515229,4020.568571428572,71.42857142857143,76,47.0,South,Premium,Organic,1,0.125,193,0,0.0,4020.568571428572
C03180,0.09699164383620773,9.7,Low Risk,High Value,Maintain,0,0,10,44858.74,24010.41,0.5352448597530827,4485.874,145.0,4,34.0,North,Premium,Referral,1,0.09090909090909091,252,0,0.0,4485.874
C05070,0.09693464152439205,9.69,Low Risk,High Value,Maintain,0,0,8,34796.79,17038.27,0.4896506258192207,4349.59875,75.0,3,18.0,East,Premium,Organic,1,0.1111111111111111,260,1,0.125,4349.59875
C04583,0.09653176503793504,9.65,Low Risk,High Value,Maintain,0,0,5,39045.18,19872.65,0.508965511235958,7809.036,140.0,65,23.0,South,Premium,Paid Ads,1,0.16666666666666666,188,0,0.0,7809.036
C06153,0.09591633942636026,9.59,Low Risk,Medium Value,Monitor,0,0,5,8569.779999999999,4101.99,0.47865756180438707,1713.9559999999997,130.0,32,22.0,East,Premium,Social Media,2,0.2857142857142857,222,0,0.0,1713.9559999999997
C08426,0.09579253192381801,9.58,Low Risk,High Value,Maintain,0,0,6,26267.5,13627.94,0.5188137432188066,4377.916666666667,58.333333333333336,4,34.0,West,Premium,Organic,1,0.14285714285714285,255,0,0.0,4377.916666666667
C09893,0.09571718242080875,9.57,Low Risk,Medium Value,Monitor,0,0,3,13288.130000000001,7332.3,0.5517932169537775,4429.376666666667,33.333333333333336,105,57.0,South,Premium,Organic,2,0.4,78,0,0.0,4429.376666666667
C04255,0.09559456461092146,9.56,Low Risk,Medium Value,Monitor,0,0,3,10733.36,4927.5,0.4590827103535146,3577.786666666667,200.0,51,20.0,East,Premium,Organic,2,0.4,213,1,0.3333333333333333,3577.786666666667
C08136,0.09551932537951208,9.55,Low Risk,High Value,Maintain,0,0,9,37579.96,19761.92,0.525863252648486,4175.551111111111,133.33333333333334,51,43.0,East,Premium,Paid Ads,1,0.1,210,0,0.0,4175.551111111111
C08724,0.09503472297885443,9.5,Low Risk,High Value,Maintain,0,0,5,41027.68,21551.390000000003,0.5252890243854881,8205.536,40.0,4,30.0,West,Premium,Organic,1,0.16666666666666666,207,0,0.0,8205.536
C09405,0.09467507214538703,9.47,Low Risk,Medium Value,Monitor,0,0,7,20821.54,8206.09,0.39411542085743895,2974.5057142857145,78.57142857142857,3,26.0,East,Premium,Referral,1,0.125,250,0,0.0,2974.5057142857145
C05144,0.09330650743896078,9.33,Low Risk,High Value,Maintain,0,0,9,41621.0,20899.83,0.5021462723144566,4624.555555555556,150.0,4,18.0,South,Premium,Referral,1,0.1,239,0,0.0,4624.555555555556
C04773,0.09329550498113023,9.33,Low Risk,High Value,Maintain,0,0,7,38010.41,20009.1,0.5264110542348792,5430.058571428572,121.42857142857143,18,50.0,East,Premium,Organic,1,0.125,212,0,0.0,5430.058571428572
C09175,0.09177769595369364,9.18,Low Risk,High Value,Maintain,0,0,6,20560.11,10449.9,0.5082608993823476,3426.685,108.33333333333333,8,22.0,West,Premium,Social Media,2,0.25,183,0,0.0,3426.685
C03228,0.09175763723590045,9.18,Low Risk,High Value,Maintain,0,0,6,30831.32,14333.86,0.46491230346284235,5138.553333333333,283.3333333333333,48,59.0,West,Premium,Social Media,2,0.25,214,1,0.16666666666666666,5138.553333333333
C00730,0.09124326907254914,9.12,Low Risk,High Value,Maintain,0,0,8,38241.08,18430.4,0.4819529155557322,4780.135,143.75,37,55.0,East,Premium,Referral,1,0.1111111111111111,221,0,0.0,4780.135
C01363,0.09080527168162139,9.08,Low Risk,High Value,Maintain,0,0,8,51930.630000000005,24678.62,0.4752228116624042,6491.328750000001,125.0,8,48.0,North,Premium,Organic,1,0.1111111111111111,263,0,0.0,6491.328750000001
C02119,0.09063996621081845,9.06,Low Risk,High Value,Maintain,0,0,6,26865.35,13167.630000000001,0.4901343179969739,4477.558333333333,75.0,1,28.0,East,Premium,Paid Ads,2,0.25,266,2,0.3333333333333333,4477.558333333333
C07013,0.08949506543216929,8.95,Low Risk,High Value,Maintain,1,0,6,23331.72,11750.3,0.5036191073782815,3888.6200000000003,166.66666666666666,41,20.0,West,Premium,Organic,2,0.25,177,1,0.16666666666666666,3888.6200000000003
C01207,0.08775053812078541,8.78,Low Risk,High Value,Maintain,0,0,12,38864.42,17943.44,0.4616932402439043,3238.7016666666664,108.33333333333333,34,30.0,North,Premium,Social Media,2,0.14285714285714285,177,0,0.0,3238.7016666666664
C04616,0.08744601210282765,8.74,Low Risk,High Value,Maintain,1,0,7,30710.129999999997,15593.3,0.5077575379850232,4387.161428571429,71.42857142857143,18,37.0,West,Premium,Paid Ads,2,0.2222222222222222,251,1,0.14285714285714285,4387.161428571429
C06014,0.085771748062954,8.58,Low Risk,Medium Value,Monitor,0,0,5,16357.58,8276.6,0.5059794908537816,3271.516,80.0,23,36.0,West,Premium,Paid Ads,2,0.2857142857142857,216,0,0.0,3271.516
C06630,0.08410001263758522,8.41,Low Risk,High Value,Maintain,0,0,10,73761.43000000001,37694.92,0.51103835703836,7376.143000000001,120.0,27,31.0,North,Premium,Referral,2,0.16666666666666666,139,0,0.0,7376.143000000001
C06752,0.08358301701584313,8.36,Low Risk,High Value,Maintain,0,0,8,59563.11,32563.98,0.5467138972427732,7445.38875,187.5,1,58.0,North,Premium,Social Media,2,0.2,255,1,0.125,7445.38875
C01513,0.07950953727417305,7.95,Low Risk,High Value,Maintain,1,0,4,20994.59,9979.529999999999,0.47533817045248317,5248.6475,75.0,0,50.0,South,Premium,Referral,2,0.3333333333333333,245,0,0.0,5248.6475
C03058,0.07802359941240754,7.8,Low Risk,High Value,Maintain,0,0,5,19487.59,10298.53,0.5284660648135557,3897.518,40.0,67,47.0,East,Premium,Paid Ads,3,0.375,199,1,0.2,3897.518
C05384,0.07707869548865703,7.71,Low Risk,High Value,Maintain,0,0,7,63840.01,33870.799999999996,0.5305575610028882,9120.00142857143,135.71428571428572,45,35.0,East,Premium,Organic,2,0.2222222222222222,111,1,0.14285714285714285,9120.00142857143
C04598,0.07569979920395341,7.57,Low Risk,High Value,Maintain,0,0,4,36746.91,17389.769999999997,0.4732308104273256,9186.7275,12.5,43,39.0,East,Premium,Referral,2,0.3333333333333333,216,0,0.0,9186.7275
C05319,0.07534516290559226,7.53,Low Risk,High Value,Maintain,1,0,11,45574.31,21782.739999999998,0.47796093895881253,4143.119090909091,172.72727272727272,0,57.0,East,Premium,Organic,2,0.15384615384615385,240,0,0.0,4143.119090909091
