customer_id,signup_date,age,gender,city,state,region,subscription_type,acquisition_channel
C00001,2025-08-14 15:52:10,58.0,Female,Ahmedabad,Gujarat,West,Free,Email
C00002,2025-09-07 14:02:33,46.0,Male,Chennai,Tamil Nadu,South,Free,Paid Ads
C00003,2025-04-03 10:35:37,60.0,Other,Delhi,Delhi,North,Basic,Organic
C00004,2025-04-22 01:19:46,53.0,Male,Jaipur,Rajasthan,North,Free,Organic
C00005,2025-05-15 04:24:13,31.0,Male,Guwahati,Assam,East,Free,Paid Ads
C00006,2025-11-21 21:55:03,35.0,Male,Guwahati,Assam,East,Free,Referral
C00007,2025-05-22 23:32:58,24.0,Female,Guwahati,Assam,East,Premium,Email
C00008,2025-03-15 02:09:35,40.0,Male,Hyderabad,Telangana,South,Premium,Referral
C00009,2025-02-27 22:56:33,50.0,Female,Jaipur,Rajasthan,North,Free,Referral
C00010,2025-05-11 11:23:38,33.0,Male,Delhi,Delhi,North,Basic,Organic
C00011,2025-07-16 04:35:13,54.0,Male,Bhubaneswar,Odisha,East,Free,Organic
C00012,2025-04-30 06:41:05,42.0,Female,Bengaluru,Karnataka,South,Basic,Referral
C00013,2025-05-20 18:33:45,26.0,Female,Hyderabad,Telangana,South,Free,Social Media
C00014,2025-08-27 10:37:41,45.0,Male,Kolkata,West Bengal,East,Free,Referral
C00015,2025-01-27 02:49:47,26.0,Female,Guwahati,Assam,East,Basic,Paid Ads
C00016,2025-03-13 21:15:43,29.0,Female,Bhubaneswar,Odisha,East,Free,Referral
C00017,2025-07-30 20:45:30,35.0,Male,Mumbai,Maharashtra,West,Free,Paid Ads
C00018,2025-10-29 22:47:44,44.0,Male,Jaipur,Rajasthan,North,Premium,Organic
C00019,2025-07-17 03:28:16,43.0,Male,Ahmedabad,Gujarat,West,Premium,Social Media
C00020,2025-11-27 15:46:22,43.0,Male,Pune,Maharashtra,West,Free,Paid Ads
C00021,2025-09-01 15:05:47,27.0,Female,Lucknow,Uttar Pradesh,North,Basic,Paid Ads
C00022,2025-09-06 21:09:14,34.0,Male,Guwahati,Assam,East,Basic,Referral
C00023,2025-01-29 03:12:15,49.0,Male,Ahmedabad,Gujarat,West,Free,Organic
C00024,2025-03-10 19:21:03,41.0,Male,Pune,Maharashtra,West,Premium,Paid Ads
C00025,2025-09-10 00:25:58,60.0,Female,Pune,Maharashtra,West,Basic,Referral
C00026,2025-02-17 23:01:57,25.0,Female,Bengaluru,Karnataka,South,Basic,Organic
C00027,2025-06-24 10:46:57,47.0,Male,Kolkata,West Bengal,East,Free,Social Media
C00028,2025-10-10 06:46:57,43.0,Male,Jaipur,Rajasthan,North,Free,Paid Ads
C00029,2025-05-13 19:31:27,,Male,Jaipur,Rajasthan,North,Free,Social Media
C00030,2025-09-27 19:04:01,44.0,Female,Bhubaneswar,Odisha,East,Free,Social Media
C00031,2025-08-10 21:11:25,32.0,Male,Jaipur,Rajasthan,North,Free,Paid Ads
C00032,2025-03-14 13:12:38,45.0,Female,Guwahati,Assam,East,Free,Organic
C00033,2025-02-09 10:27:44,28.0,Male,Guwahati,Assam,East,Free,Social Media
C00034,2025-08-23 06:25:07,56.0,Female,Hyderabad,Telangana,South,Free,Paid Ads
C00035,2025-03-06 16:15:38,19.0,Female,Chennai,Tamil Nadu,South,Free,Referral
C00036,2025-01-05 06:33:35,26.0,Female,Hyderabad,Telangana,South,Free,Organic
C00037,2025-10-17 20:17:55,40.0,Male,Ahmedabad,Gujarat,West,Free,Referral
C00038,2025-01-04 10:21:58,50.0,Female,Kolkata,West Bengal,East,Basic,Paid Ads
C00039,2025-04-19 10:10:25,36.0,Male,Delhi,Delhi,North,Free,Paid Ads
C00040,2025-11-08 11:19:31,30.0,Male,Ahmedabad,Gujarat,West,Premium,Email
C00041,2025-06-11 13:13:20,31.0,Female,Guwahati,Assam,East,Basic,Paid Ads
C00042,2025-08-04 12:22:20,,Female,Ahmedabad,Gujarat,West,Basic,Referral
C00043,2025-03-20 15:23:42,39.0,Female,Bhubaneswar,Odisha,East,Premium,Referral
C00044,2025-03-24 01:00:44,37.0,Male,Bengaluru,Karnataka,South,Free,Organic
C00045,2025-01-11 17:39:22,50.0,Female,Mumbai,Maharashtra,West,Free,Social Media
C00046,2025-06-02 21:55:54,22.0,Male,Delhi,Delhi,North,Free,Paid Ads
C00047,2025-05-19 08:17:14,,Male,Ahmedabad,Gujarat,West,Free,Social Media
C00048,2025-10-07 15:35:42,31.0,Female,Jaipur,Rajasthan,North,Free,Referral
C00049,2025-04-18 23:58:37,44.0,Male,Delhi,Delhi,North,Basic,Paid Ads
C00050,2025-09-06 07:29:20,43.0,Female,Kolkata,West Bengal,East,Free,Paid Ads
C00051,2025-11-25 01:20:33,49.0,Male,Chennai,Tamil Nadu,South,Premium,Social Media
C00052,2025-11-25 00:12:33,47.0,Male,Hyderabad,Telangana,South,Basic,Referral
C00053,2025-07-20 17:12:15,44.0,Female,Hyderabad,Telangana,South,Basic,Referral
C00054,2025-02-22 07:48:27,43.0,Female,Bengaluru,Karnataka,South,Free,Organic
C00055,2025-02-10 11:45:45,35.0,Male,Delhi,Delhi,North,Basic,Social Media
C00056,2025-01-25 01:04:27,40.0,Male,Chennai,Tamil Nadu,South,Free,Paid Ads
C00057,2025-06-21 08:02:55,41.0,Female,Kolkata,West Bengal,East,Free,Referral
C00058,2025-09-15 17:42:58,21.0,Male,Bhubaneswar,Odisha,East,Premium,Organic
C00059,2025-03-10 03:24:55,58.0,Male,Kolkata,West Bengal,East,Free,Paid Ads
C00060,2025-01-09 11:54:02,20.0,Female,Mumbai,Maharashtra,West,Free,Referral
C00061,2025-03-26 07:49:09,60.0,Male,Mumbai,Maharashtra,West,Premium,Organic
C00062,2025-06-25 00:29:44,47.0,Other,Ahmedabad,Gujarat,West,Free,Email
C00063,2025-06-24 11:55:03,33.0,Female,Chennai,Tamil Nadu,South,Basic,Referral
C00064,2025-09-06 02:21:53,24.0,Other,Pune,Maharashtra,West,Basic,Social Media
C00065,2025-10-22 00:57:02,56.0,Male,Ahmedabad,Gujarat,West,Free,Paid Ads
C00066,2025-05-27 02:24:21,39.0,Other,Lucknow,Uttar Pradesh,North,Premium,Organic
C00067,2025-03-25 02:49:36,58.0,Male,Guwahati,Assam,East,Premium,Referral
C00068,2025-03-04 12:58:36,48.0,Male,Chennai,Tamil Nadu,South,Free,Paid Ads
C00069,2025-06-04 06:11:36,30.0,Male,Kolkata,West Bengal,East,Free,Paid Ads
C00070,2025-02-12 17:41:55,58.0,Male,Hyderabad,Telangana,South,Basic,Referral
C00071,2025-11-27 10:37:23,58.0,Male,Hyderabad,Telangana,South,Basic,Referral
C00072,2025-01-16 02:41:44,46.0,Female,Guwahati,Assam,East,Basic,Organic
C00073,2025-11-16 14:38:58,45.0,Male,Kolkata,West Bengal,East,Free,Social Media
C00074,2025-11-18 23:36:36,36.0,Male,Bengaluru,Karnataka,South,Free,Paid Ads
C00075,2025-09-14 07:46:08,40.0,Female,Lucknow,Uttar Pradesh,North,Premium,Referral
C00076,2025-09-08 08:43:33,25.0,Male,Delhi,Delhi,North,Free,Organic
C00077,2025-10-23 05:34:24,42.0,Female,Hyderabad,Telangana,South,Basic,Paid Ads
C00078,2025-07-31 06:23:37,55.0,Female,Kolkata,West Bengal,East,Premium,Referral
C00079,2025-11-30 04:10:29,55.0,Female,Pune,Maharashtra,West,Free,Social Media
C00080,2025-11-27 16:50:37,52.0,Male,Bhubaneswar,Odisha,East,Basic,Paid Ads
C00081,2025-08-30 11:23:55,43.0,Other,Bengaluru,Karnataka,South,Free,Referral
C00082,2025-08-07 02:41:37,20.0,Female,Jaipur,Rajasthan,North,Premium,Organic
C00083,2025-04-25 10:16:47,19.0,Other,Pune,Maharashtra,West,Free,Social Media
C00084,2025-08-21 16:35:51,22.0,Male,Bhubaneswar,Odisha,East,Free,Referral
C00085,2025-01-12 17:26:05,37.0,Female,Ahmedabad,Gujarat,West,Basic,Social Media
C00086,2025-06-21 10:12:30,29.0,Female,Mumbai,Maharashtra,West,Basic,Paid Ads
C00087,2025-01-12 13:12:15,55.0,Male,Delhi,Delhi,North,Free,Organic
C00088,2025-08-16 13:47:54,,Female,Delhi,Delhi,North,Free,Paid Ads
C00089,2025-02-23 12:49:47,54.0,Female,Chennai,Tamil Nadu,South,Free,Paid Ads
C00090,2025-01-18 16:15:29,55.0,Female,Ahmedabad,Gujarat,West,Free,Paid Ads
C00091,2025-04-14 19:42:27,53.0,Male,Kolkata,West Bengal,East,Basic,Organic
C00092,2025-06-28 03:18:53,46.0,Female,Jaipur,Rajasthan,North,Free,Social Media
C00093,2025-05-06 18:54:26,52.0,Male,Hyderabad,Telangana,South,Basic,Organic
C00094,2025-09-02 10:47:36,54.0,Female,Lucknow,Uttar Pradesh,North,Basic,Email
C00095,2025-09-16 04:49:21,38.0,Male,Bengaluru,Karnataka,South,Premium,Organic
C00096,2025-04-22 00:32:18,38.0,Male,Mumbai,Maharashtra,West,Basic,Email
C00097,2025-08-19 10:26:46,45.0,Male,Jaipur,Rajasthan,North,Free,Email
C00098,2025-01-13 14:25:07,,Female,Mumbai,Maharashtra,West,Free,Paid Ads
C00099,2025-10-21 14:46:29,37.0,Other,Bhubaneswar,Odisha,East,Premium,Email
C00100,2025-04-09 15:44:50,53.0,Male,Guwahati,Assam,East,Premium,Social Media
C00101,2025-02-09 05:54:40,30.0,Male,Guwahati,Assam,East,Free,Organic
C00102,2025-08-16 10:18:07,57.0,Male,Lucknow,Uttar Pradesh,North,Premium,Email
C00103,2025-07-09 10:49:51,28.0,Female,Ahmedabad,Gujarat,West,Premium,Organic
C00104,2025-04-19 10:58:18,41.0,Male,Mumbai,Maharashtra,West,Premium,Organic
C00105,2025-03-24 21:18:13,36.0,Male,Bengaluru,Karnataka,South,Basic,Referral
C00106,2025-09-07 04:44:19,,Female,Pune,Maharashtra,West,Premium,Organic
C00107,2025-10-29 08:11:02,48.0,Male,Pune,Maharashtra,West,Premium,Organic
C00108,2025-06-21 11:21:34,54.0,Male,Jaipur,Rajasthan,North,Free,Email
C00109,2025-03-16 05:22:33,54.0,Male,Bhubaneswar,Odisha,East,Premium,Email
C00110,2025-08-23 07:02:20,20.0,Female,Bhubaneswar,Odisha,East,Free,Social Media
C00111,2025-02-28 19:37:02,51.0,Female,Ahmedabad,Gujarat,West,Free,Paid Ads
C00112,2025-06-29 05:57:48,46.0,Female,Guwahati,Assam,East,Basic,Email
C00113,2025-04-06 14:53:56,20.0,Male,Hyderabad,Telangana,South,Basic,Organic
C00114,2025-11-02 10:32:21,32.0,Female,Chennai,Tamil Nadu,South,Premium,Email
C00115,2025-02-16 10:47:01,24.0,Male,Lucknow,Uttar Pradesh,North,Free,Paid Ads
C00116,2025-01-03 05:18:53,20.0,Female,Hyderabad,Telangana,South,Free,Social Media
C00117,2025-02-12 16:34:32,60.0,Female,Hyderabad,Telangana,South,Free,Referral
C00118,2025-05-12 02:39:55,33.0,Female,Guwahati,Assam,East,Free,Email
C00119,2025-01-16 22:19:13,51.0,Male,Bengaluru,Karnataka,South,Basic,Social Media
C00120,2025-10-03 10:50:51,37.0,Female,Jaipur,Rajasthan,North,Free,Email
C00121,2025-04-01 21:52:21,56.0,Female,Chennai,Tamil Nadu,South,Free,Referral
C00122,2025-04-26 17:08:24,50.0,Male,Bengaluru,Karnataka,South,Free,Social Media
C00123,2025-01-01 18:42:03,31.0,Female,Ahmedabad,Gujarat,West,Basic,Social Media
C00124,2025-03-13 00:16:19,59.0,Female,Guwahati,Assam,East,Free,Organic
C00125,2025-10-11 22:30:52,52.0,Female,Guwahati,Assam,East,Basic,Referral
C00126,2025-04-19 20:31:39,28.0,Female,Pune,Maharashtra,West,Free,Organic
C00127,2025-09-22 03:37:00,37.0,Male,Chennai,Tamil Nadu,South,Free,Social Media
C00128,2025-10-03 11:38:02,47.0,Female,Chennai,Tamil Nadu,South,Premium,Organic
C00129,2025-05-22 02:00:48,45.0,Female,Bhubaneswar,Odisha,East,Free,Email
C00130,2025-05-26 04:45:56,32.0,Male,Jaipur,Rajasthan,North,Basic,Paid Ads
C00131,2025-07-05 00:28:35,55.0,Male,Mumbai,Maharashtra,West,Basic,Organic
C00132,2025-01-21 20:28:28,30.0,Male,Bhubaneswar,Odisha,East,Basic,Email
C00133,2025-08-10 08:12:44,52.0,Male,Guwahati,Assam,East,Basic,Organic
C00134,2025-11-15 17:29:48,41.0,Female,Pune,Maharashtra,West,Basic,Paid Ads
C00135,2025-09-24 00:43:21,18.0,Male,Bengaluru,Karnataka,South,Basic,Social Media
C00136,2025-09-02 19:18:38,59.0,Male,Ahmedabad,Gujarat,West,Free,Paid Ads
C00137,2025-07-31 13:12:46,41.0,Male,Delhi,Delhi,North,Free,Paid Ads
C00138,2025-11-13 21:11:45,44.0,Female,Lucknow,Uttar Pradesh,North,Premium,Referral
C00139,2025-03-03 07:38:41,35.0,Male,Pune,Maharashtra,West,Premium,Email
C00140,2025-05-23 05:34:14,43.0,Male,Bengaluru,Karnataka,South,Free,Organic
C00141,2025-11-27 09:37:46,46.0,Male,Hyderabad,Telangana,South,Free,Organic
C00142,2025-04-11 20:35:24,25.0,Female,Pune,Maharashtra,West,Free,Paid Ads
C00143,2025-02-13 06:12:58,43.0,Male,Ahmedabad,Gujarat,West,Basic,Paid Ads
C00144,2025-05-21 07:24:30,22.0,Female,Mumbai,Maharashtra,West,Free,Paid Ads
C00145,2025-09-12 13:04:53,50.0,Male,Mumbai,Maharashtra,West,Basic,Organic
C00146,2025-02-16 15:03:38,57.0,Male,Kolkata,West Bengal,East,Premium,Referral
C00147,2025-01-14 17:38:57,22.0,Male,Delhi,Delhi,North,Premium,Email
C00148,2025-11-21 20:07:11,53.0,Male,Pune,Maharashtra,West,Free,Organic
C00149,2025-06-05 07:29:45,30.0,Male,Guwahati,Assam,East,Premium,Organic
C00150,2025-03-30 03:03:39,34.0,Male,Pune,Maharashtra,West,Basic,Referral
C00151,2025-10-06 08:38:32,30.0,Male,Bengaluru,Karnataka,South,Free,Organic
C00152,2025-04-06 11:51:22,42.0,Female,Guwahati,Assam,East,Free,Referral
C00153,2025-06-13 08:12:36,19.0,Male,Kolkata,West Bengal,East,Basic,Paid Ads
C00154,2025-03-27 22:58:52,41.0,Female,Pune,Maharashtra,West,Premium,Paid Ads
C00155,2025-06-20 13:38:45,53.0,Female,Chennai,Tamil Nadu,South,Free,Paid Ads
C00156,2025-11-01 18:32:37,42.0,Female,Pune,Maharashtra,West,Free,Paid Ads
C00157,2025-05-11 12:51:54,51.0,Male,Lucknow,Uttar Pradesh,North,Free,Social Media
C00158,2025-10-04 15:34:10,29.0,Female,Hyderabad,Telangana,South,Premium,Email
C00159,2025-10-13 03:18:18,36.0,Male,Kolkata,West Bengal,East,Premium,Referral
C00160,2025-05-17 03:25:30,59.0,Male,Lucknow,Uttar Pradesh,North,Free,Referral
C00161,2025-08-17 20:59:53,47.0,Male,Ahmedabad,Gujarat,West,Free,Organic
C00162,2025-09-05 11:08:06,54.0,Female,Jaipur,Rajasthan,North,Premium,Referral
C00163,2025-04-21 05:46:54,60.0,Male,Delhi,Delhi,North,Basic,Referral
C00164,2025-09-25 21:25:00,18.0,Female,Jaipur,Rajasthan,North,Premium,Organic
C00165,2025-02-21 17:15:02,20.0,Male,Kolkata,West Bengal,East,Premium,Organic
C00166,2025-01-31 08:40:07,43.0,Female,Bengaluru,Karnataka,South,Free,Organic
C00167,2025-09-25 01:16:20,32.0,Female,Ahmedabad,Gujarat,West,Basic,Organic
C00168,2025-07-10 20:44:17,45.0,Female,Bhubaneswar,Odisha,East,Free,Referral
C00169,2025-02-16 04:22:39,21.0,Female,Guwahati,Assam,East,Basic,Email
C00170,2025-05-09 00:50:06,36.0,Female,Lucknow,Uttar Pradesh,North,Basic,Social Media
C00171,2025-06-30 20:47:40,41.0,Female,Lucknow,Uttar Pradesh,North,Premium,Paid Ads
C00172,2025-10-19 15:57:28,57.0,Male,Kolkata,West Bengal,East,Premium,Paid Ads
C00173,2025-03-14 08:50:54,23.0,Male,Jaipur,Rajasthan,North,Free,Paid Ads
C00174,2025-11-15 20:23:01,33.0,Female,Bhubaneswar,Odisha,East,Free,Referral
C00175,2025-01-13 04:45:27,49.0,Male,Lucknow,Uttar Pradesh,North,Free,Paid Ads
C00176,2025-08-30 18:04:39,47.0,Female,Kolkata,West Bengal,East,Premium,Organic
C00177,2025-09-18 13:26:05,52.0,Male,Jaipur,Rajasthan,North,Basic,Referral
C00178,2025-03-24 21:01:56,25.0,Female,Pune,Maharashtra,West,Premium,Paid Ads
C00179,2025-09-01 22:30:40,22.0,Male,Hyderabad,Telangana,South,Basic,Organic
C00180,2025-04-27 17:39:33,54.0,Male,Kolkata,West Bengal,East,Free,Organic
C00181,2025-11-29 16:34:46,29.0,Male,Ahmedabad,Gujarat,West,Free,Organic
C00182,2025-08-05 16:47:36,42.0,Female,Bhubaneswar,Odisha,East,Free,Paid Ads
C00183,2025-08-13 11:31:59,50.0,Male,Bengaluru,Karnataka,South,Basic,Paid Ads
C00184,2025-05-21 14:46:41,56.0,Female,Hyderabad,Telangana,South,Premium,Organic
C00185,2025-07-15 15:34:51,41.0,Female,Pune,Maharashtra,West,Free,Organic
C00186,2025-11-21 04:25:48,28.0,Female,Lucknow,Uttar Pradesh,North,Premium,Organic
C00187,2025-11-10 16:00:49,59.0,Male,Hyderabad,Telangana,South,Free,Email
C00188,2025-01-08 17:35:37,52.0,Male,Lucknow,Uttar Pradesh,North,Free,Paid Ads
C00189,2025-04-04 13:54:08,57.0,Male,Delhi,Delhi,North,Basic,Organic
C00190,2025-04-02 12:36:01,18.0,Male,Pune,Maharashtra,West,Free,Referral
C00191,2025-03-22 04:50:26,25.0,Female,Bhubaneswar,Odisha,East,Premium,Organic
C00192,2025-08-08 09:20:33,40.0,Female,Chennai,Tamil Nadu,South,Free,Referral
C00193,2025-04-08 06:01:30,37.0,Male,Chennai,Tamil Nadu,South,Free,Organic
C00194,2025-07-15 12:14:59,49.0,Female,Delhi,Delhi,North,Premium,Email
C00195,2025-01-15 17:07:14,28.0,Female,Ahmedabad,Gujarat,West,Premium,Email
C00196,2025-09-27 00:26:16,24.0,Female,Pune,Maharashtra,West,Basic,Referral
C00197,2025-11-27 03:18:33,47.0,Female,Delhi,Delhi,North,Free,Referral
C00198,2025-03-31 02:14:51,56.0,Female,Hyderabad,Telangana,South,Free,Paid Ads
C00199,2025-04-27 13:48:17,30.0,Male,Bengaluru,Karnataka,South,Free,Email
C00200,2025-04-19 15:17:58,59.0,Female,Bengaluru,Karnataka,South,Free,Paid Ads
C00201,2025-03-22 08:14:38,20.0,Female,Jaipur,Rajasthan,North,Premium,Organic
C00202,2025-09-17 14:49:30,24.0,Female,Bhubaneswar,Odisha,East,Free,Organic
C00203,2025-04-28 22:53:06,60.0,Male,Guwahati,Assam,East,Free,Organic
C00204,2025-04-12 08:10:17,30.0,Male,Hyderabad,Telangana,South,Basic,Referral
C00205,2025-11-18 11:06:31,54.0,Male,Jaipur,Rajasthan,North,Premium,Organic
C00206,2025-05-11 03:14:59,42.0,Male,Kolkata,West Bengal,East,Free,Referral
C00207,2025-05-17 11:50:05,40.0,Female,Bhubaneswar,Odisha,East,Free,Paid Ads
C00208,2025-04-05 22:44:51,50.0,Female,Lucknow,Uttar Pradesh,North,Free,Email
C00209,2025-04-04 03:03:20,22.0,Male,Kolkata,West Bengal,East,Free,Referral
C00210,2025-10-07 14:12:58,49.0,Male,Kolkata,West Bengal,East,Free,Referral
C00211,2025-08-09 01:44:34,47.0,Female,Delhi,Delhi,North,Basic,Referral
C00212,2025-10-11 20:27:02,48.0,Male,Jaipur,Rajasthan,North,Free,Email
C00213,2025-01-23 20:52:32,30.0,Male,Jaipur,Rajasthan,North,Free,Organic
C00214,2025-06-11 11:38:46,59.0,Female,Guwahati,Assam,East,Free,Organic
C00215,2025-11-07 21:43:06,22.0,Male,Delhi,Delhi,North,Premium,Referral
C00216,2025-07-16 06:43:29,40.0,Male,Kolkata,West Bengal,East,Basic,Social Media
C00217,2025-04-16 17:18:51,18.0,Male,Pune,Maharashtra,West,Premium,Paid Ads
C00218,2025-04-22 14:19:25,27.0,Female,Lucknow,Uttar Pradesh,North,Free,Paid Ads
C00219,2025-05-05 14:09:49,44.0,Female,Lucknow,Uttar Pradesh,North,Basic,Organic
C00220,2025-06-21 06:05:18,25.0,Male,Bengaluru,Karnataka,South,Free,Organic
C00221,2025-11-20 06:14:52,20.0,Male,Jaipur,Rajasthan,North,Free,Email
C00222,2025-07-05 13:09:28,36.0,Female,Delhi,Delhi,North,Basic,Organic
C00223,2025-04-01 18:48:21,19.0,Female,Bhubaneswar,Odisha,East,Basic,Referral
C00224,2025-06-09 21:12:02,48.0,Female,Ahmedabad,Gujarat,West,Premium,Social Media
C00225,2025-10-25 11:17:36,27.0,Female,Mumbai,Maharashtra,West,Basic,Organic
C00226,2025-04-27 14:52:43,33.0,Female,Mumbai,Maharashtra,West,Free,Organic
C00227,2025-11-13 01:26:35,54.0,Female,Bengaluru,Karnataka,South,Free,Paid Ads
C00228,2025-09-30 18:30:22,37.0,Female,Ahmedabad,Gujarat,West,Free,Referral
C00229,2025-07-09 08:27:15,20.0,Female,Bengaluru,Karnataka,South,Free,Organic
C00230,2025-06-25 09:36:51,52.0,Female,Lucknow,Uttar Pradesh,North,Basic,Organic
C00231,2025-09-03 08:17:51,51.0,Male,Chennai,Tamil Nadu,South,Basic,Organic
C00232,2025-01-25 03:49:16,,Female,Ahmedabad,Gujarat,West,Premium,Organic
C00233,2025-07-03 14:00:55,53.0,Female,Jaipur,Rajasthan,North,Basic,Organic
C00234,2025-05-17 01:26:33,49.0,Female,Ahmedabad,Gujarat,West,Basic,Paid Ads
C00235,2025-02-26 19:51:21,35.0,Male,Guwahati,Assam,East,Free,Organic
C00236,2025-01-02 07:11:59,51.0,Female,Delhi,Delhi,North,Free,Referral
C00237,2025-10-11 22:18:05,55.0,Female,Ahmedabad,Gujarat,West,Premium,Organic
C00238,2025-11-21 17:49:16,20.0,Male,Kolkata,West Bengal,East,Premium,Referral
C00239,2025-05-19 20:54:33,20.0,Female,Jaipur,Rajasthan,North,Free,Referral
C00240,2025-10-27 01:10:23,44.0,Female,Bhubaneswar,Odisha,East,Basic,Email
C00241,2025-07-03 00:41:10,19.0,Male,Bengaluru,Karnataka,South,Basic,Organic
C00242,2025-11-17 20:12:38,20.0,Male,Chennai,Tamil Nadu,South,Premium,Organic
C00243,2025-11-20 14:45:47,34.0,Female,Hyderabad,Telangana,South,Free,Social Media
C00244,2025-10-03 21:50:09,56.0,Female,Mumbai,Maharashtra,West,Basic,Social Media
C00245,2025-07-04 18:10:48,55.0,Male,Kolkata,West Bengal,East,Free,Organic
C00246,2025-11-28 22:11:01,57.0,Male,Bengaluru,Karnataka,South,Basic,Organic
C00247,2025-03-26 19:01:05,36.0,Male,Pune,Maharashtra,West,Free,Social Media
C00248,2025-11-21 20:40:48,36.0,Male,Chennai,Tamil Nadu,South,Free,Organic
C00249,2025-08-19 23:59:06,22.0,Male,Hyderabad,Telangana,South,Basic,Social Media
C00250,2025-07-27 01:41:20,22.0,Female,Hyderabad,Telangana,South,Free,Email
C00251,2025-05-31 05:00:19,31.0,Female,Mumbai,Maharashtra,West,Basic,Organic
C00252,2025-05-04 04:58:11,44.0,Female,Ahmedabad,Gujarat,West,Basic,Social Media
C00253,2025-08-12 17:36:45,53.0,Male,Chennai,Tamil Nadu,South,Premium,Paid Ads
C00254,2025-10-09 06:15:36,57.0,Female,Ahmedabad,Gujarat,West,Free,Social Media
C00255,2025-11-11 00:37:00,52.0,Male,Bhubaneswar,Odisha,East,Free,Paid Ads
C00256,2025-08-21 05:31:39,38.0,Female,Lucknow,Uttar Pradesh,North,Free,Organic
C00257,2025-03-20 01:49:15,22.0,Female,Chennai,Tamil Nadu,South,Free,Referral
C00258,2025-11-09 14:59:59,41.0,Female,Jaipur,Rajasthan,North,Basic,Organic
C00259,2025-09-07 16:37:52,56.0,Male,Lucknow,Uttar Pradesh,North,Free,Email
C00260,2025-04-19 04:11:46,41.0,Female,Guwahati,Assam,East,Free,Paid Ads
C00261,2025-08-14 16:22:10,57.0,Female,Jaipur,Rajasthan,North,Free,Organic
C00262,2025-09-03 07:53:43,60.0,Female,Bengaluru,Karnataka,South,Free,Organic
C00263,2025-01-18 16:21:05,30.0,Female,Guwahati,Assam,East,Premium,Social Media
C00264,2025-04-15 04:10:34,55.0,Female,Jaipur,Rajasthan,North,Premium,Paid Ads
C00265,2025-04-22 13:56:03,18.0,Male,Hyderabad,Telangana,South,Basic,Social Media
C00266,2025-07-08 06:16:25,60.0,Female,Lucknow,Uttar Pradesh,North,Free,Organic
C00267,2025-10-13 13:36:36,56.0,Male,Lucknow,Uttar Pradesh,North,Premium,Paid Ads
C00268,2025-05-15 12:07:39,27.0,Male,Lucknow,Uttar Pradesh,North,Premium,Social Media
C00269,2025-08-06 11:38:24,19.0,Male,Ahmedabad,Gujarat,West,Premium,Organic
C00270,2025-01-22 09:13:54,33.0,Female,Mumbai,Maharashtra,West,Basic,Paid Ads
C00271,2025-07-16 08:49:20,,Male,Bengaluru,Karnataka,South,Free,Email
C00272,2025-11-07 14:07:27,33.0,Female,Bengaluru,Karnataka,South,Free,Referral
C00273,2025-10-25 12:48:34,40.0,Female,Chennai,Tamil Nadu,South,Premium,Referral
C00274,2025-09-03 22:46:37,43.0,Female,Bengaluru,Karnataka,South,Premium,Social Media
C00275,2025-07-05 11:38:24,33.0,Female,Delhi,Delhi,North,Free,Paid Ads
C00276,2025-06-14 22:09:57,44.0,Female,Pune,Maharashtra,West,Free,Social Media
C00277,2025-10-27 02:42:23,58.0,Male,Bengaluru,Karnataka,South,Basic,Referral
C00278,2025-07-19 00:24:52,47.0,Male,Lucknow,Uttar Pradesh,North,Basic,Referral
C00279,2025-02-13 22:13:15,,Female,Delhi,Delhi,North,Basic,Organic
C00280,2025-09-14 18:41:27,49.0,Female,Bengaluru,Karnataka,South,Basic,Email
C00281,2025-06-24 00:49:01,26.0,Male,Bengaluru,Karnataka,South,Free,Social Media
C00282,2025-08-28 03:41:21,28.0,Female,Ahmedabad,Gujarat,West,Free,Organic
C00283,2025-06-08 07:00:23,54.0,Female,Ahmedabad,Gujarat,West,Basic,Referral
C00284,2025-02-20 21:13:56,23.0,Female,Guwahati,Assam,East,Basic,Paid Ads
C00285,2025-01-05 00:13:35,47.0,Female,Lucknow,Uttar Pradesh,North,Free,Referral
C00286,2025-03-12 10:42:15,57.0,Female,Bhubaneswar,Odisha,East,Free,Email
C00287,2025-08-09 06:58:35,32.0,Male,Ahmedabad,Gujarat,West,Basic,Organic
C00288,2025-01-05 08:20:31,47.0,Male,Lucknow,Uttar Pradesh,North,Free,Email
C00289,2025-09-14 03:08:35,35.0,Female,Ahmedabad,Gujarat,West,Basic,Organic
C00290,2025-09-19 08:10:54,29.0,Male,Lucknow,Uttar Pradesh,North,Basic,Paid Ads
C00291,2025-06-05 05:15:47,,Male,Bhubaneswar,Odisha,East,Basic,Paid Ads
C00292,2025-03-20 08:24:57,33.0,Female,Kolkata,West Bengal,East,Basic,Organic
C00293,2025-09-29 21:51:58,40.0,Male,Bengaluru,Karnataka,South,Free,Referral
C00294,2025-01-20 21:21:18,28.0,Male,Ahmedabad,Gujarat,West,Basic,Social Media
C00295,2025-10-03 20:43:15,41.0,Male,Guwahati,Assam,East,Free,Organic
C00296,2025-01-22 22:46:55,39.0,Male,Lucknow,Uttar Pradesh,North,Premium,Organic
C00297,2025-06-02 07:50:21,56.0,Male,Bengaluru,Karnataka,South,Premium,Referral
C00298,2025-01-04 10:43:54,32.0,Female,Kolkata,West Bengal,East,Free,Social Media
C00299,2025-05-08 12:11:42,32.0,Female,Lucknow,Uttar Pradesh,North,Free,Email
C00300,2025-07-19 12:19:49,27.0,Male,Kolkata,West Bengal,East,Free,Organic
C00301,2025-06-27 06:36:51,45.0,Male,Bhubaneswar,Odisha,East,Basic,Email
C00302,2025-06-04 05:03:36,53.0,Male,Lucknow,Uttar Pradesh,North,Free,Paid Ads
C00303,2025-11-04 11:06:48,34.0,Female,Lucknow,Uttar Pradesh,North,Basic,Organic
C00304,2025-04-07 14:40:34,53.0,Male,Jaipur,Rajasthan,North,Basic,Email
C00305,2025-11-21 23:07:34,39.0,Other,Jaipur,Rajasthan,North,Basic,Organic
C00306,2025-01-19 18:22:28,40.0,Male,Bengaluru,Karnataka,South,Premium,Social Media
C00307,2025-10-25 07:51:23,46.0,Female,Jaipur,Rajasthan,North,Free,Social Media
C00308,2025-09-17 05:24:24,39.0,Male,Ahmedabad,Gujarat,West,Premium,Paid Ads
C00309,2025-07-08 03:52:33,28.0,Male,Bengaluru,Karnataka,South,Free,Referral
C00310,2025-11-17 00:20:18,53.0,Male,Pune,Maharashtra,West,Free,Referral
C00311,2025-01-01 20:45:45,46.0,Female,Mumbai,Maharashtra,West,Free,Organic
C00312,2025-03-05 11:22:28,59.0,Male,Kolkata,West Bengal,East,Basic,Social Media
C00313,2025-11-30 04:07:07,49.0,Male,Kolkata,West Bengal,East,Free,Email
C00314,2025-08-21 15:11:43,31.0,Female,Bengaluru,Karnataka,South,Basic,Paid Ads
C00315,2025-08-03 16:43:48,35.0,Male,Chennai,Tamil Nadu,South,Free,Email
C00316,2025-01-25 09:47:53,55.0,Male,Lucknow,Uttar Pradesh,North,Premium,Paid Ads
C00317,2025-05-19 01:55:39,54.0,Female,Ahmedabad,Gujarat,West,Basic,Paid Ads
C00318,2025-03-16 01:52:14,51.0,Female,Bhubaneswar,Odisha,East,Basic,Referral
C00319,2025-01-31 19:07:57,40.0,Female,Guwahati,Assam,East,Premium,Organic
C00320,2025-05-28 08:56:13,49.0,Male,Mumbai,Maharashtra,West,Basic,Email
C00321,2025-06-16 04:09:48,20.0,Male,Delhi,Delhi,North,Free,Social Media
C00322,2025-03-26 21:28:47,60.0,Male,Delhi,Delhi,North,Free,Social Media
C00323,2025-02-04 07:10:21,39.0,Female,Jaipur,Rajasthan,North,Basic,Referral
C00324,2025-11-07 14:41:43,40.0,Female,Mumbai,Maharashtra,West,Free,Email
C00325,2025-04-07 15:46:15,21.0,Other,Bengaluru,Karnataka,South,Free,Referral
C00326,2025-02-17 18:38:21,30.0,Male,Jaipur,Rajasthan,North,Free,Paid Ads
C00327,2025-06-07 02:24:16,49.0,Female,Delhi,Delhi,North,Basic,Email
C00328,2025-11-16 18:13:54,46.0,Male,Delhi,Delhi,North,Free,Paid Ads
C00329,2025-03-06 13:04:00,57.0,Male,Ahmedabad,Gujarat,West,Free,Paid Ads
C00330,2025-03-16 10:05:36,57.0,Female,Pune,Maharashtra,West,Free,Organic
C00331,2025-03-01 05:06:01,27.0,Male,Mumbai,Maharashtra,West,Basic,Email
C00332,2025-06-24 09:18:15,30.0,Male,Delhi,Delhi,North,Basic,Organic
C00333,2025-03-24 03:34:08,34.0,Male,Kolkata,West Bengal,East,Basic,Organic
C00334,2025-07-08 07:38:00,55.0,Female,Kolkata,West Bengal,East,Free,Organic
C00335,2025-06-04 06:13:21,19.0,Male,Guwahati,Assam,East,Premium,Paid Ads
C00336,2025-03-27 17:23:25,34.0,Male,Guwahati,Assam,East,Free,Organic
C00337,2025-03-31 20:28:22,43.0,Other,Hyderabad,Telangana,South,Basic,Social Media
C00338,2025-01-03 05:34:48,55.0,Male,Lucknow,Uttar Pradesh,North,Premium,Paid Ads
C00339,2025-02-09 18:05:38,54.0,Male,Pune,Maharashtra,West,Premium,Social Media
C00340,2025-06-04 17:58:56,22.0,Female,Kolkata,West Bengal,East,Basic,Organic
C00341,2025-10-04 09:00:00,42.0,Female,Ahmedabad,Gujarat,West,Premium,Organic
C00342,2025-11-29 22:17:30,26.0,Male,Mumbai,Maharashtra,West,Basic,Social Media
C00343,2025-08-10 03:50:54,45.0,Female,Bhubaneswar,Odisha,East,Free,Paid Ads
C00344,2025-06-18 00:23:37,39.0,Male,Mumbai,Maharashtra,West,Free,Organic
C00345,2025-02-07 00:29:26,46.0,Female,Mumbai,Maharashtra,West,Basic,Email
C00346,2025-07-11 11:41:12,52.0,Male,Lucknow,Uttar Pradesh,North,Basic,Organic
C00347,2025-09-17 06:28:52,37.0,Male,Lucknow,Uttar Pradesh,North,Free,Organic
C00348,2025-05-26 14:33:35,22.0,Male,Bhubaneswar,Odisha,East,Premium,Paid Ads
C00349,2025-07-17 10:02:05,56.0,Female,Mumbai,Maharashtra,West,Free,Organic
C00350,2025-03-27 09:53:37,49.0,Female,Lucknow,Uttar Pradesh,North,Free,Organic
C00351,2025-04-19 02:42:25,56.0,Female,Ahmedabad,Gujarat,West,Free,Social Media
C00352,2025-07-06 11:39:03,27.0,Female,Hyderabad,Telangana,South,Premium,Organic
C00353,2025-06-29 03:36:30,57.0,Male,Jaipur,Rajasthan,North,Premium,Organic
C00354,2025-01-27 03:38:24,34.0,Male,Kolkata,West Bengal,East,Basic,Social Media
C00355,2025-04-02 13:29:27,54.0,Female,Guwahati,Assam,East,Premium,Paid Ads
C00356,2025-02-02 08:54:50,,Female,Delhi,Delhi,North,Basic,Organic
C00357,2025-10-30 02:47:21,26.0,Other,Bhubaneswar,Odisha,East,Premium,Referral
C00358,2025-01-11 14:54:18,49.0,Male,Delhi,Delhi,North,Free,Organic
C00359,2025-11-10 14:50:30,40.0,Male,Hyderabad,Telangana,South,Basic,Paid Ads
C00360,2025-05-19 09:01:26,,Male,Delhi,Delhi,North,Free,Referral
C00361,2025-05-11 11:07:00,30.0,Male,Mumbai,Maharashtra,West,Premium,Email
C00362,2025-05-21 19:37:54,35.0,Male,Jaipur,Rajasthan,North,Premium,Paid Ads
C00363,2025-11-08 01:34:14,26.0,Male,Pune,Maharashtra,West,Basic,Social Media
C00364,2025-05-29 18:43:50,59.0,Female,Delhi,Delhi,North,Free,Organic
C00365,2025-05-14 21:45:19,22.0,Male,Bengaluru,Karnataka,South,Free,Paid Ads
C00366,2025-08-03 11:11:39,60.0,Male,Mumbai,Maharashtra,West,Free,Organic
C00367,2025-01-16 22:35:26,39.0,Female,Chennai,Tamil Nadu,South,Free,Paid Ads
C00368,2025-05-04 02:17:50,49.0,Male,Chennai,Tamil Nadu,South,Basic,Paid Ads
C00369,2025-03-15 11:30:50,19.0,Female,Kolkata,West Bengal,East,Free,Email
C00370,2025-11-05 12:12:49,38.0,Male,Bhubaneswar,Odisha,East,Premium,Email
C00371,2025-09-25 07:12:34,45.0,Female,Guwahati,Assam,East,Free,Referral
C00372,2025-11-20 07:37:22,41.0,Female,Bhubaneswar,Odisha,East,Premium,Organic
C00373,2025-07-24 12:53:39,41.0,Female,Bhubaneswar,Odisha,East,Basic,Referral
C00374,2025-10-08 14:45:47,31.0,Female,Jaipur,Rajasthan,North,Free,Social Media
C00375,2025-09-28 02:57:03,54.0,Male,Guwahati,Assam,East,Free,Organic
C00376,2025-05-26 12:34:01,44.0,Male,Ahmedabad,Gujarat,West,Premium,Paid Ads
C00377,2025-11-02 12:26:54,41.0,Female,Hyderabad,Telangana,South,Basic,Organic
C00378,2025-02-06 18:44:31,23.0,Female,Kolkata,West Bengal,East,Free,Organic
C00379,2025-08-08 20:45:20,43.0,Female,Bengaluru,Karnataka,South,Free,Organic
C00380,2025-07-30 00:39:10,32.0,Male,Ahmedabad,Gujarat,West,Basic,Email
C00381,2025-02-15 00:56:30,46.0,Female,Kolkata,West Bengal,East,Free,Organic
C00382,2025-07-23 13:39:23,53.0,Female,Delhi,Delhi,North,Free,Organic
C00383,2025-06-16 01:48:22,27.0,Female,Delhi,Delhi,North,Basic,Email
C00384,2025-09-25 03:21:14,45.0,Female,Hyderabad,Telangana,South,Basic,Paid Ads
C00385,2025-03-21 05:02:11,26.0,Other,Jaipur,Rajasthan,North,Free,Social Media
C00386,2025-06-21 20:07:56,,Male,Hyderabad,Telangana,South,Premium,Paid Ads
C00387,2025-09-09 15:44:42,27.0,Male,Ahmedabad,Gujarat,West,Basic,Paid Ads
C00388,2025-11-25 13:40:00,21.0,Female,Kolkata,West Bengal,East,Premium,Organic
C00389,2025-01-18 16:21:22,21.0,Male,Delhi,Delhi,North,Free,Paid Ads
C00390,2025-09-27 23:29:08,,Female,Chennai,Tamil Nadu,South,Free,Referral
C00391,2025-04-27 23:16:11,43.0,Male,Chennai,Tamil Nadu,South,Free,Paid Ads
C00392,2025-07-16 20:25:37,57.0,Male,Pune,Maharashtra,West,Free,Paid Ads
C00393,2025-10-21 21:06:30,33.0,Male,Pune,Maharashtra,West,Premium,Social Media
C00394,2025-10-01 15:47:09,25.0,Male,Hyderabad,Telangana,South,Premium,Paid Ads
C00395,2025-08-20 01:22:33,45.0,Male,Pune,Maharashtra,West,Basic,Referral
C00396,2025-07-17 04:05:45,33.0,Male,Hyderabad,Telangana,South,Basic,Organic
C00397,2025-02-22 16:01:10,55.0,Female,Bengaluru,Karnataka,South,Basic,Social Media
C00398,2025-06-25 09:25:15,18.0,Female,Pune,Maharashtra,West,Basic,Paid Ads
C00399,2025-09-26 06:59:21,36.0,Female,Delhi,Delhi,North,Free,Paid Ads
C00400,2025-04-09 07:52:36,34.0,Female,Delhi,Delhi,North,Basic,Paid Ads
C00401,2025-10-25 13:16:14,45.0,Male,Guwahati,Assam,East,Basic,Email
C00402,2025-04-07 10:57:25,29.0,Female,Chennai,Tamil Nadu,South,Free,Email
C00403,2025-07-10 23:32:32,23.0,Female,Ahmedabad,Gujarat,West,Free,Organic
C00404,2025-02-19 13:53:23,24.0,Male,Bengaluru,Karnataka,South,Free,Social Media
C00405,2025-04-05 12:03:31,25.0,Female,Pune,Maharashtra,West,Basic,Organic
C00406,2025-10-05 08:20:58,20.0,Male,Bengaluru,Karnataka,South,Free,Organic
C00407,2025-11-11 08:42:47,38.0,Female,Mumbai,Maharashtra,West,Basic,Social Media
C00408,2025-11-09 05:06:54,25.0,Male,Bhubaneswar,Odisha,East,Free,Organic
C00409,2025-09-04 17:05:37,45.0,Male,Chennai,Tamil Nadu,South,Free,Organic
C00410,2025-05-14 06:22:40,47.0,Male,Bhubaneswar,Odisha,East,Basic,Referral
C00411,2025-04-14 00:50:30,49.0,Male,Ahmedabad,Gujarat,West,Basic,Social Media
C00412,2025-10-11 02:06:29,28.0,Female,Hyderabad,Telangana,South,Free,Organic
C00413,2025-06-14 10:49:24,37.0,Other,Bengaluru,Karnataka,South,Premium,Organic
C00414,2025-06-09 18:44:43,33.0,Male,Jaipur,Rajasthan,North,Free,Organic
C00415,2025-10-27 04:57:48,42.0,Male,Delhi,Delhi,North,Premium,Organic
C00416,2025-08-02 09:40:44,26.0,Male,Mumbai,Maharashtra,West,Basic,Organic
C00417,2025-01-06 07:00:12,56.0,Female,Mumbai,Maharashtra,West,Free,Email
C00418,2025-02-10 05:01:59,57.0,Male,Mumbai,Maharashtra,West,Basic,Organic
C00419,2025-01-04 04:37:30,57.0,Female,Delhi,Delhi,North,Free,Referral
C00420,2025-07-07 16:17:50,20.0,Female,Jaipur,Rajasthan,North,Free,Email
C00421,2025-04-14 06:50:20,33.0,Female,Hyderabad,Telangana,South,Free,Referral
C00422,2025-08-01 03:46:25,29.0,Female,Chennai,Tamil Nadu,South,Free,Organic
C00423,2025-03-21 01:41:05,32.0,Female,Bhubaneswar,Odisha,East,Basic,Referral
C00424,2025-05-07 05:00:08,21.0,Female,Pune,Maharashtra,West,Premium,Email
C00425,2025-09-23 08:11:28,40.0,Female,Guwahati,Assam,East,Premium,Paid Ads
C00426,2025-10-01 06:32:53,44.0,Female,Lucknow,Uttar Pradesh,North,Free,Paid Ads
C00427,2025-02-13 16:32:44,56.0,Female,Ahmedabad,Gujarat,West,Basic,Organic
C00428,2025-06-30 06:31:24,60.0,Female,Chennai,Tamil Nadu,South,Free,Paid Ads
C00429,2025-04-28 13:36:34,54.0,Female,Ahmedabad,Gujarat,West,Basic,Organic
C00430,2025-04-07 08:54:52,30.0,Female,Kolkata,West Bengal,East,Premium,Social Media
C00431,2025-01-19 15:59:51,60.0,Female,Guwahati,Assam,East,Free,Referral
C00432,2025-11-30 01:05:10,54.0,Male,Chennai,Tamil Nadu,South,Premium,Paid Ads
C00433,2025-02-04 14:12:12,57.0,Male,Jaipur,Rajasthan,North,Premium,Social Media
C00434,2025-01-28 10:36:19,38.0,Female,Kolkata,West Bengal,East,Basic,Organic
C00435,2025-01-26 16:43:03,46.0,Male,Guwahati,Assam,East,Basic,Social Media
C00436,2025-08-11 11:21:03,46.0,Male,Lucknow,Uttar Pradesh,North,Basic,Referral
C00437,2025-07-28 05:55:38,28.0,Male,Kolkata,West Bengal,East,Premium,Referral
C00438,2025-01-07 16:16:31,45.0,Female,Chennai,Tamil Nadu,South,Basic,Organic
C00439,2025-08-05 02:23:54,27.0,Female,Jaipur,Rajasthan,North,Free,Referral
C00440,2025-03-23 09:22:39,22.0,Male,Guwahati,Assam,East,Basic,Paid Ads
C00441,2025-04-18 04:30:17,42.0,Male,Guwahati,Assam,East,Free,Paid Ads
C00442,2025-07-10 15:18:34,50.0,Female,Hyderabad,Telangana,South,Premium,Paid Ads
C00443,2025-02-14 02:56:45,34.0,Female,Ahmedabad,Gujarat,West,Premium,Organic
C00444,2025-09-22 00:09:53,50.0,Male,Ahmedabad,Gujarat,West,Basic,Paid Ads
C00445,2025-08-07 07:38:39,42.0,Male,Chennai,Tamil Nadu,South,Basic,Paid Ads
C00446,2025-06-17 09:18:30,50.0,Female,Chennai,Tamil Nadu,South,Premium,Paid Ads
C00447,2025-01-10 23:15:16,26.0,Female,Chennai,Tamil Nadu,South,Free,Referral
C00448,2025-08-14 06:15:43,44.0,Female,Jaipur,Rajasthan,North,Basic,Organic
C00449,2025-03-22 23:04:42,42.0,Female,Mumbai,Maharashtra,West,Free,Organic
C00450,2025-04-23 21:41:09,21.0,Female,Bhubaneswar,Odisha,East,Basic,Paid Ads
C00451,2025-06-13 01:45:06,26.0,Male,Bengaluru,Karnataka,South,Free,Referral
C00452,2025-09-23 01:20:47,32.0,Male,Jaipur,Rajasthan,North,Basic,Referral
C00453,2025-10-07 05:25:30,33.0,Female,Ahmedabad,Gujarat,West,Free,Email
C00454,2025-11-25 11:59:37,,Female,Hyderabad,Telangana,South,Free,Social Media
C00455,2025-01-23 08:48:47,30.0,Female,Guwahati,Assam,East,Free,Organic
C00456,2025-06-08 17:36:09,31.0,Female,Mumbai,Maharashtra,West,Free,Referral
C00457,2025-01-02 20:49:21,39.0,Female,Bhubaneswar,Odisha,East,Free,Paid Ads
C00458,2025-05-25 16:50:51,38.0,Female,Pune,Maharashtra,West,Basic,Paid Ads
C00459,2025-02-06 04:35:19,26.0,Male,Kolkata,West Bengal,East,Basic,Email
C00460,2025-05-25 22:11:06,58.0,Male,Kolkata,West Bengal,East,Free,Paid Ads
C00461,2025-05-03 15:04:57,21.0,Female,Kolkata,West Bengal,East,Basic,Referral
C00462,2025-03-27 03:09:54,27.0,Male,Delhi,Delhi,North,Basic,Email
C00463,2025-03-20 09:11:22,52.0,Male,Delhi,Delhi,North,Free,Organic
C00464,2025-02-06 00:10:27,26.0,Female,Lucknow,Uttar Pradesh,North,Free,Organic
C00465,2025-08-10 15:31:35,33.0,Female,Chennai,Tamil Nadu,South,Basic,Paid Ads
C00466,2025-11-14 13:43:30,35.0,Male,Mumbai,Maharashtra,West,Free,Organic
C00467,2025-10-30 07:17:57,27.0,Female,Ahmedabad,Gujarat,West,Free,Organic
C00468,2025-08-16 06:28:17,38.0,Male,Bengaluru,Karnataka,South,Premium,Email
C00469,2025-01-17 17:29:06,32.0,Male,Guwahati,Assam,East,Basic,Email
C00470,2025-05-02 07:24:00,32.0,Female,Bengaluru,Karnataka,South,Free,Referral
C00471,2025-05-25 19:06:48,,Female,Bhubaneswar,Odisha,East,Basic,Social Media
C00472,2025-02-09 15:50:45,57.0,Male,Bengaluru,Karnataka,South,Premium,Organic
C00473,2025-02-23 22:46:54,59.0,Male,Kolkata,West Bengal,East,Premium,Referral
C00474,2025-02-17 19:09:42,58.0,Male,Chennai,Tamil Nadu,South,Free,Organic
C00475,2025-05-14 09:01:21,54.0,Other,Jaipur,Rajasthan,North,Free,Paid Ads
C00476,2025-01-03 01:16:07,37.0,Female,Bengaluru,Karnataka,South,Basic,Paid Ads
C00477,2025-01-08 22:28:11,51.0,Male,Bhubaneswar,Odisha,East,Free,Referral
C00478,2025-03-18 09:07:20,39.0,Male,Jaipur,Rajasthan,North,Premium,Organic
C00479,2025-09-06 00:40:13,35.0,Female,Hyderabad,Telangana,South,Free,Organic
C00480,2025-02-28 03:28:42,33.0,Female,Jaipur,Rajasthan,North,Free,Referral
C00481,2025-04-15 08:08:33,22.0,Female,Jaipur,Rajasthan,North,Premium,Referral
C00482,2025-01-29 15:37:56,18.0,Male,Delhi,Delhi,North,Free,Paid Ads
C00483,2025-11-12 06:41:40,36.0,Other,Mumbai,Maharashtra,West,Free,Organic
C00484,2025-05-14 16:39:34,27.0,Male,Lucknow,Uttar Pradesh,North,Basic,Email
C00485,2025-07-21 23:11:17,,Male,Delhi,Delhi,North,Free,Organic
C00486,2025-08-10 18:06:59,30.0,Male,Chennai,Tamil Nadu,South,Basic,Referral
C00487,2025-10-15 09:12:45,41.0,Female,Bhubaneswar,Odisha,East,Free,Organic
C00488,2025-10-15 17:46:09,40.0,Female,Pune,Maharashtra,West,Free,Referral
C00489,2025-05-12 15:41:10,40.0,Female,Bengaluru,Karnataka,South,Free,Referral
C00490,2025-05-10 14:05:31,28.0,Female,Chennai,Tamil Nadu,South,Basic,Social Media
C00491,2025-04-02 18:52:25,19.0,Male,Pune,Maharashtra,West,Free,Paid Ads
C00492,2025-03-21 02:04:48,23.0,Male,Lucknow,Uttar Pradesh,North,Free,Organic
C00493,2025-05-30 07:57:38,28.0,Female,Ahmedabad,Gujarat,West,Basic,Social Media
C00494,2025-01-23 09:31:34,32.0,Female,Guwahati,Assam,East,Premium,Paid Ads
C00495,2025-06-04 21:51:43,26.0,Female,Mumbai,Maharashtra,West,Basic,Social Media
C00496,2025-04-07 00:31:27,29.0,Male,Pune,Maharashtra,West,Free,Social Media
C00497,2025-02-03 21:17:28,53.0,Male,Jaipur,Rajasthan,North,Basic,Paid Ads
C00498,2025-04-05 09:45:32,45.0,Male,Bhubaneswar,Odisha,East,Basic,Email
C00499,2025-09-19 21:49:08,40.0,Female,Hyderabad,Telangana,South,Premium,Paid Ads
C00500,2025-04-07 00:45:42,44.0,Female,Chennai,Tamil Nadu,South,Premium,Referral
C00501,2025-09-14 12:51:58,41.0,Male,Jaipur,Rajasthan,North,Premium,Referral
C00502,2025-06-16 17:38:01,31.0,Male,Jaipur,Rajasthan,North,Basic,Paid Ads
C00503,2025-09-08 09:03:02,52.0,Male,Pune,Maharashtra,West,Free,Referral
C00504,2025-05-09 08:10:11,44.0,Male,Chennai,Tamil Nadu,South,Basic,Social Media
C00505,2025-05-30 22:40:20,38.0,Female,Delhi,Delhi,North,Basic,Referral
C00506,2025-07-01 05:48:33,30.0,Female,Bhubaneswar,Odisha,East,Premium,Paid Ads
C00507,2025-06-22 13:30:15,25.0,Female,Bengaluru,Karnataka,South,Premium,Referral
C00508,2025-02-09 17:25:31,51.0,Male,Chennai,Tamil Nadu,South,Basic,Organic
C00509,2025-03-24 13:51:10,59.0,Female,Bengaluru,Karnataka,South,Basic,Organic
C00510,2025-05-03 22:47:44,40.0,Female,Jaipur,Rajasthan,North,Free,Organic
C00511,2025-05-26 15:45:37,26.0,Male,Jaipur,Rajasthan,North,Basic,Paid Ads
C00512,2025-11-20 01:44:11,18.0,Female,Pune,Maharashtra,West,Free,Social Media
C00513,2025-07-19 14:58:42,53.0,Female,Chennai,Tamil Nadu,South,Premium,Referral
C00514,2025-06-25 00:23:01,33.0,Male,Hyderabad,Telangana,South,Premium,Email
C00515,2025-02-24 18:11:02,42.0,Female,Bhubaneswar,Odisha,East,Basic,Organic
C00516,2025-09-28 01:49:46,35.0,Female,Kolkata,West Bengal,East,Free,Social Media
C00517,2025-09-14 16:40:36,51.0,Female,Ahmedabad,Gujarat,West,Free,Paid Ads
C00518,2025-11-11 00:38:53,55.0,Male,Hyderabad,Telangana,South,Basic,Organic
C00519,2025-05-22 10:22:59,20.0,Male,Chennai,Tamil Nadu,South,Free,Social Media
C00520,2025-01-28 09:50:54,37.0,Male,Kolkata,West Bengal,East,Free,Organic
C00521,2025-10-23 14:56:14,36.0,Female,Delhi,Delhi,North,Premium,Organic
C00522,2025-10-04 04:51:50,30.0,Male,Ahmedabad,Gujarat,West,Free,Paid Ads
C00523,2025-06-11 04:16:34,34.0,Female,Bengaluru,Karnataka,South,Free,Social Media
C00524,2025-10-04 23:10:36,31.0,Female,Chennai,Tamil Nadu,South,Basic,Referral
C00525,2025-08-21 12:15:05,47.0,Male,Chennai,Tamil Nadu,South,Premium,Organic
C00526,2025-09-05 16:35:13,39.0,Female,Pune,Maharashtra,West,Premium,Organic
C00527,2025-10-12 07:10:35,60.0,Male,Pune,Maharashtra,West,Premium,Organic
C00528,2025-09-22 01:17:47,60.0,Male,Pune,Maharashtra,West,Basic,Organic
C00529,2025-05-17 19:37:59,46.0,Male,Guwahati,Assam,East,Free,Social Media
C00530,2025-09-28 11:00:43,19.0,Female,Chennai,Tamil Nadu,South,Premium,Email
C00531,2025-05-09 07:41:09,25.0,Female,Chennai,Tamil Nadu,South,Free,Email
C00532,2025-08-14 15:22:19,31.0,Male,Hyderabad,Telangana,South,Free,Social Media
C00533,2025-03-26 12:57:03,51.0,Female,Hyderabad,Telangana,South,Free,Email
C00534,2025-07-08 21:42:54,30.0,Female,Lucknow,Uttar Pradesh,North,Basic,Social Media
C00535,2025-08-22 00:50:26,27.0,Male,Bengaluru,Karnataka,South,Premium,Email
C00536,2025-03-24 21:22:58,25.0,Male,Bengaluru,Karnataka,South,Free,Social Media
C00537,2025-10-12 19:11:16,24.0,Male,Chennai,Tamil Nadu,South,Free,Paid Ads
C00538,2025-10-30 22:49:38,30.0,Female,Pune,Maharashtra,West,Premium,Paid Ads
C00539,2025-09-10 02:16:31,43.0,Female,Pune,Maharashtra,West,Free,Referral
C00540,2025-11-23 02:30:29,49.0,Male,Kolkata,West Bengal,East,Basic,Referral
C00541,2025-03-11 15:34:55,36.0,Male,Chennai,Tamil Nadu,South,Free,Referral
C00542,2025-10-30 09:50:57,32.0,Male,Jaipur,Rajasthan,North,Free,Referral
C00543,2025-07-02 13:15:24,19.0,Male,Kolkata,West Bengal,East,Free,Referral
C00544,2025-03-10 13:23:06,54.0,Female,Lucknow,Uttar Pradesh,North,Free,Organic
C00545,2025-02-13 00:10:35,36.0,Male,Delhi,Delhi,North,Basic,Organic
C00546,2025-02-07 08:54:50,50.0,Female,Pune,Maharashtra,West,Premium,Email
C00547,2025-10-03 12:57:44,56.0,Female,Kolkata,West Bengal,East,Free,Referral
C00548,2025-04-13 00:05:32,50.0,Male,Lucknow,Uttar Pradesh,North,Premium,Paid Ads
C00549,2025-05-07 01:33:50,18.0,Male,Lucknow,Uttar Pradesh,North,Basic,Social Media
C00550,2025-09-13 18:48:22,56.0,Male,Hyderabad,Telangana,South,Free,Organic
C00551,2025-05-24 20:22:37,45.0,Male,Lucknow,Uttar Pradesh,North,Basic,Paid Ads
C00552,2025-10-13 19:19:14,34.0,Female,Hyderabad,Telangana,South,Basic,Organic
C00553,2025-11-12 20:20:26,23.0,Female,Lucknow,Uttar Pradesh,North,Free,Social Media
C00554,2025-04-12 00:29:03,37.0,Female,Jaipur,Rajasthan,North,Free,Social Media
C00555,2025-04-11 13:47:53,30.0,Male,Chennai,Tamil Nadu,South,Premium,Paid Ads
C00556,2025-03-12 14:33:55,29.0,Male,Mumbai,Maharashtra,West,Basic,Email
C00557,2025-06-16 19:04:47,47.0,Male,Bhubaneswar,Odisha,East,Free,Email
C00558,2025-07-27 04:15:55,38.0,Female,Guwahati,Assam,East,Free,Referral
C00559,2025-02-20 08:39:21,19.0,Male,Jaipur,Rajasthan,North,Free,Email
C00560,2025-04-22 09:38:41,35.0,Female,Delhi,Delhi,North,Free,Referral
C00561,2025-01-02 02:54:07,45.0,Female,Lucknow,Uttar Pradesh,North,Free,Referral
C00562,2025-10-04 04:19:25,21.0,Male,Bhubaneswar,Odisha,East,Free,Paid Ads
C00563,2025-11-07 08:37:08,59.0,Female,Bhubaneswar,Odisha,East,Free,Organic
C00564,2025-05-22 20:35:29,60.0,Female,Kolkata,West Bengal,East,Basic,Organic
C00565,2025-03-20 21:21:41,23.0,Male,Ahmedabad,Gujarat,West,Free,Social Media
C00566,2025-01-04 00:08:38,55.0,Male,Delhi,Delhi,North,Free,Organic
C00567,2025-10-29 16:47:40,26.0,Male,Ahmedabad,Gujarat,West,Free,Paid Ads
C00568,2025-04-10 05:38:54,,Female,Ahmedabad,Gujarat,West,Free,Organic
C00569,2025-11-04 09:25:04,47.0,Male,Chennai,Tamil Nadu,South,Free,Paid Ads
C00570,2025-07-11 06:31:08,54.0,Female,Mumbai,Maharashtra,West,Basic,Paid Ads
C00571,2025-01-07 08:05:26,55.0,Female,Delhi,Delhi,North,Free,Social Media
C00572,2025-04-24 08:25:04,21.0,Female,Bengaluru,Karnataka,South,Free,Email
C00573,2025-05-07 12:05:54,55.0,Male,Ahmedabad,Gujarat,West,Premium,Email
C00574,2025-04-26 18:25:55,30.0,Female,Delhi,Delhi,North,Basic,Referral
C00575,2025-03-14 10:16:17,52.0,Male,Hyderabad,Telangana,South,Free,Email
C00576,2025-02-25 14:27:50,47.0,Male,Bengaluru,Karnataka,South,Free,Paid Ads
C00577,2025-05-02 07:55:28,59.0,Female,Kolkata,West Bengal,East,Premium,Paid Ads
C00578,2025-05-05 03:52:59,21.0,Male,Chennai,Tamil Nadu,South,Premium,Organic
C00579,2025-04-05 02:35:11,42.0,Female,Mumbai,Maharashtra,West,Free,Email
C00580,2025-08-16 19:02:03,48.0,Male,Pune,Maharashtra,West,Free,Organic
C00581,2025-05-19 19:00:31,29.0,Other,Pune,Maharashtra,West,Free,Referral
C00582,2025-08-27 22:12:07,32.0,Female,Hyderabad,Telangana,South,Free,Social Media
C00583,2025-08-18 15:26:01,43.0,Female,Mumbai,Maharashtra,West,Free,Referral
C00584,2025-09-03 14:43:34,,Male,Mumbai,Maharashtra,West,Basic,Organic
C00585,2025-01-18 20:21:03,29.0,Female,Delhi,Delhi,North,Free,Referral
C00586,2025-01-18 21:37:55,39.0,Female,Pune,Maharashtra,West,Free,Social Media
C00587,2025-03-28 12:39:13,57.0,Female,Kolkata,West Bengal,East,Basic,Organic
C00588,2025-07-15 23:36:46,38.0,Male,Guwahati,Assam,East,Premium,Social Media
C00589,2025-01-23 06:07:50,52.0,Male,Guwahati,Assam,East,Free,Social Media
C00590,2025-11-24 00:11:22,24.0,Male,Kolkata,West Bengal,East,Basic,Email
C00591,2025-11-28 10:04:33,35.0,Male,Bhubaneswar,Odisha,East,Free,Paid Ads
C00592,2025-09-10 20:24:37,44.0,Male,Lucknow,Uttar Pradesh,North,Free,Organic
C00593,2025-11-08 07:21:35,52.0,Female,Guwahati,Assam,East,Premium,Paid Ads
C00594,2025-07-08 02:19:12,19.0,Male,Pune,Maharashtra,West,Free,Referral
C00595,2025-07-20 00:18:05,49.0,Male,Hyderabad,Telangana,South,Basic,Email
C00596,2025-10-21 03:19:18,32.0,Female,Pune,Maharashtra,West,Free,Email
C00597,2025-06-12 07:00:54,41.0,Male,Lucknow,Uttar Pradesh,North,Free,Email
C00598,2025-07-07 23:40:59,37.0,Female,Bhubaneswar,Odisha,East,Basic,Referral
C00599,2025-11-15 02:26:59,27.0,Female,Guwahati,Assam,East,Free,Referral
C00600,2025-02-15 04:52:46,,Female,Kolkata,West Bengal,East,Free,Organic
C00601,2025-11-02 09:15:32,41.0,Female,Guwahati,Assam,East,Basic,Paid Ads
C00602,2025-02-04 17:38:41,41.0,Female,Ahmedabad,Gujarat,West,Free,Email
C00603,2025-06-05 07:41:28,57.0,Male,Kolkata,West Bengal,East,Free,Referral
C00604,2025-06-25 17:14:49,51.0,Female,Kolkata,West Bengal,East,Basic,Paid Ads
C00605,2025-07-30 03:17:07,58.0,Female,Kolkata,West Bengal,East,Free,Organic
C00606,2025-05-28 18:00:42,57.0,Male,Mumbai,Maharashtra,West,Basic,Organic
C00607,2025-11-13 16:07:20,28.0,Male,Bhubaneswar,Odisha,East,Premium,Referral
C00608,2025-06-29 18:32:45,43.0,Female,Pune,Maharashtra,West,Free,Email
C00609,2025-01-05 23:02:26,18.0,Female,Ahmedabad,Gujarat,West,Free,Organic
C00610,2025-05-27 13:33:44,47.0,Male,Lucknow,Uttar Pradesh,North,Basic,Organic
C00611,2025-03-09 01:29:42,60.0,Female,Guwahati,Assam,East,Free,Referral
C00612,2025-11-19 00:17:07,35.0,Female,Chennai,Tamil Nadu,South,Basic,Organic
C00613,2025-07-24 23:26:30,43.0,Female,Lucknow,Uttar Pradesh,North,Free,Organic
C00614,2025-05-01 04:59:27,26.0,Female,Guwahati,Assam,East,Free,Organic
C00615,2025-08-11 15:04:29,26.0,Female,Chennai,Tamil Nadu,South,Free,Paid Ads
C00616,2025-01-05 14:14:33,18.0,Female,Hyderabad,Telangana,South,Basic,Referral
C00617,2025-05-31 23:35:01,24.0,Female,Bhubaneswar,Odisha,East,Free,Email
C00618,2025-09-23 11:50:27,59.0,Female,Pune,Maharashtra,West,Premium,Paid Ads
C00619,2025-08-09 03:13:59,,Female,Bengaluru,Karnataka,South,Basic,Referral
C00620,2025-06-03 01:20:54,55.0,Male,Delhi,Delhi,North,Free,Organic
C00621,2025-08-06 10:57:30,28.0,Male,Bhubaneswar,Odisha,East,Free,Referral
C00622,2025-07-29 04:00:21,42.0,Male,Bhubaneswar,Odisha,East,Free,Referral
C00623,2025-02-07 07:50:45,46.0,Female,Mumbai,Maharashtra,West,Basic,Organic
C00624,2025-02-09 14:49:52,36.0,Female,Ahmedabad,Gujarat,West,Basic,Referral
C00625,2025-01-08 02:35:13,35.0,Female,Lucknow,Uttar Pradesh,North,Free,Organic
C00626,2025-05-11 12:49:35,46.0,Female,Ahmedabad,Gujarat,West,Free,Referral
C00627,2025-11-03 09:52:51,33.0,Female,Pune,Maharashtra,West,Free,Referral
C00628,2025-08-11 06:12:21,57.0,Male,Delhi,Delhi,North,Free,Referral
C00629,2025-01-13 22:48:21,25.0,Male,Guwahati,Assam,East,Basic,Email
C00630,2025-08-17 02:37:59,51.0,Female,Mumbai,Maharashtra,West,Free,Email
C00631,2025-02-02 02:39:45,23.0,Female,Delhi,Delhi,North,Free,Social Media
C00632,2025-04-20 09:25:16,47.0,Female,Chennai,Tamil Nadu,South,Basic,Social Media
C00633,2025-07-21 22:59:00,51.0,Male,Lucknow,Uttar Pradesh,North,Free,Organic
C00634,2025-10-14 02:28:51,38.0,Male,Delhi,Delhi,North,Free,Paid Ads
C00635,2025-03-14 18:12:20,29.0,Female,Bhubaneswar,Odisha,East,Free,Organic
C00636,2025-09-14 02:36:52,23.0,Female,Pune,Maharashtra,West,Basic,Organic
C00637,2025-01-05 18:55:42,56.0,Female,Jaipur,Rajasthan,North,Free,Paid Ads
C00638,2025-08-15 19:06:49,23.0,Male,Ahmedabad,Gujarat,West,Free,Social Media
C00639,2025-02-04 09:03:53,21.0,Male,Ahmedabad,Gujarat,West,Free,Paid Ads
C00640,2025-10-18 19:05:01,26.0,Female,Pune,Maharashtra,West,Free,Referral
C00641,2025-05-27 08:47:20,22.0,Male,Guwahati,Assam,East,Free,Paid Ads
C00642,2025-08-14 00:19:39,27.0,Male,Ahmedabad,Gujarat,West,Free,Referral
C00643,2025-08-07 01:02:34,25.0,Female,Kolkata,West Bengal,East,Free,Social Media
C00644,2025-06-17 16:29:00,40.0,Other,Pune,Maharashtra,West,Free,Paid Ads
C00645,2025-11-01 00:26:24,21.0,Female,Bhubaneswar,Odisha,East,Free,Email
C00646,2025-08-17 13:44:53,54.0,Female,Hyderabad,Telangana,South,Basic,Organic
C00647,2025-09-10 12:27:33,24.0,Male,Jaipur,Rajasthan,North,Basic,Email
C00648,2025-07-01 17:44:49,23.0,Male,Jaipur,Rajasthan,North,Free,Organic
C00649,2025-07-12 20:54:50,59.0,Male,Chennai,Tamil Nadu,South,Free,Referral
C00650,2025-01-20 20:57:43,32.0,Female,Ahmedabad,Gujarat,West,Free,Email
C00651,2025-11-29 01:23:17,52.0,Male,Guwahati,Assam,East,Free,Referral
C00652,2025-02-07 16:05:30,49.0,Female,Lucknow,Uttar Pradesh,North,Free,Referral
C00653,2025-10-02 22:10:36,31.0,Male,Delhi,Delhi,North,Free,Referral
C00654,2025-04-02 00:25:29,52.0,Female,Jaipur,Rajasthan,North,Free,Organic
C00655,2025-01-21 17:52:40,,Female,Mumbai,Maharashtra,West,Premium,Organic
C00656,2025-04-08 07:00:09,27.0,Female,Guwahati,Assam,East,Free,Organic
C00657,2025-09-23 15:50:28,34.0,Male,Mumbai,Maharashtra,West,Premium,Organic
C00658,2025-09-03 13:18:13,30.0,Female,Pune,Maharashtra,West,Premium,Email
C00659,2025-08-04 07:24:42,51.0,Male,Jaipur,Rajasthan,North,Premium,Social Media
C00660,2025-04-21 12:33:50,22.0,Female,Lucknow,Uttar Pradesh,North,Premium,Paid Ads
C00661,2025-07-01 18:27:01,27.0,Female,Ahmedabad,Gujarat,West,Free,Social Media
C00662,2025-11-27 20:27:47,49.0,Male,Bengaluru,Karnataka,South,Free,Organic
C00663,2025-01-06 20:48:31,29.0,Female,Lucknow,Uttar Pradesh,North,Free,Organic
C00664,2025-05-30 16:31:14,30.0,Female,Kolkata,West Bengal,East,Free,Social Media
C00665,2025-03-17 18:20:28,38.0,Female,Bhubaneswar,Odisha,East,Free,Paid Ads
C00666,2025-01-23 16:22:56,50.0,Female,Bhubaneswar,Odisha,East,Premium,Organic
C00667,2025-09-12 08:02:08,58.0,Male,Pune,Maharashtra,West,Free,Referral
C00668,2025-01-07 06:14:13,49.0,Male,Bhubaneswar,Odisha,East,Free,Email
C00669,2025-02-24 16:37:01,29.0,Male,Bhubaneswar,Odisha,East,Basic,Referral
C00670,2025-05-17 11:16:56,52.0,Other,Mumbai,Maharashtra,West,Free,Organic
C00671,2025-07-02 22:11:03,53.0,Male,Bhubaneswar,Odisha,East,Free,Paid Ads
C00672,2025-07-31 06:40:43,55.0,Female,Bengaluru,Karnataka,South,Free,Referral
C00673,2025-11-24 07:10:41,45.0,Female,Bhubaneswar,Odisha,East,Premium,Referral
C00674,2025-05-02 07:56:24,30.0,Female,Delhi,Delhi,North,Basic,Email
C00675,2025-08-19 07:49:27,29.0,Male,Mumbai,Maharashtra,West,Basic,Email
C00676,2025-09-25 22:41:35,39.0,Male,Bengaluru,Karnataka,South,Free,Social Media
C00677,2025-01-31 18:59:41,19.0,Male,Guwahati,Assam,East,Premium,Referral
C00678,2025-02-03 05:57:01,46.0,Male,Mumbai,Maharashtra,West,Free,Paid Ads
C00679,2025-11-22 22:29:07,30.0,Male,Bengaluru,Karnataka,South,Basic,Referral
C00680,2025-09-30 11:11:27,52.0,Male,Chennai,Tamil Nadu,South,Premium,Referral
C00681,2025-09-06 21:36:24,30.0,Female,Bengaluru,Karnataka,South,Basic,Organic
C00682,2025-11-15 12:34:41,51.0,Male,Mumbai,Maharashtra,West,Basic,Paid Ads
C00683,2025-07-23 21:06:04,36.0,Male,Guwahati,Assam,East,Free,Organic
C00684,2025-02-02 00:46:24,26.0,Male,Jaipur,Rajasthan,North,Free,Email
C00685,2025-06-11 22:23:20,48.0,Male,Hyderabad,Telangana,South,Premium,Paid Ads
C00686,2025-10-11 21:55:53,50.0,Male,Lucknow,Uttar Pradesh,North,Free,Social Media
C00687,2025-02-20 06:39:35,44.0,Male,Lucknow,Uttar Pradesh,North,Premium,Paid Ads
C00688,2025-05-22 00:31:34,19.0,Female,Mumbai,Maharashtra,West,Basic,Social Media
C00689,2025-07-16 02:34:36,32.0,Male,Hyderabad,Telangana,South,Free,Organic
C00690,2025-09-29 09:48:39,36.0,Female,Guwahati,Assam,East,Basic,Social Media
C00691,2025-07-20 20:01:47,48.0,Male,Pune,Maharashtra,West,Free,Organic
C00692,2025-03-30 20:28:32,33.0,Female,Pune,Maharashtra,West,Free,Paid Ads
C00693,2025-07-22 15:53:28,60.0,Female,Pune,Maharashtra,West,Free,Organic
C00694,2025-01-30 20:03:55,32.0,Female,Pune,Maharashtra,West,Free,Paid Ads
C00695,2025-03-24 22:41:51,23.0,Female,Guwahati,Assam,East,Premium,Social Media
C00696,2025-05-07 22:44:25,31.0,Male,Jaipur,Rajasthan,North,Free,Social Media
C00697,2025-05-17 22:05:44,44.0,Male,Mumbai,Maharashtra,West,Basic,Organic
C00698,2025-02-12 09:57:44,55.0,Male,Lucknow,Uttar Pradesh,North,Free,Paid Ads
C00699,2025-08-22 01:13:32,36.0,Male,Bhubaneswar,Odisha,East,Basic,Social Media
C00700,2025-06-10 12:56:31,54.0,Male,Ahmedabad,Gujarat,West,Basic,Referral
C00701,2025-09-29 06:35:25,60.0,Female,Jaipur,Rajasthan,North,Free,Organic
C00702,2025-07-27 17:49:41,21.0,Male,Guwahati,Assam,East,Premium,Paid Ads
C00703,2025-11-13 14:21:39,43.0,Male,Pune,Maharashtra,West,Premium,Referral
C00704,2025-01-22 00:48:44,26.0,Male,Kolkata,West Bengal,East,Basic,Organic
C00705,2025-05-01 22:45:53,58.0,Female,Bhubaneswar,Odisha,East,Premium,Referral
C00706,2025-07-11 10:37:46,57.0,Other,Hyderabad,Telangana,South,Basic,Referral
C00707,2025-10-17 14:34:46,32.0,Female,Ahmedabad,Gujarat,West,Premium,Organic
C00708,2025-10-27 18:52:16,58.0,Male,Bengaluru,Karnataka,South,Free,Referral
C00709,2025-04-27 12:14:53,54.0,Male,Ahmedabad,Gujarat,West,Free,Social Media
C00710,2025-03-05 04:53:12,21.0,Female,Delhi,Delhi,North,Premium,Paid Ads
C00711,2025-02-09 18:30:58,43.0,Male,Hyderabad,Telangana,South,Free,Organic
C00712,2025-01-07 20:09:00,35.0,Female,Lucknow,Uttar Pradesh,North,Free,Referral
C00713,2025-04-24 08:36:03,58.0,Male,Mumbai,Maharashtra,West,Free,Organic
C00714,2025-02-28 18:47:39,52.0,Male,Ahmedabad,Gujarat,West,Free,Social Media
C00715,2025-05-17 17:40:20,58.0,Other,Ahmedabad,Gujarat,West,Free,Email
C00716,2025-02-16 19:47:23,58.0,Female,Bengaluru,Karnataka,South,Basic,Email
C00717,2025-02-05 09:28:02,46.0,Female,Chennai,Tamil Nadu,South,Premium,Paid Ads
C00718,2025-09-02 07:22:59,41.0,Male,Bengaluru,Karnataka,South,Free,Referral
C00719,2025-04-16 14:48:27,21.0,Female,Guwahati,Assam,East,Basic,Social Media
C00720,2025-08-17 02:57:19,38.0,Male,Jaipur,Rajasthan,North,Free,Organic
C00721,2025-06-12 10:36:13,56.0,Male,Chennai,Tamil Nadu,South,Free,Organic
C00722,2025-04-20 07:07:52,24.0,Male,Bhubaneswar,Odisha,East,Basic,Paid Ads
C00723,2025-03-15 07:18:20,40.0,Female,Kolkata,West Bengal,East,Premium,Email
C00724,2025-04-06 21:16:57,57.0,Female,Jaipur,Rajasthan,North,Free,Paid Ads
C00725,2025-10-27 13:36:12,38.0,Male,Jaipur,Rajasthan,North,Free,Paid Ads
C00726,2025-08-21 05:29:19,18.0,Female,Chennai,Tamil Nadu,South,Free,Referral
C00727,2025-10-31 10:36:45,58.0,Male,Guwahati,Assam,East,Premium,Referral
C00728,2025-08-23 01:18:11,42.0,Male,Bengaluru,Karnataka,South,Free,Organic
C00729,2025-07-03 07:20:31,48.0,Female,Kolkata,West Bengal,East,Free,Referral
C00730,2025-09-25 09:02:48,55.0,Female,Guwahati,Assam,East,Premium,Referral
C00731,2025-03-23 07:48:19,22.0,Female,Bhubaneswar,Odisha,East,Basic,Referral
C00732,2025-11-19 03:34:05,48.0,Female,Hyderabad,Telangana,South,Premium,Social Media
C00733,2025-04-07 03:05:20,18.0,Male,Lucknow,Uttar Pradesh,North,Premium,Paid Ads
C00734,2025-10-13 04:27:07,47.0,Other,Jaipur,Rajasthan,North,Free,Email
C00735,2025-03-11 11:32:52,35.0,Female,Pune,Maharashtra,West,Basic,Paid Ads
C00736,2025-09-29 05:41:12,25.0,Male,Bengaluru,Karnataka,South,Free,Paid Ads
C00737,2025-07-03 18:44:18,43.0,Female,Pune,Maharashtra,West,Premium,Social Media
C00738,2025-06-01 03:40:20,57.0,Female,Hyderabad,Telangana,South,Free,Social Media
C00739,2025-06-17 03:29:51,32.0,Male,Ahmedabad,Gujarat,West,Basic,Referral
C00740,2025-04-24 13:43:46,36.0,Other,Pune,Maharashtra,West,Free,Organic
C00741,2025-03-07 22:40:27,27.0,Male,Mumbai,Maharashtra,West,Free,Paid Ads
C00742,2025-02-11 09:48:02,41.0,Female,Ahmedabad,Gujarat,West,Free,Organic
C00743,2025-07-04 00:47:12,33.0,Male,Jaipur,Rajasthan,North,Basic,Organic
C00744,2025-01-29 09:39:29,60.0,Female,Mumbai,Maharashtra,West,Free,Referral
C00745,2025-04-14 01:05:21,48.0,Female,Kolkata,West Bengal,East,Free,Social Media
C00746,2025-08-04 16:51:04,33.0,Male,Hyderabad,Telangana,South,Free,Referral
C00747,2025-07-17 08:27:02,33.0,Male,Ahmedabad,Gujarat,West,Free,Organic
C00748,2025-10-26 12:18:47,45.0,Female,Delhi,Delhi,North,Basic,Organic
C00749,2025-09-01 12:23:13,37.0,Female,Bengaluru,Karnataka,South,Free,Referral
C00750,2025-08-11 17:39:20,52.0,Female,Delhi,Delhi,North,Free,Referral
C00751,2025-08-25 21:50:20,26.0,Male,Bhubaneswar,Odisha,East,Basic,Social Media
C00752,2025-10-20 02:00:09,57.0,Male,Hyderabad,Telangana,South,Basic,Email
C00753,2025-11-08 19:06:04,27.0,Female,Delhi,Delhi,North,Basic,Email
C00754,2025-08-15 15:26:57,35.0,Female,Ahmedabad,Gujarat,West,Premium,Paid Ads
C00755,2025-09-17 09:48:43,32.0,Male,Guwahati,Assam,East,Free,Social Media
C00756,2025-06-15 10:44:32,47.0,Female,Hyderabad,Telangana,South,Premium,Organic
C00757,2025-10-19 08:40:23,49.0,Male,Delhi,Delhi,North,Basic,Organic
C00758,2025-07-23 06:15:08,57.0,Male,Jaipur,Rajasthan,North,Basic,Organic
C00759,2025-08-17 01:52:27,44.0,Female,Bengaluru,Karnataka,South,Basic,Organic
C00760,2025-02-17 23:42:34,44.0,Male,Hyderabad,Telangana,South,Free,Organic
C00761,2025-06-16 19:56:31,36.0,Male,Kolkata,West Bengal,East,Free,Social Media
C00762,2025-11-20 01:02:43,27.0,Female,Mumbai,Maharashtra,West,Basic,Paid Ads
C00763,2025-10-16 08:04:54,23.0,Female,Ahmedabad,Gujarat,West,Free,Social Media
C00764,2025-06-01 23:52:27,41.0,Female,Lucknow,Uttar Pradesh,North,Basic,Email
C00765,2025-05-18 10:05:17,26.0,Female,Kolkata,West Bengal,East,Basic,Email
C00766,2025-11-12 18:51:30,44.0,Female,Delhi,Delhi,North,Free,Email
C00767,2025-06-29 17:56:35,24.0,Male,Bengaluru,Karnataka,South,Free,Referral
C00768,2025-07-17 07:49:35,23.0,Male,Bengaluru,Karnataka,South,Free,Paid Ads
C00769,2025-08-20 04:15:29,50.0,Female,Pune,Maharashtra,West,Free,Referral
C00770,2025-01-29 07:58:05,38.0,Male,Bengaluru,Karnataka,South,Free,Social Media
C00771,2025-03-17 11:49:45,55.0,Female,Bhubaneswar,Odisha,East,Free,Email
C00772,2025-07-07 06:21:07,34.0,Female,Hyderabad,Telangana,South,Free,Email
C00773,2025-11-04 08:32:41,48.0,Male,Bhubaneswar,Odisha,East,Free,Social Media
C00774,2025-10-10 17:04:50,54.0,Female,Ahmedabad,Gujarat,West,Free,Paid Ads
C00775,2025-03-31 11:12:23,28.0,Female,Chennai,Tamil Nadu,South,Premium,Email
C00776,2025-09-11 02:16:10,45.0,Male,Guwahati,Assam,East,Premium,Email
C00777,2025-03-06 08:35:29,22.0,Male,Kolkata,West Bengal,East,Free,Paid Ads
C00778,2025-07-02 22:11:11,29.0,Female,Jaipur,Rajasthan,North,Free,Referral
C00779,2025-02-07 11:19:06,20.0,Male,Jaipur,Rajasthan,North,Free,Social Media
C00780,2025-05-06 19:40:56,58.0,Male,Lucknow,Uttar Pradesh,North,Free,Paid Ads
C00781,2025-04-14 03:50:42,55.0,Male,Lucknow,Uttar Pradesh,North,Basic,Social Media
C00782,2025-02-18 08:37:16,19.0,Male,Jaipur,Rajasthan,North,Free,Organic
C00783,2025-09-23 15:59:37,43.0,Female,Ahmedabad,Gujarat,West,Free,Paid Ads
C00784,2025-02-11 10:35:09,19.0,Female,Mumbai,Maharashtra,West,Premium,Paid Ads
C00785,2025-03-23 15:24:46,29.0,Female,Bhubaneswar,Odisha,East,Premium,Referral
C00786,2025-08-18 11:10:17,57.0,Female,Bengaluru,Karnataka,South,Premium,Organic
C00787,2025-08-20 20:39:26,19.0,Other,Jaipur,Rajasthan,North,Free,Organic
C00788,2025-03-29 15:33:50,58.0,Male,Mumbai,Maharashtra,West,Premium,Email
C00789,2025-04-20 06:09:38,33.0,Male,Pune,Maharashtra,West,Basic,Paid Ads
C00790,2025-05-21 10:53:54,47.0,Female,Hyderabad,Telangana,South,Basic,Paid Ads
C00791,2025-05-04 13:08:07,53.0,Male,Bhubaneswar,Odisha,East,Premium,Social Media
C00792,2025-02-11 06:39:35,21.0,Female,Delhi,Delhi,North,Premium,Paid Ads
C00793,2025-07-16 15:42:52,28.0,Male,Pune,Maharashtra,West,Basic,Social Media
C00794,2025-07-21 16:00:28,41.0,Female,Delhi,Delhi,North,Free,Paid Ads
C00795,2025-10-14 05:22:13,35.0,Female,Kolkata,West Bengal,East,Free,Social Media
C00796,2025-04-15 23:52:19,44.0,Male,Bengaluru,Karnataka,South,Basic,Paid Ads
C00797,2025-06-25 17:29:36,,Male,Hyderabad,Telangana,South,Premium,Email
C00798,2025-07-07 08:37:07,19.0,Male,Jaipur,Rajasthan,North,Basic,Paid Ads
C00799,2025-06-26 11:38:09,32.0,Female,Delhi,Delhi,North,Free,Paid Ads
C00800,2025-04-06 10:01:22,28.0,Male,Hyderabad,Telangana,South,Free,Email
C00801,2025-04-01 10:55:02,44.0,Female,Delhi,Delhi,North,Free,Social Media
C00802,2025-07-31 22:57:14,40.0,Male,Bhubaneswar,Odisha,East,Premium,Social Media
C00803,2025-05-10 22:47:38,52.0,Male,Lucknow,Uttar Pradesh,North,Free,Organic
C00804,2025-07-10 20:54:59,47.0,Male,Delhi,Delhi,North,Basic,Paid Ads
C00805,2025-02-22 06:34:59,41.0,Female,Mumbai,Maharashtra,West,Premium,Paid Ads
C00806,2025-06-25 05:53:02,36.0,Male,Delhi,Delhi,North,Free,Organic
C00807,2025-02-10 08:16:15,46.0,Female,Chennai,Tamil Nadu,South,Basic,Paid Ads
C00808,2025-08-14 09:54:06,30.0,Female,Hyderabad,Telangana,South,Basic,Email
C00809,2025-06-17 17:52:04,40.0,Male,Ahmedabad,Gujarat,West,Free,Organic
C00810,2025-07-30 03:34:47,29.0,Male,Guwahati,Assam,East,Free,Organic
C00811,2025-11-19 17:42:53,58.0,Female,Bengaluru,Karnataka,South,Basic,Organic
C00812,2025-03-05 01:48:40,46.0,Male,Hyderabad,Telangana,South,Free,Social Media
C00813,2025-07-28 04:05:03,23.0,Male,Kolkata,West Bengal,East,Basic,Paid Ads
C00814,2025-07-12 11:39:26,40.0,Female,Chennai,Tamil Nadu,South,Basic,Paid Ads
C00815,2025-03-26 20:32:36,48.0,Male,Hyderabad,Telangana,South,Free,Social Media
C00816,2025-04-08 12:34:27,38.0,Male,Delhi,Delhi,North,Free,Organic
C00817,2025-02-08 00:21:09,41.0,Other,Lucknow,Uttar Pradesh,North,Free,Paid Ads
C00818,2025-07-16 17:40:37,25.0,Male,Ahmedabad,Gujarat,West,Free,Organic
C00819,2025-06-28 11:07:20,26.0,Female,Bhubaneswar,Odisha,East,Basic,Organic
C00820,2025-07-15 03:56:41,39.0,Male,Ahmedabad,Gujarat,West,Basic,Organic
C00821,2025-08-15 10:47:24,21.0,Female,Chennai,Tamil Nadu,South,Free,Paid Ads
C00822,2025-06-16 01:55:32,30.0,Female,Guwahati,Assam,East,Basic,Paid Ads
C00823,2025-04-22 18:27:48,51.0,Male,Ahmedabad,Gujarat,West,Free,Organic
C00824,2025-04-05 00:51:01,20.0,Female,Ahmedabad,Gujarat,West,Premium,Organic
C00825,2025-08-13 12:01:30,54.0,Female,Lucknow,Uttar Pradesh,North,Free,Organic
C00826,2025-01-03 07:21:09,45.0,Male,Hyderabad,Telangana,South,Free,Organic
C00827,2025-09-27 21:03:30,43.0,Female,Ahmedabad,Gujarat,West,Basic,Organic
C00828,2025-05-25 09:19:33,51.0,Male,Pune,Maharashtra,West,Basic,Organic
C00829,2025-05-15 12:30:31,32.0,Female,Jaipur,Rajasthan,North,Free,Email
C00830,2025-05-19 16:39:23,25.0,Female,Mumbai,Maharashtra,West,Free,Referral
C00831,2025-06-23 11:55:49,52.0,Male,Guwahati,Assam,East,Free,Social Media
C00832,2025-04-20 03:40:15,41.0,Male,Pune,Maharashtra,West,Free,Social Media
C00833,2025-10-02 08:07:43,54.0,Male,Guwahati,Assam,East,Free,Referral
C00834,2025-08-17 00:07:55,21.0,Female,Guwahati,Assam,East,Basic,Referral
C00835,2025-10-17 17:30:55,29.0,Male,Pune,Maharashtra,West,Premium,Referral
C00836,2025-05-22 05:33:14,36.0,Female,Ahmedabad,Gujarat,West,Basic,Referral
C00837,2025-11-13 15:51:16,32.0,Male,Chennai,Tamil Nadu,South,Free,Email
C00838,2025-11-26 02:56:20,47.0,Female,Pune,Maharashtra,West,Premium,Organic
C00839,2025-07-22 18:56:37,54.0,Female,Delhi,Delhi,North,Free,Organic
C00840,2025-09-07 16:57:33,29.0,Female,Delhi,Delhi,North,Free,Organic
C00841,2025-11-28 21:11:01,36.0,Female,Kolkata,West Bengal,East,Basic,Social Media
C00842,2025-10-14 14:26:29,51.0,Male,Delhi,Delhi,North,Free,Paid Ads
C00843,2025-02-08 18:42:26,24.0,Male,Guwahati,Assam,East,Free,Email
C00844,2025-05-10 08:47:26,45.0,Other,Hyderabad,Telangana,South,Free,Paid Ads
C00845,2025-04-08 11:20:51,45.0,Male,Kolkata,West Bengal,East,Free,Paid Ads
C00846,2025-09-05 07:46:54,46.0,Female,Pune,Maharashtra,West,Free,Paid Ads
C00847,2025-07-02 16:02:26,54.0,Female,Bhubaneswar,Odisha,East,Basic,Referral
C00848,2025-04-02 03:37:37,37.0,Female,Chennai,Tamil Nadu,South,Free,Social Media
C00849,2025-07-14 03:21:11,28.0,Male,Pune,Maharashtra,West,Free,Paid Ads
C00850,2025-09-16 05:39:50,56.0,Male,Lucknow,Uttar Pradesh,North,Free,Referral
C00851,2025-10-20 18:39:03,59.0,Female,Bhubaneswar,Odisha,East,Basic,Organic
C00852,2025-03-01 13:09:00,40.0,Male,Jaipur,Rajasthan,North,Free,Referral
C00853,2025-06-20 00:37:09,37.0,Female,Kolkata,West Bengal,East,Free,Referral
C00854,2025-01-14 15:54:02,37.0,Female,Chennai,Tamil Nadu,South,Basic,Email
C00855,2025-10-11 20:15:10,28.0,Male,Guwahati,Assam,East,Free,Email
C00856,2025-04-28 20:07:39,19.0,Male,Bhubaneswar,Odisha,East,Free,Paid Ads
C00857,2025-03-25 12:07:10,30.0,Female,Bhubaneswar,Odisha,East,Basic,Organic
C00858,2025-02-13 14:55:09,30.0,Female,Ahmedabad,Gujarat,West,Free,Social Media
C00859,2025-09-24 20:36:22,58.0,Female,Delhi,Delhi,North,Free,Organic
C00860,2025-03-29 15:48:41,32.0,Female,Guwahati,Assam,East,Free,Paid Ads
C00861,2025-09-10 12:00:36,48.0,Female,Bengaluru,Karnataka,South,Free,Organic
C00862,2025-03-02 20:51:31,40.0,Female,Pune,Maharashtra,West,Premium,Paid Ads
C00863,2025-01-26 06:36:57,39.0,Male,Delhi,Delhi,North,Free,Referral
C00864,2025-06-06 22:39:14,33.0,Female,Mumbai,Maharashtra,West,Free,Paid Ads
C00865,2025-07-21 20:25:53,59.0,Male,Mumbai,Maharashtra,West,Premium,Email
C00866,2025-02-26 05:35:25,46.0,Female,Jaipur,Rajasthan,North,Free,Referral
C00867,2025-04-24 23:37:01,37.0,Female,Kolkata,West Bengal,East,Free,Referral
C00868,2025-07-31 17:33:11,45.0,Male,Kolkata,West Bengal,East,Basic,Paid Ads
C00869,2025-04-22 01:20:09,,Male,Chennai,Tamil Nadu,South,Basic,Organic
C00870,2025-01-29 18:52:46,46.0,Female,Hyderabad,Telangana,South,Basic,Social Media
C00871,2025-06-17 07:12:01,22.0,Male,Ahmedabad,Gujarat,West,Free,Referral
C00872,2025-06-07 06:57:35,59.0,Female,Ahmedabad,Gujarat,West,Basic,Paid Ads
C00873,2025-09-06 17:06:42,55.0,Male,Jaipur,Rajasthan,North,Free,Paid Ads
C00874,2025-08-05 09:19:46,55.0,Female,Pune,Maharashtra,West,Free,Paid Ads
C00875,2025-02-11 05:19:32,19.0,Male,Guwahati,Assam,East,Free,Social Media
C00876,2025-09-16 20:21:26,37.0,Female,Kolkata,West Bengal,East,Basic,Referral
C00877,2025-10-04 10:08:26,60.0,Male,Lucknow,Uttar Pradesh,North,Basic,Referral
C00878,2025-07-01 06:17:45,30.0,Male,Jaipur,Rajasthan,North,Basic,Email
C00879,2025-07-19 16:59:12,43.0,Male,Kolkata,West Bengal,East,Basic,Referral
C00880,2025-04-12 13:05:46,52.0,Female,Kolkata,West Bengal,East,Free,Organic
C00881,2025-07-28 15:24:38,25.0,Male,Bhubaneswar,Odisha,East,Free,Referral
C00882,2025-01-06 04:08:38,45.0,Female,Delhi,Delhi,North,Basic,Referral
C00883,2025-01-28 06:41:09,58.0,Male,Guwahati,Assam,East,Free,Organic
C00884,2025-04-19 00:59:49,32.0,Female,Bhubaneswar,Odisha,East,Free,Paid Ads
C00885,2025-07-21 20:27:56,25.0,Male,Chennai,Tamil Nadu,South,Premium,Referral
C00886,2025-03-27 00:00:47,28.0,Female,Bhubaneswar,Odisha,East,Basic,Referral
C00887,2025-02-24 02:34:52,46.0,Male,Jaipur,Rajasthan,North,Free,Email
C00888,2025-08-27 03:58:57,22.0,Female,Kolkata,West Bengal,East,Basic,Social Media
C00889,2025-07-01 21:42:42,24.0,Female,Bhubaneswar,Odisha,East,Basic,Organic
C00890,2025-03-02 09:32:34,35.0,Male,Pune,Maharashtra,West,Free,Referral
C00891,2025-01-04 17:09:16,45.0,Male,Delhi,Delhi,North,Free,Referral
C00892,2025-06-13 22:20:02,29.0,Male,Chennai,Tamil Nadu,South,Free,Paid Ads
C00893,2025-07-14 06:53:37,29.0,Male,Bengaluru,Karnataka,South,Free,Organic
C00894,2025-10-13 12:56:24,53.0,Male,Mumbai,Maharashtra,West,Free,Organic
C00895,2025-08-05 19:48:15,46.0,Male,Jaipur,Rajasthan,North,Premium,Organic
C00896,2025-05-26 20:47:33,28.0,Female,Guwahati,Assam,East,Free,Social Media
C00897,2025-11-22 13:54:09,23.0,Male,Pune,Maharashtra,West,Premium,Organic
C00898,2025-03-27 15:07:30,38.0,Male,Hyderabad,Telangana,South,Free,Organic
C00899,2025-03-11 00:38:49,27.0,Male,Kolkata,West Bengal,East,Free,Organic
C00900,2025-01-28 18:53:57,49.0,Female,Guwahati,Assam,East,Premium,Referral
C00901,2025-01-30 09:38:27,50.0,Male,Bhubaneswar,Odisha,East,Free,Organic
C00902,2025-05-15 07:32:38,34.0,Female,Bhubaneswar,Odisha,East,Premium,Organic
C00903,2025-01-29 16:09:25,20.0,Female,Guwahati,Assam,East,Free,Paid Ads
C00904,2025-03-04 11:25:02,60.0,Female,Jaipur,Rajasthan,North,Premium,Paid Ads
C00905,2025-06-27 09:01:57,35.0,Male,Ahmedabad,Gujarat,West,Free,Paid Ads
C00906,2025-07-22 13:12:59,27.0,Female,Bengaluru,Karnataka,South,Free,Social Media
C00907,2025-04-09 20:18:42,58.0,Male,Hyderabad,Telangana,South,Basic,Organic
C00908,2025-03-08 00:03:22,56.0,Female,Ahmedabad,Gujarat,West,Basic,Organic
C00909,2025-05-27 02:48:39,60.0,Female,Ahmedabad,Gujarat,West,Free,Organic
C00910,2025-03-07 14:16:24,25.0,Female,Ahmedabad,Gujarat,West,Premium,Email
C00911,2025-05-06 08:32:49,51.0,Female,Delhi,Delhi,North,Basic,Organic
C00912,2025-02-12 10:30:08,54.0,Female,Mumbai,Maharashtra,West,Free,Email
C00913,2025-04-26 11:05:22,58.0,Male,Delhi,Delhi,North,Free,Social Media
C00914,2025-04-05 02:54:42,50.0,Male,Ahmedabad,Gujarat,West,Free,Paid Ads
C00915,2025-10-16 03:24:47,27.0,Female,Delhi,Delhi,North,Free,Social Media
C00916,2025-02-14 09:22:31,57.0,Female,Pune,Maharashtra,West,Free,Paid Ads
C00917,2025-11-04 07:24:04,35.0,Female,Mumbai,Maharashtra,West,Basic,Referral
C00918,2025-10-16 05:28:16,42.0,Female,Hyderabad,Telangana,South,Basic,Referral
C00919,2025-02-15 20:15:54,59.0,Male,Chennai,Tamil Nadu,South,Free,Referral
C00920,2025-07-11 07:09:23,58.0,Female,Guwahati,Assam,East,Free,Organic
C00921,2025-07-25 14:12:22,53.0,Female,Chennai,Tamil Nadu,South,Premium,Referral
C00922,2025-11-30 05:44:36,19.0,Male,Ahmedabad,Gujarat,West,Free,Referral
C00923,2025-01-10 06:39:53,36.0,Male,Hyderabad,Telangana,South,Free,Paid Ads
C00924,2025-01-23 19:17:18,27.0,Female,Chennai,Tamil Nadu,South,Basic,Email
C00925,2025-11-23 01:50:20,20.0,Female,Mumbai,Maharashtra,West,Basic,Organic
C00926,2025-11-12 20:43:59,36.0,Female,Bhubaneswar,Odisha,East,Premium,Email
C00927,2025-03-23 09:23:17,43.0,Male,Pune,Maharashtra,West,Premium,Referral
C00928,2025-05-19 03:04:45,42.0,Male,Jaipur,Rajasthan,North,Premium,Referral
C00929,2025-03-31 03:28:57,34.0,Female,Jaipur,Rajasthan,North,Free,Social Media
C00930,2025-05-11 03:27:47,27.0,Female,Pune,Maharashtra,West,Free,Social Media
C00931,2025-07-28 04:54:25,28.0,Male,Guwahati,Assam,East,Basic,Paid Ads
C00932,2025-05-25 13:42:48,28.0,Female,Hyderabad,Telangana,South,Free,Referral
C00933,2025-03-13 21:00:14,29.0,Female,Bengaluru,Karnataka,South,Free,Organic
C00934,2025-06-09 09:31:29,,Female,Delhi,Delhi,North,Free,Paid Ads
C00935,2025-07-23 21:32:33,25.0,Female,Bhubaneswar,Odisha,East,Free,Email
C00936,2025-10-29 02:34:52,41.0,Male,Mumbai,Maharashtra,West,Free,Organic
C00937,2025-09-17 09:10:19,31.0,Female,Kolkata,West Bengal,East,Free,Organic
C00938,2025-11-26 04:37:37,40.0,Male,Chennai,Tamil Nadu,South,Free,Referral
C00939,2025-08-10 09:41:36,53.0,Female,Guwahati,Assam,East,Premium,Paid Ads
C00940,2025-01-21 18:24:44,34.0,Male,Lucknow,Uttar Pradesh,North,Basic,Paid Ads
C00941,2025-11-19 16:24:59,22.0,Female,Mumbai,Maharashtra,West,Premium,Referral
C00942,2025-10-14 00:11:55,20.0,Female,Lucknow,Uttar Pradesh,North,Free,Referral
C00943,2025-08-10 15:39:14,26.0,Female,Lucknow,Uttar Pradesh,North,Free,Paid Ads
C00944,2025-08-08 14:21:09,37.0,Female,Bengaluru,Karnataka,South,Free,Paid Ads
C00945,2025-01-21 18:49:10,37.0,Male,Bhubaneswar,Odisha,East,Basic,Email
C00946,2025-04-27 17:48:48,36.0,Female,Kolkata,West Bengal,East,Premium,Email
C00947,2025-11-29 13:05:01,38.0,Male,Kolkata,West Bengal,East,Free,Referral
C00948,2025-02-20 08:21:56,33.0,Male,Bengaluru,Karnataka,South,Premium,Organic
C00949,2025-06-08 03:07:44,50.0,Other,Chennai,Tamil Nadu,South,Basic,Paid Ads
C00950,2025-11-02 09:18:59,22.0,Female,Jaipur,Rajasthan,North,Free,Email
C00951,2025-08-19 17:16:15,41.0,Female,Jaipur,Rajasthan,North,Basic,Paid Ads
C00952,2025-08-06 16:50:01,32.0,Female,Jaipur,Rajasthan,North,Basic,Email
C00953,2025-09-14 10:01:36,43.0,Female,Kolkata,West Bengal,East,Free,Paid Ads
C00954,2025-02-09 06:07:08,,Female,Hyderabad,Telangana,South,Free,Social Media
C00955,2025-05-02 15:43:41,45.0,Female,Mumbai,Maharashtra,West,Basic,Organic
C00956,2025-06-11 02:21:34,50.0,Other,Pune,Maharashtra,West,Basic,Paid Ads
C00957,2025-07-06 15:12:16,35.0,Male,Lucknow,Uttar Pradesh,North,Free,Referral
C00958,2025-08-31 04:32:11,35.0,Female,Kolkata,West Bengal,East,Premium,Social Media
C00959,2025-02-20 10:18:38,55.0,Female,Guwahati,Assam,East,Free,Referral
C00960,2025-04-20 06:26:14,50.0,Male,Jaipur,Rajasthan,North,Free,Organic
C00961,2025-03-19 04:52:06,44.0,Male,Guwahati,Assam,East,Free,Email
C00962,2025-07-21 06:17:26,32.0,Female,Lucknow,Uttar Pradesh,North,Premium,Referral
C00963,2025-04-10 18:30:09,30.0,Male,Pune,Maharashtra,West,Basic,Organic
C00964,2025-09-18 17:21:34,51.0,Male,Ahmedabad,Gujarat,West,Basic,Paid Ads
C00965,2025-05-14 00:25:07,21.0,Female,Mumbai,Maharashtra,West,Premium,Referral
C00966,2025-11-09 14:52:45,52.0,Male,Ahmedabad,Gujarat,West,Basic,Paid Ads
C00967,2025-08-19 07:47:37,36.0,Female,Delhi,Delhi,North,Free,Social Media
C00968,2025-08-11 22:40:02,48.0,Male,Ahmedabad,Gujarat,West,Basic,Paid Ads
C00969,2025-06-07 04:58:19,42.0,Male,Lucknow,Uttar Pradesh,North,Basic,Referral
C00970,2025-09-05 10:21:42,57.0,Female,Pune,Maharashtra,West,Free,Organic
C00971,2025-11-03 08:36:59,29.0,Male,Jaipur,Rajasthan,North,Free,Paid Ads
C00972,2025-10-29 06:10:24,29.0,Female,Bengaluru,Karnataka,South,Basic,Organic
C00973,2025-03-09 03:39:26,59.0,Female,Jaipur,Rajasthan,North,Free,Organic
C00974,2025-09-20 21:41:49,42.0,Female,Bhubaneswar,Odisha,East,Free,Organic
C00975,2025-05-11 17:30:41,,Female,Bhubaneswar,Odisha,East,Basic,Organic
C00976,2025-11-08 15:21:43,54.0,Male,Pune,Maharashtra,West,Premium,Organic
C00977,2025-05-25 04:33:17,,Male,Jaipur,Rajasthan,North,Free,Paid Ads
C00978,2025-06-30 21:02:26,60.0,Male,Kolkata,West Bengal,East,Free,Organic
C00979,2025-10-16 13:45:10,26.0,Male,Mumbai,Maharashtra,West,Basic,Organic
C00980,2025-07-29 05:23:09,31.0,Female,Jaipur,Rajasthan,North,Basic,Email
C00981,2025-03-04 03:21:46,20.0,Male,Pune,Maharashtra,West,Premium,Paid Ads
C00982,2025-03-29 01:30:38,22.0,Female,Bengaluru,Karnataka,South,Basic,Paid Ads
C00983,2025-04-15 13:14:54,43.0,Male,Guwahati,Assam,East,Basic,Organic
C00984,2025-08-23 09:13:37,58.0,Female,Kolkata,West Bengal,East,Premium,Paid Ads
C00985,2025-09-12 22:57:40,35.0,Male,Lucknow,Uttar Pradesh,North,Free,Referral
C00986,2025-08-25 16:05:51,55.0,Male,Pune,Maharashtra,West,Free,Paid Ads
C00987,2025-10-25 11:51:03,38.0,Female,Jaipur,Rajasthan,North,Basic,Paid Ads
C00988,2025-04-28 11:03:27,56.0,Female,Mumbai,Maharashtra,West,Free,Referral
C00989,2025-04-14 23:49:32,33.0,Female,Pune,Maharashtra,West,Free,Email
C00990,2025-04-17 17:10:02,57.0,Female,Hyderabad,Telangana,South,Free,Social Media
C00991,2025-06-18 23:11:10,40.0,Female,Hyderabad,Telangana,South,Basic,Organic
C00992,2025-09-13 21:26:10,46.0,Female,Delhi,Delhi,North,Premium,Referral
C00993,2025-01-23 14:56:15,27.0,Male,Ahmedabad,Gujarat,West,Free,Organic
C00994,2025-08-12 13:20:12,22.0,Male,Delhi,Delhi,North,Basic,Referral
C00995,2025-08-31 06:32:22,28.0,Female,Mumbai,Maharashtra,West,Free,Paid Ads
C00996,2025-02-15 04:47:17,46.0,Male,Guwahati,Assam,East,Basic,Paid Ads
C00997,2025-10-16 05:35:18,44.0,Male,Hyderabad,Telangana,South,Basic,Referral
C00998,2025-11-14 12:46:27,51.0,Male,Guwahati,Assam,East,Premium,Social Media
C00999,2025-05-14 20:14:34,31.0,Male,Hyderabad,Telangana,South,Free,Social Media
C01000,2025-04-26 07:03:13,58.0,Female,Ahmedabad,Gujarat,West,Free,Organic
C01001,2025-01-16 00:16:49,59.0,Male,Guwahati,Assam,East,Free,Social Media
C01002,2025-05-05 22:33:45,27.0,Male,Lucknow,Uttar Pradesh,North,Basic,Social Media
C01003,2025-02-10 20:38:40,59.0,Male,Chennai,Tamil Nadu,South,Premium,Organic
C01004,2025-05-23 12:49:33,28.0,Female,Delhi,Delhi,North,Premium,Paid Ads
C01005,2025-08-02 02:12:28,28.0,Female,Bengaluru,Karnataka,South,Free,Social Media
C01006,2025-11-03 17:08:45,52.0,Male,Lucknow,Uttar Pradesh,North,Basic,Paid Ads
C01007,2025-01-02 02:34:32,36.0,Female,Delhi,Delhi,North,Free,Referral
C01008,2025-06-20 03:45:49,41.0,Male,Hyderabad,Telangana,South,Free,Paid Ads
C01009,2025-11-27 06:28:45,18.0,Female,Pune,Maharashtra,West,Premium,Email
C01010,2025-04-02 10:36:54,29.0,Female,Mumbai,Maharashtra,West,Free,Email
C01011,2025-10-16 20:24:41,31.0,Female,Kolkata,West Bengal,East,Free,Organic
C01012,2025-10-14 17:44:02,20.0,Male,Chennai,Tamil Nadu,South,Free,Paid Ads
C01013,2025-08-14 00:43:45,49.0,Male,Chennai,Tamil Nadu,South,Free,Paid Ads
C01014,2025-08-13 12:32:29,33.0,Male,Bhubaneswar,Odisha,East,Free,Organic
C01015,2025-04-08 10:02:58,55.0,Male,Delhi,Delhi,North,Basic,Paid Ads
C01016,2025-06-14 01:38:46,27.0,Male,Bengaluru,Karnataka,South,Free,Social Media
C01017,2025-05-11 15:44:24,34.0,Male,Bhubaneswar,Odisha,East,Free,Social Media
C01018,2025-08-16 08:11:13,57.0,Male,Jaipur,Rajasthan,North,Free,Email
C01019,2025-11-12 18:18:30,21.0,Female,Chennai,Tamil Nadu,South,Basic,Organic
C01020,2025-02-17 12:50:06,32.0,Male,Bhubaneswar,Odisha,East,Basic,Social Media
C01021,2025-10-03 14:28:09,50.0,Other,Jaipur,Rajasthan,North,Premium,Paid Ads
C01022,2025-02-09 21:29:57,56.0,Female,Ahmedabad,Gujarat,West,Premium,Organic
C01023,2025-05-25 21:27:01,27.0,Female,Chennai,Tamil Nadu,South,Free,Paid Ads
C01024,2025-08-25 03:25:01,24.0,Female,Hyderabad,Telangana,South,Premium,Social Media
C01025,2025-11-30 04:48:38,50.0,Female,Bengaluru,Karnataka,South,Free,Paid Ads
C01026,2025-06-05 18:20:49,34.0,Female,Mumbai,Maharashtra,West,Free,Email
C01027,2025-11-04 02:18:07,29.0,Male,Hyderabad,Telangana,South,Basic,Referral
C01028,2025-02-26 07:50:02,34.0,Female,Chennai,Tamil Nadu,South,Free,Paid Ads
C01029,2025-05-18 10:19:32,33.0,Female,Mumbai,Maharashtra,West,Free,Organic
C01030,2025-02-02 07:36:39,31.0,Male,Chennai,Tamil Nadu,South,Premium,Organic
C01031,2025-11-23 23:40:09,20.0,Male,Bhubaneswar,Odisha,East,Basic,Referral
C01032,2025-09-16 04:47:27,47.0,Female,Lucknow,Uttar Pradesh,North,Free,Referral
C01033,2025-02-27 08:25:21,58.0,Female,Kolkata,West Bengal,East,Basic,Paid Ads
C01034,2025-10-03 00:22:22,52.0,Female,Kolkata,West Bengal,East,Premium,Paid Ads
C01035,2025-05-08 23:56:48,43.0,Male,Guwahati,Assam,East,Premium,Social Media
C01036,2025-01-10 19:28:14,29.0,Female,Jaipur,Rajasthan,North,Basic,Paid Ads
C01037,2025-11-07 14:24:03,48.0,Male,Pune,Maharashtra,West,Basic,Referral
C01038,2025-03-22 13:23:39,34.0,Female,Delhi,Delhi,North,Basic,Referral
C01039,2025-07-21 22:00:41,54.0,Male,Guwahati,Assam,East,Basic,Organic
C01040,2025-07-16 17:43:38,25.0,Female,Ahmedabad,Gujarat,West,Basic,Email
C01041,2025-01-27 02:23:45,36.0,Male,Jaipur,Rajasthan,North,Basic,Social Media
C01042,2025-01-14 09:19:18,43.0,Male,Chennai,Tamil Nadu,South,Free,Organic
C01043,2025-09-23 19:40:30,21.0,Male,Ahmedabad,Gujarat,West,Premium,Social Media
C01044,2025-09-22 19:20:34,32.0,Male,Delhi,Delhi,North,Free,Email
C01045,2025-06-13 07:04:06,31.0,Female,Chennai,Tamil Nadu,South,Free,Social Media
C01046,2025-04-25 19:43:34,,Male,Lucknow,Uttar Pradesh,North,Basic,Paid Ads
C01047,2025-08-10 20:01:20,59.0,Male,Guwahati,Assam,East,Free,Email
C01048,2025-11-06 23:13:25,41.0,Male,Guwahati,Assam,East,Basic,Organic
C01049,2025-11-30 14:34:27,60.0,Female,Bengaluru,Karnataka,South,Free,Paid Ads
C01050,2025-09-03 15:03:54,51.0,Male,Bhubaneswar,Odisha,East,Basic,Organic
C01051,2025-04-28 10:16:23,36.0,Male,Chennai,Tamil Nadu,South,Premium,Paid Ads
C01052,2025-03-01 13:01:03,20.0,Female,Jaipur,Rajasthan,North,Basic,Email
C01053,2025-01-12 16:35:27,21.0,Female,Bengaluru,Karnataka,South,Free,Social Media
C01054,2025-02-09 08:23:03,28.0,Female,Chennai,Tamil Nadu,South,Premium,Social Media
C01055,2025-08-27 03:41:54,30.0,Female,Chennai,Tamil Nadu,South,Free,Paid Ads
C01056,2025-01-31 20:57:04,35.0,Male,Pune,Maharashtra,West,Free,Email
C01057,2025-06-03 08:22:01,36.0,Female,Chennai,Tamil Nadu,South,Free,Paid Ads
C01058,2025-09-10 15:57:53,50.0,Female,Mumbai,Maharashtra,West,Premium,Organic
C01059,2025-10-03 19:48:54,55.0,Female,Ahmedabad,Gujarat,West,Free,Referral
C01060,2025-04-15 13:39:10,20.0,Male,Lucknow,Uttar Pradesh,North,Basic,Paid Ads
C01061,2025-05-01 14:18:21,52.0,Female,Chennai,Tamil Nadu,South,Free,Organic
C01062,2025-04-24 19:57:35,18.0,Male,Chennai,Tamil Nadu,South,Free,Email
C01063,2025-01-06 12:33:30,52.0,Female,Chennai,Tamil Nadu,South,Premium,Referral
C01064,2025-04-29 07:27:55,53.0,Male,Mumbai,Maharashtra,West,Basic,Email
C01065,2025-07-15 05:30:54,55.0,Male,Pune,Maharashtra,West,Basic,Referral
C01066,2025-07-11 22:40:44,56.0,Female,Delhi,Delhi,North,Free,Organic
C01067,2025-07-23 12:44:40,42.0,Male,Bhubaneswar,Odisha,East,Basic,Organic
C01068,2025-05-23 03:08:25,57.0,Female,Bhubaneswar,Odisha,East,Premium,Email
C01069,2025-08-20 08:27:20,30.0,Female,Ahmedabad,Gujarat,West,Free,Organic
C01070,2025-11-09 06:26:13,21.0,Female,Pune,Maharashtra,West,Basic,Referral
C01071,2025-02-20 20:58:31,23.0,Male,Mumbai,Maharashtra,West,Premium,Organic
C01072,2025-01-30 07:41:44,28.0,Female,Guwahati,Assam,East,Premium,Referral
C01073,2025-02-25 19:53:47,18.0,Female,Kolkata,West Bengal,East,Free,Organic
C01074,2025-02-24 06:11:41,25.0,Male,Guwahati,Assam,East,Basic,Organic
C01075,2025-08-10 15:31:02,51.0,Female,Bengaluru,Karnataka,South,Basic,Social Media
C01076,2025-04-05 09:07:31,57.0,Male,Ahmedabad,Gujarat,West,Free,Paid Ads
C01077,2025-07-10 23:34:21,26.0,Male,Mumbai,Maharashtra,West,Basic,Referral
C01078,2025-04-30 12:30:11,53.0,Female,Delhi,Delhi,North,Premium,Social Media
C01079,2025-04-05 08:37:09,56.0,Female,Bhubaneswar,Odisha,East,Premium,Referral
C01080,2025-01-03 02:26:53,59.0,Male,Hyderabad,Telangana,South,Premium,Paid Ads
C01081,2025-07-04 22:59:31,54.0,Male,Hyderabad,Telangana,South,Free,Social Media
C01082,2025-10-07 04:12:42,59.0,Female,Bhubaneswar,Odisha,East,Premium,Email
C01083,2025-07-08 09:36:06,38.0,Male,Mumbai,Maharashtra,West,Basic,Referral
C01084,2025-05-12 15:16:55,37.0,Male,Bengaluru,Karnataka,South,Free,Referral
C01085,2025-01-12 17:56:45,55.0,Other,Hyderabad,Telangana,South,Basic,Social Media
C01086,2025-03-15 12:04:23,18.0,Male,Mumbai,Maharashtra,West,Premium,Social Media
C01087,2025-03-15 00:10:41,52.0,Female,Lucknow,Uttar Pradesh,North,Free,Paid Ads
C01088,2025-10-21 00:00:13,45.0,Male,Guwahati,Assam,East,Premium,Email
C01089,2025-09-11 08:23:37,24.0,Female,Bengaluru,Karnataka,South,Premium,Organic
C01090,2025-09-13 03:36:17,60.0,Male,Kolkata,West Bengal,East,Free,Email
C01091,2025-03-07 00:13:05,26.0,Female,Bengaluru,Karnataka,South,Premium,Organic
C01092,2025-10-09 19:05:53,18.0,Male,Jaipur,Rajasthan,North,Premium,Paid Ads
C01093,2025-01-19 01:38:23,53.0,Female,Lucknow,Uttar Pradesh,North,Free,Email
C01094,2025-08-24 11:08:35,51.0,Female,Delhi,Delhi,North,Free,Organic
C01095,2025-11-13 05:14:44,51.0,Other,Bhubaneswar,Odisha,East,Free,Organic
C01096,2025-06-24 05:18:43,34.0,Male,Kolkata,West Bengal,East,Free,Referral
C01097,2025-01-03 22:21:07,49.0,Female,Guwahati,Assam,East,Basic,Referral
C01098,2025-10-03 08:11:02,19.0,Male,Bhubaneswar,Odisha,East,Free,Organic
C01099,2025-09-10 15:53:03,53.0,Female,Hyderabad,Telangana,South,Premium,Paid Ads
C01100,2025-05-18 18:02:17,42.0,Male,Mumbai,Maharashtra,West,Premium,Paid Ads
C01101,2025-06-11 19:30:05,60.0,Male,Kolkata,West Bengal,East,Free,Organic
C01102,2025-06-08 11:04:44,43.0,Male,Bengaluru,Karnataka,South,Basic,Referral
C01103,2025-02-12 07:38:24,43.0,Female,Chennai,Tamil Nadu,South,Basic,Organic
C01104,2025-06-30 13:08:01,38.0,Female,Chennai,Tamil Nadu,South,Basic,Paid Ads
C01105,2025-01-31 13:51:08,35.0,Male,Chennai,Tamil Nadu,South,Free,Referral
C01106,2025-01-25 23:48:32,46.0,Female,Bhubaneswar,Odisha,East,Free,Social Media
C01107,2025-05-19 19:35:23,41.0,Other,Mumbai,Maharashtra,West,Free,Referral
C01108,2025-07-14 21:14:19,45.0,Female,Delhi,Delhi,North,Free,Organic
C01109,2025-05-31 10:52:11,29.0,Female,Delhi,Delhi,North,Premium,Referral
C01110,2025-03-06 15:26:33,28.0,Female,Bhubaneswar,Odisha,East,Free,Email
C01111,2025-11-10 14:33:16,44.0,Female,Chennai,Tamil Nadu,South,Free,Paid Ads
C01112,2025-09-05 18:20:13,40.0,Male,Kolkata,West Bengal,East,Basic,Paid Ads
C01113,2025-08-29 00:01:46,50.0,Female,Kolkata,West Bengal,East,Free,Email
C01114,2025-09-23 06:50:10,33.0,Male,Jaipur,Rajasthan,North,Free,Referral
C01115,2025-04-08 22:26:29,45.0,Female,Lucknow,Uttar Pradesh,North,Basic,Social Media
C01116,2025-02-17 22:50:49,45.0,Female,Delhi,Delhi,North,Basic,Referral
C01117,2025-02-26 23:10:02,55.0,Male,Kolkata,West Bengal,East,Free,Organic
C01118,2025-02-27 09:09:52,23.0,Male,Bengaluru,Karnataka,South,Free,Organic
C01119,2025-08-09 07:18:29,59.0,Male,Pune,Maharashtra,West,Free,Referral
C01120,2025-10-21 23:16:15,46.0,Male,Kolkata,West Bengal,East,Basic,Paid Ads
C01121,2025-03-26 12:05:26,51.0,Female,Bengaluru,Karnataka,South,Basic,Paid Ads
C01122,2025-04-13 15:17:09,20.0,Female,Bengaluru,Karnataka,South,Free,Organic
C01123,2025-07-04 16:39:07,23.0,Male,Bengaluru,Karnataka,South,Free,Email
C01124,2025-05-15 23:03:39,55.0,Female,Bengaluru,Karnataka,South,Basic,Email
C01125,2025-10-22 14:17:42,30.0,Male,Lucknow,Uttar Pradesh,North,Premium,Paid Ads
C01126,2025-03-21 00:11:39,53.0,Other,Lucknow,Uttar Pradesh,North,Premium,Referral
C01127,2025-09-01 13:02:56,32.0,Male,Kolkata,West Bengal,East,Free,Organic
C01128,2025-11-23 03:04:29,23.0,Female,Mumbai,Maharashtra,West,Basic,Paid Ads
C01129,2025-08-06 20:45:10,50.0,Male,Mumbai,Maharashtra,West,Basic,Paid Ads
C01130,2025-11-16 23:35:52,58.0,Male,Mumbai,Maharashtra,West,Premium,Referral
C01131,2025-11-29 19:29:21,29.0,Female,Jaipur,Rajasthan,North,Premium,Paid Ads
C01132,2025-11-04 22:53:58,60.0,Male,Pune,Maharashtra,West,Free,Paid Ads
C01133,2025-06-08 22:37:41,30.0,Female,Bhubaneswar,Odisha,East,Free,Organic
C01134,2025-05-30 19:15:14,50.0,Female,Guwahati,Assam,East,Free,Organic
C01135,2025-08-08 15:12:28,,Female,Delhi,Delhi,North,Free,Email
C01136,2025-04-25 23:00:25,53.0,Other,Bhubaneswar,Odisha,East,Premium,Organic
C01137,2025-06-26 10:06:50,22.0,Male,Bengaluru,Karnataka,South,Free,Organic
C01138,2025-07-21 09:20:42,42.0,Female,Mumbai,Maharashtra,West,Free,Paid Ads
C01139,2025-11-11 21:14:38,34.0,Female,Ahmedabad,Gujarat,West,Premium,Paid Ads
C01140,2025-08-26 22:40:33,54.0,Male,Lucknow,Uttar Pradesh,North,Free,Referral
C01141,2025-07-26 05:20:07,36.0,Female,Chennai,Tamil Nadu,South,Free,Paid Ads
C01142,2025-11-24 15:18:37,52.0,Female,Pune,Maharashtra,West,Free,Organic
C01143,2025-06-01 10:05:57,60.0,Female,Lucknow,Uttar Pradesh,North,Basic,Organic
C01144,2025-01-21 14:28:16,51.0,Male,Lucknow,Uttar Pradesh,North,Free,Organic
C01145,2025-07-19 09:30:31,23.0,Female,Mumbai,Maharashtra,West,Free,Paid Ads
C01146,2025-09-29 00:57:04,36.0,Male,Bengaluru,Karnataka,South,Free,Social Media
C01147,2025-09-02 11:54:15,18.0,Female,Chennai,Tamil Nadu,South,Basic,Organic
C01148,2025-02-05 17:18:02,24.0,Female,Jaipur,Rajasthan,North,Free,Referral
C01149,2025-07-23 09:57:05,51.0,Male,Hyderabad,Telangana,South,Premium,Social Media
C01150,2025-11-22 14:33:59,36.0,Female,Chennai,Tamil Nadu,South,Free,Organic
C01151,2025-11-18 14:09:13,50.0,Female,Delhi,Delhi,North,Free,Referral
C01152,2025-05-22 18:50:19,43.0,Other,Hyderabad,Telangana,South,Basic,Referral
C01153,2025-02-13 22:00:19,58.0,Male,Delhi,Delhi,North,Free,Referral
C01154,2025-08-21 06:41:26,59.0,Female,Lucknow,Uttar Pradesh,North,Free,Email
C01155,2025-10-22 23:17:35,44.0,Female,Lucknow,Uttar Pradesh,North,Basic,Paid Ads
C01156,2025-11-29 21:05:19,55.0,Female,Delhi,Delhi,North,Free,Organic
C01157,2025-11-19 09:28:23,43.0,Male,Bhubaneswar,Odisha,East,Basic,Referral
C01158,2025-09-23 00:20:59,52.0,Male,Chennai,Tamil Nadu,South,Free,Organic
C01159,2025-11-07 22:04:14,37.0,Female,Chennai,Tamil Nadu,South,Premium,Paid Ads
C01160,2025-09-17 02:14:29,41.0,Male,Bhubaneswar,Odisha,East,Premium,Email
C01161,2025-10-24 07:40:20,38.0,Female,Bengaluru,Karnataka,South,Free,Paid Ads
C01162,2025-10-09 21:37:04,43.0,Male,Guwahati,Assam,East,Basic,Paid Ads
C01163,2025-07-03 22:22:42,37.0,Other,Mumbai,Maharashtra,West,Free,Organic
C01164,2025-08-15 01:44:09,23.0,Female,Jaipur,Rajasthan,North,Premium,Organic
C01165,2025-04-06 13:42:48,20.0,Female,Bhubaneswar,Odisha,East,Free,Organic
C01166,2025-11-04 06:06:54,27.0,Male,Bengaluru,Karnataka,South,Basic,Social Media
C01167,2025-03-06 16:51:57,29.0,Female,Hyderabad,Telangana,South,Basic,Email
C01168,2025-10-16 14:06:48,50.0,Female,Mumbai,Maharashtra,West,Free,Paid Ads
C01169,2025-02-05 14:17:56,39.0,Female,Kolkata,West Bengal,East,Free,Organic
C01170,2025-10-22 13:45:06,33.0,Male,Mumbai,Maharashtra,West,Free,Social Media
C01171,2025-06-13 11:17:24,34.0,Female,Lucknow,Uttar Pradesh,North,Basic,Social Media
C01172,2025-06-18 12:44:46,27.0,Female,Bengaluru,Karnataka,South,Free,Email
C01173,2025-11-29 23:40:32,29.0,Male,Delhi,Delhi,North,Basic,Referral
C01174,2025-05-11 13:40:20,36.0,Female,Pune,Maharashtra,West,Free,Paid Ads
C01175,2025-05-23 08:19:09,57.0,Male,Delhi,Delhi,North,Free,Referral
C01176,2025-04-23 18:25:47,40.0,Female,Jaipur,Rajasthan,North,Basic,Organic
C01177,2025-01-17 04:42:27,57.0,Other,Chennai,Tamil Nadu,South,Premium,Referral
C01178,2025-04-11 01:55:20,27.0,Male,Bhubaneswar,Odisha,East,Basic,Referral
C01179,2025-09-27 10:54:26,27.0,Male,Hyderabad,Telangana,South,Basic,Social Media
C01180,2025-02-27 17:00:48,27.0,Female,Jaipur,Rajasthan,North,Basic,Referral
C01181,2025-02-24 21:56:05,56.0,Male,Bengaluru,Karnataka,South,Basic,Referral
C01182,2025-09-20 02:41:50,47.0,Female,Mumbai,Maharashtra,West,Free,Referral
C01183,2025-03-01 19:18:33,21.0,Male,Jaipur,Rajasthan,North,Premium,Organic
C01184,2025-03-06 05:30:14,18.0,Male,Chennai,Tamil Nadu,South,Basic,Email
C01185,2025-04-06 18:13:55,,Male,Kolkata,West Bengal,East,Basic,Referral
C01186,2025-03-23 21:29:29,36.0,Male,Chennai,Tamil Nadu,South,Basic,Social Media
C01187,2025-09-04 21:50:43,22.0,Male,Lucknow,Uttar Pradesh,North,Free,Paid Ads
C01188,2025-11-27 21:02:39,47.0,Female,Bhubaneswar,Odisha,East,Free,Email
C01189,2025-01-05 03:00:50,43.0,Female,Ahmedabad,Gujarat,West,Free,Paid Ads
C01190,2025-04-28 21:14:56,57.0,Male,Lucknow,Uttar Pradesh,North,Basic,Referral
C01191,2025-02-01 10:03:56,51.0,Female,Guwahati,Assam,East,Free,Email
C01192,2025-05-07 20:41:35,19.0,Female,Jaipur,Rajasthan,North,Free,Email
C01193,2025-11-18 17:21:09,41.0,Male,Ahmedabad,Gujarat,West,Premium,Referral
C01194,2025-11-19 17:24:09,31.0,Female,Lucknow,Uttar Pradesh,North,Basic,Organic
C01195,2025-11-01 14:19:16,58.0,Female,Bhubaneswar,Odisha,East,Free,Email
C01196,2025-03-04 00:40:31,59.0,Male,Hyderabad,Telangana,South,Basic,Email
C01197,2025-08-16 04:10:23,30.0,Male,Chennai,Tamil Nadu,South,Free,Organic
C01198,2025-02-03 07:32:47,46.0,Female,Bengaluru,Karnataka,South,Basic,Paid Ads
C01199,2025-10-03 20:43:54,18.0,Female,Lucknow,Uttar Pradesh,North,Basic,Referral
C01200,2025-09-27 10:00:48,51.0,Male,Bhubaneswar,Odisha,East,Free,Organic
C01201,2025-07-05 22:09:08,21.0,Other,Delhi,Delhi,North,Free,Organic
C01202,2025-05-28 17:53:09,45.0,Female,Guwahati,Assam,East,Free,Paid Ads
C01203,2025-03-31 16:31:05,36.0,Male,Guwahati,Assam,East,Free,Email
C01204,2025-03-30 23:10:24,18.0,Male,Pune,Maharashtra,West,Free,Organic
C01205,2025-07-19 12:58:05,53.0,Male,Mumbai,Maharashtra,West,Premium,Email
C01206,2025-09-18 20:35:32,60.0,Female,Chennai,Tamil Nadu,South,Free,Email
C01207,2025-07-03 02:02:17,30.0,Female,Lucknow,Uttar Pradesh,North,Premium,Social Media
C01208,2025-10-20 17:10:50,59.0,Female,Ahmedabad,Gujarat,West,Basic,Paid Ads
C01209,2025-09-01 09:29:38,22.0,Female,Ahmedabad,Gujarat,West,Basic,Paid Ads
C01210,2025-10-13 02:19:39,50.0,Male,Hyderabad,Telangana,South,Free,Paid Ads
C01211,2025-10-17 11:19:56,31.0,Female,Mumbai,Maharashtra,West,Free,Email
C01212,2025-01-27 08:35:13,33.0,Male,Mumbai,Maharashtra,West,Basic,Paid Ads
C01213,2025-10-03 16:50:36,49.0,Male,Bhubaneswar,Odisha,East,Premium,Organic
C01214,2025-02-03 08:52:00,44.0,Female,Chennai,Tamil Nadu,South,Free,Organic
C01215,2025-11-30 08:54:59,52.0,Male,Jaipur,Rajasthan,North,Basic,Paid Ads
C01216,2025-05-10 22:09:37,,Female,Guwahati,Assam,East,Free,Email
C01217,2025-10-30 05:24:52,21.0,Other,Bhubaneswar,Odisha,East,Free,Referral
C01218,2025-11-21 06:03:21,24.0,Female,Delhi,Delhi,North,Basic,Referral
C01219,2025-11-16 11:15:12,,Male,Jaipur,Rajasthan,North,Basic,Organic
C01220,2025-02-04 12:34:03,58.0,Male,Pune,Maharashtra,West,Free,Social Media
C01221,2025-03-19 04:43:05,20.0,Male,Bengaluru,Karnataka,South,Free,Paid Ads
C01222,2025-07-31 08:34:08,,Female,Kolkata,West Bengal,East,Free,Email
C01223,2025-04-30 11:44:58,27.0,Female,Ahmedabad,Gujarat,West,Premium,Paid Ads
C01224,2025-09-20 14:15:31,18.0,Female,Bengaluru,Karnataka,South,Free,Referral
C01225,2025-04-10 23:10:30,45.0,Female,Mumbai,Maharashtra,West,Free,Paid Ads
C01226,2025-06-01 06:10:53,27.0,Female,Jaipur,Rajasthan,North,Free,Organic
C01227,2025-05-14 09:13:05,24.0,Female,Mumbai,Maharashtra,West,Free,Organic
C01228,2025-10-30 20:03:12,56.0,Male,Ahmedabad,Gujarat,West,Basic,Organic
C01229,2025-01-31 19:20:53,20.0,Female,Chennai,Tamil Nadu,South,Free,Paid Ads
C01230,2025-06-18 17:11:43,24.0,Female,Ahmedabad,Gujarat,West,Basic,Referral
C01231,2025-10-04 03:36:28,26.0,Male,Bengaluru,Karnataka,South,Free,Organic
C01232,2025-08-25 04:39:49,57.0,Other,Guwahati,Assam,East,Basic,Paid Ads
C01233,2025-05-05 11:30:35,52.0,Female,Guwahati,Assam,East,Free,Paid Ads
C01234,2025-04-14 15:51:18,43.0,Female,Kolkata,West Bengal,East,Premium,Paid Ads
C01235,2025-09-12 09:45:57,22.0,Female,Delhi,Delhi,North,Free,Organic
C01236,2025-10-30 06:40:55,30.0,Male,Pune,Maharashtra,West,Basic,Paid Ads
C01237,2025-04-22 18:09:09,47.0,Male,Chennai,Tamil Nadu,South,Basic,Paid Ads
C01238,2025-03-04 13:21:28,57.0,Male,Pune,Maharashtra,West,Basic,Organic
C01239,2025-02-19 13:16:25,56.0,Female,Bengaluru,Karnataka,South,Free,Referral
C01240,2025-08-20 04:59:45,27.0,Female,Guwahati,Assam,East,Premium,Organic
C01241,2025-11-17 17:26:30,59.0,Male,Hyderabad,Telangana,South,Free,Email
C01242,2025-11-09 05:49:04,40.0,Female,Chennai,Tamil Nadu,South,Premium,Email
C01243,2025-09-21 06:09:23,28.0,Male,Chennai,Tamil Nadu,South,Free,Referral
C01244,2025-02-24 18:14:03,29.0,Male,Bengaluru,Karnataka,South,Free,Paid Ads
C01245,2025-04-29 09:48:54,30.0,Male,Hyderabad,Telangana,South,Free,Referral
C01246,2025-10-22 13:42:55,57.0,Male,Jaipur,Rajasthan,North,Free,Referral
C01247,2025-05-11 01:41:04,33.0,Male,Kolkata,West Bengal,East,Free,Paid Ads
C01248,2025-02-08 19:15:30,26.0,Male,Bhubaneswar,Odisha,East,Free,Organic
C01249,2025-09-04 01:11:39,27.0,Male,Bengaluru,Karnataka,South,Premium,Organic
C01250,2025-06-30 01:04:08,46.0,Male,Lucknow,Uttar Pradesh,North,Basic,Organic
C01251,2025-09-06 07:15:38,26.0,Male,Bengaluru,Karnataka,South,Free,Referral
C01252,2025-10-26 05:27:41,50.0,Female,Pune,Maharashtra,West,Free,Email
C01253,2025-06-30 00:44:04,41.0,Male,Bhubaneswar,Odisha,East,Basic,Paid Ads
C01254,2025-06-01 23:03:31,52.0,Female,Guwahati,Assam,East,Free,Organic
C01255,2025-05-01 11:27:55,28.0,Male,Lucknow,Uttar Pradesh,North,Premium,Organic
C01256,2025-01-13 10:44:02,56.0,Male,Pune,Maharashtra,West,Basic,Paid Ads
C01257,2025-03-29 16:44:04,30.0,Male,Bhubaneswar,Odisha,East,Basic,Organic
C01258,2025-04-07 16:44:31,40.0,Female,Pune,Maharashtra,West,Basic,Paid Ads
C01259,2025-09-18 18:09:25,42.0,Male,Guwahati,Assam,East,Basic,Organic
C01260,2025-02-06 11:51:12,33.0,Female,Jaipur,Rajasthan,North,Free,Referral
C01261,2025-08-17 08:25:37,38.0,Female,Ahmedabad,Gujarat,West,Free,Referral
C01262,2025-10-16 23:03:46,27.0,Male,Chennai,Tamil Nadu,South,Free,Email
C01263,2025-03-03 22:19:19,58.0,Female,Mumbai,Maharashtra,West,Basic,Referral
C01264,2025-08-28 19:28:23,,Male,Mumbai,Maharashtra,West,Free,Organic
C01265,2025-03-01 17:27:47,36.0,Male,Bhubaneswar,Odisha,East,Basic,Social Media
C01266,2025-07-13 04:39:01,52.0,Male,Kolkata,West Bengal,East,Free,Organic
C01267,2025-03-08 01:28:43,45.0,Male,Ahmedabad,Gujarat,West,Free,Referral
C01268,2025-02-12 19:07:04,58.0,Male,Mumbai,Maharashtra,West,Free,Organic
C01269,2025-01-05 21:05:01,19.0,Female,Delhi,Delhi,North,Basic,Organic
C01270,2025-06-17 21:34:14,47.0,Male,Ahmedabad,Gujarat,West,Premium,Paid Ads
C01271,2025-07-12 11:48:01,57.0,Female,Delhi,Delhi,North,Basic,Organic
C01272,2025-06-12 21:15:38,57.0,Male,Bengaluru,Karnataka,South,Premium,Paid Ads
C01273,2025-10-06 15:24:15,22.0,Other,Chennai,Tamil Nadu,South,Premium,Paid Ads
C01274,2025-01-19 00:05:06,55.0,Male,Guwahati,Assam,East,Basic,Social Media
C01275,2025-03-05 22:10:31,59.0,Female,Ahmedabad,Gujarat,West,Free,Paid Ads
C01276,2025-11-03 17:36:41,32.0,Female,Bhubaneswar,Odisha,East,Free,Paid Ads
C01277,2025-04-20 13:42:48,53.0,Male,Pune,Maharashtra,West,Free,Social Media
C01278,2025-05-22 12:44:44,20.0,Male,Bengaluru,Karnataka,South,Premium,Organic
C01279,2025-07-02 13:21:01,41.0,Male,Kolkata,West Bengal,East,Free,Social Media
C01280,2025-09-22 05:05:06,58.0,Male,Mumbai,Maharashtra,West,Free,Social Media
C01281,2025-01-13 04:34:32,58.0,Male,Jaipur,Rajasthan,North,Premium,Email
C01282,2025-02-22 15:52:59,29.0,Female,Lucknow,Uttar Pradesh,North,Free,Paid Ads
C01283,2025-07-14 13:57:31,25.0,Male,Delhi,Delhi,North,Basic,Paid Ads
C01284,2025-05-22 00:45:13,31.0,Female,Bhubaneswar,Odisha,East,Basic,Referral
C01285,2025-09-04 10:30:07,35.0,Male,Ahmedabad,Gujarat,West,Premium,Organic
C01286,2025-03-23 08:14:35,37.0,Female,Jaipur,Rajasthan,North,Premium,Organic
C01287,2025-08-27 09:31:51,40.0,Male,Kolkata,West Bengal,East,Premium,Paid Ads
C01288,2025-09-23 19:12:04,22.0,Male,Pune,Maharashtra,West,Basic,Social Media
C01289,2025-07-12 23:51:38,18.0,Male,Bhubaneswar,Odisha,East,Free,Organic
C01290,2025-11-12 16:19:53,19.0,Male,Bhubaneswar,Odisha,East,Basic,Referral
C01291,2025-09-06 18:03:14,33.0,Female,Pune,Maharashtra,West,Premium,Organic
C01292,2025-06-23 13:57:46,22.0,Female,Guwahati,Assam,East,Free,Referral
C01293,2025-02-08 15:36:22,39.0,Female,Delhi,Delhi,North,Free,Paid Ads
C01294,2025-11-07 23:52:08,18.0,Female,Lucknow,Uttar Pradesh,North,Free,Organic
C01295,2025-01-26 16:33:47,29.0,Female,Chennai,Tamil Nadu,South,Basic,Organic
C01296,2025-10-18 06:02:13,36.0,Female,Bhubaneswar,Odisha,East,Free,Organic
C01297,2025-08-10 00:55:46,39.0,Male,Kolkata,West Bengal,East,Basic,Organic
C01298,2025-03-24 16:07:16,59.0,Male,Kolkata,West Bengal,East,Free,Paid Ads
C01299,2025-11-01 01:49:42,34.0,Male,Lucknow,Uttar Pradesh,North,Free,Email
C01300,2025-02-07 08:14:47,30.0,Female,Lucknow,Uttar Pradesh,North,Free,Referral
C01301,2025-07-07 20:46:52,56.0,Male,Kolkata,West Bengal,East,Basic,Social Media
C01302,2025-06-13 16:58:21,45.0,Female,Hyderabad,Telangana,South,Free,Email
C01303,2025-07-16 13:10:51,20.0,Male,Bhubaneswar,Odisha,East,Free,Referral
C01304,2025-01-01 04:31:31,22.0,Female,Jaipur,Rajasthan,North,Premium,Organic
C01305,2025-08-17 19:35:45,53.0,Other,Delhi,Delhi,North,Premium,Email
C01306,2025-05-29 04:55:59,32.0,Male,Hyderabad,Telangana,South,Premium,Referral
C01307,2025-11-19 14:52:01,34.0,Female,Jaipur,Rajasthan,North,Basic,Email
C01308,2025-08-05 11:07:55,46.0,Female,Bengaluru,Karnataka,South,Premium,Referral
C01309,2025-07-27 09:52:07,21.0,Other,Ahmedabad,Gujarat,West,Basic,Social Media
C01310,2025-07-19 02:43:44,49.0,Male,Chennai,Tamil Nadu,South,Premium,Email
C01311,2025-09-06 12:23:09,60.0,Female,Guwahati,Assam,East,Free,Social Media
C01312,2025-08-16 13:46:13,55.0,Male,Hyderabad,Telangana,South,Free,Referral
C01313,2025-05-26 17:38:09,,Female,Lucknow,Uttar Pradesh,North,Free,Paid Ads
C01314,2025-05-25 05:15:52,30.0,Female,Bengaluru,Karnataka,South,Premium,Social Media
C01315,2025-07-20 14:17:32,37.0,Female,Pune,Maharashtra,West,Basic,Social Media
C01316,2025-10-03 19:11:39,35.0,Male,Delhi,Delhi,North,Free,Paid Ads
C01317,2025-01-01 21:35:00,59.0,Female,Jaipur,Rajasthan,North,Basic,Paid Ads
C01318,2025-09-28 02:13:53,,Male,Jaipur,Rajasthan,North,Premium,Referral
C01319,2025-03-24 21:42:30,29.0,Male,Kolkata,West Bengal,East,Premium,Organic
C01320,2025-07-03 20:48:41,42.0,Female,Kolkata,West Bengal,East,Basic,Organic
C01321,2025-09-27 01:59:44,47.0,Female,Pune,Maharashtra,West,Basic,Organic
C01322,2025-10-30 19:06:38,32.0,Female,Bhubaneswar,Odisha,East,Free,Email
C01323,2025-06-09 00:59:05,53.0,Female,Chennai,Tamil Nadu,South,Free,Paid Ads
C01324,2025-04-07 18:02:21,25.0,Male,Guwahati,Assam,East,Premium,Referral
C01325,2025-03-26 08:27:06,45.0,Male,Chennai,Tamil Nadu,South,Basic,Social Media
C01326,2025-06-22 07:51:06,39.0,Male,Mumbai,Maharashtra,West,Basic,Organic
C01327,2025-08-05 04:40:59,55.0,Male,Kolkata,West Bengal,East,Free,Organic
C01328,2025-09-07 20:54:43,33.0,Male,Bengaluru,Karnataka,South,Free,Email
C01329,2025-03-19 11:32:21,22.0,Male,Jaipur,Rajasthan,North,Free,Referral
C01330,2025-01-09 06:25:35,51.0,Male,Pune,Maharashtra,West,Basic,Organic
C01331,2025-08-18 09:40:34,55.0,Female,Lucknow,Uttar Pradesh,North,Basic,Social Media
C01332,2025-09-06 16:21:51,28.0,Female,Lucknow,Uttar Pradesh,North,Premium,Social Media
C01333,2025-03-08 23:59:57,19.0,Female,Kolkata,West Bengal,East,Basic,Social Media
C01334,2025-07-24 08:08:50,42.0,Male,Hyderabad,Telangana,South,Free,Organic
C01335,2025-08-07 04:41:59,42.0,Male,Hyderabad,Telangana,South,Free,Paid Ads
C01336,2025-04-22 10:55:19,18.0,Male,Delhi,Delhi,North,Premium,Referral
C01337,2025-06-23 11:23:35,48.0,Male,Bhubaneswar,Odisha,East,Free,Paid Ads
C01338,2025-04-24 23:42:08,22.0,Female,Lucknow,Uttar Pradesh,North,Basic,Organic
C01339,2025-11-06 11:58:47,57.0,Female,Bhubaneswar,Odisha,East,Basic,Organic
C01340,2025-06-27 05:02:47,21.0,Female,Kolkata,West Bengal,East,Free,Referral
C01341,2025-10-19 07:34:41,22.0,Female,Mumbai,Maharashtra,West,Free,Paid Ads
C01342,2025-05-28 20:03:23,22.0,Male,Ahmedabad,Gujarat,West,Free,Organic
C01343,2025-11-07 12:48:40,33.0,Male,Bengaluru,Karnataka,South,Free,Social Media
C01344,2025-08-31 00:35:34,35.0,Female,Delhi,Delhi,North,Basic,Paid Ads
C01345,2025-06-07 16:31:51,60.0,Female,Delhi,Delhi,North,Basic,Paid Ads
C01346,2025-11-02 22:54:39,34.0,Female,Ahmedabad,Gujarat,West,Premium,Referral
C01347,2025-10-14 03:21:53,52.0,Female,Ahmedabad,Gujarat,West,Premium,Paid Ads
C01348,2025-11-20 12:40:47,,Male,Ahmedabad,Gujarat,West,Free,Referral
C01349,2025-08-26 04:34:43,21.0,Male,Bengaluru,Karnataka,South,Basic,Organic
C01350,2025-10-17 16:21:42,48.0,Male,Bhubaneswar,Odisha,East,Basic,Organic
C01351,2025-02-13 02:05:09,48.0,Male,Bengaluru,Karnataka,South,Free,Referral
C01352,2025-09-20 04:18:46,26.0,Male,Lucknow,Uttar Pradesh,North,Premium,Email
C01353,2025-03-06 12:22:56,48.0,Male,Pune,Maharashtra,West,Basic,Organic
C01354,2025-04-24 04:44:07,22.0,Female,Jaipur,Rajasthan,North,Premium,Referral
C01355,2025-10-22 15:35:24,53.0,Female,Ahmedabad,Gujarat,West,Premium,Organic
C01356,2025-11-20 04:10:30,33.0,Male,Chennai,Tamil Nadu,South,Basic,Paid Ads
C01357,2025-01-23 14:03:40,59.0,Male,Chennai,Tamil Nadu,South,Free,Organic
C01358,2025-09-29 05:49:07,58.0,Female,Ahmedabad,Gujarat,West,Basic,Email
C01359,2025-03-28 23:18:56,33.0,Male,Pune,Maharashtra,West,Basic,Paid Ads
C01360,2025-06-20 12:34:38,37.0,Female,Jaipur,Rajasthan,North,Basic,Organic
C01361,2025-09-12 13:46:15,47.0,Female,Hyderabad,Telangana,South,Free,Social Media
C01362,2025-10-26 01:52:54,43.0,Female,Bhubaneswar,Odisha,East,Free,Organic
C01363,2025-06-28 12:53:27,48.0,Male,Jaipur,Rajasthan,North,Premium,Organic
C01364,2025-07-23 05:40:25,32.0,Female,Jaipur,Rajasthan,North,Premium,Organic
C01365,2025-03-07 13:55:32,58.0,Male,Jaipur,Rajasthan,North,Free,Email
C01366,2025-02-11 04:12:08,55.0,Male,Guwahati,Assam,East,Premium,Organic
C01367,2025-01-30 23:40:15,55.0,Male,Delhi,Delhi,North,Free,Email
C01368,2025-10-15 02:15:16,60.0,Female,Bengaluru,Karnataka,South,Premium,Organic
C01369,2025-04-30 15:18:20,37.0,Male,Bhubaneswar,Odisha,East,Free,Organic
C01370,2025-02-21 21:46:21,52.0,Female,Guwahati,Assam,East,Premium,Email
C01371,2025-09-23 21:32:29,40.0,Male,Hyderabad,Telangana,South,Basic,Referral
C01372,2025-03-31 10:15:37,56.0,Male,Bhubaneswar,Odisha,East,Free,Paid Ads
C01373,2025-09-12 07:50:19,42.0,Female,Bengaluru,Karnataka,South,Free,Paid Ads
C01374,2025-04-03 03:34:10,39.0,Male,Pune,Maharashtra,West,Free,Organic
C01375,2025-06-20 08:42:32,25.0,Male,Ahmedabad,Gujarat,West,Basic,Referral
C01376,2025-01-11 00:17:00,26.0,Male,Hyderabad,Telangana,South,Premium,Referral
C01377,2025-02-14 21:28:15,32.0,Male,Mumbai,Maharashtra,West,Basic,Organic
C01378,2025-11-19 22:50:48,,Male,Lucknow,Uttar Pradesh,North,Premium,Email
C01379,2025-09-02 18:24:19,52.0,Female,Ahmedabad,Gujarat,West,Basic,Paid Ads
C01380,2025-04-11 11:55:27,54.0,Female,Lucknow,Uttar Pradesh,North,Premium,Organic
C01381,2025-07-08 05:10:43,20.0,Female,Kolkata,West Bengal,East,Basic,Paid Ads
C01382,2025-01-29 06:02:34,51.0,Female,Ahmedabad,Gujarat,West,Free,Social Media
C01383,2025-01-05 07:17:59,51.0,Female,Chennai,Tamil Nadu,South,Basic,Paid Ads
C01384,2025-05-12 07:17:26,53.0,Female,Mumbai,Maharashtra,West,Free,Referral
C01385,2025-01-18 22:04:04,52.0,Female,Jaipur,Rajasthan,North,Premium,Email
C01386,2025-06-24 01:16:21,26.0,Male,Pune,Maharashtra,West,Free,Referral
C01387,2025-09-23 06:04:30,47.0,Male,Bengaluru,Karnataka,South,Free,Referral
C01388,2025-02-26 21:16:02,43.0,Female,Bhubaneswar,Odisha,East,Free,Organic
C01389,2025-04-25 05:55:17,29.0,Male,Bengaluru,Karnataka,South,Basic,Referral
C01390,2025-09-13 11:53:32,41.0,Female,Pune,Maharashtra,West,Free,Paid Ads
C01391,2025-03-04 05:33:43,,Female,Kolkata,West Bengal,East,Premium,Email
C01392,2025-09-23 03:42:01,36.0,Male,Guwahati,Assam,East,Free,Organic
C01393,2025-01-04 11:11:59,33.0,Female,Guwahati,Assam,East,Free,Organic
C01394,2025-11-08 12:31:41,43.0,Male,Jaipur,Rajasthan,North,Free,Organic
C01395,2025-05-18 19:28:15,40.0,Female,Ahmedabad,Gujarat,West,Free,Paid Ads
C01396,2025-10-08 22:04:28,50.0,Other,Bengaluru,Karnataka,South,Free,Organic
C01397,2025-11-06 13:02:02,59.0,Female,Pune,Maharashtra,West,Free,Social Media
C01398,2025-11-25 04:10:32,47.0,Male,Ahmedabad,Gujarat,West,Free,Email
C01399,2025-05-22 01:23:46,40.0,Male,Lucknow,Uttar Pradesh,North,Free,Referral
C01400,2025-11-06 12:21:27,27.0,Female,Jaipur,Rajasthan,North,Free,Organic
C01401,2025-02-02 02:37:54,53.0,Female,Guwahati,Assam,East,Basic,Paid Ads
C01402,2025-11-23 18:04:49,48.0,Male,Guwahati,Assam,East,Free,Email
C01403,2025-11-28 22:33:24,60.0,Male,Bhubaneswar,Odisha,East,Free,Organic
C01404,2025-07-30 05:40:29,39.0,Male,Lucknow,Uttar Pradesh,North,Free,Referral
C01405,2025-05-24 19:53:23,60.0,Female,Lucknow,Uttar Pradesh,North,Basic,Paid Ads
C01406,2025-07-31 11:09:16,60.0,Female,Ahmedabad,Gujarat,West,Free,Email
C01407,2025-08-27 12:04:04,55.0,Male,Hyderabad,Telangana,South,Basic,Organic
C01408,2025-08-30 22:03:33,19.0,Male,Chennai,Tamil Nadu,South,Premium,Organic
C01409,2025-09-17 08:43:26,40.0,Female,Delhi,Delhi,North,Free,Referral
C01410,2025-03-21 19:51:28,52.0,Female,Bengaluru,Karnataka,South,Free,Paid Ads
C01411,2025-11-26 21:20:14,54.0,Female,Guwahati,Assam,East,Free,Referral
C01412,2025-08-23 17:01:07,49.0,Female,Guwahati,Assam,East,Free,Organic
C01413,2025-02-17 19:30:29,60.0,Male,Mumbai,Maharashtra,West,Free,Paid Ads
C01414,2025-01-13 06:33:05,29.0,Male,Guwahati,Assam,East,Free,Paid Ads
C01415,2025-06-01 16:28:33,52.0,Other,Delhi,Delhi,North,Premium,Paid Ads
C01416,2025-02-02 01:30:08,58.0,Other,Chennai,Tamil Nadu,South,Free,Social Media
C01417,2025-07-23 00:28:56,20.0,Female,Bhubaneswar,Odisha,East,Free,Email
C01418,2025-08-21 02:20:50,51.0,Female,Bhubaneswar,Odisha,East,Basic,Social Media
C01419,2025-07-22 08:40:33,55.0,Female,Pune,Maharashtra,West,Free,Social Media
C01420,2025-02-17 06:45:23,41.0,Male,Chennai,Tamil Nadu,South,Free,Paid Ads
C01421,2025-05-15 11:29:57,55.0,Male,Pune,Maharashtra,West,Basic,Organic
C01422,2025-08-09 16:47:28,34.0,Female,Mumbai,Maharashtra,West,Free,Referral
C01423,2025-05-15 03:42:48,57.0,Female,Guwahati,Assam,East,Basic,Organic
C01424,2025-04-06 10:38:31,18.0,Female,Kolkata,West Bengal,East,Free,Organic
C01425,2025-07-02 19:32:53,25.0,Female,Chennai,Tamil Nadu,South,Basic,Referral
C01426,2025-01-08 01:02:07,32.0,Male,Hyderabad,Telangana,South,Basic,Referral
C01427,2025-11-19 18:52:55,42.0,Male,Guwahati,Assam,East,Free,Paid Ads
C01428,2025-01-01 16:05:42,25.0,Male,Chennai,Tamil Nadu,South,Free,Social Media
C01429,2025-08-19 16:43:39,49.0,Other,Jaipur,Rajasthan,North,Free,Email
C01430,2025-03-28 02:06:27,30.0,Female,Chennai,Tamil Nadu,South,Premium,Referral
C01431,2025-01-08 09:21:06,32.0,Male,Pune,Maharashtra,West,Basic,Referral
C01432,2025-09-20 20:41:50,23.0,Female,Jaipur,Rajasthan,North,Free,Organic
C01433,2025-08-11 12:26:38,50.0,Female,Pune,Maharashtra,West,Basic,Email
C01434,2025-06-17 04:26:38,24.0,Female,Lucknow,Uttar Pradesh,North,Basic,Organic
C01435,2025-02-23 00:48:32,50.0,Female,Bhubaneswar,Odisha,East,Premium,Email
C01436,2025-06-06 10:52:01,46.0,Male,Bhubaneswar,Odisha,East,Free,Email
C01437,2025-04-15 11:14:30,55.0,Female,Ahmedabad,Gujarat,West,Premium,Referral
C01438,2025-05-24 08:25:14,54.0,Other,Delhi,Delhi,North,Free,Social Media
C01439,2025-06-30 03:52:34,49.0,Male,Bhubaneswar,Odisha,East,Premium,Paid Ads
C01440,2025-08-22 01:13:01,20.0,Female,Lucknow,Uttar Pradesh,North,Free,Email
C01441,2025-11-03 21:41:19,37.0,Male,Hyderabad,Telangana,South,Free,Social Media
C01442,2025-09-25 09:04:16,31.0,Male,Kolkata,West Bengal,East,Premium,Paid Ads
C01443,2025-01-30 04:32:49,45.0,Male,Jaipur,Rajasthan,North,Basic,Organic
C01444,2025-10-25 19:12:57,55.0,Female,Pune,Maharashtra,West,Free,Referral
C01445,2025-11-28 20:06:17,21.0,Female,Chennai,Tamil Nadu,South,Basic,Social Media
C01446,2025-11-16 11:43:41,32.0,Male,Guwahati,Assam,East,Free,Social Media
C01447,2025-05-31 09:39:04,34.0,Female,Jaipur,Rajasthan,North,Free,Social Media
C01448,2025-01-10 05:41:26,54.0,Male,Chennai,Tamil Nadu,South,Free,Organic
C01449,2025-01-07 06:35:18,41.0,Male,Chennai,Tamil Nadu,South,Free,Paid Ads
C01450,2025-04-12 19:53:49,55.0,Male,Jaipur,Rajasthan,North,Basic,Referral
C01451,2025-07-20 17:45:29,59.0,Female,Mumbai,Maharashtra,West,Free,Referral
C01452,2025-10-03 11:32:07,58.0,Female,Delhi,Delhi,North,Free,Paid Ads
C01453,2025-08-13 00:27:58,53.0,Female,Bengaluru,Karnataka,South,Premium,Referral
C01454,2025-07-31 06:47:39,58.0,Female,Jaipur,Rajasthan,North,Free,Referral
C01455,2025-02-13 17:27:35,25.0,Male,Bhubaneswar,Odisha,East,Basic,Referral
C01456,2025-06-10 17:05:19,20.0,Female,Hyderabad,Telangana,South,Premium,Referral
C01457,2025-02-23 04:14:32,47.0,Male,Lucknow,Uttar Pradesh,North,Free,Referral
C01458,2025-01-30 20:42:09,39.0,Female,Lucknow,Uttar Pradesh,North,Free,Organic
C01459,2025-07-11 02:09:27,50.0,Male,Bhubaneswar,Odisha,East,Basic,Social Media
C01460,2025-04-29 01:25:11,42.0,Male,Delhi,Delhi,North,Basic,Organic
C01461,2025-09-15 19:40:12,47.0,Female,Mumbai,Maharashtra,West,Basic,Social Media
C01462,2025-09-03 19:44:15,54.0,Male,Delhi,Delhi,North,Basic,Organic
C01463,2025-08-12 22:19:48,20.0,Male,Bhubaneswar,Odisha,East,Premium,Referral
C01464,2025-11-02 15:32:20,21.0,Female,Delhi,Delhi,North,Free,Email
C01465,2025-10-19 10:41:55,46.0,Male,Hyderabad,Telangana,South,Basic,Organic
C01466,2025-10-10 12:27:09,49.0,Male,Guwahati,Assam,East,Free,Email
C01467,2025-02-10 18:05:40,40.0,Male,Bengaluru,Karnataka,South,Free,Organic
C01468,2025-07-05 00:05:05,36.0,Male,Ahmedabad,Gujarat,West,Free,Organic
C01469,2025-02-04 01:12:17,32.0,Male,Bengaluru,Karnataka,South,Free,Social Media
C01470,2025-09-04 14:56:04,33.0,Male,Bengaluru,Karnataka,South,Basic,Referral
C01471,2025-07-10 02:24:42,40.0,Female,Lucknow,Uttar Pradesh,North,Free,Organic
C01472,2025-04-12 10:18:52,,Female,Lucknow,Uttar Pradesh,North,Free,Email
C01473,2025-10-24 09:31:14,54.0,Female,Hyderabad,Telangana,South,Free,Referral
C01474,2025-05-26 15:03:12,18.0,Male,Ahmedabad,Gujarat,West,Free,Organic
C01475,2025-10-22 14:48:56,36.0,Male,Mumbai,Maharashtra,West,Basic,Social Media
C01476,2025-04-04 04:10:25,54.0,Female,Lucknow,Uttar Pradesh,North,Basic,Paid Ads
C01477,2025-05-16 11:33:33,52.0,Female,Hyderabad,Telangana,South,Premium,Organic
C01478,2025-11-21 00:27:23,47.0,Male,Chennai,Tamil Nadu,South,Basic,Social Media
C01479,2025-08-06 10:17:17,34.0,Male,Hyderabad,Telangana,South,Basic,Social Media
C01480,2025-04-27 17:54:33,56.0,Male,Ahmedabad,Gujarat,West,Free,Referral
C01481,2025-02-27 04:28:01,43.0,Female,Bengaluru,Karnataka,South,Basic,Email
C01482,2025-07-05 09:44:29,30.0,Female,Kolkata,West Bengal,East,Free,Social Media
C01483,2025-11-16 18:37:07,39.0,Male,Jaipur,Rajasthan,North,Premium,Organic
C01484,2025-05-07 12:31:29,40.0,Male,Guwahati,Assam,East,Premium,Social Media
C01485,2025-09-30 19:57:34,60.0,Female,Ahmedabad,Gujarat,West,Premium,Paid Ads
C01486,2025-05-29 13:10:19,50.0,Male,Ahmedabad,Gujarat,West,Free,Paid Ads
C01487,2025-01-08 16:33:13,44.0,Female,Ahmedabad,Gujarat,West,Free,Email
C01488,2025-05-16 05:55:26,52.0,Female,Lucknow,Uttar Pradesh,North,Premium,Social Media
C01489,2025-06-23 03:41:04,29.0,Male,Ahmedabad,Gujarat,West,Basic,Paid Ads
C01490,2025-09-02 19:18:34,26.0,Male,Pune,Maharashtra,West,Basic,Referral
C01491,2025-10-03 07:53:05,51.0,Male,Guwahati,Assam,East,Free,Paid Ads
C01492,2025-04-24 16:07:54,31.0,Female,Ahmedabad,Gujarat,West,Premium,Organic
C01493,2025-02-24 23:23:00,54.0,Female,Guwahati,Assam,East,Basic,Email
C01494,2025-01-28 22:40:30,20.0,Female,Bhubaneswar,Odisha,East,Free,Social Media
C01495,2025-02-16 02:53:37,38.0,Female,Lucknow,Uttar Pradesh,North,Premium,Social Media
C01496,2025-01-16 14:06:48,24.0,Female,Jaipur,Rajasthan,North,Free,Referral
C01497,2025-05-07 02:05:55,50.0,Female,Delhi,Delhi,North,Basic,Organic
C01498,2025-03-11 01:21:44,52.0,Female,Ahmedabad,Gujarat,West,Free,Email
C01499,2025-06-29 14:10:02,,Male,Pune,Maharashtra,West,Basic,Paid Ads
C01500,2025-02-07 22:39:55,49.0,Female,Bengaluru,Karnataka,South,Free,Organic
C01501,2025-02-24 05:17:04,39.0,Female,Jaipur,Rajasthan,North,Free,Email
C01502,2025-01-01 18:50:24,59.0,Female,Pune,Maharashtra,West,Basic,Social Media
C01503,2025-05-12 16:22:21,36.0,Female,Kolkata,West Bengal,East,Free,Referral
C01504,2025-02-20 12:43:27,53.0,Male,Ahmedabad,Gujarat,West,Premium,Organic
C01505,2025-01-29 09:37:23,54.0,Male,Ahmedabad,Gujarat,West,Free,Organic
C01506,2025-08-27 01:34:16,28.0,Female,Pune,Maharashtra,West,Premium,Paid Ads
C01507,2025-02-11 03:47:51,58.0,Male,Delhi,Delhi,North,Free,Referral
C01508,2025-10-04 07:23:02,30.0,Male,Lucknow,Uttar Pradesh,North,Basic,Referral
C01509,2025-11-21 12:47:10,45.0,Female,Jaipur,Rajasthan,North,Free,Social Media
C01510,2025-11-11 20:46:24,32.0,Female,Bengaluru,Karnataka,South,Free,Referral
C01511,2025-06-01 16:15:52,30.0,Female,Chennai,Tamil Nadu,South,Basic,Referral
C01512,2025-11-07 09:02:06,60.0,Female,Delhi,Delhi,North,Free,Social Media
C01513,2025-04-04 04:35:52,50.0,Female,Hyderabad,Telangana,South,Premium,Referral
C01514,2025-07-27 13:44:36,25.0,Female,Guwahati,Assam,East,Free,Email
C01515,2025-05-31 04:32:15,49.0,Male,Bhubaneswar,Odisha,East,Premium,Social Media
C01516,2025-01-13 03:34:19,54.0,Female,Guwahati,Assam,East,Basic,Organic
C01517,2025-10-09 05:58:04,21.0,Male,Lucknow,Uttar Pradesh,North,Basic,Email
C01518,2025-10-16 06:36:31,35.0,Other,Bengaluru,Karnataka,South,Free,Organic
C01519,2025-08-08 02:44:37,40.0,Male,Ahmedabad,Gujarat,West,Free,Email
C01520,2025-03-06 10:12:58,46.0,Male,Bengaluru,Karnataka,South,Free,Referral
C01521,2025-05-25 20:31:27,19.0,Female,Kolkata,West Bengal,East,Basic,Referral
C01522,2025-05-09 16:02:20,30.0,Female,Chennai,Tamil Nadu,South,Basic,Paid Ads
C01523,2025-11-05 15:28:37,33.0,Male,Mumbai,Maharashtra,West,Basic,Organic
C01524,2025-05-30 09:21:29,25.0,Male,Guwahati,Assam,East,Premium,Organic
C01525,2025-06-10 09:48:35,36.0,Female,Mumbai,Maharashtra,West,Free,Social Media
C01526,2025-06-25 09:50:08,,Female,Mumbai,Maharashtra,West,Free,Paid Ads
C01527,2025-04-06 02:12:12,20.0,Male,Pune,Maharashtra,West,Free,Referral
C01528,2025-07-10 07:09:36,,Male,Ahmedabad,Gujarat,West,Premium,Email
C01529,2025-09-27 11:52:00,58.0,Male,Hyderabad,Telangana,South,Free,Organic
C01530,2025-03-12 03:37:08,38.0,Male,Lucknow,Uttar Pradesh,North,Basic,Social Media
C01531,2025-09-26 11:23:50,42.0,Female,Mumbai,Maharashtra,West,Free,Paid Ads
C01532,2025-07-30 06:09:51,34.0,Male,Lucknow,Uttar Pradesh,North,Free,Organic
C01533,2025-11-08 05:52:17,42.0,Male,Lucknow,Uttar Pradesh,North,Basic,Social Media
C01534,2025-10-05 13:47:10,50.0,Other,Mumbai,Maharashtra,West,Free,Referral
C01535,2025-05-19 14:53:57,48.0,Female,Pune,Maharashtra,West,Free,Organic
C01536,2025-09-24 15:12:12,,Male,Bhubaneswar,Odisha,East,Basic,Referral
C01537,2025-09-14 17:05:56,40.0,Male,Kolkata,West Bengal,East,Free,Social Media
C01538,2025-03-25 11:36:19,42.0,Female,Jaipur,Rajasthan,North,Free,Organic
C01539,2025-09-01 14:15:38,47.0,Male,Bhubaneswar,Odisha,East,Basic,Paid Ads
C01540,2025-07-02 14:05:13,30.0,Female,Jaipur,Rajasthan,North,Basic,Social Media
C01541,2025-04-07 13:07:32,60.0,Female,Lucknow,Uttar Pradesh,North,Free,Social Media
C01542,2025-10-02 13:46:41,46.0,Male,Bhubaneswar,Odisha,East,Basic,Social Media
C01543,2025-03-01 06:41:43,33.0,Female,Lucknow,Uttar Pradesh,North,Basic,Paid Ads
C01544,2025-06-10 05:03:51,55.0,Male,Pune,Maharashtra,West,Free,Paid Ads
C01545,2025-04-07 03:22:29,44.0,Male,Hyderabad,Telangana,South,Basic,Social Media
C01546,2025-08-06 19:33:39,43.0,Female,Mumbai,Maharashtra,West,Basic,Organic
C01547,2025-01-17 06:23:12,28.0,Male,Bengaluru,Karnataka,South,Free,Referral
C01548,2025-03-14 06:14:39,54.0,Male,Jaipur,Rajasthan,North,Basic,Social Media
C01549,2025-01-10 04:09:13,20.0,Female,Guwahati,Assam,East,Basic,Social Media
C01550,2025-11-25 19:54:44,43.0,Female,Delhi,Delhi,North,Premium,Organic
C01551,2025-09-13 19:35:41,51.0,Male,Bengaluru,Karnataka,South,Basic,Paid Ads
C01552,2025-05-06 04:22:47,50.0,Female,Delhi,Delhi,North,Free,Referral
C01553,2025-08-03 02:54:42,32.0,Male,Bengaluru,Karnataka,South,Free,Referral
C01554,2025-05-27 05:08:19,19.0,Female,Chennai,Tamil Nadu,South,Premium,Social Media
C01555,2025-04-21 09:26:11,45.0,Female,Guwahati,Assam,East,Premium,Organic
C01556,2025-01-25 05:03:43,37.0,Female,Kolkata,West Bengal,East,Free,Organic
C01557,2025-06-30 11:51:51,55.0,Female,Jaipur,Rajasthan,North,Free,Referral
C01558,2025-09-17 19:46:54,33.0,Male,Mumbai,Maharashtra,West,Basic,Email
C01559,2025-03-22 00:13:47,21.0,Male,Bengaluru,Karnataka,South,Basic,Social Media
C01560,2025-01-19 13:42:32,25.0,Male,Bengaluru,Karnataka,South,Free,Referral
C01561,2025-05-12 17:10:26,37.0,Female,Mumbai,Maharashtra,West,Basic,Email
C01562,2025-05-15 18:05:42,43.0,Male,Bhubaneswar,Odisha,East,Free,Paid Ads
C01563,2025-02-06 11:50:32,49.0,Female,Hyderabad,Telangana,South,Free,Paid Ads
C01564,2025-11-09 16:22:59,30.0,Female,Pune,Maharashtra,West,Free,Organic
C01565,2025-09-21 21:36:18,22.0,Male,Chennai,Tamil Nadu,South,Basic,Email
C01566,2025-10-04 09:16:51,59.0,Female,Pune,Maharashtra,West,Basic,Referral
C01567,2025-11-09 03:14:16,30.0,Female,Delhi,Delhi,North,Free,Paid Ads
C01568,2025-06-06 23:18:56,58.0,Male,Guwahati,Assam,East,Free,Organic
C01569,2025-01-04 13:11:28,28.0,Female,Delhi,Delhi,North,Premium,Paid Ads
C01570,2025-10-26 12:08:02,54.0,Male,Pune,Maharashtra,West,Free,Organic
C01571,2025-01-18 01:56:25,49.0,Male,Delhi,Delhi,North,Basic,Paid Ads
C01572,2025-11-12 17:12:43,59.0,Female,Guwahati,Assam,East,Basic,Email
C01573,2025-05-28 08:57:53,35.0,Other,Lucknow,Uttar Pradesh,North,Free,Organic
C01574,2025-08-02 03:34:37,46.0,Male,Bengaluru,Karnataka,South,Free,Referral
C01575,2025-07-11 06:17:45,32.0,Female,Bhubaneswar,Odisha,East,Premium,Organic
C01576,2025-04-20 08:37:29,37.0,Male,Kolkata,West Bengal,East,Basic,Social Media
C01577,2025-03-08 14:32:49,53.0,Female,Bhubaneswar,Odisha,East,Free,Referral
C01578,2025-08-20 12:56:55,22.0,Female,Lucknow,Uttar Pradesh,North,Premium,Organic
C01579,2025-01-10 11:31:12,57.0,Male,Delhi,Delhi,North,Free,Social Media
C01580,2025-08-11 08:48:29,54.0,Female,Lucknow,Uttar Pradesh,North,Free,Social Media
C01581,2025-02-27 23:50:31,50.0,Male,Bhubaneswar,Odisha,East,Basic,Email
C01582,2025-02-09 11:07:37,35.0,Male,Pune,Maharashtra,West,Basic,Organic
C01583,2025-03-27 00:37:54,36.0,Female,Delhi,Delhi,North,Free,Paid Ads
C01584,2025-07-21 13:15:20,49.0,Male,Mumbai,Maharashtra,West,Free,Email
C01585,2025-03-18 14:19:59,59.0,Female,Bengaluru,Karnataka,South,Basic,Social Media
C01586,2025-10-10 05:49:08,39.0,Female,Guwahati,Assam,East,Basic,Social Media
C01587,2025-11-06 08:53:34,58.0,Male,Jaipur,Rajasthan,North,Premium,Referral
C01588,2025-02-05 03:51:25,18.0,Male,Pune,Maharashtra,West,Free,Referral
C01589,2025-10-14 04:35:16,42.0,Male,Ahmedabad,Gujarat,West,Basic,Social Media
C01590,2025-01-31 01:44:21,37.0,Male,Delhi,Delhi,North,Free,Organic
C01591,2025-07-12 23:03:15,52.0,Male,Delhi,Delhi,North,Premium,Referral
C01592,2025-08-03 22:00:15,23.0,Male,Hyderabad,Telangana,South,Free,Social Media
C01593,2025-04-06 01:51:02,23.0,Female,Bhubaneswar,Odisha,East,Basic,Organic
C01594,2025-05-31 21:39:38,54.0,Female,Bhubaneswar,Odisha,East,Premium,Organic
C01595,2025-04-04 23:38:00,20.0,Male,Jaipur,Rajasthan,North,Basic,Paid Ads
C01596,2025-02-12 20:57:57,54.0,Male,Jaipur,Rajasthan,North,Basic,Social Media
C01597,2025-08-27 20:26:23,48.0,Female,Ahmedabad,Gujarat,West,Basic,Social Media
C01598,2025-10-06 04:54:36,52.0,Female,Bhubaneswar,Odisha,East,Premium,Referral
C01599,2025-02-02 21:50:08,32.0,Male,Guwahati,Assam,East,Basic,Social Media
C01600,2025-10-14 17:12:08,34.0,Female,Bengaluru,Karnataka,South,Basic,Paid Ads
C01601,2025-11-25 21:03:39,32.0,Female,Guwahati,Assam,East,Basic,Social Media
C01602,2025-05-18 00:34:20,22.0,Female,Pune,Maharashtra,West,Free,Organic
C01603,2025-09-28 22:57:29,39.0,Male,Kolkata,West Bengal,East,Free,Referral
C01604,2025-05-09 15:14:16,28.0,Other,Ahmedabad,Gujarat,West,Free,Organic
C01605,2025-02-28 16:04:20,45.0,Male,Guwahati,Assam,East,Free,Organic
C01606,2025-03-01 03:00:54,31.0,Female,Lucknow,Uttar Pradesh,North,Basic,Organic
C01607,2025-08-20 19:18:56,56.0,Male,Kolkata,West Bengal,East,Free,Paid Ads
C01608,2025-08-25 23:17:23,20.0,Female,Hyderabad,Telangana,South,Free,Social Media
C01609,2025-11-02 11:41:15,59.0,Female,Bhubaneswar,Odisha,East,Free,Paid Ads
C01610,2025-05-27 17:15:05,28.0,Female,Delhi,Delhi,North,Free,Organic
C01611,2025-06-27 08:18:11,47.0,Female,Bengaluru,Karnataka,South,Free,Email
C01612,2025-06-08 17:50:28,55.0,Male,Lucknow,Uttar Pradesh,North,Premium,Organic
C01613,2025-05-03 08:47:17,22.0,Female,Jaipur,Rajasthan,North,Basic,Email
C01614,2025-03-14 07:37:07,39.0,Female,Mumbai,Maharashtra,West,Free,Email
C01615,2025-06-07 03:11:33,30.0,Male,Ahmedabad,Gujarat,West,Free,Referral
C01616,2025-09-03 11:10:49,38.0,Female,Jaipur,Rajasthan,North,Basic,Organic
C01617,2025-09-14 04:14:26,54.0,Female,Hyderabad,Telangana,South,Basic,Referral
C01618,2025-04-07 19:20:56,42.0,Female,Lucknow,Uttar Pradesh,North,Free,Social Media
C01619,2025-05-18 06:44:23,38.0,Female,Delhi,Delhi,North,Free,Paid Ads
C01620,2025-10-20 05:08:12,45.0,Female,Delhi,Delhi,North,Free,Organic
C01621,2025-07-11 06:51:29,58.0,Female,Ahmedabad,Gujarat,West,Free,Social Media
C01622,2025-06-04 08:45:45,21.0,Female,Kolkata,West Bengal,East,Free,Referral
C01623,2025-05-27 01:46:32,46.0,Female,Delhi,Delhi,North,Basic,Organic
C01624,2025-02-18 13:27:39,52.0,Female,Chennai,Tamil Nadu,South,Premium,Email
C01625,2025-06-21 03:20:24,40.0,Female,Bhubaneswar,Odisha,East,Free,Email
C01626,2025-08-14 04:53:12,24.0,Male,Lucknow,Uttar Pradesh,North,Basic,Paid Ads
C01627,2025-04-04 06:53:20,26.0,Male,Guwahati,Assam,East,Premium,Organic
C01628,2025-11-15 00:07:50,40.0,Female,Lucknow,Uttar Pradesh,North,Basic,Referral
C01629,2025-04-04 21:01:50,20.0,Female,Guwahati,Assam,East,Basic,Paid Ads
C01630,2025-03-29 22:17:46,26.0,Male,Pune,Maharashtra,West,Premium,Organic
C01631,2025-11-08 14:58:34,21.0,Male,Delhi,Delhi,North,Free,Email
C01632,2025-02-18 12:26:00,42.0,Male,Pune,Maharashtra,West,Free,Email
C01633,2025-04-22 10:01:11,23.0,Female,Lucknow,Uttar Pradesh,North,Premium,Paid Ads
C01634,2025-01-08 05:10:26,35.0,Female,Hyderabad,Telangana,South,Free,Social Media
C01635,2025-11-19 07:32:00,24.0,Female,Chennai,Tamil Nadu,South,Basic,Organic
C01636,2025-05-15 03:00:40,52.0,Male,Bhubaneswar,Odisha,East,Basic,Paid Ads
C01637,2025-03-27 20:14:36,48.0,Male,Ahmedabad,Gujarat,West,Free,Organic
C01638,2025-05-02 08:58:49,55.0,Male,Kolkata,West Bengal,East,Basic,Organic
C01639,2025-07-30 11:53:52,49.0,Male,Hyderabad,Telangana,South,Basic,Referral
C01640,2025-04-24 21:31:46,52.0,Female,Chennai,Tamil Nadu,South,Free,Social Media
C01641,2025-04-27 01:16:28,45.0,Male,Lucknow,Uttar Pradesh,North,Free,Paid Ads
C01642,2025-03-09 19:50:45,22.0,Male,Hyderabad,Telangana,South,Basic,Paid Ads
C01643,2025-05-01 15:14:45,47.0,Male,Delhi,Delhi,North,Free,Organic
C01644,2025-03-11 04:51:25,,Male,Lucknow,Uttar Pradesh,North,Free,Social Media
C01645,2025-04-26 00:24:58,,Male,Guwahati,Assam,East,Free,Paid Ads
C01646,2025-09-24 21:59:05,,Male,Lucknow,Uttar Pradesh,North,Basic,Organic
C01647,2025-09-30 09:02:09,24.0,Male,Bhubaneswar,Odisha,East,Premium,Organic
C01648,2025-03-24 16:57:35,21.0,Male,Chennai,Tamil Nadu,South,Basic,Organic
C01649,2025-11-14 21:08:57,59.0,Male,Bengaluru,Karnataka,South,Free,Paid Ads
C01650,2025-05-09 00:16:05,44.0,Female,Lucknow,Uttar Pradesh,North,Premium,Organic
C01651,2025-07-08 03:11:05,24.0,Other,Bhubaneswar,Odisha,East,Free,Social Media
C01652,2025-10-02 00:29:24,,Female,Mumbai,Maharashtra,West,Free,Email
C01653,2025-09-23 20:34:36,28.0,Female,Ahmedabad,Gujarat,West,Free,Organic
C01654,2025-09-17 16:40:37,25.0,Female,Mumbai,Maharashtra,West,Free,Paid Ads
C01655,2025-10-24 20:46:02,25.0,Male,Kolkata,West Bengal,East,Free,Paid Ads
C01656,2025-09-20 18:48:56,54.0,Male,Bengaluru,Karnataka,South,Free,Email
C01657,2025-08-04 16:20:59,22.0,Male,Delhi,Delhi,North,Free,Organic
C01658,2025-11-16 04:04:59,24.0,Male,Mumbai,Maharashtra,West,Basic,Referral
C01659,2025-02-17 02:07:25,39.0,Female,Mumbai,Maharashtra,West,Free,Paid Ads
C01660,2025-03-05 09:48:03,53.0,Male,Mumbai,Maharashtra,West,Basic,Paid Ads
C01661,2025-09-03 12:16:15,19.0,Female,Lucknow,Uttar Pradesh,North,Basic,Organic
C01662,2025-07-24 17:46:06,41.0,Male,Lucknow,Uttar Pradesh,North,Free,Organic
C01663,2025-01-04 14:19:08,19.0,Female,Bengaluru,Karnataka,South,Basic,Organic
C01664,2025-08-22 03:15:17,29.0,Female,Ahmedabad,Gujarat,West,Free,Organic
C01665,2025-09-16 18:09:32,59.0,Other,Bengaluru,Karnataka,South,Free,Organic
C01666,2025-02-16 01:54:39,43.0,Female,Hyderabad,Telangana,South,Free,Referral
C01667,2025-05-21 12:38:32,55.0,Male,Bhubaneswar,Odisha,East,Basic,Referral
C01668,2025-05-02 13:23:00,23.0,Female,Bengaluru,Karnataka,South,Basic,Referral
C01669,2025-05-09 07:35:50,40.0,Male,Bhubaneswar,Odisha,East,Basic,Organic
C01670,2025-09-17 04:41:51,,Female,Bengaluru,Karnataka,South,Free,Organic
C01671,2025-08-20 08:51:29,43.0,Male,Mumbai,Maharashtra,West,Free,Social Media
C01672,2025-02-03 20:20:59,31.0,Male,Chennai,Tamil Nadu,South,Basic,Organic
C01673,2025-08-29 12:20:17,35.0,Female,Chennai,Tamil Nadu,South,Premium,Email
C01674,2025-04-19 19:44:57,55.0,Male,Chennai,Tamil Nadu,South,Basic,Social Media
C01675,2025-04-21 01:06:17,49.0,Male,Bengaluru,Karnataka,South,Free,Organic
C01676,2025-07-25 17:35:07,31.0,Male,Pune,Maharashtra,West,Free,Email
C01677,2025-10-10 05:25:01,47.0,Female,Bhubaneswar,Odisha,East,Free,Referral
C01678,2025-04-27 08:52:33,30.0,Female,Ahmedabad,Gujarat,West,Basic,Referral
C01679,2025-04-08 06:17:54,57.0,Female,Guwahati,Assam,East,Free,Social Media
C01680,2025-09-20 22:37:25,48.0,Female,Jaipur,Rajasthan,North,Free,Paid Ads
C01681,2025-08-29 17:43:00,54.0,Male,Pune,Maharashtra,West,Basic,Social Media
C01682,2025-01-28 02:31:26,55.0,Female,Chennai,Tamil Nadu,South,Free,Referral
C01683,2025-03-02 06:04:31,39.0,Female,Jaipur,Rajasthan,North,Basic,Social Media
C01684,2025-08-23 09:18:05,45.0,Female,Hyderabad,Telangana,South,Basic,Referral
C01685,2025-06-11 03:14:52,36.0,Male,Kolkata,West Bengal,East,Free,Organic
C01686,2025-04-08 15:38:28,60.0,Male,Chennai,Tamil Nadu,South,Premium,Organic
C01687,2025-09-15 04:12:17,33.0,Male,Chennai,Tamil Nadu,South,Basic,Email
C01688,2025-06-01 16:29:53,22.0,Male,Ahmedabad,Gujarat,West,Free,Organic
C01689,2025-06-04 16:00:43,19.0,Male,Jaipur,Rajasthan,North,Basic,Paid Ads
C01690,2025-01-19 06:21:06,27.0,Male,Chennai,Tamil Nadu,South,Basic,Paid Ads
C01691,2025-04-18 08:44:43,36.0,Male,Guwahati,Assam,East,Basic,Organic
C01692,2025-02-21 13:30:35,37.0,Male,Pune,Maharashtra,West,Basic,Organic
C01693,2025-07-19 20:27:06,46.0,Female,Pune,Maharashtra,West,Free,Organic
C01694,2025-07-10 09:15:27,42.0,Female,Guwahati,Assam,East,Free,Paid Ads
C01695,2025-11-26 18:03:09,34.0,Male,Mumbai,Maharashtra,West,Basic,Social Media
C01696,2025-05-13 08:15:02,30.0,Female,Bhubaneswar,Odisha,East,Free,Paid Ads
C01697,2025-01-20 02:55:22,,Female,Bhubaneswar,Odisha,East,Basic,Referral
C01698,2025-10-02 13:49:08,52.0,Female,Kolkata,West Bengal,East,Free,Paid Ads
C01699,2025-02-07 16:43:50,53.0,Other,Hyderabad,Telangana,South,Basic,Social Media
C01700,2025-08-05 21:47:27,56.0,Male,Delhi,Delhi,North,Free,Referral
C01701,2025-07-22 08:03:36,20.0,Female,Chennai,Tamil Nadu,South,Basic,Organic
C01702,2025-09-25 23:10:55,26.0,Female,Mumbai,Maharashtra,West,Basic,Paid Ads
C01703,2025-10-06 09:56:53,57.0,Male,Ahmedabad,Gujarat,West,Basic,Social Media
C01704,2025-05-25 11:53:04,46.0,Other,Pune,Maharashtra,West,Free,Social Media
C01705,2025-09-07 11:44:32,22.0,Female,Ahmedabad,Gujarat,West,Free,Email
C01706,2025-05-03 11:41:19,20.0,Male,Guwahati,Assam,East,Premium,Organic
C01707,2025-11-09 01:40:09,27.0,Female,Delhi,Delhi,North,Premium,Email
C01708,2025-07-31 19:23:04,48.0,Male,Kolkata,West Bengal,East,Free,Organic
C01709,2025-06-05 16:34:45,28.0,Female,Lucknow,Uttar Pradesh,North,Free,Organic
C01710,2025-08-31 04:48:37,34.0,Male,Lucknow,Uttar Pradesh,North,Free,Paid Ads
C01711,2025-04-16 05:47:47,57.0,Male,Bhubaneswar,Odisha,East,Premium,Organic
C01712,2025-05-27 15:23:23,58.0,Female,Guwahati,Assam,East,Free,Referral
C01713,2025-07-19 18:13:17,25.0,Male,Hyderabad,Telangana,South,Free,Email
C01714,2025-01-09 09:28:49,19.0,Male,Mumbai,Maharashtra,West,Free,Email
C01715,2025-07-14 13:30:49,21.0,Male,Guwahati,Assam,East,Basic,Referral
C01716,2025-11-16 17:57:54,33.0,Male,Hyderabad,Telangana,South,Premium,Paid Ads
C01717,2025-03-02 16:44:18,58.0,Female,Kolkata,West Bengal,East,Free,Email
C01718,2025-05-19 03:00:55,58.0,Male,Jaipur,Rajasthan,North,Free,Referral
C01719,2025-05-15 17:16:37,38.0,Female,Bengaluru,Karnataka,South,Basic,Email
C01720,2025-08-15 12:48:22,22.0,Male,Kolkata,West Bengal,East,Free,Email
C01721,2025-09-21 03:17:44,52.0,Male,Guwahati,Assam,East,Free,Organic
C01722,2025-10-26 17:13:36,31.0,Male,Guwahati,Assam,East,Premium,Organic
C01723,2025-10-22 16:39:45,32.0,Female,Pune,Maharashtra,West,Premium,Paid Ads
C01724,2025-03-28 12:38:38,23.0,Male,Guwahati,Assam,East,Premium,Social Media
C01725,2025-04-30 19:03:52,33.0,Male,Jaipur,Rajasthan,North,Free,Social Media
C01726,2025-04-16 08:25:03,40.0,Male,Bhubaneswar,Odisha,East,Free,Referral
C01727,2025-11-03 17:11:47,48.0,Female,Pune,Maharashtra,West,Basic,Organic
C01728,2025-06-09 09:42:40,59.0,Male,Chennai,Tamil Nadu,South,Free,Organic
C01729,2025-10-12 14:54:48,29.0,Female,Hyderabad,Telangana,South,Free,Email
C01730,2025-06-12 08:39:38,58.0,Male,Delhi,Delhi,North,Free,Paid Ads
C01731,2025-11-26 18:34:52,36.0,Male,Mumbai,Maharashtra,West,Premium,Referral
C01732,2025-07-29 23:29:28,29.0,Male,Lucknow,Uttar Pradesh,North,Basic,Email
C01733,2025-02-20 06:17:35,30.0,Male,Lucknow,Uttar Pradesh,North,Free,Social Media
C01734,2025-06-04 02:06:16,19.0,Female,Pune,Maharashtra,West,Free,Referral
C01735,2025-07-12 10:08:41,37.0,Other,Guwahati,Assam,East,Premium,Paid Ads
C01736,2025-01-15 09:43:08,48.0,Male,Bengaluru,Karnataka,South,Basic,Social Media
C01737,2025-10-21 06:47:12,26.0,Male,Ahmedabad,Gujarat,West,Basic,Paid Ads
C01738,2025-03-14 10:02:06,38.0,Male,Guwahati,Assam,East,Free,Referral
C01739,2025-10-30 23:20:32,25.0,Male,Pune,Maharashtra,West,Free,Organic
C01740,2025-04-12 18:04:35,56.0,Male,Pune,Maharashtra,West,Basic,Social Media
C01741,2025-10-29 08:25:19,54.0,Female,Chennai,Tamil Nadu,South,Premium,Email
C01742,2025-10-19 08:39:55,46.0,Male,Jaipur,Rajasthan,North,Free,Email
C01743,2025-07-18 03:05:56,36.0,Female,Bengaluru,Karnataka,South,Basic,Paid Ads
C01744,2025-05-18 08:17:33,52.0,Male,Guwahati,Assam,East,Free,Paid Ads
C01745,2025-06-19 16:16:58,55.0,Male,Ahmedabad,Gujarat,West,Free,Organic
C01746,2025-07-12 16:54:57,43.0,Male,Pune,Maharashtra,West,Free,Paid Ads
C01747,2025-03-16 17:30:45,28.0,Male,Kolkata,West Bengal,East,Premium,Paid Ads
C01748,2025-03-09 22:07:38,53.0,Male,Mumbai,Maharashtra,West,Free,Social Media
C01749,2025-08-30 04:25:04,52.0,Male,Hyderabad,Telangana,South,Free,Organic
C01750,2025-05-21 15:39:24,21.0,Male,Bhubaneswar,Odisha,East,Free,Paid Ads
C01751,2025-05-06 07:35:32,,Female,Lucknow,Uttar Pradesh,North,Premium,Referral
C01752,2025-03-27 06:41:35,29.0,Male,Guwahati,Assam,East,Basic,Organic
C01753,2025-04-23 22:08:46,49.0,Female,Kolkata,West Bengal,East,Free,Organic
C01754,2025-09-18 20:15:13,43.0,Male,Mumbai,Maharashtra,West,Free,Paid Ads
C01755,2025-03-29 09:25:02,,Female,Hyderabad,Telangana,South,Basic,Referral
C01756,2025-01-19 05:17:07,60.0,Male,Chennai,Tamil Nadu,South,Free,Referral
C01757,2025-08-27 08:49:55,30.0,Male,Chennai,Tamil Nadu,South,Free,Paid Ads
C01758,2025-01-26 19:42:55,55.0,Other,Ahmedabad,Gujarat,West,Basic,Organic
C01759,2025-06-30 10:37:39,46.0,Male,Guwahati,Assam,East,Free,Organic
C01760,2025-03-08 20:09:10,36.0,Female,Jaipur,Rajasthan,North,Premium,Organic
C01761,2025-03-30 22:49:20,52.0,Female,Pune,Maharashtra,West,Free,Organic
C01762,2025-05-30 04:50:47,58.0,Male,Chennai,Tamil Nadu,South,Free,Social Media
C01763,2025-01-29 03:02:51,44.0,Female,Guwahati,Assam,East,Free,Organic
C01764,2025-10-27 22:15:40,48.0,Female,Mumbai,Maharashtra,West,Basic,Organic
C01765,2025-02-05 05:04:25,20.0,Female,Bhubaneswar,Odisha,East,Free,Organic
C01766,2025-09-10 11:36:47,52.0,Other,Pune,Maharashtra,West,Basic,Paid Ads
C01767,2025-11-27 00:33:28,41.0,Male,Jaipur,Rajasthan,North,Free,Paid Ads
C01768,2025-04-14 21:21:13,24.0,Male,Ahmedabad,Gujarat,West,Free,Organic
C01769,2025-06-04 22:23:41,52.0,Female,Mumbai,Maharashtra,West,Premium,Organic
C01770,2025-01-23 17:15:42,38.0,Male,Mumbai,Maharashtra,West,Premium,Email
C01771,2025-08-07 15:59:33,18.0,Male,Pune,Maharashtra,West,Basic,Email
C01772,2025-01-26 14:53:07,23.0,Female,Hyderabad,Telangana,South,Basic,Social Media
C01773,2025-09-22 12:39:17,56.0,Female,Bengaluru,Karnataka,South,Free,Organic
C01774,2025-11-21 21:27:59,51.0,Male,Hyderabad,Telangana,South,Free,Paid Ads
C01775,2025-11-28 15:22:24,35.0,Female,Bengaluru,Karnataka,South,Free,Referral
C01776,2025-02-25 17:56:04,42.0,Male,Pune,Maharashtra,West,Premium,Organic
C01777,2025-06-30 19:11:19,32.0,Male,Lucknow,Uttar Pradesh,North,Basic,Paid Ads
C01778,2025-07-05 13:53:43,49.0,Female,Pune,Maharashtra,West,Free,Referral
C01779,2025-06-28 07:45:15,59.0,Female,Mumbai,Maharashtra,West,Free,Paid Ads
C01780,2025-05-17 03:20:24,35.0,Male,Bengaluru,Karnataka,South,Free,Paid Ads
C01781,2025-03-16 06:01:07,48.0,Male,Bhubaneswar,Odisha,East,Free,Paid Ads
C01782,2025-10-29 18:35:53,46.0,Male,Bengaluru,Karnataka,South,Free,Social Media
C01783,2025-01-01 16:27:49,32.0,Female,Pune,Maharashtra,West,Free,Social Media
C01784,2025-02-25 19:29:10,40.0,Male,Jaipur,Rajasthan,North,Free,Referral
C01785,2025-09-13 21:56:04,55.0,Male,Jaipur,Rajasthan,North,Free,Paid Ads
C01786,2025-06-12 23:58:22,58.0,Female,Bengaluru,Karnataka,South,Basic,Social Media
C01787,2025-10-28 07:46:34,28.0,Male,Lucknow,Uttar Pradesh,North,Basic,Email
C01788,2025-06-29 17:26:31,32.0,Male,Jaipur,Rajasthan,North,Free,Referral
C01789,2025-08-05 05:28:34,40.0,Female,Guwahati,Assam,East,Basic,Paid Ads
C01790,2025-03-09 21:02:31,20.0,Female,Delhi,Delhi,North,Free,Social Media
C01791,2025-08-01 08:13:34,36.0,Female,Kolkata,West Bengal,East,Free,Referral
C01792,2025-02-09 20:25:56,18.0,Male,Lucknow,Uttar Pradesh,North,Premium,Social Media
C01793,2025-09-05 20:09:36,41.0,Female,Jaipur,Rajasthan,North,Free,Referral
C01794,2025-11-10 09:15:24,28.0,Female,Delhi,Delhi,North,Free,Social Media
C01795,2025-03-05 08:02:57,47.0,Male,Bhubaneswar,Odisha,East,Premium,Referral
C01796,2025-09-15 05:45:42,28.0,Female,Bhubaneswar,Odisha,East,Free,Organic
C01797,2025-01-06 20:04:14,56.0,Male,Lucknow,Uttar Pradesh,North,Free,Paid Ads
C01798,2025-02-24 08:40:46,18.0,Female,Kolkata,West Bengal,East,Premium,Organic
C01799,2025-10-06 01:22:32,29.0,Female,Guwahati,Assam,East,Free,Paid Ads
C01800,2025-04-23 01:45:38,21.0,Female,Kolkata,West Bengal,East,Basic,Referral
C01801,2025-09-11 12:05:49,42.0,Male,Hyderabad,Telangana,South,Free,Paid Ads
C01802,2025-03-20 05:39:05,25.0,Female,Delhi,Delhi,North,Free,Organic
C01803,2025-09-21 13:13:23,32.0,Male,Mumbai,Maharashtra,West,Basic,Paid Ads
C01804,2025-10-21 06:52:19,60.0,Female,Mumbai,Maharashtra,West,Free,Organic
C01805,2025-01-20 07:15:16,47.0,Female,Pune,Maharashtra,West,Basic,Social Media
C01806,2025-11-13 10:27:36,57.0,Male,Chennai,Tamil Nadu,South,Premium,Social Media
C01807,2025-10-09 09:41:50,49.0,Male,Lucknow,Uttar Pradesh,North,Free,Social Media
C01808,2025-02-05 21:35:06,52.0,Female,Guwahati,Assam,East,Basic,Organic
C01809,2025-06-14 18:53:59,38.0,Male,Kolkata,West Bengal,East,Free,Organic
C01810,2025-03-08 22:37:53,48.0,Female,Kolkata,West Bengal,East,Free,Email
C01811,2025-04-08 19:42:19,53.0,Male,Jaipur,Rajasthan,North,Premium,Organic
C01812,2025-07-24 03:54:23,44.0,Female,Chennai,Tamil Nadu,South,Free,Referral
C01813,2025-04-30 01:14:32,25.0,Male,Pune,Maharashtra,West,Free,Social Media
C01814,2025-07-05 23:14:03,40.0,Female,Guwahati,Assam,East,Basic,Paid Ads
C01815,2025-11-02 04:36:01,40.0,Female,Bhubaneswar,Odisha,East,Free,Referral
C01816,2025-05-12 05:50:30,59.0,Female,Hyderabad,Telangana,South,Free,Organic
C01817,2025-08-05 06:35:40,50.0,Male,Pune,Maharashtra,West,Basic,Email
C01818,2025-02-27 03:26:30,30.0,Other,Chennai,Tamil Nadu,South,Premium,Paid Ads
C01819,2025-11-16 06:55:16,56.0,Male,Delhi,Delhi,North,Free,Organic
C01820,2025-03-14 10:32:59,52.0,Female,Ahmedabad,Gujarat,West,Free,Paid Ads
C01821,2025-01-25 07:37:09,33.0,Female,Bhubaneswar,Odisha,East,Free,Organic
C01822,2025-06-30 06:21:43,29.0,Male,Kolkata,West Bengal,East,Free,Referral
C01823,2025-02-25 14:07:28,48.0,Male,Lucknow,Uttar Pradesh,North,Premium,Paid Ads
C01824,2025-04-28 15:49:16,22.0,Male,Hyderabad,Telangana,South,Premium,Organic
C01825,2025-07-26 16:26:50,57.0,Female,Jaipur,Rajasthan,North,Basic,Organic
C01826,2025-09-09 11:12:44,42.0,Female,Lucknow,Uttar Pradesh,North,Basic,Organic
C01827,2025-05-02 22:11:55,38.0,Male,Kolkata,West Bengal,East,Premium,Organic
C01828,2025-06-29 12:01:04,20.0,Male,Bengaluru,Karnataka,South,Free,Paid Ads
C01829,2025-10-30 10:45:08,27.0,Female,Hyderabad,Telangana,South,Free,Social Media
C01830,2025-09-17 07:41:34,40.0,Female,Mumbai,Maharashtra,West,Free,Organic
C01831,2025-08-31 14:28:48,34.0,Male,Hyderabad,Telangana,South,Premium,Organic
C01832,2025-02-04 09:54:10,59.0,Male,Delhi,Delhi,North,Free,Paid Ads
C01833,2025-10-05 05:51:21,52.0,Male,Lucknow,Uttar Pradesh,North,Basic,Referral
C01834,2025-06-01 16:17:18,42.0,Female,Lucknow,Uttar Pradesh,North,Free,Social Media
C01835,2025-05-30 22:36:24,19.0,Female,Hyderabad,Telangana,South,Basic,Email
C01836,2025-04-02 14:15:41,44.0,Male,Delhi,Delhi,North,Premium,Paid Ads
C01837,2025-05-31 01:44:54,26.0,Female,Guwahati,Assam,East,Free,Organic
C01838,2025-03-06 09:59:23,21.0,Male,Ahmedabad,Gujarat,West,Basic,Organic
C01839,2025-10-17 21:36:55,43.0,Female,Chennai,Tamil Nadu,South,Free,Organic
C01840,2025-10-20 05:39:19,49.0,Male,Bhubaneswar,Odisha,East,Basic,Social Media
C01841,2025-09-30 03:25:23,46.0,Female,Ahmedabad,Gujarat,West,Free,Referral
C01842,2025-10-02 18:54:11,39.0,Male,Pune,Maharashtra,West,Free,Organic
C01843,2025-08-05 20:44:35,30.0,Male,Ahmedabad,Gujarat,West,Free,Social Media
C01844,2025-08-20 06:07:01,40.0,Female,Jaipur,Rajasthan,North,Free,Social Media
C01845,2025-03-15 01:30:25,48.0,Male,Bengaluru,Karnataka,South,Premium,Email
C01846,2025-08-10 20:08:05,58.0,Female,Mumbai,Maharashtra,West,Premium,Organic
C01847,2025-10-07 12:18:37,53.0,Other,Guwahati,Assam,East,Free,Organic
C01848,2025-03-09 09:20:45,57.0,Female,Guwahati,Assam,East,Free,Organic
C01849,2025-09-30 09:14:18,48.0,Male,Bengaluru,Karnataka,South,Basic,Paid Ads
C01850,2025-06-02 08:12:00,32.0,Male,Delhi,Delhi,North,Free,Paid Ads
C01851,2025-09-04 12:40:40,31.0,Female,Pune,Maharashtra,West,Free,Social Media
C01852,2025-01-18 02:00:21,52.0,Male,Hyderabad,Telangana,South,Free,Organic
C01853,2025-04-30 08:01:10,41.0,Female,Bengaluru,Karnataka,South,Premium,Referral
C01854,2025-01-19 09:11:09,47.0,Female,Bengaluru,Karnataka,South,Basic,Social Media
C01855,2025-10-20 13:58:51,47.0,Female,Hyderabad,Telangana,South,Premium,Organic
C01856,2025-09-29 05:03:12,44.0,Female,Pune,Maharashtra,West,Free,Organic
C01857,2025-03-22 14:04:23,57.0,Male,Jaipur,Rajasthan,North,Basic,Referral
C01858,2025-08-13 19:03:23,31.0,Female,Pune,Maharashtra,West,Basic,Social Media
C01859,2025-05-08 12:10:23,28.0,Female,Chennai,Tamil Nadu,South,Free,Email
C01860,2025-06-17 23:32:59,43.0,Male,Delhi,Delhi,North,Premium,Social Media
C01861,2025-07-27 21:21:47,38.0,Male,Hyderabad,Telangana,South,Premium,Social Media
C01862,2025-01-03 14:14:19,26.0,Female,Lucknow,Uttar Pradesh,North,Premium,Referral
C01863,2025-08-30 07:09:47,18.0,Female,Kolkata,West Bengal,East,Basic,Organic
C01864,2025-08-16 17:27:32,23.0,Female,Delhi,Delhi,North,Basic,Social Media
C01865,2025-08-07 06:18:44,18.0,Female,Bengaluru,Karnataka,South,Basic,Email
C01866,2025-03-16 10:34:45,39.0,Female,Hyderabad,Telangana,South,Premium,Paid Ads
C01867,2025-07-27 08:02:14,30.0,Female,Guwahati,Assam,East,Free,Paid Ads
C01868,2025-01-29 15:47:02,55.0,Female,Guwahati,Assam,East,Free,Paid Ads
C01869,2025-04-18 11:22:56,58.0,Male,Bhubaneswar,Odisha,East,Basic,Email
C01870,2025-11-03 06:33:30,57.0,Male,Delhi,Delhi,North,Premium,Organic
C01871,2025-11-01 06:02:48,48.0,Female,Bengaluru,Karnataka,South,Free,Referral
C01872,2025-07-17 03:05:02,32.0,Female,Kolkata,West Bengal,East,Basic,Social Media
C01873,2025-05-11 16:23:49,19.0,Male,Ahmedabad,Gujarat,West,Free,Social Media
C01874,2025-04-09 00:34:52,48.0,Female,Bengaluru,Karnataka,South,Premium,Referral
C01875,2025-05-09 19:02:32,43.0,Male,Delhi,Delhi,North,Basic,Email
C01876,2025-07-02 22:22:50,19.0,Male,Jaipur,Rajasthan,North,Basic,Organic
C01877,2025-10-02 18:07:31,28.0,Female,Lucknow,Uttar Pradesh,North,Basic,Organic
C01878,2025-01-06 09:16:17,50.0,Male,Mumbai,Maharashtra,West,Basic,Paid Ads
C01879,2025-10-10 06:06:36,35.0,Female,Ahmedabad,Gujarat,West,Premium,Organic
C01880,2025-02-15 12:07:40,38.0,Female,Lucknow,Uttar Pradesh,North,Premium,Paid Ads
C01881,2025-04-20 09:30:58,48.0,Female,Lucknow,Uttar Pradesh,North,Free,Organic
C01882,2025-10-12 13:35:07,43.0,Male,Chennai,Tamil Nadu,South,Free,Social Media
C01883,2025-10-02 01:28:03,47.0,Female,Lucknow,Uttar Pradesh,North,Premium,Paid Ads
C01884,2025-03-19 14:02:49,56.0,Female,Hyderabad,Telangana,South,Premium,Referral
C01885,2025-07-13 20:31:11,38.0,Male,Guwahati,Assam,East,Free,Organic
C01886,2025-11-24 03:32:43,33.0,Male,Mumbai,Maharashtra,West,Free,Organic
C01887,2025-11-26 21:34:47,24.0,Female,Bhubaneswar,Odisha,East,Free,Organic
C01888,2025-11-29 12:05:38,39.0,Male,Mumbai,Maharashtra,West,Free,Organic
C01889,2025-01-11 07:42:31,24.0,Female,Jaipur,Rajasthan,North,Basic,Organic
C01890,2025-08-19 21:56:21,,Female,Chennai,Tamil Nadu,South,Free,Organic
C01891,2025-11-06 01:33:55,54.0,Male,Guwahati,Assam,East,Free,Referral
C01892,2025-05-12 18:42:37,31.0,Male,Ahmedabad,Gujarat,West,Premium,Organic
C01893,2025-06-08 23:59:34,25.0,Male,Bengaluru,Karnataka,South,Free,Paid Ads
C01894,2025-05-08 20:53:50,46.0,Male,Bhubaneswar,Odisha,East,Basic,Organic
C01895,2025-03-19 06:41:49,24.0,Female,Lucknow,Uttar Pradesh,North,Free,Email
C01896,2025-06-30 05:28:58,55.0,Female,Lucknow,Uttar Pradesh,North,Basic,Organic
C01897,2025-02-05 16:26:20,39.0,Female,Lucknow,Uttar Pradesh,North,Free,Paid Ads
C01898,2025-09-18 21:06:28,34.0,Male,Guwahati,Assam,East,Free,Paid Ads
C01899,2025-02-27 16:58:12,33.0,Female,Mumbai,Maharashtra,West,Free,Social Media
C01900,2025-01-31 18:48:40,50.0,Female,Bengaluru,Karnataka,South,Premium,Paid Ads
C01901,2025-03-21 18:11:08,56.0,Female,Lucknow,Uttar Pradesh,North,Basic,Paid Ads
C01902,2025-08-08 03:44:34,52.0,Female,Guwahati,Assam,East,Free,Referral
C01903,2025-10-03 12:09:13,55.0,Male,Hyderabad,Telangana,South,Basic,Referral
C01904,2025-09-27 11:46:54,49.0,Male,Guwahati,Assam,East,Free,Organic
C01905,2025-08-09 02:03:31,20.0,Female,Lucknow,Uttar Pradesh,North,Premium,Paid Ads
C01906,2025-06-06 20:52:36,20.0,Female,Bhubaneswar,Odisha,East,Free,Email
C01907,2025-02-25 02:46:40,25.0,Male,Chennai,Tamil Nadu,South,Free,Paid Ads
C01908,2025-11-14 15:54:30,48.0,Female,Pune,Maharashtra,West,Free,Paid Ads
C01909,2025-06-09 08:44:07,26.0,Male,Pune,Maharashtra,West,Basic,Organic
C01910,2025-10-22 03:34:54,22.0,Male,Guwahati,Assam,East,Free,Social Media
C01911,2025-09-22 12:03:04,45.0,Female,Pune,Maharashtra,West,Free,Organic
C01912,2025-04-20 05:24:50,32.0,Male,Chennai,Tamil Nadu,South,Free,Organic
C01913,2025-05-25 02:47:13,44.0,Female,Bengaluru,Karnataka,South,Premium,Paid Ads
C01914,2025-06-17 18:38:28,59.0,Female,Pune,Maharashtra,West,Basic,Paid Ads
C01915,2025-02-01 06:39:08,48.0,Female,Pune,Maharashtra,West,Basic,Email
C01916,2025-11-11 17:08:40,57.0,Male,Lucknow,Uttar Pradesh,North,Basic,Organic
C01917,2025-05-22 23:57:46,35.0,Male,Chennai,Tamil Nadu,South,Basic,Paid Ads
C01918,2025-08-29 14:15:28,55.0,Male,Jaipur,Rajasthan,North,Free,Organic
C01919,2025-11-28 16:41:20,21.0,Female,Ahmedabad,Gujarat,West,Premium,Referral
C01920,2025-04-25 02:29:54,38.0,Male,Pune,Maharashtra,West,Free,Paid Ads
C01921,2025-04-09 23:57:45,59.0,Female,Lucknow,Uttar Pradesh,North,Basic,Referral
C01922,2025-03-05 09:22:26,40.0,Male,Bhubaneswar,Odisha,East,Basic,Paid Ads
C01923,2025-03-21 13:33:40,39.0,Female,Delhi,Delhi,North,Basic,Referral
C01924,2025-07-26 06:01:23,18.0,Female,Mumbai,Maharashtra,West,Premium,Paid Ads
C01925,2025-06-26 01:45:25,42.0,Female,Chennai,Tamil Nadu,South,Free,Paid Ads
C01926,2025-11-14 09:52:11,58.0,Female,Kolkata,West Bengal,East,Basic,Paid Ads
C01927,2025-05-04 12:39:03,45.0,Male,Lucknow,Uttar Pradesh,North,Basic,Paid Ads
C01928,2025-03-03 18:43:51,54.0,Male,Pune,Maharashtra,West,Free,Social Media
C01929,2025-11-21 22:50:22,28.0,Female,Lucknow,Uttar Pradesh,North,Free,Paid Ads
C01930,2025-04-06 17:45:14,39.0,Female,Kolkata,West Bengal,East,Premium,Email
C01931,2025-01-11 10:59:31,42.0,Male,Lucknow,Uttar Pradesh,North,Free,Organic
C01932,2025-07-09 02:00:00,38.0,Female,Delhi,Delhi,North,Free,Organic
C01933,2025-07-27 21:19:24,53.0,Female,Delhi,Delhi,North,Free,Paid Ads
C01934,2025-05-31 22:17:51,37.0,Male,Delhi,Delhi,North,Basic,Organic
C01935,2025-02-08 02:05:01,33.0,Male,Lucknow,Uttar Pradesh,North,Premium,Paid Ads
C01936,2025-11-04 11:41:58,45.0,Female,Bengaluru,Karnataka,South,Free,Organic
C01937,2025-04-25 00:56:37,,Male,Pune,Maharashtra,West,Basic,Social Media
C01938,2025-03-16 17:19:16,43.0,Male,Bengaluru,Karnataka,South,Free,Referral
C01939,2025-04-26 02:53:23,57.0,Male,Pune,Maharashtra,West,Free,Paid Ads
C01940,2025-09-12 13:38:29,19.0,Female,Bhubaneswar,Odisha,East,Premium,Social Media
C01941,2025-05-10 08:40:07,27.0,Female,Bhubaneswar,Odisha,East,Free,Organic
C01942,2025-06-17 05:10:13,30.0,Male,Pune,Maharashtra,West,Free,Social Media
C01943,2025-06-09 05:16:02,32.0,Male,Hyderabad,Telangana,South,Basic,Paid Ads
C01944,2025-03-21 11:29:28,26.0,Male,Jaipur,Rajasthan,North,Free,Organic
C01945,2025-06-07 15:29:06,44.0,Male,Bengaluru,Karnataka,South,Basic,Social Media
C01946,2025-05-26 11:15:47,25.0,Male,Jaipur,Rajasthan,North,Premium,Paid Ads
C01947,2025-01-04 09:39:56,23.0,Male,Mumbai,Maharashtra,West,Free,Referral
C01948,2025-03-11 21:50:44,53.0,Male,Guwahati,Assam,East,Free,Email
C01949,2025-06-22 22:06:50,41.0,Female,Pune,Maharashtra,West,Free,Email
C01950,2025-10-29 09:33:21,20.0,Male,Mumbai,Maharashtra,West,Free,Email
C01951,2025-09-12 02:07:06,43.0,Male,Guwahati,Assam,East,Free,Paid Ads
C01952,2025-11-03 07:22:17,53.0,Male,Guwahati,Assam,East,Premium,Social Media
C01953,2025-05-16 13:31:26,38.0,Female,Delhi,Delhi,North,Basic,Organic
C01954,2025-07-13 17:54:34,30.0,Male,Jaipur,Rajasthan,North,Free,Social Media
C01955,2025-10-22 15:37:13,28.0,Female,Hyderabad,Telangana,South,Premium,Paid Ads
C01956,2025-11-02 01:36:01,25.0,Female,Bengaluru,Karnataka,South,Free,Paid Ads
C01957,2025-01-18 18:33:41,31.0,Female,Jaipur,Rajasthan,North,Basic,Email
C01958,2025-10-29 04:28:46,50.0,Female,Ahmedabad,Gujarat,West,Free,Social Media
C01959,2025-08-06 00:16:41,19.0,Male,Delhi,Delhi,North,Free,Email
C01960,2025-10-01 13:54:47,18.0,Male,Hyderabad,Telangana,South,Basic,Paid Ads
C01961,2025-02-19 20:31:53,28.0,Female,Guwahati,Assam,East,Free,Organic
C01962,2025-09-15 03:18:07,23.0,Male,Mumbai,Maharashtra,West,Basic,Email
C01963,2025-07-12 11:26:01,49.0,Male,Hyderabad,Telangana,South,Free,Paid Ads
C01964,2025-09-12 16:25:16,32.0,Other,Mumbai,Maharashtra,West,Free,Email
C01965,2025-06-07 14:20:16,29.0,Female,Jaipur,Rajasthan,North,Basic,Social Media
C01966,2025-03-22 15:05:33,54.0,Female,Delhi,Delhi,North,Premium,Social Media
C01967,2025-07-29 20:47:49,46.0,Female,Bhubaneswar,Odisha,East,Free,Referral
C01968,2025-07-31 05:18:03,39.0,Female,Ahmedabad,Gujarat,West,Free,Social Media
C01969,2025-04-01 16:36:13,,Female,Mumbai,Maharashtra,West,Basic,Organic
C01970,2025-11-06 15:40:15,36.0,Male,Kolkata,West Bengal,East,Basic,Email
C01971,2025-02-25 06:05:36,22.0,Other,Kolkata,West Bengal,East,Basic,Organic
C01972,2025-04-05 02:22:15,52.0,Male,Bengaluru,Karnataka,South,Basic,Organic
C01973,2025-09-15 04:40:45,42.0,Female,Pune,Maharashtra,West,Premium,Paid Ads
C01974,2025-06-27 00:57:40,55.0,Male,Jaipur,Rajasthan,North,Free,Referral
C01975,2025-04-10 12:14:42,26.0,Male,Ahmedabad,Gujarat,West,Basic,Referral
C01976,2025-09-25 14:03:48,24.0,Female,Hyderabad,Telangana,South,Basic,Paid Ads
C01977,2025-06-01 03:45:50,35.0,Male,Ahmedabad,Gujarat,West,Basic,Social Media
C01978,2025-10-21 07:24:15,19.0,Female,Ahmedabad,Gujarat,West,Free,Social Media
C01979,2025-08-24 22:51:24,27.0,Female,Bengaluru,Karnataka,South,Basic,Referral
C01980,2025-05-22 09:49:36,19.0,Female,Chennai,Tamil Nadu,South,Basic,Paid Ads
C01981,2025-08-16 20:09:04,25.0,Male,Bhubaneswar,Odisha,East,Basic,Referral
C01982,2025-04-27 04:16:59,24.0,Male,Chennai,Tamil Nadu,South,Free,Social Media
C01983,2025-05-26 20:27:25,52.0,Female,Pune,Maharashtra,West,Basic,Email
C01984,2025-09-05 21:42:27,40.0,Male,Ahmedabad,Gujarat,West,Premium,Organic
C01985,2025-05-25 14:08:56,25.0,Male,Kolkata,West Bengal,East,Premium,Organic
C01986,2025-06-14 09:31:09,,Female,Bhubaneswar,Odisha,East,Basic,Organic
C01987,2025-04-01 23:43:36,50.0,Female,Delhi,Delhi,North,Basic,Paid Ads
C01988,2025-08-29 21:53:20,,Female,Mumbai,Maharashtra,West,Free,Paid Ads
C01989,2025-10-15 06:20:50,29.0,Male,Mumbai,Maharashtra,West,Free,Referral
C01990,2025-01-27 09:49:00,28.0,Female,Delhi,Delhi,North,Free,Referral
C01991,2025-10-14 07:25:31,47.0,Female,Chennai,Tamil Nadu,South,Basic,Paid Ads
C01992,2025-09-01 03:50:07,21.0,Female,Bhubaneswar,Odisha,East,Free,Organic
C01993,2025-08-24 00:33:39,51.0,Male,Jaipur,Rajasthan,North,Basic,Paid Ads
C01994,2025-02-19 00:25:53,40.0,Female,Guwahati,Assam,East,Basic,Organic
C01995,2025-01-29 23:48:38,49.0,Male,Jaipur,Rajasthan,North,Premium,Social Media
C01996,2025-09-21 18:35:14,20.0,Female,Lucknow,Uttar Pradesh,North,Basic,Paid Ads
C01997,2025-06-15 08:01:36,45.0,Female,Hyderabad,Telangana,South,Basic,Referral
C01998,2025-03-15 20:53:06,21.0,Female,Guwahati,Assam,East,Basic,Paid Ads
C01999,2025-11-22 05:18:27,29.0,Male,Bhubaneswar,Odisha,East,Free,Referral
C02000,2025-08-25 01:05:20,41.0,Female,Pune,Maharashtra,West,Free,Referral
C02001,2025-11-05 02:48:43,50.0,Male,Pune,Maharashtra,West,Free,Organic
C02002,2025-08-30 05:32:52,20.0,Male,Ahmedabad,Gujarat,West,Free,Referral
C02003,2025-02-28 17:55:59,21.0,Female,Hyderabad,Telangana,South,Premium,Organic
C02004,2025-02-24 05:19:50,47.0,Female,Mumbai,Maharashtra,West,Free,Paid Ads
C02005,2025-07-17 13:12:58,23.0,Male,Ahmedabad,Gujarat,West,Basic,Referral
C02006,2025-06-07 06:19:39,47.0,Male,Lucknow,Uttar Pradesh,North,Free,Referral
C02007,2025-04-17 10:27:51,25.0,Male,Pune,Maharashtra,West,Premium,Social Media
C02008,2025-09-15 03:12:12,35.0,Female,Bengaluru,Karnataka,South,Free,Organic
C02009,2025-05-24 19:35:53,33.0,Female,Kolkata,West Bengal,East,Free,Organic
C02010,2025-10-17 00:38:37,23.0,Female,Mumbai,Maharashtra,West,Free,Organic
C02011,2025-02-22 20:01:14,41.0,Male,Bhubaneswar,Odisha,East,Basic,Organic
C02012,2025-01-19 09:33:03,45.0,Other,Kolkata,West Bengal,East,Free,Paid Ads
C02013,2025-02-18 13:06:00,49.0,Female,Bengaluru,Karnataka,South,Premium,Paid Ads
C02014,2025-01-08 18:18:32,42.0,Female,Bhubaneswar,Odisha,East,Basic,Social Media
C02015,2025-05-25 00:15:11,45.0,Female,Delhi,Delhi,North,Free,Social Media
C02016,2025-08-04 23:20:44,38.0,Other,Ahmedabad,Gujarat,West,Free,Referral
C02017,2025-11-28 12:12:59,25.0,Female,Ahmedabad,Gujarat,West,Basic,Paid Ads
C02018,2025-03-12 13:59:45,53.0,Female,Hyderabad,Telangana,South,Free,Organic
C02019,2025-01-21 17:51:24,26.0,Male,Guwahati,Assam,East,Premium,Paid Ads
C02020,2025-03-29 23:54:57,57.0,Female,Lucknow,Uttar Pradesh,North,Free,Organic
C02021,2025-05-14 06:17:17,38.0,Female,Hyderabad,Telangana,South,Basic,Referral
C02022,2025-09-30 12:03:13,18.0,Female,Lucknow,Uttar Pradesh,North,Basic,Social Media
C02023,2025-08-19 13:16:37,21.0,Male,Hyderabad,Telangana,South,Basic,Paid Ads
C02024,2025-09-30 03:37:37,27.0,Male,Guwahati,Assam,East,Free,Organic
C02025,2025-10-27 09:29:00,43.0,Female,Pune,Maharashtra,West,Premium,Email
C02026,2025-05-11 05:08:23,57.0,Female,Pune,Maharashtra,West,Basic,Organic
C02027,2025-07-02 23:15:22,20.0,Female,Lucknow,Uttar Pradesh,North,Basic,Email
C02028,2025-05-19 12:17:15,26.0,Male,Chennai,Tamil Nadu,South,Basic,Social Media
C02029,2025-02-05 00:26:07,49.0,Male,Pune,Maharashtra,West,Basic,Paid Ads
C02030,2025-04-28 13:45:39,20.0,Male,Lucknow,Uttar Pradesh,North,Premium,Organic
C02031,2025-03-04 10:33:44,21.0,Male,Guwahati,Assam,East,Premium,Email
C02032,2025-07-28 16:39:51,,Male,Jaipur,Rajasthan,North,Free,Referral
C02033,2025-06-08 14:49:20,26.0,Female,Ahmedabad,Gujarat,West,Free,Organic
C02034,2025-11-12 09:24:07,43.0,Female,Hyderabad,Telangana,South,Premium,Paid Ads
C02035,2025-07-21 16:23:43,19.0,Male,Lucknow,Uttar Pradesh,North,Free,Referral
C02036,2025-07-30 08:18:24,19.0,Female,Ahmedabad,Gujarat,West,Premium,Organic
C02037,2025-02-27 06:25:50,38.0,Female,Bhubaneswar,Odisha,East,Basic,Organic
C02038,2025-07-25 18:49:57,39.0,Female,Kolkata,West Bengal,East,Free,Organic
C02039,2025-08-02 15:35:34,20.0,Female,Bhubaneswar,Odisha,East,Free,Organic
C02040,2025-04-26 06:47:37,52.0,Male,Mumbai,Maharashtra,West,Free,Organic
C02041,2025-02-17 05:21:32,55.0,Male,Bengaluru,Karnataka,South,Premium,Organic
C02042,2025-07-25 14:52:19,50.0,Male,Delhi,Delhi,North,Free,Organic
C02043,2025-05-07 06:28:39,32.0,Female,Jaipur,Rajasthan,North,Free,Organic
C02044,2025-08-06 10:17:35,28.0,Female,Bhubaneswar,Odisha,East,Premium,Email
C02045,2025-01-27 22:54:47,27.0,Male,Chennai,Tamil Nadu,South,Free,Referral
C02046,2025-08-20 10:24:45,53.0,Female,Jaipur,Rajasthan,North,Basic,Paid Ads
C02047,2025-05-14 02:26:21,31.0,Male,Bhubaneswar,Odisha,East,Basic,Referral
C02048,2025-09-14 18:02:53,19.0,Other,Delhi,Delhi,North,Free,Organic
C02049,2025-08-28 05:10:48,54.0,Male,Jaipur,Rajasthan,North,Free,Email
C02050,2025-01-25 11:26:37,46.0,Male,Kolkata,West Bengal,East,Free,Paid Ads
C02051,2025-07-27 14:54:13,52.0,Male,Pune,Maharashtra,West,Free,Paid Ads
C02052,2025-02-11 19:00:03,37.0,Male,Pune,Maharashtra,West,Free,Email
C02053,2025-07-30 04:16:49,38.0,Female,Guwahati,Assam,East,Basic,Social Media
C02054,2025-09-10 09:58:06,51.0,Male,Bengaluru,Karnataka,South,Basic,Paid Ads
C02055,2025-09-18 16:17:26,60.0,Female,Chennai,Tamil Nadu,South,Basic,Email
C02056,2025-04-28 03:56:15,50.0,Male,Jaipur,Rajasthan,North,Free,Social Media
C02057,2025-05-12 22:38:17,36.0,Male,Pune,Maharashtra,West,Free,Email
C02058,2025-06-14 13:04:50,25.0,Female,Ahmedabad,Gujarat,West,Free,Organic
C02059,2025-10-31 14:44:42,48.0,Female,Delhi,Delhi,North,Free,Email
C02060,2025-06-30 01:29:16,28.0,Male,Jaipur,Rajasthan,North,Premium,Referral
C02061,2025-05-29 01:28:43,25.0,Female,Bhubaneswar,Odisha,East,Free,Referral
C02062,2025-06-06 18:09:22,42.0,Female,Jaipur,Rajasthan,North,Free,Organic
C02063,2025-11-27 05:54:26,37.0,Male,Hyderabad,Telangana,South,Basic,Organic
C02064,2025-07-27 11:31:45,55.0,Female,Pune,Maharashtra,West,Basic,Organic
C02065,2025-06-24 07:35:59,24.0,Male,Kolkata,West Bengal,East,Premium,Paid Ads
C02066,2025-10-07 15:41:16,30.0,Male,Bengaluru,Karnataka,South,Free,Organic
C02067,2025-03-22 11:40:44,56.0,Female,Kolkata,West Bengal,East,Free,Organic
C02068,2025-11-13 22:28:50,60.0,Male,Mumbai,Maharashtra,West,Free,Email
C02069,2025-03-12 15:25:29,27.0,Male,Bhubaneswar,Odisha,East,Free,Social Media
C02070,2025-01-02 05:35:00,25.0,Male,Ahmedabad,Gujarat,West,Basic,Paid Ads
C02071,2025-05-24 10:56:11,59.0,Female,Lucknow,Uttar Pradesh,North,Premium,Social Media
C02072,2025-10-14 00:34:04,60.0,Female,Lucknow,Uttar Pradesh,North,Basic,Referral
C02073,2025-09-04 05:03:02,37.0,Male,Bhubaneswar,Odisha,East,Free,Organic
C02074,2025-08-06 01:30:16,34.0,Female,Hyderabad,Telangana,South,Free,Referral
C02075,2025-01-03 20:09:37,28.0,Male,Bengaluru,Karnataka,South,Premium,Referral
C02076,2025-03-09 01:42:33,33.0,Female,Chennai,Tamil Nadu,South,Free,Organic
C02077,2025-10-22 05:25:57,54.0,Female,Guwahati,Assam,East,Premium,Paid Ads
C02078,2025-09-04 17:13:41,59.0,Female,Mumbai,Maharashtra,West,Basic,Paid Ads
C02079,2025-01-24 01:07:38,49.0,Female,Bengaluru,Karnataka,South,Premium,Referral
C02080,2025-01-23 09:21:38,43.0,Female,Chennai,Tamil Nadu,South,Premium,Organic
C02081,2025-09-07 15:03:25,54.0,Male,Bhubaneswar,Odisha,East,Free,Social Media
C02082,2025-06-04 04:27:53,26.0,Female,Guwahati,Assam,East,Basic,Paid Ads
C02083,2025-06-22 22:23:56,52.0,Male,Ahmedabad,Gujarat,West,Free,Referral
C02084,2025-08-05 16:33:12,20.0,Male,Hyderabad,Telangana,South,Free,Email
C02085,2025-09-24 21:33:07,48.0,Male,Jaipur,Rajasthan,North,Free,Social Media
C02086,2025-09-15 05:20:36,59.0,Male,Ahmedabad,Gujarat,West,Free,Social Media
C02087,2025-01-10 16:10:15,24.0,Female,Guwahati,Assam,East,Free,Organic
C02088,2025-04-18 17:07:19,19.0,Female,Delhi,Delhi,North,Free,Social Media
C02089,2025-08-05 10:35:25,42.0,Male,Bengaluru,Karnataka,South,Basic,Referral
C02090,2025-05-21 09:16:39,57.0,Male,Mumbai,Maharashtra,West,Premium,Social Media
C02091,2025-02-03 04:42:29,29.0,Male,Hyderabad,Telangana,South,Basic,Social Media
C02092,2025-09-01 14:25:34,47.0,Female,Chennai,Tamil Nadu,South,Free,Paid Ads
C02093,2025-11-15 16:06:08,47.0,Male,Kolkata,West Bengal,East,Free,Referral
C02094,2025-04-04 15:06:39,46.0,Male,Jaipur,Rajasthan,North,Free,Organic
C02095,2025-03-30 03:52:10,58.0,Female,Ahmedabad,Gujarat,West,Basic,Paid Ads
C02096,2025-04-23 05:29:51,28.0,Female,Hyderabad,Telangana,South,Premium,Paid Ads
C02097,2025-09-27 20:35:39,40.0,Male,Delhi,Delhi,North,Free,Paid Ads
C02098,2025-09-30 05:10:29,34.0,Male,Jaipur,Rajasthan,North,Basic,Referral
C02099,2025-02-23 14:56:31,30.0,Female,Bengaluru,Karnataka,South,Basic,Social Media
C02100,2025-05-28 22:38:19,50.0,Male,Ahmedabad,Gujarat,West,Free,Referral
C02101,2025-04-12 10:06:02,18.0,Male,Chennai,Tamil Nadu,South,Free,Email
C02102,2025-07-09 08:02:30,57.0,Female,Delhi,Delhi,North,Basic,Social Media
C02103,2025-06-13 10:59:41,30.0,Female,Guwahati,Assam,East,Basic,Email
C02104,2025-03-26 10:10:16,55.0,Male,Delhi,Delhi,North,Free,Social Media
C02105,2025-05-13 03:19:55,20.0,Female,Chennai,Tamil Nadu,South,Free,Paid Ads
C02106,2025-07-08 09:35:19,33.0,Male,Pune,Maharashtra,West,Basic,Paid Ads
C02107,2025-02-03 06:32:06,59.0,Female,Chennai,Tamil Nadu,South,Free,Social Media
C02108,2025-08-02 22:06:41,24.0,Male,Chennai,Tamil Nadu,South,Basic,Referral
C02109,2025-04-25 13:39:58,20.0,Female,Pune,Maharashtra,West,Free,Referral
C02110,2025-01-02 01:12:01,31.0,Female,Bengaluru,Karnataka,South,Free,Social Media
C02111,2025-04-08 09:42:22,33.0,Other,Kolkata,West Bengal,East,Free,Social Media
C02112,2025-06-16 03:01:41,21.0,Female,Kolkata,West Bengal,East,Premium,Organic
C02113,2025-04-30 23:45:32,48.0,Male,Kolkata,West Bengal,East,Basic,Referral
C02114,2025-09-02 17:15:13,30.0,Male,Hyderabad,Telangana,South,Premium,Referral
C02115,2025-01-27 18:51:21,44.0,Male,Lucknow,Uttar Pradesh,North,Free,Organic
C02116,2025-02-21 11:23:31,18.0,Female,Kolkata,West Bengal,East,Premium,Email
C02117,2025-06-12 07:15:58,42.0,Female,Ahmedabad,Gujarat,West,Premium,Social Media
C02118,2025-04-26 17:41:29,54.0,Female,Lucknow,Uttar Pradesh,North,Free,Paid Ads
C02119,2025-04-12 21:31:30,28.0,Male,Bhubaneswar,Odisha,East,Premium,Paid Ads
C02120,2025-04-26 06:47:17,26.0,Female,Bengaluru,Karnataka,South,Premium,Referral
C02121,2025-10-02 14:00:27,24.0,Female,Hyderabad,Telangana,South,Premium,Organic
C02122,2025-10-15 12:15:55,31.0,Female,Ahmedabad,Gujarat,West,Premium,Paid Ads
C02123,2025-09-24 23:13:48,47.0,Female,Bengaluru,Karnataka,South,Basic,Paid Ads
C02124,2025-08-26 01:50:21,41.0,Female,Pune,Maharashtra,West,Premium,Social Media
C02125,2025-09-24 08:20:26,20.0,Female,Bengaluru,Karnataka,South,Free,Social Media
C02126,2025-04-22 11:28:53,56.0,Male,Jaipur,Rajasthan,North,Basic,Paid Ads
C02127,2025-10-21 04:46:25,44.0,Male,Lucknow,Uttar Pradesh,North,Free,Social Media
C02128,2025-02-15 19:50:44,18.0,Female,Bhubaneswar,Odisha,East,Basic,Email
C02129,2025-03-15 02:29:14,55.0,Male,Chennai,Tamil Nadu,South,Basic,Referral
C02130,2025-07-29 13:52:53,43.0,Female,Mumbai,Maharashtra,West,Basic,Organic
C02131,2025-06-21 23:32:40,23.0,Female,Guwahati,Assam,East,Premium,Social Media
C02132,2025-11-10 05:00:37,59.0,Female,Kolkata,West Bengal,East,Free,Paid Ads
C02133,2025-05-24 07:27:53,29.0,Male,Delhi,Delhi,North,Basic,Paid Ads
C02134,2025-01-22 15:02:44,55.0,Male,Lucknow,Uttar Pradesh,North,Free,Organic
C02135,2025-06-08 17:21:04,52.0,Male,Delhi,Delhi,North,Free,Paid Ads
C02136,2025-04-10 09:54:01,27.0,Male,Bengaluru,Karnataka,South,Basic,Paid Ads
C02137,2025-04-06 10:51:48,26.0,Other,Bhubaneswar,Odisha,East,Basic,Referral
C02138,2025-08-14 15:27:48,40.0,Male,Delhi,Delhi,North,Free,Organic
C02139,2025-09-15 05:10:45,47.0,Male,Guwahati,Assam,East,Free,Referral
C02140,2025-05-26 16:16:06,39.0,Male,Bengaluru,Karnataka,South,Free,Social Media
C02141,2025-11-30 12:37:32,26.0,Female,Chennai,Tamil Nadu,South,Basic,Organic
C02142,2025-01-22 16:57:16,36.0,Female,Delhi,Delhi,North,Basic,Social Media
C02143,2025-08-06 09:02:12,25.0,Male,Delhi,Delhi,North,Free,Organic
C02144,2025-08-27 16:34:13,,Female,Mumbai,Maharashtra,West,Basic,Referral
C02145,2025-04-18 07:06:59,22.0,Female,Pune,Maharashtra,West,Free,Paid Ads
C02146,2025-01-01 18:09:15,36.0,Male,Hyderabad,Telangana,South,Basic,Referral
C02147,2025-10-27 13:48:23,35.0,Female,Ahmedabad,Gujarat,West,Free,Paid Ads
C02148,2025-06-01 05:13:44,46.0,Male,Pune,Maharashtra,West,Premium,Organic
C02149,2025-07-26 20:27:29,36.0,Male,Pune,Maharashtra,West,Free,Organic
C02150,2025-07-21 13:28:59,23.0,Female,Bengaluru,Karnataka,South,Basic,Social Media
C02151,2025-03-03 21:45:46,22.0,Male,Ahmedabad,Gujarat,West,Basic,Referral
C02152,2025-06-30 17:05:55,60.0,Male,Bhubaneswar,Odisha,East,Free,Email
C02153,2025-06-10 17:14:07,22.0,Male,Lucknow,Uttar Pradesh,North,Free,Social Media
C02154,2025-09-22 04:47:19,25.0,Male,Bengaluru,Karnataka,South,Free,Social Media
C02155,2025-01-14 10:34:31,44.0,Female,Bhubaneswar,Odisha,East,Basic,Referral
C02156,2025-02-16 03:23:58,54.0,Male,Guwahati,Assam,East,Free,Organic
C02157,2025-06-21 19:54:16,60.0,Male,Guwahati,Assam,East,Basic,Email
C02158,2025-01-19 07:20:02,55.0,Female,Mumbai,Maharashtra,West,Basic,Organic
C02159,2025-10-29 05:21:20,54.0,Male,Pune,Maharashtra,West,Free,Paid Ads
C02160,2025-03-12 12:05:44,35.0,Male,Lucknow,Uttar Pradesh,North,Free,Social Media
C02161,2025-05-06 15:38:24,43.0,Male,Delhi,Delhi,North,Premium,Paid Ads
C02162,2025-10-22 08:50:42,59.0,Male,Lucknow,Uttar Pradesh,North,Free,Organic
C02163,2025-01-25 22:56:18,33.0,Male,Mumbai,Maharashtra,West,Free,Paid Ads
C02164,2025-07-14 22:40:40,39.0,Male,Hyderabad,Telangana,South,Basic,Email
C02165,2025-02-06 23:58:22,40.0,Male,Ahmedabad,Gujarat,West,Free,Email
C02166,2025-10-05 21:32:00,20.0,Female,Bengaluru,Karnataka,South,Free,Referral
C02167,2025-05-05 11:05:26,20.0,Male,Jaipur,Rajasthan,North,Free,Email
C02168,2025-04-12 06:01:58,29.0,Female,Kolkata,West Bengal,East,Premium,Organic
C02169,2025-11-21 07:26:54,40.0,Male,Jaipur,Rajasthan,North,Free,Organic
C02170,2025-09-01 04:18:54,28.0,Female,Ahmedabad,Gujarat,West,Premium,Paid Ads
C02171,2025-09-07 20:56:32,59.0,Female,Lucknow,Uttar Pradesh,North,Free,Organic
C02172,2025-04-17 01:01:48,46.0,Male,Kolkata,West Bengal,East,Free,Paid Ads
C02173,2025-02-22 17:11:21,23.0,Female,Kolkata,West Bengal,East,Premium,Organic
C02174,2025-09-02 21:56:25,33.0,Female,Chennai,Tamil Nadu,South,Free,Paid Ads
C02175,2025-03-18 02:31:05,51.0,Male,Bhubaneswar,Odisha,East,Free,Organic
C02176,2025-10-09 12:13:48,54.0,Other,Chennai,Tamil Nadu,South,Free,Organic
C02177,2025-04-01 17:36:25,28.0,Male,Mumbai,Maharashtra,West,Premium,Social Media
C02178,2025-07-25 12:52:49,,Male,Lucknow,Uttar Pradesh,North,Free,Organic
C02179,2025-09-01 05:22:26,42.0,Female,Delhi,Delhi,North,Basic,Organic
C02180,2025-10-20 07:14:21,36.0,Male,Lucknow,Uttar Pradesh,North,Basic,Organic
C02181,2025-08-24 19:49:27,49.0,Female,Mumbai,Maharashtra,West,Free,Social Media
C02182,2025-06-27 19:18:10,25.0,Female,Kolkata,West Bengal,East,Free,Referral
C02183,2025-10-11 19:54:40,29.0,Female,Bhubaneswar,Odisha,East,Premium,Referral
C02184,2025-06-08 01:41:03,58.0,Male,Ahmedabad,Gujarat,West,Basic,Organic
C02185,2025-01-11 22:56:24,52.0,Other,Delhi,Delhi,North,Basic,Paid Ads
C02186,2025-02-26 22:41:27,23.0,Male,Bengaluru,Karnataka,South,Free,Organic
C02187,2025-09-19 03:42:38,38.0,Male,Hyderabad,Telangana,South,Free,Paid Ads
C02188,2025-06-25 01:37:59,43.0,Female,Bengaluru,Karnataka,South,Basic,Referral
C02189,2025-05-12 09:58:53,18.0,Female,Hyderabad,Telangana,South,Basic,Social Media
C02190,2025-07-20 10:19:48,34.0,Male,Jaipur,Rajasthan,North,Basic,Organic
C02191,2025-06-01 23:33:22,52.0,Female,Pune,Maharashtra,West,Free,Social Media
C02192,2025-07-09 04:07:59,44.0,Male,Hyderabad,Telangana,South,Premium,Organic
C02193,2025-10-23 19:37:52,19.0,Female,Jaipur,Rajasthan,North,Free,Paid Ads
C02194,2025-08-18 08:07:24,53.0,Female,Lucknow,Uttar Pradesh,North,Free,Organic
C02195,2025-04-13 09:46:17,18.0,Female,Kolkata,West Bengal,East,Premium,Email
C02196,2025-02-11 11:55:48,27.0,Male,Mumbai,Maharashtra,West,Basic,Organic
C02197,2025-08-01 00:51:22,48.0,Female,Ahmedabad,Gujarat,West,Free,Referral
C02198,2025-09-12 22:26:45,,Male,Bengaluru,Karnataka,South,Basic,Organic
C02199,2025-06-29 19:13:42,22.0,Female,Jaipur,Rajasthan,North,Free,Paid Ads
C02200,2025-11-24 18:29:38,58.0,Male,Mumbai,Maharashtra,West,Free,Paid Ads
C02201,2025-04-09 17:56:54,30.0,Male,Bengaluru,Karnataka,South,Basic,Organic
C02202,2025-10-14 22:45:01,41.0,Male,Guwahati,Assam,East,Free,Social Media
C02203,2025-02-07 19:39:28,44.0,Male,Pune,Maharashtra,West,Free,Social Media
C02204,2025-02-14 00:59:02,18.0,Female,Kolkata,West Bengal,East,Free,Organic
C02205,2025-06-28 21:39:28,37.0,Male,Delhi,Delhi,North,Free,Referral
C02206,2025-11-30 17:06:20,25.0,Female,Hyderabad,Telangana,South,Free,Paid Ads
C02207,2025-11-08 04:17:30,20.0,Female,Ahmedabad,Gujarat,West,Premium,Social Media
C02208,2025-04-07 14:34:40,49.0,Male,Chennai,Tamil Nadu,South,Basic,Referral
C02209,2025-10-14 10:18:41,42.0,Female,Mumbai,Maharashtra,West,Free,Organic
C02210,2025-07-29 12:45:05,42.0,Female,Hyderabad,Telangana,South,Basic,Social Media
C02211,2025-06-06 15:04:03,31.0,Female,Lucknow,Uttar Pradesh,North,Basic,Organic
C02212,2025-01-11 19:28:32,60.0,Female,Hyderabad,Telangana,South,Basic,Organic
C02213,2025-02-07 10:33:07,44.0,Male,Bhubaneswar,Odisha,East,Free,Social Media
C02214,2025-09-15 06:12:17,49.0,Female,Hyderabad,Telangana,South,Free,Organic
C02215,2025-03-28 01:58:27,44.0,Male,Jaipur,Rajasthan,North,Premium,Organic
C02216,2025-02-26 02:57:19,21.0,Male,Pune,Maharashtra,West,Free,Paid Ads
C02217,2025-04-15 10:32:24,56.0,Female,Bengaluru,Karnataka,South,Free,Social Media
C02218,2025-01-25 13:21:12,28.0,Male,Mumbai,Maharashtra,West,Basic,Organic
C02219,2025-09-18 07:25:36,20.0,Female,Chennai,Tamil Nadu,South,Free,Paid Ads
C02220,2025-05-26 20:44:06,42.0,Male,Kolkata,West Bengal,East,Premium,Organic
C02221,2025-04-30 03:09:39,,Male,Delhi,Delhi,North,Premium,Paid Ads
C02222,2025-02-03 23:02:19,,Male,Lucknow,Uttar Pradesh,North,Basic,Referral
C02223,2025-10-22 03:56:36,25.0,Female,Kolkata,West Bengal,East,Premium,Paid Ads
C02224,2025-11-09 16:44:49,56.0,Male,Pune,Maharashtra,West,Free,Social Media
C02225,2025-10-02 22:57:06,48.0,Male,Kolkata,West Bengal,East,Basic,Referral
C02226,2025-01-15 18:35:02,34.0,Female,Ahmedabad,Gujarat,West,Basic,Paid Ads
C02227,2025-06-24 20:39:24,60.0,Male,Pune,Maharashtra,West,Free,Paid Ads
C02228,2025-10-11 06:02:22,48.0,Male,Delhi,Delhi,North,Premium,Referral
C02229,2025-03-05 17:06:14,21.0,Female,Pune,Maharashtra,West,Premium,Paid Ads
C02230,2025-07-24 19:59:39,21.0,Female,Mumbai,Maharashtra,West,Premium,Social Media
C02231,2025-05-17 23:52:00,54.0,Male,Lucknow,Uttar Pradesh,North,Basic,Email
C02232,2025-01-02 07:37:07,25.0,Female,Kolkata,West Bengal,East,Free,Referral
C02233,2025-11-19 18:48:56,59.0,Male,Chennai,Tamil Nadu,South,Free,Email
C02234,2025-07-20 17:33:28,23.0,Male,Chennai,Tamil Nadu,South,Free,Referral
C02235,2025-05-19 19:34:49,26.0,Female,Jaipur,Rajasthan,North,Free,Organic
C02236,2025-01-10 19:13:31,59.0,Female,Delhi,Delhi,North,Free,Paid Ads
C02237,2025-01-08 20:47:58,25.0,Male,Bengaluru,Karnataka,South,Basic,Organic
C02238,2025-03-09 16:29:15,49.0,Male,Kolkata,West Bengal,East,Basic,Paid Ads
C02239,2025-01-17 11:04:41,32.0,Male,Guwahati,Assam,East,Free,Paid Ads
C02240,2025-02-03 10:27:38,35.0,Male,Guwahati,Assam,East,Basic,Organic
C02241,2025-08-18 06:48:18,40.0,Female,Hyderabad,Telangana,South,Free,Paid Ads
C02242,2025-01-30 07:53:22,22.0,Female,Bhubaneswar,Odisha,East,Basic,Paid Ads
C02243,2025-01-23 08:31:10,44.0,Male,Jaipur,Rajasthan,North,Premium,Organic
C02244,2025-04-07 07:40:37,50.0,Female,Chennai,Tamil Nadu,South,Basic,Organic
C02245,2025-07-23 01:07:28,19.0,Female,Chennai,Tamil Nadu,South,Free,Social Media
C02246,2025-01-02 08:58:44,59.0,Male,Jaipur,Rajasthan,North,Free,Paid Ads
C02247,2025-06-12 13:50:14,55.0,Female,Kolkata,West Bengal,East,Basic,Social Media
C02248,2025-02-06 05:00:22,45.0,Female,Chennai,Tamil Nadu,South,Basic,Email
C02249,2025-01-23 21:19:43,41.0,Male,Delhi,Delhi,North,Premium,Social Media
C02250,2025-05-02 22:09:12,38.0,Female,Guwahati,Assam,East,Free,Paid Ads
C02251,2025-06-14 13:14:08,48.0,Female,Guwahati,Assam,East,Free,Social Media
C02252,2025-03-17 15:20:02,28.0,Male,Hyderabad,Telangana,South,Free,Organic
C02253,2025-03-03 12:03:04,45.0,Male,Lucknow,Uttar Pradesh,North,Basic,Referral
C02254,2025-03-12 19:32:55,57.0,Female,Hyderabad,Telangana,South,Basic,Paid Ads
C02255,2025-05-14 11:42:41,21.0,Female,Chennai,Tamil Nadu,South,Free,Referral
C02256,2025-10-22 19:55:03,60.0,Female,Jaipur,Rajasthan,North,Free,Social Media
C02257,2025-02-18 19:19:51,59.0,Male,Jaipur,Rajasthan,North,Basic,Referral
C02258,2025-05-20 23:46:57,33.0,Female,Ahmedabad,Gujarat,West,Premium,Referral
C02259,2025-01-14 00:21:43,29.0,Male,Ahmedabad,Gujarat,West,Free,Organic
C02260,2025-02-09 13:22:26,39.0,Male,Mumbai,Maharashtra,West,Free,Referral
C02261,2025-09-10 11:06:14,,Male,Chennai,Tamil Nadu,South,Free,Paid Ads
C02262,2025-05-15 02:58:04,60.0,Female,Lucknow,Uttar Pradesh,North,Free,Paid Ads
C02263,2025-03-28 01:33:39,33.0,Male,Hyderabad,Telangana,South,Basic,Paid Ads
C02264,2025-07-27 12:49:34,41.0,Male,Ahmedabad,Gujarat,West,Free,Paid Ads
C02265,2025-07-28 23:36:26,52.0,Male,Delhi,Delhi,North,Basic,Paid Ads
C02266,2025-05-19 16:20:53,45.0,Male,Lucknow,Uttar Pradesh,North,Premium,Referral
C02267,2025-10-30 12:20:40,59.0,Male,Delhi,Delhi,North,Free,Referral
C02268,2025-01-31 15:49:46,46.0,Female,Delhi,Delhi,North,Premium,Organic
C02269,2025-08-05 18:17:03,38.0,Female,Bhubaneswar,Odisha,East,Premium,Organic
C02270,2025-01-26 10:32:36,42.0,Female,Lucknow,Uttar Pradesh,North,Free,Referral
C02271,2025-09-30 08:08:11,56.0,Male,Kolkata,West Bengal,East,Free,Social Media
C02272,2025-07-11 20:52:48,48.0,Male,Ahmedabad,Gujarat,West,Premium,Organic
C02273,2025-03-24 13:24:34,32.0,Female,Pune,Maharashtra,West,Basic,Paid Ads
C02274,2025-06-15 20:19:54,59.0,Male,Jaipur,Rajasthan,North,Free,Social Media
C02275,2025-07-20 13:07:04,52.0,Female,Bengaluru,Karnataka,South,Free,Organic
C02276,2025-07-05 13:50:07,55.0,Female,Jaipur,Rajasthan,North,Basic,Organic
C02277,2025-01-18 02:56:34,39.0,Female,Jaipur,Rajasthan,North,Free,Email
C02278,2025-05-15 06:36:58,22.0,Male,Pune,Maharashtra,West,Basic,Organic
C02279,2025-04-08 06:20:58,30.0,Male,Lucknow,Uttar Pradesh,North,Basic,Referral
C02280,2025-11-04 18:04:57,49.0,Male,Guwahati,Assam,East,Premium,Paid Ads
C02281,2025-03-04 19:01:07,20.0,Female,Mumbai,Maharashtra,West,Basic,Organic
C02282,2025-03-06 07:39:48,32.0,Female,Mumbai,Maharashtra,West,Basic,Organic
C02283,2025-08-21 01:50:14,44.0,Female,Pune,Maharashtra,West,Basic,Paid Ads
C02284,2025-05-16 04:44:08,44.0,Male,Bhubaneswar,Odisha,East,Free,Social Media
C02285,2025-05-26 02:50:04,47.0,Female,Kolkata,West Bengal,East,Basic,Organic
C02286,2025-04-08 06:08:12,23.0,Female,Pune,Maharashtra,West,Basic,Referral
C02287,2025-08-14 05:19:42,42.0,Male,Bengaluru,Karnataka,South,Premium,Referral
C02288,2025-01-17 17:26:55,45.0,Male,Ahmedabad,Gujarat,West,Basic,Paid Ads
C02289,2025-03-03 00:17:37,39.0,Female,Pune,Maharashtra,West,Basic,Referral
C02290,2025-02-26 00:34:19,21.0,Female,Bhubaneswar,Odisha,East,Free,Organic
C02291,2025-09-09 19:34:47,32.0,Male,Jaipur,Rajasthan,North,Premium,Paid Ads
C02292,2025-04-24 15:06:15,43.0,Male,Ahmedabad,Gujarat,West,Free,Referral
C02293,2025-07-17 21:31:00,35.0,Female,Guwahati,Assam,East,Premium,Paid Ads
C02294,2025-08-05 09:33:50,26.0,Male,Jaipur,Rajasthan,North,Free,Paid Ads
C02295,2025-06-07 00:58:04,21.0,Male,Kolkata,West Bengal,East,Free,Social Media
C02296,2025-01-28 09:02:42,22.0,Female,Guwahati,Assam,East,Premium,Referral
C02297,2025-10-15 16:29:44,23.0,Female,Bhubaneswar,Odisha,East,Basic,Referral
C02298,2025-06-04 15:02:19,29.0,Female,Bhubaneswar,Odisha,East,Basic,Email
C02299,2025-03-06 22:09:26,48.0,Male,Guwahati,Assam,East,Free,Email
C02300,2025-11-17 18:21:20,26.0,Female,Mumbai,Maharashtra,West,Premium,Referral
C02301,2025-11-24 18:42:15,24.0,Female,Chennai,Tamil Nadu,South,Basic,Paid Ads
C02302,2025-11-28 03:42:33,46.0,Female,Delhi,Delhi,North,Free,Social Media
C02303,2025-11-02 04:27:56,31.0,Male,Delhi,Delhi,North,Premium,Organic
C02304,2025-09-16 04:53:24,37.0,Male,Ahmedabad,Gujarat,West,Basic,Paid Ads
C02305,2025-02-22 06:57:57,49.0,Male,Chennai,Tamil Nadu,South,Free,Paid Ads
C02306,2025-01-20 05:27:37,39.0,Female,Pune,Maharashtra,West,Basic,Email
C02307,2025-05-01 11:43:19,53.0,Female,Kolkata,West Bengal,East,Basic,Email
C02308,2025-08-10 22:14:34,35.0,Male,Lucknow,Uttar Pradesh,North,Premium,Social Media
C02309,2025-11-14 12:10:21,57.0,Male,Guwahati,Assam,East,Free,Paid Ads
C02310,2025-08-31 11:52:29,42.0,Male,Ahmedabad,Gujarat,West,Basic,Referral
C02311,2025-06-06 03:25:54,48.0,Male,Mumbai,Maharashtra,West,Basic,Paid Ads
C02312,2025-09-29 20:19:40,52.0,Female,Bengaluru,Karnataka,South,Free,Social Media
C02313,2025-06-26 15:39:32,43.0,Female,Pune,Maharashtra,West,Free,Social Media
C02314,2025-02-01 07:04:15,21.0,Male,Lucknow,Uttar Pradesh,North,Basic,Social Media
C02315,2025-09-02 15:45:55,59.0,Male,Bengaluru,Karnataka,South,Basic,Organic
C02316,2025-06-29 23:01:49,37.0,Male,Guwahati,Assam,East,Basic,Paid Ads
C02317,2025-02-26 15:49:04,51.0,Female,Mumbai,Maharashtra,West,Basic,Paid Ads
C02318,2025-10-26 17:12:04,29.0,Male,Pune,Maharashtra,West,Basic,Organic
C02319,2025-04-27 21:15:37,33.0,Other,Ahmedabad,Gujarat,West,Basic,Paid Ads
C02320,2025-05-15 21:22:14,59.0,Female,Mumbai,Maharashtra,West,Free,Organic
C02321,2025-11-18 23:59:12,22.0,Female,Hyderabad,Telangana,South,Free,Email
C02322,2025-11-20 09:03:15,52.0,Female,Delhi,Delhi,North,Basic,Social Media
C02323,2025-03-26 15:33:09,44.0,Female,Delhi,Delhi,North,Basic,Referral
C02324,2025-10-23 23:13:14,18.0,Male,Mumbai,Maharashtra,West,Basic,Organic
C02325,2025-01-03 10:06:16,51.0,Female,Hyderabad,Telangana,South,Basic,Paid Ads
C02326,2025-04-28 07:59:19,60.0,Female,Bengaluru,Karnataka,South,Basic,Organic
C02327,2025-07-29 09:49:53,49.0,Male,Chennai,Tamil Nadu,South,Free,Paid Ads
C02328,2025-09-27 22:07:22,56.0,Male,Guwahati,Assam,East,Basic,Social Media
C02329,2025-08-02 08:18:26,50.0,Male,Jaipur,Rajasthan,North,Free,Organic
C02330,2025-07-17 22:10:36,48.0,Male,Bhubaneswar,Odisha,East,Basic,Organic
C02331,2025-03-25 19:35:00,30.0,Male,Ahmedabad,Gujarat,West,Basic,Organic
C02332,2025-06-22 16:49:14,19.0,Female,Kolkata,West Bengal,East,Basic,Referral
C02333,2025-05-01 03:00:06,47.0,Female,Jaipur,Rajasthan,North,Free,Email
C02334,2025-07-24 21:03:14,27.0,Female,Lucknow,Uttar Pradesh,North,Free,Social Media
C02335,2025-04-10 02:20:11,40.0,Female,Kolkata,West Bengal,East,Free,Paid Ads
C02336,2025-10-27 01:03:21,50.0,Female,Ahmedabad,Gujarat,West,Basic,Organic
C02337,2025-01-24 12:53:41,56.0,Other,Ahmedabad,Gujarat,West,Free,Social Media
C02338,2025-06-24 15:04:42,46.0,Male,Ahmedabad,Gujarat,West,Free,Organic
C02339,2025-04-20 09:19:31,47.0,Female,Kolkata,West Bengal,East,Premium,Paid Ads
C02340,2025-02-13 01:18:51,51.0,Male,Pune,Maharashtra,West,Free,Paid Ads
C02341,2025-09-16 05:16:24,56.0,Female,Jaipur,Rajasthan,North,Free,Paid Ads
C02342,2025-04-04 05:07:13,34.0,Female,Guwahati,Assam,East,Basic,Paid Ads
C02343,2025-06-03 07:50:16,39.0,Female,Guwahati,Assam,East,Basic,Social Media
C02344,2025-11-28 23:31:54,22.0,Male,Mumbai,Maharashtra,West,Basic,Organic
C02345,2025-09-01 04:06:19,28.0,Male,Hyderabad,Telangana,South,Basic,Social Media
C02346,2025-08-21 13:37:23,39.0,Male,Lucknow,Uttar Pradesh,North,Free,Social Media
C02347,2025-09-07 03:35:49,49.0,Male,Lucknow,Uttar Pradesh,North,Free,Paid Ads
C02348,2025-11-08 19:16:15,41.0,Female,Pune,Maharashtra,West,Free,Organic
C02349,2025-08-02 20:15:57,28.0,Male,Lucknow,Uttar Pradesh,North,Free,Referral
C02350,2025-01-18 11:52:06,28.0,Female,Bhubaneswar,Odisha,East,Basic,Social Media
C02351,2025-10-14 01:36:03,34.0,Male,Delhi,Delhi,North,Free,Organic
C02352,2025-01-09 23:01:11,49.0,Female,Bengaluru,Karnataka,South,Basic,Social Media
C02353,2025-05-12 18:39:24,36.0,Male,Jaipur,Rajasthan,North,Basic,Referral
C02354,2025-09-28 20:09:17,44.0,Male,Chennai,Tamil Nadu,South,Free,Email
C02355,2025-10-26 03:21:29,49.0,Female,Jaipur,Rajasthan,North,Free,Social Media
C02356,2025-11-24 17:18:15,42.0,Female,Bhubaneswar,Odisha,East,Free,Organic
C02357,2025-01-12 22:27:12,45.0,Male,Hyderabad,Telangana,South,Free,Paid Ads
C02358,2025-09-20 12:17:27,57.0,Female,Bhubaneswar,Odisha,East,Basic,Organic
C02359,2025-11-27 11:19:21,,Female,Jaipur,Rajasthan,North,Basic,Organic
C02360,2025-06-29 15:54:51,31.0,Female,Bhubaneswar,Odisha,East,Basic,Referral
C02361,2025-06-22 02:59:30,,Female,Guwahati,Assam,East,Basic,Email
C02362,2025-11-15 21:56:15,56.0,Female,Ahmedabad,Gujarat,West,Free,Email
C02363,2025-03-17 22:08:36,19.0,Female,Ahmedabad,Gujarat,West,Basic,Organic
C02364,2025-02-10 02:02:37,34.0,Female,Mumbai,Maharashtra,West,Basic,Organic
C02365,2025-04-07 08:10:33,18.0,Female,Lucknow,Uttar Pradesh,North,Free,Referral
C02366,2025-04-15 16:52:55,49.0,Female,Bhubaneswar,Odisha,East,Premium,Organic
C02367,2025-10-01 20:03:01,36.0,Female,Guwahati,Assam,East,Free,Organic
C02368,2025-09-09 10:36:51,31.0,Male,Lucknow,Uttar Pradesh,North,Basic,Social Media
C02369,2025-10-13 02:02:54,,Male,Pune,Maharashtra,West,Basic,Social Media
C02370,2025-08-21 23:51:17,35.0,Female,Lucknow,Uttar Pradesh,North,Premium,Email
C02371,2025-09-03 06:00:22,31.0,Female,Delhi,Delhi,North,Premium,Paid Ads
C02372,2025-04-22 09:15:00,31.0,Male,Hyderabad,Telangana,South,Premium,Referral
C02373,2025-09-04 19:16:25,41.0,Male,Delhi,Delhi,North,Basic,Social Media
C02374,2025-07-10 15:26:21,22.0,Female,Mumbai,Maharashtra,West,Basic,Organic
C02375,2025-05-25 00:47:19,33.0,Male,Delhi,Delhi,North,Free,Social Media
C02376,2025-09-03 06:16:15,22.0,Male,Pune,Maharashtra,West,Free,Organic
C02377,2025-10-05 09:26:14,30.0,Male,Ahmedabad,Gujarat,West,Premium,Social Media
C02378,2025-06-25 16:16:39,33.0,Female,Bengaluru,Karnataka,South,Free,Social Media
C02379,2025-11-08 07:06:38,32.0,Male,Mumbai,Maharashtra,West,Free,Paid Ads
C02380,2025-05-27 20:18:59,48.0,Female,Hyderabad,Telangana,South,Free,Social Media
C02381,2025-06-15 20:09:11,22.0,Female,Chennai,Tamil Nadu,South,Free,Organic
C02382,2025-07-28 05:47:40,38.0,Female,Chennai,Tamil Nadu,South,Free,Referral
C02383,2025-11-08 21:16:21,47.0,Male,Bengaluru,Karnataka,South,Free,Referral
C02384,2025-11-09 15:46:10,40.0,Male,Pune,Maharashtra,West,Free,Referral
C02385,2025-07-01 18:33:00,55.0,Female,Ahmedabad,Gujarat,West,Free,Email
C02386,2025-05-09 18:03:51,46.0,Female,Jaipur,Rajasthan,North,Free,Organic
C02387,2025-08-23 09:05:58,30.0,Male,Ahmedabad,Gujarat,West,Premium,Paid Ads
C02388,2025-09-24 08:42:49,49.0,Male,Delhi,Delhi,North,Basic,Email
C02389,2025-08-30 11:32:20,59.0,Female,Lucknow,Uttar Pradesh,North,Basic,Referral
C02390,2025-07-26 03:26:02,44.0,Female,Delhi,Delhi,North,Basic,Social Media
C02391,2025-05-12 02:26:11,51.0,Male,Ahmedabad,Gujarat,West,Free,Paid Ads
C02392,2025-03-11 14:56:48,50.0,Male,Guwahati,Assam,East,Premium,Social Media
C02393,2025-10-06 21:14:33,21.0,Male,Pune,Maharashtra,West,Premium,Social Media
C02394,2025-04-10 04:33:38,35.0,Male,Guwahati,Assam,East,Free,Social Media
C02395,2025-03-03 23:54:25,23.0,Male,Bengaluru,Karnataka,South,Free,Social Media
C02396,2025-10-12 10:23:35,45.0,Female,Ahmedabad,Gujarat,West,Basic,Organic
C02397,2025-11-27 14:30:21,44.0,Female,Kolkata,West Bengal,East,Free,Paid Ads
C02398,2025-08-31 16:32:11,43.0,Male,Kolkata,West Bengal,East,Premium,Organic
C02399,2025-03-01 05:40:36,37.0,Female,Lucknow,Uttar Pradesh,North,Basic,Organic
C02400,2025-05-16 19:22:55,30.0,Female,Jaipur,Rajasthan,North,Free,Paid Ads
C02401,2025-09-03 05:04:20,45.0,Female,Ahmedabad,Gujarat,West,Free,Email
C02402,2025-06-22 07:28:47,51.0,Other,Guwahati,Assam,East,Basic,Referral
C02403,2025-09-07 01:48:46,40.0,Female,Pune,Maharashtra,West,Free,Social Media
C02404,2025-03-06 09:24:42,27.0,Female,Mumbai,Maharashtra,West,Premium,Email
C02405,2025-03-19 12:41:07,47.0,Male,Lucknow,Uttar Pradesh,North,Free,Organic
C02406,2025-05-18 18:12:16,39.0,Male,Jaipur,Rajasthan,North,Premium,Organic
C02407,2025-04-03 00:11:44,22.0,Female,Pune,Maharashtra,West,Free,Organic
C02408,2025-05-13 14:43:08,26.0,Female,Kolkata,West Bengal,East,Basic,Referral
C02409,2025-06-03 04:39:49,60.0,Male,Chennai,Tamil Nadu,South,Free,Organic
C02410,2025-02-18 01:02:06,,Female,Mumbai,Maharashtra,West,Free,Social Media
C02411,2025-05-14 18:01:23,59.0,Male,Lucknow,Uttar Pradesh,North,Basic,Organic
C02412,2025-03-23 19:43:15,18.0,Female,Bhubaneswar,Odisha,East,Free,Organic
C02413,2025-09-27 13:01:54,51.0,Male,Ahmedabad,Gujarat,West,Free,Paid Ads
C02414,2025-03-16 21:11:41,58.0,Female,Bhubaneswar,Odisha,East,Free,Referral
C02415,2025-04-28 04:15:04,43.0,Male,Pune,Maharashtra,West,Free,Email
C02416,2025-03-02 19:29:22,35.0,Other,Hyderabad,Telangana,South,Basic,Email
C02417,2025-07-06 23:41:27,33.0,Male,Pune,Maharashtra,West,Basic,Email
C02418,2025-04-20 22:57:37,40.0,Other,Guwahati,Assam,East,Free,Organic
C02419,2025-10-22 01:55:44,53.0,Male,Guwahati,Assam,East,Free,Referral
C02420,2025-09-18 04:03:54,43.0,Female,Mumbai,Maharashtra,West,Free,Paid Ads
C02421,2025-09-28 15:28:36,19.0,Male,Guwahati,Assam,East,Premium,Organic
C02422,2025-02-15 18:04:49,22.0,Female,Kolkata,West Bengal,East,Premium,Referral
C02423,2025-04-01 19:50:50,46.0,Female,Lucknow,Uttar Pradesh,North,Basic,Paid Ads
C02424,2025-10-16 06:12:32,21.0,Female,Pune,Maharashtra,West,Premium,Paid Ads
C02425,2025-01-04 19:34:09,52.0,Male,Ahmedabad,Gujarat,West,Basic,Organic
C02426,2025-03-18 03:31:00,39.0,Female,Chennai,Tamil Nadu,South,Free,Email
C02427,2025-11-23 07:12:30,25.0,Male,Kolkata,West Bengal,East,Free,Social Media
C02428,2025-04-12 10:55:58,38.0,Male,Chennai,Tamil Nadu,South,Free,Organic
C02429,2025-08-29 18:41:44,25.0,Male,Ahmedabad,Gujarat,West,Free,Email
C02430,2025-10-02 15:02:29,22.0,Male,Chennai,Tamil Nadu,South,Basic,Email
C02431,2025-03-10 05:00:43,38.0,Female,Delhi,Delhi,North,Basic,Social Media
C02432,2025-09-12 17:40:03,44.0,Male,Chennai,Tamil Nadu,South,Basic,Referral
C02433,2025-10-14 17:39:42,55.0,Male,Chennai,Tamil Nadu,South,Free,Paid Ads
C02434,2025-09-20 16:48:02,22.0,Female,Ahmedabad,Gujarat,West,Basic,Paid Ads
C02435,2025-09-24 08:10:15,38.0,Other,Hyderabad,Telangana,South,Free,Paid Ads
C02436,2025-09-05 02:13:22,25.0,Female,Pune,Maharashtra,West,Free,Email
C02437,2025-09-24 21:47:12,39.0,Female,Mumbai,Maharashtra,West,Premium,Social Media
C02438,2025-09-26 16:06:11,35.0,Female,Pune,Maharashtra,West,Free,Organic
C02439,2025-05-03 02:36:42,21.0,Female,Delhi,Delhi,North,Free,Referral
C02440,2025-09-18 10:40:12,21.0,Other,Kolkata,West Bengal,East,Basic,Referral
C02441,2025-11-17 11:55:00,54.0,Female,Delhi,Delhi,North,Premium,Social Media
C02442,2025-03-25 02:02:39,32.0,Male,Jaipur,Rajasthan,North,Free,Organic
C02443,2025-01-12 21:20:36,55.0,Female,Bengaluru,Karnataka,South,Basic,Referral
C02444,2025-04-28 02:13:35,44.0,Female,Chennai,Tamil Nadu,South,Premium,Paid Ads
C02445,2025-08-09 16:56:52,38.0,Male,Mumbai,Maharashtra,West,Free,Organic
C02446,2025-06-29 04:52:07,21.0,Female,Mumbai,Maharashtra,West,Free,Social Media
C02447,2025-09-07 00:34:55,28.0,Female,Pune,Maharashtra,West,Basic,Paid Ads
C02448,2025-05-20 11:29:59,36.0,Female,Guwahati,Assam,East,Free,Social Media
C02449,2025-03-09 01:00:27,36.0,Male,Guwahati,Assam,East,Free,Organic
C02450,2025-03-03 19:33:32,44.0,Female,Pune,Maharashtra,West,Premium,Email
C02451,2025-07-20 22:04:51,57.0,Male,Pune,Maharashtra,West,Basic,Social Media
C02452,2025-01-09 03:49:50,59.0,Male,Hyderabad,Telangana,South,Free,Organic
C02453,2025-03-23 07:23:27,45.0,Other,Lucknow,Uttar Pradesh,North,Free,Social Media
C02454,2025-07-22 23:54:08,22.0,Female,Ahmedabad,Gujarat,West,Basic,Organic
C02455,2025-07-31 10:27:48,42.0,Female,Jaipur,Rajasthan,North,Free,Referral
C02456,2025-03-10 21:42:12,20.0,Female,Kolkata,West Bengal,East,Basic,Organic
C02457,2025-10-02 19:47:48,43.0,Female,Pune,Maharashtra,West,Basic,Paid Ads
C02458,2025-11-21 10:29:43,27.0,Female,Lucknow,Uttar Pradesh,North,Free,Email
C02459,2025-04-07 08:20:40,41.0,Male,Mumbai,Maharashtra,West,Premium,Organic
C02460,2025-03-17 11:57:38,46.0,Female,Pune,Maharashtra,West,Premium,Referral
C02461,2025-01-28 19:42:32,24.0,Female,Hyderabad,Telangana,South,Free,Organic
C02462,2025-01-15 01:47:08,40.0,Female,Chennai,Tamil Nadu,South,Free,Referral
C02463,2025-11-01 19:10:50,44.0,Male,Delhi,Delhi,North,Free,Organic
C02464,2025-09-16 19:06:15,,Male,Lucknow,Uttar Pradesh,North,Free,Paid Ads
C02465,2025-04-13 21:29:22,26.0,Male,Jaipur,Rajasthan,North,Free,Paid Ads
C02466,2025-01-10 05:40:01,20.0,Female,Kolkata,West Bengal,East,Free,Organic
C02467,2025-09-05 05:02:38,30.0,Other,Mumbai,Maharashtra,West,Free,Email
C02468,2025-09-09 11:04:03,23.0,Female,Bhubaneswar,Odisha,East,Free,Email
C02469,2025-05-13 08:14:06,55.0,Male,Mumbai,Maharashtra,West,Free,Social Media
C02470,2025-08-18 23:35:23,38.0,Male,Lucknow,Uttar Pradesh,North,Free,Organic
C02471,2025-10-21 00:55:45,36.0,Male,Kolkata,West Bengal,East,Free,Organic
C02472,2025-10-05 01:40:35,42.0,Male,Chennai,Tamil Nadu,South,Free,Referral
C02473,2025-04-18 07:19:32,56.0,Female,Hyderabad,Telangana,South,Premium,Email
C02474,2025-05-03 12:37:37,21.0,Female,Delhi,Delhi,North,Free,Referral
C02475,2025-10-16 13:11:23,39.0,Male,Delhi,Delhi,North,Premium,Paid Ads
C02476,2025-02-11 03:38:15,22.0,Male,Hyderabad,Telangana,South,Free,Social Media
C02477,2025-01-26 14:19:44,18.0,Male,Guwahati,Assam,East,Basic,Organic
C02478,2025-07-03 20:05:38,34.0,Male,Bengaluru,Karnataka,South,Free,Email
C02479,2025-10-11 08:31:18,26.0,Female,Guwahati,Assam,East,Premium,Email
C02480,2025-06-09 13:48:09,26.0,Female,Chennai,Tamil Nadu,South,Free,Email
C02481,2025-01-18 06:51:28,41.0,Female,Mumbai,Maharashtra,West,Premium,Organic
C02482,2025-10-29 22:26:36,27.0,Female,Chennai,Tamil Nadu,South,Free,Referral
C02483,2025-02-06 21:16:42,37.0,Male,Bengaluru,Karnataka,South,Free,Referral
C02484,2025-08-24 12:21:53,34.0,Male,Bhubaneswar,Odisha,East,Free,Organic
C02485,2025-11-25 00:50:05,30.0,Male,Pune,Maharashtra,West,Basic,Referral
C02486,2025-07-29 07:09:35,46.0,Female,Hyderabad,Telangana,South,Premium,Referral
C02487,2025-10-11 19:40:01,53.0,Female,Mumbai,Maharashtra,West,Free,Paid Ads
C02488,2025-03-22 17:16:43,40.0,Female,Hyderabad,Telangana,South,Basic,Paid Ads
C02489,2025-04-15 02:29:46,44.0,Male,Lucknow,Uttar Pradesh,North,Basic,Organic
C02490,2025-04-12 06:56:05,35.0,Female,Mumbai,Maharashtra,West,Basic,Email
C02491,2025-07-09 16:57:10,35.0,Male,Pune,Maharashtra,West,Basic,Social Media
C02492,2025-02-23 14:23:01,26.0,Male,Kolkata,West Bengal,East,Free,Social Media
C02493,2025-11-30 03:51:22,20.0,Male,Bengaluru,Karnataka,South,Free,Organic
C02494,2025-09-28 13:05:09,24.0,Male,Mumbai,Maharashtra,West,Basic,Referral
C02495,2025-08-06 04:52:46,32.0,Female,Lucknow,Uttar Pradesh,North,Free,Organic
C02496,2025-06-04 21:26:00,47.0,Female,Mumbai,Maharashtra,West,Premium,Referral
C02497,2025-01-20 13:19:35,,Male,Delhi,Delhi,North,Premium,Referral
C02498,2025-08-23 22:55:25,58.0,Male,Bengaluru,Karnataka,South,Premium,Social Media
C02499,2025-08-11 12:57:27,44.0,Male,Chennai,Tamil Nadu,South,Free,Organic
C02500,2025-07-12 18:19:33,53.0,Male,Pune,Maharashtra,West,Free,Organic
C02501,2025-09-28 03:06:16,35.0,Male,Chennai,Tamil Nadu,South,Free,Email
C02502,2025-02-12 14:47:07,48.0,Female,Chennai,Tamil Nadu,South,Premium,Email
C02503,2025-06-16 19:39:02,34.0,Male,Lucknow,Uttar Pradesh,North,Free,Paid Ads
C02504,2025-10-28 18:58:45,23.0,Female,Hyderabad,Telangana,South,Free,Organic
C02505,2025-01-16 18:53:10,56.0,Male,Kolkata,West Bengal,East,Free,Paid Ads
C02506,2025-04-08 05:17:15,42.0,Male,Guwahati,Assam,East,Free,Paid Ads
C02507,2025-03-27 09:53:39,59.0,Male,Chennai,Tamil Nadu,South,Free,Social Media
C02508,2025-05-18 07:46:25,59.0,Female,Mumbai,Maharashtra,West,Free,Referral
C02509,2025-03-18 17:33:48,55.0,Female,Bengaluru,Karnataka,South,Free,Organic
C02510,2025-11-16 04:46:11,55.0,Male,Chennai,Tamil Nadu,South,Premium,Referral
C02511,2025-10-22 21:35:00,48.0,Female,Bhubaneswar,Odisha,East,Basic,Organic
C02512,2025-09-03 00:57:53,46.0,Male,Chennai,Tamil Nadu,South,Basic,Organic
C02513,2025-05-25 09:44:07,57.0,Female,Ahmedabad,Gujarat,West,Free,Paid Ads
C02514,2025-04-22 15:29:18,,Male,Delhi,Delhi,North,Basic,Organic
C02515,2025-08-14 22:56:34,18.0,Female,Jaipur,Rajasthan,North,Premium,Social Media
C02516,2025-07-21 14:32:14,33.0,Female,Bengaluru,Karnataka,South,Premium,Paid Ads
C02517,2025-06-13 04:32:45,55.0,Female,Kolkata,West Bengal,East,Free,Referral
C02518,2025-08-18 21:27:28,40.0,Male,Ahmedabad,Gujarat,West,Premium,Referral
C02519,2025-11-01 11:49:18,25.0,Male,Delhi,Delhi,North,Free,Email
C02520,2025-01-10 09:56:23,29.0,Female,Jaipur,Rajasthan,North,Free,Email
C02521,2025-11-24 09:11:34,27.0,Female,Jaipur,Rajasthan,North,Free,Social Media
C02522,2025-05-23 20:03:52,33.0,Female,Kolkata,West Bengal,East,Basic,Paid Ads
C02523,2025-01-29 06:47:27,60.0,Male,Mumbai,Maharashtra,West,Basic,Organic
C02524,2025-01-04 14:51:23,41.0,Male,Ahmedabad,Gujarat,West,Free,Referral
C02525,2025-09-06 13:08:55,56.0,Female,Chennai,Tamil Nadu,South,Basic,Paid Ads
C02526,2025-02-26 11:32:55,25.0,Male,Pune,Maharashtra,West,Free,Organic
C02527,2025-01-09 01:49:17,28.0,Male,Kolkata,West Bengal,East,Free,Organic
C02528,2025-09-20 16:13:25,58.0,Female,Bengaluru,Karnataka,South,Free,Paid Ads
C02529,2025-03-03 00:28:18,43.0,Female,Kolkata,West Bengal,East,Basic,Referral
C02530,2025-10-07 01:26:25,24.0,Male,Chennai,Tamil Nadu,South,Free,Referral
C02531,2025-08-18 16:04:23,32.0,Male,Delhi,Delhi,North,Free,Social Media
C02532,2025-09-08 19:43:33,32.0,Female,Hyderabad,Telangana,South,Premium,Paid Ads
C02533,2025-01-10 14:54:59,20.0,Male,Ahmedabad,Gujarat,West,Premium,Paid Ads
C02534,2025-10-31 10:08:36,33.0,Female,Kolkata,West Bengal,East,Free,Paid Ads
C02535,2025-01-01 10:32:52,32.0,Male,Lucknow,Uttar Pradesh,North,Basic,Email
C02536,2025-07-24 06:56:12,42.0,Male,Hyderabad,Telangana,South,Free,Organic
C02537,2025-10-30 19:19:36,50.0,Female,Lucknow,Uttar Pradesh,North,Basic,Paid Ads
C02538,2025-07-22 12:46:36,31.0,Female,Guwahati,Assam,East,Free,Paid Ads
C02539,2025-11-16 15:37:00,41.0,Male,Lucknow,Uttar Pradesh,North,Free,Organic
C02540,2025-02-12 04:08:08,28.0,Male,Chennai,Tamil Nadu,South,Free,Paid Ads
C02541,2025-05-15 23:50:15,20.0,Male,Delhi,Delhi,North,Free,Referral
C02542,2025-11-27 08:53:35,26.0,Female,Hyderabad,Telangana,South,Free,Paid Ads
C02543,2025-11-26 16:34:19,23.0,Male,Bengaluru,Karnataka,South,Premium,Organic
C02544,2025-08-15 15:09:53,48.0,Female,Lucknow,Uttar Pradesh,North,Premium,Referral
C02545,2025-08-21 16:28:45,33.0,Female,Bhubaneswar,Odisha,East,Premium,Organic
C02546,2025-07-12 08:25:54,28.0,Female,Pune,Maharashtra,West,Premium,Paid Ads
C02547,2025-04-10 04:07:57,34.0,Female,Guwahati,Assam,East,Free,Paid Ads
C02548,2025-01-19 21:49:11,20.0,Female,Ahmedabad,Gujarat,West,Basic,Social Media
C02549,2025-11-20 09:19:08,36.0,Male,Ahmedabad,Gujarat,West,Free,Organic
C02550,2025-03-20 18:17:40,41.0,Male,Bhubaneswar,Odisha,East,Premium,Paid Ads
C02551,2025-05-24 00:23:50,59.0,Male,Pune,Maharashtra,West,Basic,Paid Ads
C02552,2025-01-29 18:49:33,25.0,Female,Kolkata,West Bengal,East,Free,Referral
C02553,2025-04-28 19:01:11,53.0,Female,Chennai,Tamil Nadu,South,Free,Social Media
C02554,2025-02-02 00:42:13,57.0,Male,Hyderabad,Telangana,South,Free,Social Media
C02555,2025-11-16 10:10:38,19.0,Female,Kolkata,West Bengal,East,Free,Social Media
C02556,2025-07-27 04:19:00,40.0,Female,Chennai,Tamil Nadu,South,Premium,Organic
C02557,2025-05-04 06:28:07,57.0,Male,Jaipur,Rajasthan,North,Premium,Email
C02558,2025-07-13 04:20:32,47.0,Male,Ahmedabad,Gujarat,West,Free,Paid Ads
C02559,2025-05-27 20:13:51,42.0,Male,Kolkata,West Bengal,East,Free,Organic
C02560,2025-09-02 20:59:28,24.0,Female,Pune,Maharashtra,West,Free,Referral
C02561,2025-09-21 22:37:36,45.0,Male,Chennai,Tamil Nadu,South,Premium,Referral
C02562,2025-08-08 09:07:14,58.0,Male,Lucknow,Uttar Pradesh,North,Premium,Organic
C02563,2025-06-13 07:36:57,34.0,Other,Kolkata,West Bengal,East,Basic,Email
C02564,2025-10-06 05:20:12,49.0,Female,Kolkata,West Bengal,East,Basic,Referral
C02565,2025-11-15 09:33:31,18.0,Female,Mumbai,Maharashtra,West,Basic,Paid Ads
C02566,2025-01-10 15:00:53,44.0,Female,Mumbai,Maharashtra,West,Free,Paid Ads
C02567,2025-04-27 12:28:04,53.0,Male,Guwahati,Assam,East,Premium,Organic
C02568,2025-09-15 08:58:04,24.0,Female,Pune,Maharashtra,West,Basic,Email
C02569,2025-02-19 14:43:50,20.0,Female,Chennai,Tamil Nadu,South,Free,Referral
C02570,2025-04-09 17:03:00,47.0,Female,Bengaluru,Karnataka,South,Free,Referral
C02571,2025-08-06 07:46:21,18.0,Male,Mumbai,Maharashtra,West,Basic,Referral
C02572,2025-05-05 01:26:41,51.0,Male,Bengaluru,Karnataka,South,Free,Social Media
C02573,2025-01-13 07:07:47,55.0,Male,Pune,Maharashtra,West,Basic,Referral
C02574,2025-04-18 10:48:00,60.0,Female,Pune,Maharashtra,West,Premium,Organic
C02575,2025-05-22 06:11:50,53.0,Male,Kolkata,West Bengal,East,Basic,Referral
C02576,2025-10-10 14:35:56,50.0,Female,Lucknow,Uttar Pradesh,North,Basic,Referral
C02577,2025-11-23 18:07:31,60.0,Female,Chennai,Tamil Nadu,South,Basic,Email
C02578,2025-05-20 03:43:40,33.0,Male,Jaipur,Rajasthan,North,Free,Social Media
C02579,2025-07-14 02:08:34,55.0,Female,Mumbai,Maharashtra,West,Free,Paid Ads
C02580,2025-07-06 10:20:55,28.0,Male,Lucknow,Uttar Pradesh,North,Free,Organic
C02581,2025-02-06 09:45:23,,Female,Kolkata,West Bengal,East,Premium,Paid Ads
C02582,2025-10-29 08:47:35,18.0,Male,Bengaluru,Karnataka,South,Premium,Referral
C02583,2025-07-16 16:19:04,31.0,Male,Ahmedabad,Gujarat,West,Free,Organic
C02584,2025-05-23 09:33:36,47.0,Male,Ahmedabad,Gujarat,West,Premium,Referral
C02585,2025-06-03 17:20:46,38.0,Other,Lucknow,Uttar Pradesh,North,Basic,Social Media
C02586,2025-04-29 09:51:01,38.0,Female,Jaipur,Rajasthan,North,Premium,Organic
C02587,2025-07-29 20:26:31,51.0,Male,Kolkata,West Bengal,East,Free,Referral
C02588,2025-09-19 12:45:49,55.0,Male,Jaipur,Rajasthan,North,Basic,Organic
C02589,2025-11-21 15:50:45,43.0,Female,Ahmedabad,Gujarat,West,Basic,Organic
C02590,2025-03-02 10:07:01,58.0,Male,Jaipur,Rajasthan,North,Free,Organic
C02591,2025-10-07 00:01:45,31.0,Other,Hyderabad,Telangana,South,Free,Referral
C02592,2025-05-27 05:45:07,57.0,Female,Hyderabad,Telangana,South,Free,Email
C02593,2025-09-24 16:39:36,52.0,Female,Delhi,Delhi,North,Free,Social Media
C02594,2025-04-24 14:58:23,59.0,Other,Delhi,Delhi,North,Free,Organic
C02595,2025-09-25 10:03:18,35.0,Male,Kolkata,West Bengal,East,Basic,Organic
C02596,2025-07-15 18:13:01,37.0,Male,Chennai,Tamil Nadu,South,Basic,Referral
C02597,2025-03-31 17:28:05,26.0,Male,Mumbai,Maharashtra,West,Premium,Organic
C02598,2025-04-18 07:26:09,58.0,Male,Ahmedabad,Gujarat,West,Free,Social Media
C02599,2025-09-24 09:19:07,50.0,Other,Mumbai,Maharashtra,West,Premium,Organic
C02600,2025-10-27 01:36:53,21.0,Male,Bhubaneswar,Odisha,East,Basic,Organic
C02601,2025-08-25 08:27:06,21.0,Female,Delhi,Delhi,North,Free,Paid Ads
C02602,2025-06-10 18:10:54,33.0,Female,Kolkata,West Bengal,East,Basic,Social Media
C02603,2025-09-24 12:09:36,43.0,Male,Delhi,Delhi,North,Basic,Organic
C02604,2025-07-17 20:54:38,23.0,Male,Pune,Maharashtra,West,Free,Organic
C02605,2025-08-29 11:41:34,54.0,Male,Guwahati,Assam,East,Basic,Referral
C02606,2025-09-30 20:28:10,39.0,Male,Lucknow,Uttar Pradesh,North,Basic,Paid Ads
C02607,2025-06-26 13:12:47,59.0,Female,Guwahati,Assam,East,Premium,Email
C02608,2025-10-14 13:48:04,56.0,Male,Mumbai,Maharashtra,West,Premium,Organic
C02609,2025-06-08 14:19:44,24.0,Female,Delhi,Delhi,North,Basic,Organic
C02610,2025-10-04 22:38:20,59.0,Female,Bhubaneswar,Odisha,East,Basic,Referral
C02611,2025-10-06 18:15:30,47.0,Male,Hyderabad,Telangana,South,Premium,Organic
C02612,2025-05-29 10:46:35,27.0,Male,Kolkata,West Bengal,East,Premium,Paid Ads
C02613,2025-01-11 15:23:39,32.0,Female,Mumbai,Maharashtra,West,Premium,Organic
C02614,2025-03-18 17:10:51,23.0,Male,Delhi,Delhi,North,Basic,Email
C02615,2025-05-02 10:40:36,41.0,Male,Pune,Maharashtra,West,Free,Paid Ads
C02616,2025-02-10 08:57:02,19.0,Female,Guwahati,Assam,East,Premium,Social Media
C02617,2025-06-18 18:34:35,57.0,Female,Pune,Maharashtra,West,Free,Email
C02618,2025-11-22 06:28:46,32.0,Female,Ahmedabad,Gujarat,West,Basic,Email
C02619,2025-01-17 17:49:45,38.0,Male,Hyderabad,Telangana,South,Free,Paid Ads
C02620,2025-11-27 16:16:32,35.0,Female,Mumbai,Maharashtra,West,Free,Email
C02621,2025-07-23 20:49:36,22.0,Male,Bengaluru,Karnataka,South,Free,Referral
C02622,2025-10-23 15:57:51,42.0,Female,Bengaluru,Karnataka,South,Premium,Organic
C02623,2025-09-01 11:58:38,53.0,Male,Mumbai,Maharashtra,West,Basic,Email
C02624,2025-08-07 13:28:07,27.0,Male,Bengaluru,Karnataka,South,Basic,Paid Ads
C02625,2025-02-11 02:42:18,40.0,Female,Ahmedabad,Gujarat,West,Basic,Organic
C02626,2025-10-24 01:05:49,41.0,Female,Bengaluru,Karnataka,South,Premium,Social Media
C02627,2025-06-04 07:29:28,27.0,Female,Kolkata,West Bengal,East,Free,Referral
C02628,2025-03-06 00:40:22,23.0,Male,Jaipur,Rajasthan,North,Basic,Email
C02629,2025-01-01 00:57:48,30.0,Female,Pune,Maharashtra,West,Basic,Social Media
C02630,2025-10-08 10:23:46,38.0,Female,Ahmedabad,Gujarat,West,Premium,Paid Ads
C02631,2025-11-26 08:14:35,49.0,Female,Lucknow,Uttar Pradesh,North,Free,Organic
C02632,2025-03-31 17:47:33,60.0,Male,Jaipur,Rajasthan,North,Premium,Social Media
C02633,2025-07-09 19:08:02,32.0,Male,Bhubaneswar,Odisha,East,Free,Referral
C02634,2025-08-16 14:33:29,19.0,Female,Kolkata,West Bengal,East,Free,Organic
C02635,2025-01-01 18:21:23,32.0,Female,Delhi,Delhi,North,Free,Organic
C02636,2025-04-22 22:30:51,34.0,Female,Lucknow,Uttar Pradesh,North,Free,Organic
C02637,2025-09-25 23:41:55,37.0,Male,Chennai,Tamil Nadu,South,Basic,Referral
C02638,2025-10-28 15:28:02,23.0,Female,Hyderabad,Telangana,South,Basic,Organic
C02639,2025-10-17 11:41:45,32.0,Other,Bengaluru,Karnataka,South,Free,Organic
C02640,2025-05-12 02:22:29,34.0,Male,Lucknow,Uttar Pradesh,North,Basic,Referral
C02641,2025-06-17 01:33:30,43.0,Female,Ahmedabad,Gujarat,West,Premium,Organic
C02642,2025-09-18 20:17:28,39.0,Male,Guwahati,Assam,East,Premium,Organic
C02643,2025-09-07 09:32:24,26.0,Male,Bengaluru,Karnataka,South,Basic,Email
C02644,2025-01-14 23:43:30,29.0,Female,Lucknow,Uttar Pradesh,North,Premium,Referral
C02645,2025-11-18 07:06:04,39.0,Female,Kolkata,West Bengal,East,Basic,Paid Ads
C02646,2025-03-19 16:59:20,40.0,Female,Pune,Maharashtra,West,Free,Social Media
C02647,2025-07-05 08:03:40,54.0,Male,Hyderabad,Telangana,South,Free,Organic
C02648,2025-05-16 04:32:11,31.0,Male,Ahmedabad,Gujarat,West,Free,Referral
C02649,2025-06-22 01:43:47,41.0,Female,Mumbai,Maharashtra,West,Basic,Paid Ads
C02650,2025-10-11 20:08:48,25.0,Male,Ahmedabad,Gujarat,West,Premium,Social Media
C02651,2025-08-31 14:34:28,43.0,Female,Kolkata,West Bengal,East,Premium,Paid Ads
C02652,2025-06-29 18:54:03,49.0,Male,Ahmedabad,Gujarat,West,Free,Organic
C02653,2025-03-11 21:00:40,45.0,Female,Pune,Maharashtra,West,Basic,Referral
C02654,2025-07-10 00:42:38,,Female,Bhubaneswar,Odisha,East,Basic,Social Media
C02655,2025-07-30 00:05:05,39.0,Male,Chennai,Tamil Nadu,South,Premium,Paid Ads
C02656,2025-07-30 02:52:19,26.0,Female,Ahmedabad,Gujarat,West,Free,Referral
C02657,2025-05-14 08:12:01,20.0,Male,Hyderabad,Telangana,South,Free,Paid Ads
C02658,2025-05-30 04:37:49,42.0,Male,Chennai,Tamil Nadu,South,Premium,Social Media
C02659,2025-02-19 16:28:55,56.0,Male,Bhubaneswar,Odisha,East,Premium,Referral
C02660,2025-02-24 15:46:48,29.0,Female,Delhi,Delhi,North,Free,Organic
C02661,2025-05-24 17:42:10,46.0,Male,Mumbai,Maharashtra,West,Free,Email
C02662,2025-10-18 04:04:28,20.0,Female,Chennai,Tamil Nadu,South,Basic,Social Media
C02663,2025-07-17 18:26:38,58.0,Male,Bhubaneswar,Odisha,East,Premium,Email
C02664,2025-07-29 05:45:28,40.0,Male,Lucknow,Uttar Pradesh,North,Free,Referral
C02665,2025-03-17 19:43:01,40.0,Female,Jaipur,Rajasthan,North,Premium,Referral
C02666,2025-09-20 13:57:09,35.0,Female,Mumbai,Maharashtra,West,Free,Social Media
C02667,2025-01-24 06:10:14,28.0,Female,Kolkata,West Bengal,East,Basic,Organic
C02668,2025-10-03 13:28:27,53.0,Female,Delhi,Delhi,North,Basic,Email
C02669,2025-03-27 17:03:16,43.0,Female,Delhi,Delhi,North,Free,Organic
C02670,2025-11-17 05:55:49,25.0,Male,Mumbai,Maharashtra,West,Free,Organic
C02671,2025-09-09 22:27:54,45.0,Male,Delhi,Delhi,North,Free,Organic
C02672,2025-02-13 20:30:40,35.0,Female,Pune,Maharashtra,West,Premium,Referral
C02673,2025-03-30 00:24:18,30.0,Female,Delhi,Delhi,North,Free,Organic
C02674,2025-02-15 10:45:19,53.0,Female,Kolkata,West Bengal,East,Basic,Organic
C02675,2025-06-28 18:20:40,59.0,Female,Bengaluru,Karnataka,South,Basic,Referral
C02676,2025-02-22 16:33:24,57.0,Male,Mumbai,Maharashtra,West,Basic,Paid Ads
C02677,2025-03-13 00:49:24,29.0,Male,Pune,Maharashtra,West,Premium,Social Media
C02678,2025-01-15 13:08:39,39.0,Female,Guwahati,Assam,East,Basic,Organic
C02679,2025-11-06 08:28:10,19.0,Male,Guwahati,Assam,East,Basic,Organic
C02680,2025-04-05 23:24:10,57.0,Male,Lucknow,Uttar Pradesh,North,Basic,Organic
C02681,2025-01-25 08:24:44,45.0,Female,Ahmedabad,Gujarat,West,Basic,Paid Ads
C02682,2025-09-09 14:18:04,30.0,Male,Bengaluru,Karnataka,South,Free,Paid Ads
C02683,2025-01-27 23:56:22,50.0,Female,Guwahati,Assam,East,Premium,Paid Ads
C02684,2025-11-15 09:28:24,20.0,Male,Ahmedabad,Gujarat,West,Free,Paid Ads
C02685,2025-06-20 07:21:26,51.0,Other,Pune,Maharashtra,West,Basic,Social Media
C02686,2025-10-18 21:23:39,40.0,Female,Bhubaneswar,Odisha,East,Basic,Organic
C02687,2025-03-21 18:38:28,49.0,Male,Bhubaneswar,Odisha,East,Free,Paid Ads
C02688,2025-10-07 18:52:12,37.0,Male,Mumbai,Maharashtra,West,Free,Organic
C02689,2025-09-08 06:46:23,45.0,Male,Mumbai,Maharashtra,West,Free,Organic
C02690,2025-11-30 21:05:51,25.0,Female,Mumbai,Maharashtra,West,Free,Organic
C02691,2025-07-22 13:37:25,20.0,Male,Jaipur,Rajasthan,North,Premium,Paid Ads
C02692,2025-11-30 14:18:05,47.0,Male,Lucknow,Uttar Pradesh,North,Premium,Paid Ads
C02693,2025-04-13 02:23:23,42.0,Male,Bhubaneswar,Odisha,East,Free,Social Media
C02694,2025-11-27 01:15:02,47.0,Female,Mumbai,Maharashtra,West,Free,Email
C02695,2025-05-06 06:38:24,46.0,Female,Chennai,Tamil Nadu,South,Premium,Referral
C02696,2025-06-06 05:20:03,47.0,Female,Lucknow,Uttar Pradesh,North,Free,Organic
C02697,2025-11-02 11:39:46,51.0,Female,Delhi,Delhi,North,Premium,Social Media
C02698,2025-10-16 18:16:31,42.0,Male,Ahmedabad,Gujarat,West,Free,Social Media
C02699,2025-07-14 07:11:56,34.0,Female,Hyderabad,Telangana,South,Basic,Social Media
C02700,2025-05-21 07:46:39,41.0,Male,Bengaluru,Karnataka,South,Free,Organic
C02701,2025-11-22 01:06:11,,Female,Lucknow,Uttar Pradesh,North,Free,Social Media
C02702,2025-04-25 08:16:00,45.0,Female,Chennai,Tamil Nadu,South,Free,Social Media
C02703,2025-10-26 17:48:59,50.0,Male,Guwahati,Assam,East,Basic,Referral
C02704,2025-04-12 14:35:13,53.0,Male,Guwahati,Assam,East,Free,Social Media
C02705,2025-04-30 18:42:03,24.0,Female,Hyderabad,Telangana,South,Basic,Social Media
C02706,2025-04-28 03:17:14,40.0,Male,Chennai,Tamil Nadu,South,Free,Paid Ads
C02707,2025-08-31 10:41:32,43.0,Male,Guwahati,Assam,East,Free,Social Media
C02708,2025-01-05 20:37:50,31.0,Female,Ahmedabad,Gujarat,West,Basic,Social Media
C02709,2025-09-08 09:11:34,59.0,Female,Bhubaneswar,Odisha,East,Free,Email
C02710,2025-07-04 05:30:52,45.0,Female,Mumbai,Maharashtra,West,Free,Email
C02711,2025-06-07 00:09:25,41.0,Female,Bengaluru,Karnataka,South,Free,Paid Ads
C02712,2025-08-18 12:33:05,,Male,Delhi,Delhi,North,Basic,Organic
C02713,2025-03-13 14:52:16,53.0,Male,Ahmedabad,Gujarat,West,Premium,Organic
C02714,2025-06-05 03:32:01,56.0,Female,Mumbai,Maharashtra,West,Basic,Email
C02715,2025-06-21 17:21:10,32.0,Female,Bhubaneswar,Odisha,East,Free,Paid Ads
C02716,2025-05-30 17:08:33,20.0,Male,Ahmedabad,Gujarat,West,Free,Paid Ads
C02717,2025-08-25 20:57:22,19.0,Male,Lucknow,Uttar Pradesh,North,Free,Paid Ads
C02718,2025-11-23 19:54:47,24.0,Male,Hyderabad,Telangana,South,Free,Organic
C02719,2025-10-24 17:43:18,33.0,Female,Bengaluru,Karnataka,South,Free,Referral
C02720,2025-04-09 22:35:55,38.0,Male,Kolkata,West Bengal,East,Free,Social Media
C02721,2025-05-15 03:16:58,,Female,Bengaluru,Karnataka,South,Free,Organic
C02722,2025-10-25 14:35:38,29.0,Other,Hyderabad,Telangana,South,Free,Social Media
C02723,2025-02-03 16:41:01,46.0,Female,Chennai,Tamil Nadu,South,Free,Referral
C02724,2025-03-16 10:53:46,41.0,Female,Ahmedabad,Gujarat,West,Free,Paid Ads
C02725,2025-01-16 14:02:48,,Male,Pune,Maharashtra,West,Free,Paid Ads
C02726,2025-06-02 20:28:11,31.0,Male,Ahmedabad,Gujarat,West,Basic,Social Media
C02727,2025-08-24 01:28:35,60.0,Female,Bhubaneswar,Odisha,East,Free,Paid Ads
C02728,2025-07-24 00:28:22,35.0,Male,Guwahati,Assam,East,Free,Paid Ads
C02729,2025-01-08 20:33:14,22.0,Male,Ahmedabad,Gujarat,West,Free,Referral
C02730,2025-05-03 14:06:50,32.0,Female,Pune,Maharashtra,West,Free,Email
C02731,2025-07-11 16:51:13,24.0,Male,Jaipur,Rajasthan,North,Premium,Paid Ads
C02732,2025-05-26 13:45:58,42.0,Female,Pune,Maharashtra,West,Free,Social Media
C02733,2025-07-25 13:53:02,31.0,Male,Bhubaneswar,Odisha,East,Basic,Paid Ads
C02734,2025-09-13 13:15:29,57.0,Male,Chennai,Tamil Nadu,South,Basic,Organic
C02735,2025-06-02 06:28:37,53.0,Male,Chennai,Tamil Nadu,South,Basic,Organic
C02736,2025-07-24 04:57:32,52.0,Female,Chennai,Tamil Nadu,South,Premium,Organic
C02737,2025-05-22 15:00:41,41.0,Female,Chennai,Tamil Nadu,South,Premium,Organic
C02738,2025-03-29 23:58:03,32.0,Male,Lucknow,Uttar Pradesh,North,Free,Referral
C02739,2025-01-11 03:48:47,28.0,Male,Chennai,Tamil Nadu,South,Free,Organic
C02740,2025-01-12 23:30:16,41.0,Female,Bhubaneswar,Odisha,East,Basic,Social Media
C02741,2025-02-02 12:51:54,28.0,Male,Ahmedabad,Gujarat,West,Premium,Email
C02742,2025-02-23 06:08:04,34.0,Male,Guwahati,Assam,East,Basic,Paid Ads
C02743,2025-09-17 16:42:01,23.0,Male,Kolkata,West Bengal,East,Free,Paid Ads
C02744,2025-04-18 19:21:42,38.0,Female,Kolkata,West Bengal,East,Free,Paid Ads
C02745,2025-02-18 21:27:56,25.0,Male,Jaipur,Rajasthan,North,Basic,Referral
C02746,2025-08-24 01:23:44,32.0,Male,Chennai,Tamil Nadu,South,Free,Referral
C02747,2025-06-10 10:55:19,49.0,Female,Delhi,Delhi,North,Basic,Paid Ads
C02748,2025-04-15 08:33:28,27.0,Male,Kolkata,West Bengal,East,Basic,Paid Ads
C02749,2025-07-22 05:38:38,45.0,Female,Chennai,Tamil Nadu,South,Free,Referral
C02750,2025-04-07 02:54:20,32.0,Female,Delhi,Delhi,North,Premium,Referral
C02751,2025-06-08 07:54:44,29.0,Female,Pune,Maharashtra,West,Premium,Referral
C02752,2025-03-24 17:13:09,60.0,Male,Lucknow,Uttar Pradesh,North,Free,Email
C02753,2025-02-11 06:13:00,35.0,Female,Ahmedabad,Gujarat,West,Basic,Social Media
C02754,2025-11-24 06:02:50,54.0,Male,Mumbai,Maharashtra,West,Basic,Paid Ads
C02755,2025-11-23 09:55:43,41.0,Male,Hyderabad,Telangana,South,Free,Social Media
C02756,2025-04-15 17:51:59,,Female,Ahmedabad,Gujarat,West,Free,Paid Ads
C02757,2025-02-09 14:50:47,46.0,Female,Ahmedabad,Gujarat,West,Free,Social Media
C02758,2025-11-17 05:20:19,27.0,Male,Hyderabad,Telangana,South,Premium,Email
C02759,2025-08-20 20:05:53,31.0,Male,Jaipur,Rajasthan,North,Free,Organic
C02760,2025-07-05 22:53:34,33.0,Male,Bhubaneswar,Odisha,East,Free,Organic
C02761,2025-01-23 06:20:25,54.0,Female,Kolkata,West Bengal,East,Free,Paid Ads
C02762,2025-04-15 19:35:35,28.0,Female,Guwahati,Assam,East,Free,Organic
C02763,2025-01-26 17:54:22,43.0,Female,Lucknow,Uttar Pradesh,North,Free,Referral
C02764,2025-01-16 22:34:36,57.0,Female,Ahmedabad,Gujarat,West,Free,Social Media
C02765,2025-08-18 23:14:13,36.0,Female,Kolkata,West Bengal,East,Basic,Paid Ads
C02766,2025-07-24 11:09:56,35.0,Male,Chennai,Tamil Nadu,South,Basic,Paid Ads
C02767,2025-02-18 15:59:49,47.0,Male,Lucknow,Uttar Pradesh,North,Basic,Referral
C02768,2025-01-17 08:54:26,49.0,Female,Pune,Maharashtra,West,Basic,Organic
C02769,2025-09-24 07:57:30,40.0,Male,Mumbai,Maharashtra,West,Free,Referral
C02770,2025-11-09 09:21:46,29.0,Male,Jaipur,Rajasthan,North,Basic,Paid Ads
C02771,2025-11-18 17:07:46,30.0,Male,Guwahati,Assam,East,Free,Referral
C02772,2025-01-31 01:26:32,38.0,Female,Pune,Maharashtra,West,Free,Social Media
C02773,2025-07-23 16:02:42,38.0,Male,Chennai,Tamil Nadu,South,Free,Referral
C02774,2025-04-29 05:42:42,46.0,Male,Mumbai,Maharashtra,West,Free,Organic
C02775,2025-04-19 06:26:50,46.0,Female,Delhi,Delhi,North,Free,Social Media
C02776,2025-07-11 08:57:17,44.0,Male,Mumbai,Maharashtra,West,Free,Referral
C02777,2025-09-26 01:50:25,46.0,Female,Kolkata,West Bengal,East,Basic,Referral
C02778,2025-02-06 03:12:38,32.0,Male,Bhubaneswar,Odisha,East,Basic,Organic
C02779,2025-09-23 00:27:53,29.0,Female,Pune,Maharashtra,West,Free,Organic
C02780,2025-07-31 20:41:55,58.0,Male,Kolkata,West Bengal,East,Premium,Social Media
C02781,2025-11-10 01:40:16,36.0,Female,Kolkata,West Bengal,East,Basic,Paid Ads
C02782,2025-06-09 21:30:45,29.0,Female,Hyderabad,Telangana,South,Premium,Referral
C02783,2025-03-29 10:49:24,40.0,Female,Hyderabad,Telangana,South,Basic,Referral
C02784,2025-04-18 02:21:33,22.0,Female,Bengaluru,Karnataka,South,Free,Referral
C02785,2025-06-25 18:36:49,43.0,Male,Chennai,Tamil Nadu,South,Premium,Organic
C02786,2025-09-13 07:09:25,27.0,Female,Mumbai,Maharashtra,West,Premium,Paid Ads
C02787,2025-07-12 23:13:36,39.0,Female,Chennai,Tamil Nadu,South,Free,Organic
C02788,2025-09-11 11:34:26,56.0,Female,Bhubaneswar,Odisha,East,Free,Paid Ads
C02789,2025-10-04 20:13:23,40.0,Female,Hyderabad,Telangana,South,Free,Email
C02790,2025-01-26 19:31:46,28.0,Male,Bengaluru,Karnataka,South,Basic,Paid Ads
C02791,2025-10-02 12:17:18,45.0,Female,Delhi,Delhi,North,Free,Social Media
C02792,2025-01-27 02:14:45,48.0,Male,Chennai,Tamil Nadu,South,Basic,Organic
C02793,2025-07-10 15:08:26,25.0,Female,Delhi,Delhi,North,Basic,Social Media
C02794,2025-11-24 19:02:27,56.0,Male,Ahmedabad,Gujarat,West,Free,Paid Ads
C02795,2025-02-22 02:29:17,45.0,Male,Ahmedabad,Gujarat,West,Basic,Paid Ads
C02796,2025-11-21 06:28:20,33.0,Other,Delhi,Delhi,North,Basic,Referral
C02797,2025-09-25 05:34:12,48.0,Female,Kolkata,West Bengal,East,Free,Paid Ads
C02798,2025-08-23 03:50:23,58.0,Female,Lucknow,Uttar Pradesh,North,Free,Paid Ads
C02799,2025-01-06 18:11:42,33.0,Female,Bengaluru,Karnataka,South,Premium,Organic
C02800,2025-04-29 07:09:27,22.0,Female,Bhubaneswar,Odisha,East,Basic,Organic
C02801,2025-11-17 11:31:00,52.0,Female,Bengaluru,Karnataka,South,Basic,Social Media
C02802,2025-09-21 05:13:27,42.0,Male,Chennai,Tamil Nadu,South,Free,Email
C02803,2025-06-10 13:09:49,30.0,Female,Bengaluru,Karnataka,South,Free,Organic
C02804,2025-07-03 20:16:41,46.0,Female,Bengaluru,Karnataka,South,Premium,Referral
C02805,2025-08-15 17:25:26,44.0,Female,Lucknow,Uttar Pradesh,North,Basic,Organic
C02806,2025-08-14 22:30:08,57.0,Female,Chennai,Tamil Nadu,South,Free,Organic
C02807,2025-08-11 16:06:19,34.0,Female,Lucknow,Uttar Pradesh,North,Basic,Paid Ads
C02808,2025-11-08 14:57:10,54.0,Male,Kolkata,West Bengal,East,Basic,Social Media
C02809,2025-09-02 00:07:51,55.0,Female,Ahmedabad,Gujarat,West,Free,Organic
C02810,2025-06-18 01:02:10,46.0,Male,Delhi,Delhi,North,Premium,Social Media
C02811,2025-08-20 12:35:52,51.0,Female,Mumbai,Maharashtra,West,Free,Organic
C02812,2025-06-15 05:43:19,47.0,Male,Delhi,Delhi,North,Basic,Social Media
C02813,2025-01-02 09:27:49,48.0,Female,Jaipur,Rajasthan,North,Free,Referral
C02814,2025-01-21 12:06:11,39.0,Female,Bhubaneswar,Odisha,East,Free,Paid Ads
C02815,2025-11-28 13:06:58,42.0,Female,Jaipur,Rajasthan,North,Premium,Social Media
C02816,2025-02-22 09:35:22,21.0,Female,Hyderabad,Telangana,South,Basic,Organic
C02817,2025-06-06 02:16:37,52.0,Male,Mumbai,Maharashtra,West,Basic,Organic
C02818,2025-01-29 00:07:37,58.0,Female,Guwahati,Assam,East,Free,Organic
C02819,2025-10-07 23:44:44,26.0,Female,Guwahati,Assam,East,Premium,Paid Ads
C02820,2025-11-02 04:07:52,43.0,Male,Mumbai,Maharashtra,West,Free,Organic
C02821,2025-06-17 03:49:21,44.0,Male,Hyderabad,Telangana,South,Basic,Paid Ads
C02822,2025-07-22 08:53:29,44.0,Male,Kolkata,West Bengal,East,Premium,Organic
C02823,2025-10-01 20:59:53,35.0,Female,Delhi,Delhi,North,Free,Organic
C02824,2025-02-09 07:43:21,47.0,Female,Kolkata,West Bengal,East,Free,Email
C02825,2025-05-14 05:12:53,48.0,Female,Mumbai,Maharashtra,West,Premium,Social Media
C02826,2025-08-24 00:33:07,59.0,Female,Hyderabad,Telangana,South,Premium,Organic
C02827,2025-11-01 17:16:38,20.0,Male,Lucknow,Uttar Pradesh,North,Basic,Referral
C02828,2025-03-19 13:04:33,46.0,Female,Guwahati,Assam,East,Free,Referral
C02829,2025-07-19 06:10:14,24.0,Male,Pune,Maharashtra,West,Basic,Organic
C02830,2025-05-21 02:25:53,35.0,Male,Guwahati,Assam,East,Free,Paid Ads
C02831,2025-08-02 07:00:26,33.0,Male,Ahmedabad,Gujarat,West,Free,Email
C02832,2025-05-05 20:43:51,49.0,Male,Jaipur,Rajasthan,North,Free,Social Media
C02833,2025-05-26 10:58:35,55.0,Male,Kolkata,West Bengal,East,Free,Social Media
C02834,2025-09-02 11:16:11,42.0,Male,Mumbai,Maharashtra,West,Free,Referral
C02835,2025-11-18 20:39:07,49.0,Male,Mumbai,Maharashtra,West,Free,Referral
C02836,2025-08-05 05:45:04,36.0,Male,Chennai,Tamil Nadu,South,Basic,Paid Ads
C02837,2025-02-18 15:34:11,20.0,Female,Hyderabad,Telangana,South,Basic,Social Media
C02838,2025-03-28 13:57:17,52.0,Male,Guwahati,Assam,East,Premium,Social Media
C02839,2025-02-09 21:59:48,46.0,Male,Hyderabad,Telangana,South,Free,Organic
C02840,2025-05-01 11:37:30,28.0,Male,Ahmedabad,Gujarat,West,Free,Referral
C02841,2025-07-19 15:59:21,23.0,Female,Pune,Maharashtra,West,Basic,Referral
C02842,2025-02-01 19:01:48,36.0,Female,Lucknow,Uttar Pradesh,North,Free,Organic
C02843,2025-05-19 19:47:49,54.0,Female,Bengaluru,Karnataka,South,Free,Paid Ads
C02844,2025-05-29 13:04:34,44.0,Female,Chennai,Tamil Nadu,South,Basic,Email
C02845,2025-09-03 20:11:16,22.0,Male,Jaipur,Rajasthan,North,Free,Email
C02846,2025-10-31 14:00:13,43.0,Male,Mumbai,Maharashtra,West,Premium,Social Media
C02847,2025-11-11 08:17:47,52.0,Male,Bengaluru,Karnataka,South,Basic,Organic
C02848,2025-07-03 17:42:04,,Female,Ahmedabad,Gujarat,West,Free,Paid Ads
C02849,2025-08-20 16:43:24,34.0,Female,Delhi,Delhi,North,Free,Organic
C02850,2025-08-17 06:03:08,52.0,Male,Pune,Maharashtra,West,Basic,Referral
C02851,2025-05-17 15:46:31,30.0,Male,Jaipur,Rajasthan,North,Basic,Social Media
C02852,2025-05-01 22:54:50,31.0,Female,Pune,Maharashtra,West,Premium,Email
C02853,2025-08-22 11:27:10,47.0,Male,Guwahati,Assam,East,Basic,Social Media
C02854,2025-08-01 04:21:25,60.0,Female,Hyderabad,Telangana,South,Free,Organic
C02855,2025-07-23 02:45:51,34.0,Female,Kolkata,West Bengal,East,Free,Organic
C02856,2025-05-14 06:11:47,54.0,Female,Ahmedabad,Gujarat,West,Basic,Email
C02857,2025-03-04 23:33:39,32.0,Male,Guwahati,Assam,East,Free,Social Media
C02858,2025-03-21 09:34:48,35.0,Male,Bhubaneswar,Odisha,East,Basic,Paid Ads
C02859,2025-10-09 09:10:12,31.0,Female,Bhubaneswar,Odisha,East,Basic,Paid Ads
C02860,2025-03-08 05:50:55,31.0,Female,Kolkata,West Bengal,East,Basic,Referral
C02861,2025-02-16 04:49:15,50.0,Male,Chennai,Tamil Nadu,South,Free,Referral
C02862,2025-04-25 09:50:26,55.0,Female,Ahmedabad,Gujarat,West,Basic,Organic
C02863,2025-08-10 14:15:12,28.0,Female,Bengaluru,Karnataka,South,Free,Paid Ads
C02864,2025-04-16 06:13:57,28.0,Male,Delhi,Delhi,North,Basic,Referral
C02865,2025-04-28 01:52:55,43.0,Female,Pune,Maharashtra,West,Basic,Organic
C02866,2025-04-21 18:44:32,20.0,Male,Jaipur,Rajasthan,North,Basic,Email
C02867,2025-10-06 03:29:30,42.0,Female,Jaipur,Rajasthan,North,Free,Organic
C02868,2025-02-23 09:38:18,34.0,Male,Delhi,Delhi,North,Basic,Referral
C02869,2025-05-03 12:44:47,39.0,Female,Pune,Maharashtra,West,Basic,Referral
C02870,2025-03-25 19:18:14,46.0,Male,Ahmedabad,Gujarat,West,Free,Paid Ads
C02871,2025-09-04 16:09:10,43.0,Male,Bengaluru,Karnataka,South,Premium,Organic
C02872,2025-03-10 10:24:50,51.0,Female,Chennai,Tamil Nadu,South,Basic,Referral
C02873,2025-03-19 09:15:45,43.0,Female,Hyderabad,Telangana,South,Basic,Organic
C02874,2025-09-04 01:19:49,26.0,Female,Ahmedabad,Gujarat,West,Free,Paid Ads
C02875,2025-02-11 06:58:36,57.0,Female,Chennai,Tamil Nadu,South,Premium,Organic
C02876,2025-06-29 11:55:24,28.0,Female,Ahmedabad,Gujarat,West,Basic,Organic
C02877,2025-11-19 05:08:31,24.0,Female,Mumbai,Maharashtra,West,Basic,Email
C02878,2025-09-28 09:08:46,47.0,Male,Kolkata,West Bengal,East,Basic,Referral
C02879,2025-04-09 11:26:34,19.0,Male,Lucknow,Uttar Pradesh,North,Free,Organic
C02880,2025-02-25 16:23:36,47.0,Male,Kolkata,West Bengal,East,Free,Email
C02881,2025-09-14 09:38:34,21.0,Male,Pune,Maharashtra,West,Free,Organic
C02882,2025-04-25 00:45:43,31.0,Male,Hyderabad,Telangana,South,Free,Organic
C02883,2025-05-23 12:19:52,30.0,Female,Kolkata,West Bengal,East,Basic,Organic
C02884,2025-02-24 03:51:41,42.0,Female,Bhubaneswar,Odisha,East,Free,Social Media
C02885,2025-07-03 09:00:28,30.0,Female,Bhubaneswar,Odisha,East,Basic,Referral
C02886,2025-09-13 17:26:48,30.0,Other,Bengaluru,Karnataka,South,Basic,Organic
C02887,2025-01-23 08:13:30,54.0,Male,Ahmedabad,Gujarat,West,Free,Organic
C02888,2025-06-12 20:09:15,23.0,Male,Pune,Maharashtra,West,Free,Paid Ads
C02889,2025-02-25 01:04:21,43.0,Female,Chennai,Tamil Nadu,South,Basic,Referral
C02890,2025-02-11 20:28:18,31.0,Female,Chennai,Tamil Nadu,South,Free,Social Media
C02891,2025-11-21 04:10:08,25.0,Male,Pune,Maharashtra,West,Free,Paid Ads
C02892,2025-04-11 13:43:54,41.0,Female,Lucknow,Uttar Pradesh,North,Basic,Referral
C02893,2025-11-07 20:50:47,39.0,Male,Bengaluru,Karnataka,South,Basic,Social Media
C02894,2025-11-02 05:01:13,57.0,Male,Delhi,Delhi,North,Basic,Referral
C02895,2025-08-16 22:27:30,56.0,Male,Kolkata,West Bengal,East,Basic,Paid Ads
C02896,2025-11-25 03:44:44,38.0,Male,Chennai,Tamil Nadu,South,Basic,Organic
C02897,2025-03-19 22:47:02,60.0,Female,Lucknow,Uttar Pradesh,North,Free,Referral
C02898,2025-08-21 04:10:20,43.0,Male,Mumbai,Maharashtra,West,Premium,Social Media
C02899,2025-02-01 07:48:21,27.0,Other,Ahmedabad,Gujarat,West,Free,Organic
C02900,2025-05-18 01:19:01,30.0,Male,Kolkata,West Bengal,East,Basic,Paid Ads
C02901,2025-09-23 19:10:19,59.0,Female,Bhubaneswar,Odisha,East,Basic,Paid Ads
C02902,2025-07-19 00:09:38,31.0,Female,Bengaluru,Karnataka,South,Basic,Organic
C02903,2025-04-12 00:45:00,26.0,Female,Bhubaneswar,Odisha,East,Premium,Organic
C02904,2025-07-13 17:32:46,24.0,Male,Pune,Maharashtra,West,Free,Organic
C02905,2025-11-27 08:53:32,56.0,Female,Delhi,Delhi,North,Free,Paid Ads
C02906,2025-01-21 00:21:12,48.0,Female,Guwahati,Assam,East,Free,Paid Ads
C02907,2025-06-03 00:48:12,33.0,Male,Chennai,Tamil Nadu,South,Free,Referral
C02908,2025-09-07 07:49:20,25.0,Male,Guwahati,Assam,East,Basic,Organic
C02909,2025-08-05 12:43:40,32.0,Male,Mumbai,Maharashtra,West,Free,Referral
C02910,2025-11-26 17:49:27,42.0,Male,Pune,Maharashtra,West,Premium,Organic
C02911,2025-09-18 10:08:36,55.0,Male,Guwahati,Assam,East,Basic,Organic
C02912,2025-06-12 06:20:14,58.0,Female,Bhubaneswar,Odisha,East,Free,Paid Ads
C02913,2025-11-20 12:37:36,32.0,Male,Delhi,Delhi,North,Free,Referral
C02914,2025-06-30 05:43:36,42.0,Female,Chennai,Tamil Nadu,South,Free,Social Media
C02915,2025-05-06 12:46:55,24.0,Female,Kolkata,West Bengal,East,Premium,Organic
C02916,2025-01-30 23:18:16,43.0,Female,Lucknow,Uttar Pradesh,North,Basic,Paid Ads
C02917,2025-08-31 15:58:04,25.0,Male,Jaipur,Rajasthan,North,Free,Paid Ads
C02918,2025-08-01 19:23:16,35.0,Female,Hyderabad,Telangana,South,Free,Referral
C02919,2025-07-28 12:37:33,38.0,Male,Mumbai,Maharashtra,West,Free,Organic
C02920,2025-06-23 18:22:02,33.0,Male,Mumbai,Maharashtra,West,Free,Social Media
C02921,2025-08-30 02:30:54,20.0,Male,Ahmedabad,Gujarat,West,Basic,Referral
C02922,2025-10-17 17:42:17,18.0,Female,Lucknow,Uttar Pradesh,North,Basic,Social Media
C02923,2025-09-09 12:13:01,30.0,Female,Bengaluru,Karnataka,South,Free,Email
C02924,2025-07-14 21:20:56,49.0,Male,Guwahati,Assam,East,Premium,Email
C02925,2025-07-29 20:02:14,29.0,Male,Mumbai,Maharashtra,West,Free,Referral
C02926,2025-01-30 11:18:08,48.0,Male,Hyderabad,Telangana,South,Free,Email
C02927,2025-05-26 11:14:49,58.0,Other,Bengaluru,Karnataka,South,Basic,Organic
C02928,2025-06-08 12:59:21,19.0,Other,Bengaluru,Karnataka,South,Free,Organic
C02929,2025-05-04 15:15:58,58.0,Male,Jaipur,Rajasthan,North,Free,Paid Ads
C02930,2025-02-13 22:23:47,25.0,Male,Mumbai,Maharashtra,West,Basic,Email
C02931,2025-08-31 01:19:39,42.0,Female,Delhi,Delhi,North,Free,Referral
C02932,2025-07-12 16:02:48,22.0,Male,Jaipur,Rajasthan,North,Free,Paid Ads
C02933,2025-02-26 20:52:18,19.0,Male,Bhubaneswar,Odisha,East,Basic,Referral
C02934,2025-08-20 20:39:10,59.0,Female,Lucknow,Uttar Pradesh,North,Free,Organic
C02935,2025-03-22 10:31:07,55.0,Male,Lucknow,Uttar Pradesh,North,Free,Paid Ads
C02936,2025-05-21 17:43:53,56.0,Female,Kolkata,West Bengal,East,Free,Organic
C02937,2025-01-23 08:38:06,20.0,Male,Hyderabad,Telangana,South,Basic,Organic
C02938,2025-05-31 21:00:09,55.0,Female,Lucknow,Uttar Pradesh,North,Free,Organic
C02939,2025-11-29 23:17:20,,Female,Bengaluru,Karnataka,South,Premium,Social Media
C02940,2025-11-01 07:22:54,57.0,Female,Bhubaneswar,Odisha,East,Premium,Referral
C02941,2025-05-05 17:14:50,50.0,Female,Pune,Maharashtra,West,Free,Organic
C02942,2025-01-20 07:21:08,49.0,Male,Delhi,Delhi,North,Premium,Paid Ads
C02943,2025-07-04 08:25:42,34.0,Male,Mumbai,Maharashtra,West,Basic,Social Media
C02944,2025-07-04 08:40:43,35.0,Male,Delhi,Delhi,North,Free,Email
C02945,2025-03-10 06:45:07,20.0,Male,Delhi,Delhi,North,Basic,Social Media
C02946,2025-10-12 10:47:01,23.0,Male,Kolkata,West Bengal,East,Basic,Organic
C02947,2025-01-27 12:21:09,30.0,Female,Delhi,Delhi,North,Free,Organic
C02948,2025-05-20 19:04:34,48.0,Male,Ahmedabad,Gujarat,West,Free,Organic
C02949,2025-06-04 19:39:21,34.0,Male,Ahmedabad,Gujarat,West,Free,Paid Ads
C02950,2025-05-31 07:12:57,38.0,Female,Hyderabad,Telangana,South,Free,Referral
C02951,2025-06-16 17:00:36,33.0,Female,Chennai,Tamil Nadu,South,Free,Organic
C02952,2025-05-10 23:29:29,34.0,Male,Delhi,Delhi,North,Basic,Email
C02953,2025-07-30 01:46:29,49.0,Male,Delhi,Delhi,North,Free,Social Media
C02954,2025-03-19 22:29:49,,Male,Ahmedabad,Gujarat,West,Free,Paid Ads
C02955,2025-02-23 18:12:47,55.0,Male,Chennai,Tamil Nadu,South,Free,Referral
C02956,2025-05-19 13:40:51,25.0,Female,Lucknow,Uttar Pradesh,North,Premium,Referral
C02957,2025-09-23 23:07:24,18.0,Male,Delhi,Delhi,North,Free,Referral
C02958,2025-04-27 01:53:54,19.0,Female,Bengaluru,Karnataka,South,Free,Social Media
C02959,2025-04-03 14:09:40,54.0,Female,Ahmedabad,Gujarat,West,Free,Organic
C02960,2025-10-09 02:45:14,41.0,Female,Hyderabad,Telangana,South,Basic,Referral
C02961,2025-02-23 23:53:53,44.0,Male,Kolkata,West Bengal,East,Free,Organic
C02962,2025-06-25 17:31:32,37.0,Female,Ahmedabad,Gujarat,West,Free,Paid Ads
C02963,2025-09-22 19:23:00,,Female,Mumbai,Maharashtra,West,Free,Referral
C02964,2025-09-14 09:53:31,59.0,Female,Hyderabad,Telangana,South,Free,Organic
C02965,2025-02-12 19:13:51,54.0,Female,Chennai,Tamil Nadu,South,Basic,Organic
C02966,2025-08-18 21:05:19,52.0,Female,Delhi,Delhi,North,Free,Organic
C02967,2025-09-24 00:07:11,55.0,Female,Jaipur,Rajasthan,North,Free,Paid Ads
C02968,2025-09-24 11:52:59,32.0,Female,Lucknow,Uttar Pradesh,North,Basic,Referral
C02969,2025-03-05 07:19:49,59.0,Female,Chennai,Tamil Nadu,South,Free,Email
C02970,2025-03-27 11:49:38,47.0,Female,Ahmedabad,Gujarat,West,Basic,Organic
C02971,2025-03-12 08:59:27,21.0,Female,Pune,Maharashtra,West,Free,Organic
C02972,2025-01-23 10:12:16,60.0,Female,Bhubaneswar,Odisha,East,Premium,Paid Ads
C02973,2025-08-10 01:14:06,56.0,Female,Chennai,Tamil Nadu,South,Premium,Organic
C02974,2025-03-22 01:57:07,32.0,Male,Delhi,Delhi,North,Basic,Organic
C02975,2025-01-09 23:23:31,40.0,Female,Pune,Maharashtra,West,Premium,Referral
C02976,2025-11-28 06:54:33,58.0,Female,Guwahati,Assam,East,Free,Social Media
C02977,2025-11-26 14:29:53,32.0,Female,Hyderabad,Telangana,South,Basic,Social Media
C02978,2025-03-28 22:53:33,43.0,Female,Kolkata,West Bengal,East,Free,Organic
C02979,2025-02-23 06:40:05,29.0,Male,Delhi,Delhi,North,Basic,Organic
C02980,2025-10-10 08:29:15,35.0,Male,Hyderabad,Telangana,South,Free,Paid Ads
C02981,2025-02-26 11:22:42,23.0,Female,Pune,Maharashtra,West,Free,Paid Ads
C02982,2025-03-27 16:14:07,35.0,Female,Guwahati,Assam,East,Premium,Referral
C02983,2025-02-19 04:45:04,41.0,Male,Delhi,Delhi,North,Free,Paid Ads
C02984,2025-06-24 06:28:59,55.0,Female,Bengaluru,Karnataka,South,Basic,Organic
C02985,2025-05-27 06:39:22,45.0,Female,Lucknow,Uttar Pradesh,North,Basic,Organic
C02986,2025-02-04 09:09:06,32.0,Female,Chennai,Tamil Nadu,South,Free,Email
C02987,2025-03-13 21:18:15,,Female,Bhubaneswar,Odisha,East,Free,Paid Ads
C02988,2025-07-07 10:10:27,22.0,Male,Mumbai,Maharashtra,West,Free,Social Media
C02989,2025-02-02 16:45:19,21.0,Female,Lucknow,Uttar Pradesh,North,Premium,Paid Ads
C02990,2025-01-17 22:12:50,34.0,Female,Hyderabad,Telangana,South,Premium,Referral
C02991,2025-05-07 23:55:56,27.0,Female,Kolkata,West Bengal,East,Basic,Organic
C02992,2025-09-20 07:17:03,29.0,Female,Hyderabad,Telangana,South,Premium,Social Media
C02993,2025-08-25 23:47:54,22.0,Male,Delhi,Delhi,North,Free,Social Media
C02994,2025-04-17 09:12:51,24.0,Other,Pune,Maharashtra,West,Free,Organic
C02995,2025-07-30 21:26:18,40.0,Female,Bhubaneswar,Odisha,East,Free,Organic
C02996,2025-02-12 00:06:07,19.0,Female,Hyderabad,Telangana,South,Basic,Paid Ads
C02997,2025-09-27 17:06:06,47.0,Female,Bhubaneswar,Odisha,East,Free,Referral
C02998,2025-09-17 07:21:23,,Female,Pune,Maharashtra,West,Basic,Referral
C02999,2025-11-20 05:07:13,22.0,Female,Mumbai,Maharashtra,West,Basic,Referral
C03000,2025-11-06 12:34:11,37.0,Female,Bengaluru,Karnataka,South,Free,Referral
C03001,2025-10-01 12:55:54,43.0,Female,Lucknow,Uttar Pradesh,North,Free,Paid Ads
C03002,2025-08-20 01:45:31,56.0,Male,Bengaluru,Karnataka,South,Free,Referral
C03003,2025-11-25 20:26:35,23.0,Male,Ahmedabad,Gujarat,West,Basic,Organic
C03004,2025-06-14 02:57:04,46.0,Female,Lucknow,Uttar Pradesh,North,Free,Organic
C03005,2025-08-27 23:24:16,27.0,Female,Delhi,Delhi,North,Free,Paid Ads
C03006,2025-11-12 05:26:53,33.0,Male,Chennai,Tamil Nadu,South,Basic,Social Media
C03007,2025-09-21 13:45:40,51.0,Female,Chennai,Tamil Nadu,South,Free,Social Media
C03008,2025-05-24 06:06:45,48.0,Female,Bhubaneswar,Odisha,East,Free,Social Media
C03009,2025-10-12 22:40:37,53.0,Female,Jaipur,Rajasthan,North,Basic,Paid Ads
C03010,2025-04-02 21:56:53,58.0,Male,Guwahati,Assam,East,Basic,Organic
C03011,2025-11-02 08:55:20,22.0,Male,Jaipur,Rajasthan,North,Basic,Paid Ads
C03012,2025-02-17 04:35:28,,Female,Ahmedabad,Gujarat,West,Free,Organic
C03013,2025-06-27 10:11:05,60.0,Male,Mumbai,Maharashtra,West,Free,Referral
C03014,2025-11-30 17:03:40,36.0,Female,Mumbai,Maharashtra,West,Basic,Organic
C03015,2025-07-01 09:17:27,49.0,Female,Lucknow,Uttar Pradesh,North,Free,Organic
C03016,2025-04-12 17:26:55,40.0,Female,Pune,Maharashtra,West,Premium,Referral
C03017,2025-09-04 15:02:35,20.0,Female,Lucknow,Uttar Pradesh,North,Free,Organic
C03018,2025-03-20 02:18:22,18.0,Male,Pune,Maharashtra,West,Free,Referral
C03019,2025-10-24 15:23:43,53.0,Male,Bhubaneswar,Odisha,East,Free,Referral
C03020,2025-06-23 09:48:14,58.0,Female,Hyderabad,Telangana,South,Premium,Social Media
C03021,2025-06-10 02:53:06,45.0,Female,Ahmedabad,Gujarat,West,Basic,Organic
C03022,2025-08-25 07:02:52,56.0,Male,Pune,Maharashtra,West,Free,Organic
C03023,2025-08-16 06:55:16,22.0,Male,Lucknow,Uttar Pradesh,North,Basic,Social Media
C03024,2025-02-01 15:01:07,30.0,Male,Pune,Maharashtra,West,Free,Organic
C03025,2025-01-14 15:03:36,28.0,Female,Guwahati,Assam,East,Free,Email
C03026,2025-02-19 06:30:44,39.0,Male,Mumbai,Maharashtra,West,Free,Organic
C03027,2025-06-11 09:29:21,40.0,Male,Chennai,Tamil Nadu,South,Free,Referral
C03028,2025-10-19 15:37:31,29.0,Female,Delhi,Delhi,North,Free,Organic
C03029,2025-01-25 13:49:21,38.0,Male,Lucknow,Uttar Pradesh,North,Free,Paid Ads
C03030,2025-03-03 19:28:54,36.0,Female,Delhi,Delhi,North,Free,Email
C03031,2025-01-23 11:59:15,22.0,Male,Guwahati,Assam,East,Free,Referral
C03032,2025-01-13 23:39:32,41.0,Female,Pune,Maharashtra,West,Free,Referral
C03033,2025-09-27 10:18:25,47.0,Male,Lucknow,Uttar Pradesh,North,Premium,Organic
C03034,2025-11-23 07:44:46,25.0,Male,Guwahati,Assam,East,Basic,Email
C03035,2025-04-06 08:48:38,19.0,Female,Pune,Maharashtra,West,Premium,Referral
C03036,2025-07-16 17:52:15,51.0,Male,Ahmedabad,Gujarat,West,Free,Organic
C03037,2025-05-01 03:21:34,40.0,Female,Pune,Maharashtra,West,Free,Organic
C03038,2025-11-26 14:16:24,20.0,Male,Hyderabad,Telangana,South,Basic,Organic
C03039,2025-09-15 18:10:36,41.0,Male,Bhubaneswar,Odisha,East,Basic,Organic
C03040,2025-07-09 00:55:28,35.0,Female,Delhi,Delhi,North,Basic,Email
C03041,2025-08-15 02:43:06,54.0,Female,Guwahati,Assam,East,Basic,Paid Ads
C03042,2025-08-16 15:52:31,48.0,Male,Hyderabad,Telangana,South,Basic,Organic
C03043,2025-06-28 03:04:53,31.0,Female,Guwahati,Assam,East,Basic,Paid Ads
C03044,2025-09-27 16:50:14,18.0,Female,Pune,Maharashtra,West,Basic,Paid Ads
C03045,2025-07-05 21:53:28,31.0,Male,Lucknow,Uttar Pradesh,North,Premium,Organic
C03046,2025-04-03 10:58:41,58.0,Female,Jaipur,Rajasthan,North,Premium,Organic
C03047,2025-03-15 07:37:19,22.0,Male,Ahmedabad,Gujarat,West,Free,Organic
C03048,2025-06-29 17:33:39,48.0,Male,Mumbai,Maharashtra,West,Free,Referral
C03049,2025-05-06 19:58:02,48.0,Male,Ahmedabad,Gujarat,West,Free,Paid Ads
C03050,2025-04-09 03:14:22,47.0,Female,Mumbai,Maharashtra,West,Free,Email
C03051,2025-02-14 02:57:38,53.0,Male,Bhubaneswar,Odisha,East,Free,Paid Ads
C03052,2025-09-27 11:25:10,18.0,Female,Mumbai,Maharashtra,West,Free,Paid Ads
C03053,2025-08-14 01:39:00,20.0,Male,Ahmedabad,Gujarat,West,Free,Email
C03054,2025-08-03 00:13:32,37.0,Male,Ahmedabad,Gujarat,West,Basic,Paid Ads
C03055,2025-08-24 05:29:56,60.0,Female,Jaipur,Rajasthan,North,Free,Paid Ads
C03056,2025-10-20 10:58:35,60.0,Female,Hyderabad,Telangana,South,Basic,Paid Ads
C03057,2025-08-20 00:10:52,38.0,Male,Lucknow,Uttar Pradesh,North,Free,Referral
C03058,2025-02-09 03:14:41,47.0,Male,Bhubaneswar,Odisha,East,Premium,Paid Ads
C03059,2025-02-15 09:02:29,59.0,Female,Bhubaneswar,Odisha,East,Basic,Referral
C03060,2025-08-16 17:45:41,47.0,Male,Bengaluru,Karnataka,South,Free,Paid Ads
C03061,2025-08-03 16:48:43,22.0,Female,Pune,Maharashtra,West,Premium,Paid Ads
C03062,2025-10-30 05:14:43,27.0,Female,Guwahati,Assam,East,Free,Social Media
C03063,2025-03-18 20:48:39,41.0,Female,Jaipur,Rajasthan,North,Basic,Paid Ads
C03064,2025-07-16 02:07:01,56.0,Female,Lucknow,Uttar Pradesh,North,Basic,Organic
C03065,2025-03-08 20:03:32,23.0,Female,Delhi,Delhi,North,Free,Referral
C03066,2025-09-29 02:08:27,27.0,Male,Pune,Maharashtra,West,Free,Email
C03067,2025-09-03 12:05:22,59.0,Male,Guwahati,Assam,East,Free,Referral
C03068,2025-11-25 16:55:50,60.0,Male,Chennai,Tamil Nadu,South,Premium,Paid Ads
C03069,2025-09-11 12:20:34,27.0,Male,Pune,Maharashtra,West,Basic,Email
C03070,2025-07-08 21:02:44,42.0,Female,Jaipur,Rajasthan,North,Free,Paid Ads
C03071,2025-01-01 01:15:54,31.0,Male,Jaipur,Rajasthan,North,Free,Email
C03072,2025-02-18 08:32:49,56.0,Female,Delhi,Delhi,North,Free,Organic
C03073,2025-11-17 02:11:05,30.0,Female,Ahmedabad,Gujarat,West,Free,Email
C03074,2025-06-06 20:02:35,28.0,Female,Pune,Maharashtra,West,Premium,Organic
C03075,2025-01-29 00:34:27,56.0,Female,Lucknow,Uttar Pradesh,North,Free,Referral
C03076,2025-02-22 02:41:47,28.0,Female,Bengaluru,Karnataka,South,Free,Social Media
C03077,2025-09-29 15:04:19,33.0,Male,Hyderabad,Telangana,South,Premium,Referral
C03078,2025-07-14 23:38:04,50.0,Female,Guwahati,Assam,East,Free,Social Media
C03079,2025-05-08 17:35:03,58.0,Male,Kolkata,West Bengal,East,Free,Paid Ads
C03080,2025-06-04 18:41:51,58.0,Female,Chennai,Tamil Nadu,South,Free,Organic
C03081,2025-10-12 11:07:38,49.0,Male,Lucknow,Uttar Pradesh,North,Basic,Paid Ads
C03082,2025-11-08 11:43:16,27.0,Male,Hyderabad,Telangana,South,Basic,Referral
C03083,2025-10-19 01:20:17,32.0,Female,Bhubaneswar,Odisha,East,Free,Referral
C03084,2025-02-15 05:22:16,33.0,Female,Jaipur,Rajasthan,North,Basic,Organic
C03085,2025-07-16 03:27:36,60.0,Female,Lucknow,Uttar Pradesh,North,Basic,Organic
C03086,2025-10-05 20:35:36,44.0,Male,Delhi,Delhi,North,Basic,Paid Ads
C03087,2025-06-27 20:10:09,49.0,Male,Pune,Maharashtra,West,Premium,Social Media
C03088,2025-01-26 04:44:56,23.0,Male,Bhubaneswar,Odisha,East,Free,Social Media
C03089,2025-03-03 18:50:48,53.0,Female,Delhi,Delhi,North,Free,Organic
C03090,2025-04-02 11:51:45,25.0,Female,Ahmedabad,Gujarat,West,Basic,Email
C03091,2025-11-24 01:48:21,42.0,Male,Pune,Maharashtra,West,Free,Email
C03092,2025-03-26 19:52:40,24.0,Female,Hyderabad,Telangana,South,Free,Organic
C03093,2025-07-01 16:01:19,34.0,Male,Ahmedabad,Gujarat,West,Free,Paid Ads
C03094,2025-09-13 01:18:59,47.0,Female,Hyderabad,Telangana,South,Basic,Referral
C03095,2025-08-20 00:27:50,19.0,Male,Kolkata,West Bengal,East,Free,Referral
C03096,2025-10-19 22:39:10,34.0,Female,Lucknow,Uttar Pradesh,North,Free,Referral
C03097,2025-08-23 13:51:52,21.0,Female,Hyderabad,Telangana,South,Free,Paid Ads
C03098,2025-07-03 11:38:13,43.0,Male,Bhubaneswar,Odisha,East,Basic,Organic
C03099,2025-09-04 06:48:42,31.0,Male,Bhubaneswar,Odisha,East,Basic,Organic
C03100,2025-07-23 16:22:55,25.0,Male,Mumbai,Maharashtra,West,Free,Organic
C03101,2025-06-11 01:58:50,22.0,Male,Kolkata,West Bengal,East,Basic,Social Media
C03102,2025-11-03 05:27:57,22.0,Male,Jaipur,Rajasthan,North,Basic,Organic
C03103,2025-10-06 06:38:08,22.0,Male,Chennai,Tamil Nadu,South,Basic,Social Media
C03104,2025-11-06 12:28:02,44.0,Male,Mumbai,Maharashtra,West,Free,Paid Ads
C03105,2025-11-11 04:43:22,22.0,Male,Ahmedabad,Gujarat,West,Basic,Paid Ads
C03106,2025-05-04 00:32:44,20.0,Male,Mumbai,Maharashtra,West,Premium,Social Media
C03107,2025-05-20 16:16:57,55.0,Male,Lucknow,Uttar Pradesh,North,Free,Organic
C03108,2025-09-06 09:12:59,47.0,Male,Bhubaneswar,Odisha,East,Free,Organic
C03109,2025-10-31 00:19:14,18.0,Female,Jaipur,Rajasthan,North,Free,Email
C03110,2025-07-27 17:12:45,25.0,Female,Jaipur,Rajasthan,North,Basic,Referral
C03111,2025-02-25 18:57:05,30.0,Female,Lucknow,Uttar Pradesh,North,Basic,Organic
C03112,2025-10-13 07:56:12,37.0,Male,Mumbai,Maharashtra,West,Free,Organic
C03113,2025-09-16 23:38:57,23.0,Male,Lucknow,Uttar Pradesh,North,Free,Social Media
C03114,2025-06-04 03:29:40,25.0,Male,Kolkata,West Bengal,East,Premium,Referral
C03115,2025-02-22 04:40:12,47.0,Female,Kolkata,West Bengal,East,Basic,Organic
C03116,2025-03-26 14:22:36,57.0,Female,Bengaluru,Karnataka,South,Premium,Email
C03117,2025-01-27 00:19:35,32.0,Male,Jaipur,Rajasthan,North,Premium,Paid Ads
C03118,2025-07-16 19:22:31,27.0,Female,Kolkata,West Bengal,East,Free,Email
C03119,2025-02-01 00:24:13,50.0,Female,Pune,Maharashtra,West,Free,Organic
C03120,2025-01-10 07:28:11,26.0,Other,Kolkata,West Bengal,East,Basic,Paid Ads
C03121,2025-09-27 21:27:08,50.0,Male,Mumbai,Maharashtra,West,Free,Organic
C03122,2025-04-17 00:17:21,26.0,Male,Pune,Maharashtra,West,Free,Paid Ads
C03123,2025-01-27 13:47:56,31.0,Male,Bhubaneswar,Odisha,East,Free,Organic
C03124,2025-08-14 11:14:11,49.0,Male,Ahmedabad,Gujarat,West,Premium,Paid Ads
C03125,2025-11-12 04:44:06,54.0,Female,Delhi,Delhi,North,Free,Organic
C03126,2025-01-09 23:54:37,23.0,Male,Jaipur,Rajasthan,North,Free,Organic
C03127,2025-03-02 19:38:29,,Female,Lucknow,Uttar Pradesh,North,Basic,Email
C03128,2025-05-06 05:59:37,21.0,Male,Guwahati,Assam,East,Premium,Organic
C03129,2025-11-15 20:40:22,33.0,Male,Chennai,Tamil Nadu,South,Premium,Paid Ads
C03130,2025-05-07 05:29:40,27.0,Male,Bengaluru,Karnataka,South,Basic,Referral
C03131,2025-09-15 21:51:45,48.0,Male,Hyderabad,Telangana,South,Free,Referral
C03132,2025-02-14 09:47:19,48.0,Female,Bengaluru,Karnataka,South,Free,Social Media
C03133,2025-11-18 02:40:13,31.0,Other,Bengaluru,Karnataka,South,Premium,Social Media
C03134,2025-04-18 23:47:07,30.0,Female,Lucknow,Uttar Pradesh,North,Free,Email
C03135,2025-09-04 07:25:21,21.0,Female,Bhubaneswar,Odisha,East,Basic,Social Media
C03136,2025-09-22 15:54:47,43.0,Male,Delhi,Delhi,North,Free,Social Media
C03137,2025-07-07 19:51:43,41.0,Female,Jaipur,Rajasthan,North,Free,Paid Ads
C03138,2025-03-16 01:09:50,26.0,Male,Lucknow,Uttar Pradesh,North,Basic,Referral
C03139,2025-09-02 03:34:30,52.0,Female,Delhi,Delhi,North,Premium,Paid Ads
C03140,2025-09-30 20:08:34,59.0,Female,Bhubaneswar,Odisha,East,Premium,Organic
C03141,2025-08-30 17:04:28,32.0,Male,Pune,Maharashtra,West,Premium,Paid Ads
C03142,2025-04-11 00:26:36,41.0,Male,Bengaluru,Karnataka,South,Basic,Paid Ads
C03143,2025-01-17 08:22:27,48.0,Other,Jaipur,Rajasthan,North,Basic,Paid Ads
C03144,2025-05-10 13:56:24,36.0,Male,Jaipur,Rajasthan,North,Premium,Paid Ads
C03145,2025-07-07 23:10:46,19.0,Male,Ahmedabad,Gujarat,West,Free,Organic
C03146,2025-07-30 10:10:24,19.0,Male,Ahmedabad,Gujarat,West,Premium,Paid Ads
C03147,2025-11-14 21:10:08,58.0,Female,Chennai,Tamil Nadu,South,Basic,Email
C03148,2025-03-08 15:46:06,53.0,Male,Jaipur,Rajasthan,North,Premium,Paid Ads
C03149,2025-09-06 03:36:51,,Female,Bengaluru,Karnataka,South,Basic,Organic
C03150,2025-01-22 22:14:37,51.0,Female,Ahmedabad,Gujarat,West,Free,Paid Ads
C03151,2025-03-31 02:19:25,56.0,Female,Delhi,Delhi,North,Free,Social Media
C03152,2025-04-25 04:13:16,36.0,Male,Pune,Maharashtra,West,Free,Email
C03153,2025-08-14 06:34:52,55.0,Female,Delhi,Delhi,North,Free,Email
C03154,2025-05-20 15:48:51,40.0,Male,Pune,Maharashtra,West,Free,Organic
C03155,2025-11-30 18:53:32,33.0,Female,Ahmedabad,Gujarat,West,Basic,Paid Ads
C03156,2025-01-08 21:42:12,23.0,Female,Lucknow,Uttar Pradesh,North,Free,Email
C03157,2025-02-21 20:44:00,43.0,Female,Chennai,Tamil Nadu,South,Free,Paid Ads
C03158,2025-06-30 16:17:50,39.0,Female,Guwahati,Assam,East,Premium,Organic
C03159,2025-04-27 13:06:05,41.0,Female,Chennai,Tamil Nadu,South,Free,Organic
C03160,2025-07-29 07:58:41,57.0,Male,Mumbai,Maharashtra,West,Premium,Email
C03161,2025-01-14 22:48:10,38.0,Female,Pune,Maharashtra,West,Free,Paid Ads
C03162,2025-02-09 11:30:11,47.0,Male,Kolkata,West Bengal,East,Basic,Email
C03163,2025-03-21 18:42:03,28.0,Male,Pune,Maharashtra,West,Free,Organic
C03164,2025-08-10 16:52:35,26.0,Male,Ahmedabad,Gujarat,West,Basic,Social Media
C03165,2025-01-15 19:36:42,29.0,Female,Bhubaneswar,Odisha,East,Basic,Organic
C03166,2025-11-13 05:44:53,43.0,Male,Pune,Maharashtra,West,Premium,Organic
C03167,2025-11-02 06:10:52,,Female,Chennai,Tamil Nadu,South,Free,Referral
C03168,2025-08-20 19:43:49,20.0,Female,Guwahati,Assam,East,Free,Paid Ads
C03169,2025-02-16 19:49:27,50.0,Female,Chennai,Tamil Nadu,South,Premium,Referral
C03170,2025-10-27 19:23:07,32.0,Female,Ahmedabad,Gujarat,West,Free,Email
C03171,2025-06-20 14:33:16,22.0,Male,Jaipur,Rajasthan,North,Free,Organic
C03172,2025-01-21 04:00:29,41.0,Female,Mumbai,Maharashtra,West,Free,Organic
C03173,2025-02-02 10:01:04,28.0,Female,Bhubaneswar,Odisha,East,Free,Referral
C03174,2025-07-28 04:11:12,50.0,Female,Kolkata,West Bengal,East,Free,Email
C03175,2025-07-01 13:36:46,40.0,Male,Guwahati,Assam,East,Free,Social Media
C03176,2025-02-06 03:09:14,27.0,Male,Guwahati,Assam,East,Free,Paid Ads
C03177,2025-04-28 02:41:23,60.0,Female,Jaipur,Rajasthan,North,Free,Social Media
C03178,2025-02-26 16:09:04,45.0,Male,Hyderabad,Telangana,South,Free,Organic
C03179,2025-02-15 06:22:16,56.0,Male,Chennai,Tamil Nadu,South,Basic,Organic
C03180,2025-02-22 00:08:11,34.0,Male,Lucknow,Uttar Pradesh,North,Premium,Referral
C03181,2025-07-19 15:19:06,43.0,Male,Kolkata,West Bengal,East,Free,Social Media
C03182,2025-03-15 06:26:26,42.0,Male,Ahmedabad,Gujarat,West,Premium,Paid Ads
C03183,2025-04-25 02:57:50,53.0,Female,Mumbai,Maharashtra,West,Premium,Referral
C03184,2025-05-06 14:57:24,29.0,Female,Pune,Maharashtra,West,Basic,Paid Ads
C03185,2025-06-22 10:33:13,20.0,Male,Jaipur,Rajasthan,North,Premium,Paid Ads
C03186,2025-10-06 06:58:40,46.0,Male,Jaipur,Rajasthan,North,Free,Email
C03187,2025-06-17 13:07:03,41.0,Female,Mumbai,Maharashtra,West,Premium,Paid Ads
C03188,2025-08-20 01:28:34,36.0,Male,Pune,Maharashtra,West,Basic,Organic
C03189,2025-02-01 15:13:17,30.0,Female,Chennai,Tamil Nadu,South,Free,Social Media
C03190,2025-04-20 13:49:02,33.0,Male,Bengaluru,Karnataka,South,Basic,Referral
C03191,2025-09-19 23:02:56,57.0,Female,Ahmedabad,Gujarat,West,Basic,Social Media
C03192,2025-06-11 08:30:33,44.0,Female,Chennai,Tamil Nadu,South,Free,Email
C03193,2025-04-26 02:56:21,23.0,Female,Hyderabad,Telangana,South,Free,Organic
C03194,2025-08-06 02:04:48,59.0,Female,Ahmedabad,Gujarat,West,Basic,Paid Ads
C03195,2025-05-08 04:36:46,27.0,Male,Pune,Maharashtra,West,Basic,Referral
C03196,2025-10-30 04:25:18,55.0,Male,Pune,Maharashtra,West,Basic,Paid Ads
C03197,2025-05-24 03:10:26,25.0,Female,Bengaluru,Karnataka,South,Basic,Social Media
C03198,2025-07-24 23:51:16,35.0,Female,Bengaluru,Karnataka,South,Free,Referral
C03199,2025-03-25 16:35:31,49.0,Male,Bhubaneswar,Odisha,East,Free,Social Media
C03200,2025-06-16 10:25:58,34.0,Female,Ahmedabad,Gujarat,West,Premium,Social Media
C03201,2025-01-03 01:19:49,59.0,Female,Delhi,Delhi,North,Premium,Organic
C03202,2025-07-24 06:20:59,19.0,Female,Mumbai,Maharashtra,West,Basic,Social Media
C03203,2025-10-14 16:58:26,37.0,Male,Bhubaneswar,Odisha,East,Premium,Social Media
C03204,2025-07-10 21:44:47,27.0,Female,Chennai,Tamil Nadu,South,Premium,Social Media
C03205,2025-04-08 03:59:54,26.0,Male,Jaipur,Rajasthan,North,Free,Paid Ads
C03206,2025-07-11 01:05:11,56.0,Female,Chennai,Tamil Nadu,South,Free,Paid Ads
C03207,2025-01-22 11:11:51,58.0,Male,Bengaluru,Karnataka,South,Free,Organic
C03208,2025-08-16 02:33:49,42.0,Female,Delhi,Delhi,North,Free,Social Media
C03209,2025-05-21 10:46:41,42.0,Male,Mumbai,Maharashtra,West,Basic,Paid Ads
C03210,2025-11-19 00:53:19,41.0,Male,Lucknow,Uttar Pradesh,North,Free,Referral
C03211,2025-08-09 17:43:18,23.0,Male,Kolkata,West Bengal,East,Premium,Organic
C03212,2025-04-21 08:48:29,47.0,Male,Delhi,Delhi,North,Basic,Referral
C03213,2025-11-11 04:00:33,27.0,Female,Bhubaneswar,Odisha,East,Basic,Organic
C03214,2025-02-21 00:00:55,56.0,Male,Delhi,Delhi,North,Free,Email
C03215,2025-11-18 03:41:31,48.0,Other,Kolkata,West Bengal,East,Free,Social Media
C03216,2025-07-29 18:36:32,,Female,Kolkata,West Bengal,East,Basic,Organic
C03217,2025-11-08 03:34:19,60.0,Female,Bhubaneswar,Odisha,East,Premium,Referral
C03218,2025-11-10 09:18:40,50.0,Male,Kolkata,West Bengal,East,Premium,Referral
C03219,2025-02-15 09:11:16,36.0,Male,Delhi,Delhi,North,Basic,Social Media
C03220,2025-05-02 14:10:14,40.0,Male,Lucknow,Uttar Pradesh,North,Free,Social Media
C03221,2025-03-23 06:41:09,22.0,Female,Lucknow,Uttar Pradesh,North,Free,Email
C03222,2025-01-08 13:46:45,43.0,Male,Guwahati,Assam,East,Premium,Paid Ads
C03223,2025-01-14 03:19:49,46.0,Female,Guwahati,Assam,East,Free,Organic
C03224,2025-07-14 02:52:55,41.0,Male,Bhubaneswar,Odisha,East,Basic,Referral
C03225,2025-05-26 09:41:56,23.0,Other,Guwahati,Assam,East,Basic,Social Media
C03226,2025-06-13 17:42:38,56.0,Male,Bengaluru,Karnataka,South,Free,Organic
C03227,2025-06-13 03:03:53,21.0,Male,Ahmedabad,Gujarat,West,Free,Organic
C03228,2025-05-18 16:34:10,59.0,Female,Pune,Maharashtra,West,Premium,Social Media
C03229,2025-01-26 05:16:40,43.0,Female,Guwahati,Assam,East,Premium,Social Media
C03230,2025-07-24 13:13:45,32.0,Female,Guwahati,Assam,East,Premium,Organic
C03231,2025-11-13 11:14:10,30.0,Male,Jaipur,Rajasthan,North,Free,Social Media
C03232,2025-05-30 00:27:09,,Female,Jaipur,Rajasthan,North,Free,Organic
C03233,2025-10-17 16:54:05,39.0,Female,Pune,Maharashtra,West,Premium,Organic
C03234,2025-05-01 21:55:14,30.0,Male,Bhubaneswar,Odisha,East,Free,Paid Ads
C03235,2025-09-13 04:17:04,56.0,Male,Pune,Maharashtra,West,Basic,Email
C03236,2025-04-09 17:44:00,34.0,Female,Bhubaneswar,Odisha,East,Free,Referral
C03237,2025-04-09 10:27:30,,Female,Kolkata,West Bengal,East,Basic,Paid Ads
C03238,2025-03-31 04:43:15,56.0,Female,Hyderabad,Telangana,South,Free,Organic
C03239,2025-08-01 15:31:45,42.0,Other,Lucknow,Uttar Pradesh,North,Premium,Referral
C03240,2025-07-15 10:13:12,51.0,Male,Jaipur,Rajasthan,North,Premium,Referral
C03241,2025-04-10 03:02:54,38.0,Female,Pune,Maharashtra,West,Free,Email
C03242,2025-04-16 19:15:54,42.0,Female,Mumbai,Maharashtra,West,Free,Social Media
C03243,2025-08-19 18:43:35,42.0,Female,Delhi,Delhi,North,Basic,Organic
C03244,2025-11-28 04:12:59,39.0,Female,Jaipur,Rajasthan,North,Free,Social Media
C03245,2025-06-10 04:14:07,40.0,Female,Delhi,Delhi,North,Premium,Organic
C03246,2025-11-02 12:30:42,42.0,Male,Kolkata,West Bengal,East,Free,Email
C03247,2025-11-22 09:42:12,31.0,Male,Pune,Maharashtra,West,Free,Organic
C03248,2025-11-23 13:29:55,31.0,Male,Pune,Maharashtra,West,Basic,Organic
C03249,2025-10-27 17:02:32,43.0,Female,Chennai,Tamil Nadu,South,Basic,Paid Ads
C03250,2025-04-14 08:00:47,57.0,Male,Jaipur,Rajasthan,North,Free,Organic
C03251,2025-11-05 20:04:42,47.0,Female,Lucknow,Uttar Pradesh,North,Free,Paid Ads
C03252,2025-01-13 16:56:06,43.0,Male,Guwahati,Assam,East,Free,Paid Ads
C03253,2025-02-25 06:19:47,55.0,Male,Jaipur,Rajasthan,North,Free,Paid Ads
C03254,2025-04-05 19:09:32,39.0,Female,Kolkata,West Bengal,East,Free,Paid Ads
C03255,2025-07-09 20:15:35,56.0,Female,Pune,Maharashtra,West,Premium,Social Media
C03256,2025-10-23 11:43:29,56.0,Male,Guwahati,Assam,East,Free,Paid Ads
C03257,2025-03-06 05:07:54,51.0,Female,Delhi,Delhi,North,Free,Email
C03258,2025-03-18 05:36:16,42.0,Male,Guwahati,Assam,East,Basic,Organic
C03259,2025-03-20 00:57:00,53.0,Male,Pune,Maharashtra,West,Free,Organic
C03260,2025-03-29 23:03:09,30.0,Male,Hyderabad,Telangana,South,Premium,Referral
C03261,2025-07-23 23:25:15,46.0,Female,Guwahati,Assam,East,Basic,Organic
C03262,2025-11-03 08:55:08,59.0,Male,Ahmedabad,Gujarat,West,Free,Paid Ads
C03263,2025-07-17 18:52:05,26.0,Female,Mumbai,Maharashtra,West,Premium,Email
C03264,2025-08-10 13:17:15,32.0,Female,Guwahati,Assam,East,Free,Paid Ads
C03265,2025-04-13 06:52:08,48.0,Male,Bengaluru,Karnataka,South,Basic,Paid Ads
C03266,2025-08-25 09:23:52,44.0,Male,Bhubaneswar,Odisha,East,Premium,Social Media
C03267,2025-03-10 14:00:34,48.0,Male,Pune,Maharashtra,West,Premium,Organic
C03268,2025-11-04 04:24:24,27.0,Female,Lucknow,Uttar Pradesh,North,Free,Referral
C03269,2025-09-28 03:38:52,54.0,Female,Delhi,Delhi,North,Free,Organic
C03270,2025-05-01 02:35:10,24.0,Female,Jaipur,Rajasthan,North,Free,Organic
C03271,2025-09-20 17:38:20,49.0,Male,Mumbai,Maharashtra,West,Basic,Organic
C03272,2025-04-25 08:59:20,28.0,Male,Kolkata,West Bengal,East,Premium,Email
C03273,2025-08-28 22:28:58,45.0,Male,Lucknow,Uttar Pradesh,North,Free,Organic
C03274,2025-09-10 03:53:05,21.0,Male,Lucknow,Uttar Pradesh,North,Free,Paid Ads
C03275,2025-11-15 12:51:28,48.0,Male,Bengaluru,Karnataka,South,Premium,Organic
C03276,2025-08-06 03:15:02,46.0,Female,Bengaluru,Karnataka,South,Free,Paid Ads
C03277,2025-02-16 23:24:35,50.0,Female,Hyderabad,Telangana,South,Free,Paid Ads
C03278,2025-02-16 21:49:08,21.0,Female,Mumbai,Maharashtra,West,Free,Paid Ads
C03279,2025-08-01 23:37:07,43.0,Male,Ahmedabad,Gujarat,West,Free,Social Media
C03280,2025-06-08 19:32:05,48.0,Male,Bengaluru,Karnataka,South,Premium,Email
C03281,2025-06-30 07:52:26,48.0,Male,Ahmedabad,Gujarat,West,Premium,Paid Ads
C03282,2025-11-26 01:16:33,44.0,Male,Kolkata,West Bengal,East,Free,Organic
C03283,2025-04-30 16:48:55,42.0,Female,Hyderabad,Telangana,South,Premium,Email
C03284,2025-01-21 14:22:43,53.0,Male,Bengaluru,Karnataka,South,Free,Email
C03285,2025-10-20 15:38:15,48.0,Female,Pune,Maharashtra,West,Premium,Paid Ads
C03286,2025-08-10 05:52:18,60.0,Other,Bhubaneswar,Odisha,East,Free,Paid Ads
C03287,2025-06-04 02:44:27,54.0,Male,Mumbai,Maharashtra,West,Premium,Organic
C03288,2025-10-22 22:42:35,40.0,Female,Chennai,Tamil Nadu,South,Free,Paid Ads
C03289,2025-10-13 11:52:42,52.0,Female,Bengaluru,Karnataka,South,Free,Paid Ads
C03290,2025-03-13 00:19:59,21.0,Male,Kolkata,West Bengal,East,Premium,Email
C03291,2025-10-11 18:16:04,45.0,Female,Bhubaneswar,Odisha,East,Free,Organic
C03292,2025-03-08 15:03:55,59.0,Male,Bengaluru,Karnataka,South,Premium,Paid Ads
C03293,2025-05-02 09:09:54,58.0,Female,Ahmedabad,Gujarat,West,Free,Referral
C03294,2025-04-15 20:07:07,59.0,Male,Delhi,Delhi,North,Free,Paid Ads
C03295,2025-04-13 10:56:14,30.0,Male,Bengaluru,Karnataka,South,Premium,Paid Ads
C03296,2025-11-19 22:51:59,18.0,Male,Bhubaneswar,Odisha,East,Basic,Email
C03297,2025-03-30 00:50:52,29.0,Female,Lucknow,Uttar Pradesh,North,Free,Paid Ads
C03298,2025-08-17 18:58:14,60.0,Male,Kolkata,West Bengal,East,Free,Email
C03299,2025-02-15 09:38:54,57.0,Male,Mumbai,Maharashtra,West,Basic,Organic
C03300,2025-06-26 10:02:42,43.0,Male,Bengaluru,Karnataka,South,Free,Organic
C03301,2025-09-02 05:11:58,40.0,Male,Mumbai,Maharashtra,West,Free,Email
C03302,2025-06-27 19:02:35,39.0,Female,Bengaluru,Karnataka,South,Basic,Organic
C03303,2025-07-02 09:57:27,45.0,Female,Delhi,Delhi,North,Basic,Social Media
C03304,2025-07-15 23:03:52,34.0,Female,Ahmedabad,Gujarat,West,Premium,Paid Ads
C03305,2025-09-02 14:16:28,23.0,Female,Guwahati,Assam,East,Basic,Paid Ads
C03306,2025-07-06 02:30:03,31.0,Female,Mumbai,Maharashtra,West,Free,Referral
C03307,2025-01-31 00:02:57,34.0,Female,Mumbai,Maharashtra,West,Free,Social Media
C03308,2025-07-10 04:59:14,55.0,Female,Bhubaneswar,Odisha,East,Free,Email
C03309,2025-10-05 12:23:39,22.0,Male,Ahmedabad,Gujarat,West,Free,Organic
C03310,2025-10-18 19:19:24,30.0,Female,Ahmedabad,Gujarat,West,Free,Referral
C03311,2025-07-02 19:24:38,26.0,Other,Delhi,Delhi,North,Premium,Paid Ads
C03312,2025-10-23 23:16:36,59.0,Female,Lucknow,Uttar Pradesh,North,Premium,Referral
C03313,2025-06-07 17:56:41,43.0,Female,Lucknow,Uttar Pradesh,North,Basic,Organic
C03314,2025-10-22 04:23:29,30.0,Male,Bhubaneswar,Odisha,East,Basic,Paid Ads
C03315,2025-02-12 06:49:49,36.0,Female,Bhubaneswar,Odisha,East,Free,Organic
C03316,2025-01-17 19:26:37,34.0,Female,Lucknow,Uttar Pradesh,North,Basic,Paid Ads
C03317,2025-04-13 20:54:27,33.0,Male,Ahmedabad,Gujarat,West,Basic,Referral
C03318,2025-08-15 07:09:04,47.0,Male,Guwahati,Assam,East,Basic,Organic
C03319,2025-08-29 08:18:54,49.0,Male,Bengaluru,Karnataka,South,Free,Referral
C03320,2025-10-24 06:08:47,31.0,Female,Chennai,Tamil Nadu,South,Basic,Paid Ads
C03321,2025-03-31 01:34:15,32.0,Female,Delhi,Delhi,North,Basic,Organic
C03322,2025-10-20 09:24:00,29.0,Female,Bhubaneswar,Odisha,East,Free,Paid Ads
C03323,2025-03-01 04:44:38,54.0,Male,Chennai,Tamil Nadu,South,Free,Social Media
C03324,2025-09-05 07:58:14,28.0,Female,Jaipur,Rajasthan,North,Basic,Email
C03325,2025-02-28 22:27:58,22.0,Male,Hyderabad,Telangana,South,Basic,Paid Ads
C03326,2025-03-10 17:09:36,28.0,Male,Jaipur,Rajasthan,North,Premium,Organic
C03327,2025-02-22 07:59:46,51.0,Male,Bengaluru,Karnataka,South,Free,Organic
C03328,2025-08-17 22:04:17,36.0,Other,Jaipur,Rajasthan,North,Free,Social Media
C03329,2025-11-10 20:11:42,43.0,Male,Kolkata,West Bengal,East,Free,Referral
C03330,2025-05-30 03:20:14,43.0,Male,Jaipur,Rajasthan,North,Free,Organic
C03331,2025-06-17 11:43:32,34.0,Male,Jaipur,Rajasthan,North,Basic,Paid Ads
C03332,2025-09-28 21:38:57,48.0,Male,Lucknow,Uttar Pradesh,North,Premium,Social Media
C03333,2025-10-08 13:09:48,36.0,Female,Kolkata,West Bengal,East,Basic,Paid Ads
C03334,2025-02-09 00:10:39,37.0,Female,Bhubaneswar,Odisha,East,Premium,Social Media
C03335,2025-06-09 06:52:45,40.0,Female,Chennai,Tamil Nadu,South,Free,Organic
C03336,2025-08-05 01:30:28,42.0,Female,Delhi,Delhi,North,Free,Social Media
C03337,2025-11-15 12:03:00,45.0,Female,Chennai,Tamil Nadu,South,Free,Paid Ads
C03338,2025-04-26 17:21:51,54.0,Female,Lucknow,Uttar Pradesh,North,Basic,Referral
C03339,2025-01-04 20:13:23,29.0,Male,Delhi,Delhi,North,Free,Referral
C03340,2025-05-30 19:56:38,18.0,Other,Lucknow,Uttar Pradesh,North,Basic,Paid Ads
C03341,2025-04-16 05:45:13,19.0,Male,Bengaluru,Karnataka,South,Free,Paid Ads
C03342,2025-07-23 08:18:29,27.0,Female,Delhi,Delhi,North,Free,Organic
C03343,2025-03-03 03:41:51,51.0,Female,Delhi,Delhi,North,Free,Email
C03344,2025-03-27 13:06:09,49.0,Male,Bhubaneswar,Odisha,East,Free,Email
C03345,2025-11-22 00:57:18,42.0,Male,Mumbai,Maharashtra,West,Premium,Paid Ads
C03346,2025-10-20 20:30:27,27.0,Male,Delhi,Delhi,North,Premium,Organic
C03347,2025-10-09 12:35:59,18.0,Male,Mumbai,Maharashtra,West,Free,Organic
C03348,2025-03-21 06:27:41,49.0,Female,Guwahati,Assam,East,Basic,Social Media
C03349,2025-01-02 02:08:58,54.0,Other,Mumbai,Maharashtra,West,Basic,Email
C03350,2025-04-22 02:30:30,29.0,Female,Pune,Maharashtra,West,Basic,Organic
C03351,2025-03-21 06:29:12,35.0,Female,Kolkata,West Bengal,East,Free,Social Media
C03352,2025-11-16 13:24:08,47.0,Male,Mumbai,Maharashtra,West,Basic,Referral
C03353,2025-10-12 14:31:39,30.0,Male,Hyderabad,Telangana,South,Free,Paid Ads
C03354,2025-11-01 09:14:42,20.0,Female,Pune,Maharashtra,West,Free,Paid Ads
C03355,2025-03-14 02:17:52,38.0,Other,Bhubaneswar,Odisha,East,Free,Referral
C03356,2025-03-02 23:34:00,59.0,Female,Bhubaneswar,Odisha,East,Basic,Organic
C03357,2025-03-01 06:47:35,31.0,Male,Delhi,Delhi,North,Basic,Organic
C03358,2025-08-02 12:00:22,57.0,Female,Mumbai,Maharashtra,West,Premium,Organic
C03359,2025-08-10 07:47:41,27.0,Female,Chennai,Tamil Nadu,South,Basic,Email
C03360,2025-11-29 01:00:57,19.0,Female,Jaipur,Rajasthan,North,Premium,Referral
C03361,2025-02-18 20:19:02,54.0,Female,Hyderabad,Telangana,South,Basic,Paid Ads
C03362,2025-08-30 12:43:38,28.0,Female,Pune,Maharashtra,West,Free,Referral
C03363,2025-05-30 12:12:21,18.0,Male,Delhi,Delhi,North,Basic,Email
C03364,2025-04-01 06:56:29,43.0,Female,Mumbai,Maharashtra,West,Free,Organic
C03365,2025-06-02 08:56:13,59.0,Male,Bengaluru,Karnataka,South,Basic,Organic
C03366,2025-06-26 22:35:43,30.0,Male,Lucknow,Uttar Pradesh,North,Basic,Organic
C03367,2025-10-07 17:51:21,45.0,Female,Pune,Maharashtra,West,Basic,Email
C03368,2025-09-23 09:05:54,53.0,Female,Mumbai,Maharashtra,West,Free,Paid Ads
C03369,2025-07-15 22:10:52,38.0,Male,Guwahati,Assam,East,Basic,Social Media
C03370,2025-09-12 06:08:13,27.0,Male,Lucknow,Uttar Pradesh,North,Free,Organic
C03371,2025-05-01 01:20:02,29.0,Female,Kolkata,West Bengal,East,Free,Paid Ads
C03372,2025-09-25 09:04:35,44.0,Male,Lucknow,Uttar Pradesh,North,Basic,Organic
C03373,2025-08-16 03:24:09,20.0,Male,Ahmedabad,Gujarat,West,Basic,Paid Ads
C03374,2025-04-18 12:45:48,45.0,Male,Delhi,Delhi,North,Free,Organic
C03375,2025-03-09 22:50:06,19.0,Female,Hyderabad,Telangana,South,Basic,Referral
C03376,2025-08-24 19:51:41,45.0,Male,Bengaluru,Karnataka,South,Basic,Social Media
C03377,2025-07-11 10:03:37,48.0,Female,Bengaluru,Karnataka,South,Free,Email
C03378,2025-09-14 02:13:29,60.0,Male,Guwahati,Assam,East,Basic,Organic
C03379,2025-11-22 12:44:56,38.0,Female,Kolkata,West Bengal,East,Free,Social Media
C03380,2025-06-24 07:20:13,24.0,Male,Delhi,Delhi,North,Basic,Email
C03381,2025-07-04 08:23:03,48.0,Female,Pune,Maharashtra,West,Free,Organic
C03382,2025-02-16 03:13:46,31.0,Female,Mumbai,Maharashtra,West,Free,Referral
C03383,2025-11-17 01:11:05,56.0,Male,Bhubaneswar,Odisha,East,Premium,Referral
C03384,2025-06-11 14:55:31,56.0,Female,Pune,Maharashtra,West,Basic,Organic
C03385,2025-10-17 15:14:19,26.0,Female,Bhubaneswar,Odisha,East,Basic,Organic
C03386,2025-11-08 17:21:53,40.0,Male,Chennai,Tamil Nadu,South,Free,Organic
C03387,2025-07-27 23:35:24,29.0,Female,Ahmedabad,Gujarat,West,Free,Referral
C03388,2025-02-11 21:12:07,46.0,Female,Lucknow,Uttar Pradesh,North,Basic,Organic
C03389,2025-09-08 03:56:01,55.0,Male,Kolkata,West Bengal,East,Free,Organic
C03390,2025-03-02 21:15:50,56.0,Male,Delhi,Delhi,North,Premium,Referral
C03391,2025-05-15 11:31:42,39.0,Female,Mumbai,Maharashtra,West,Free,Paid Ads
C03392,2025-07-25 06:40:00,21.0,Female,Hyderabad,Telangana,South,Free,Organic
C03393,2025-04-21 06:21:18,24.0,Female,Chennai,Tamil Nadu,South,Basic,Paid Ads
C03394,2025-06-13 05:48:47,57.0,Female,Ahmedabad,Gujarat,West,Basic,Email
C03395,2025-05-22 11:45:57,25.0,Male,Hyderabad,Telangana,South,Free,Organic
C03396,2025-06-18 04:58:04,52.0,Male,Bengaluru,Karnataka,South,Premium,Organic
C03397,2025-09-16 04:07:30,26.0,Female,Bengaluru,Karnataka,South,Basic,Organic
C03398,2025-06-21 04:15:24,30.0,Female,Bengaluru,Karnataka,South,Premium,Organic
C03399,2025-09-15 15:11:30,56.0,Male,Pune,Maharashtra,West,Basic,Referral
C03400,2025-10-17 06:56:14,37.0,Female,Jaipur,Rajasthan,North,Basic,Email
C03401,2025-07-19 06:13:40,38.0,Female,Guwahati,Assam,East,Free,Referral
C03402,2025-11-21 19:55:41,36.0,Female,Bhubaneswar,Odisha,East,Basic,Paid Ads
C03403,2025-06-06 14:27:30,19.0,Male,Bengaluru,Karnataka,South,Basic,Paid Ads
C03404,2025-06-10 19:52:59,57.0,Male,Pune,Maharashtra,West,Free,Organic
C03405,2025-05-11 16:38:27,47.0,Female,Jaipur,Rajasthan,North,Free,Organic
C03406,2025-03-09 02:35:24,40.0,Female,Chennai,Tamil Nadu,South,Basic,Social Media
C03407,2025-11-02 22:24:12,57.0,Male,Chennai,Tamil Nadu,South,Free,Paid Ads
C03408,2025-09-07 17:30:54,30.0,Female,Bengaluru,Karnataka,South,Free,Organic
C03409,2025-11-21 03:32:02,50.0,Male,Mumbai,Maharashtra,West,Free,Organic
C03410,2025-01-10 06:58:55,49.0,Male,Guwahati,Assam,East,Free,Paid Ads
C03411,2025-05-21 21:05:42,45.0,Male,Ahmedabad,Gujarat,West,Basic,Social Media
C03412,2025-07-23 13:27:59,41.0,Male,Guwahati,Assam,East,Free,Paid Ads
C03413,2025-10-20 06:46:53,59.0,Female,Bhubaneswar,Odisha,East,Free,Social Media
C03414,2025-03-07 10:34:33,45.0,Female,Pune,Maharashtra,West,Free,Referral
C03415,2025-05-30 03:56:03,47.0,Male,Bengaluru,Karnataka,South,Free,Organic
C03416,2025-08-24 07:23:45,58.0,Female,Lucknow,Uttar Pradesh,North,Basic,Email
C03417,2025-09-04 15:17:05,46.0,Female,Mumbai,Maharashtra,West,Free,Organic
C03418,2025-11-06 04:27:04,51.0,Male,Lucknow,Uttar Pradesh,North,Free,Organic
C03419,2025-10-03 23:34:34,39.0,Female,Guwahati,Assam,East,Free,Social Media
C03420,2025-07-15 21:22:08,42.0,Female,Guwahati,Assam,East,Premium,Organic
C03421,2025-02-21 22:39:43,31.0,Female,Chennai,Tamil Nadu,South,Free,Paid Ads
C03422,2025-04-02 01:21:51,,Female,Lucknow,Uttar Pradesh,North,Premium,Social Media
C03423,2025-04-28 00:25:45,27.0,Male,Hyderabad,Telangana,South,Free,Referral
C03424,2025-10-02 02:30:40,25.0,Male,Bhubaneswar,Odisha,East,Basic,Paid Ads
C03425,2025-11-17 06:05:22,31.0,Female,Hyderabad,Telangana,South,Free,Referral
C03426,2025-06-20 06:00:17,55.0,Female,Jaipur,Rajasthan,North,Free,Social Media
C03427,2025-09-29 09:46:58,49.0,Male,Jaipur,Rajasthan,North,Basic,Paid Ads
C03428,2025-03-08 20:17:49,49.0,Male,Delhi,Delhi,North,Basic,Referral
C03429,2025-08-19 13:25:08,20.0,Female,Chennai,Tamil Nadu,South,Free,Email
C03430,2025-11-15 19:07:36,37.0,Male,Jaipur,Rajasthan,North,Free,Email
C03431,2025-04-27 23:24:59,30.0,Male,Jaipur,Rajasthan,North,Free,Paid Ads
C03432,2025-08-11 23:14:50,,Male,Hyderabad,Telangana,South,Premium,Organic
C03433,2025-01-14 14:36:46,36.0,Male,Delhi,Delhi,North,Premium,Referral
C03434,2025-10-06 14:53:49,33.0,Male,Ahmedabad,Gujarat,West,Free,Organic
C03435,2025-09-25 13:32:00,53.0,Female,Jaipur,Rajasthan,North,Basic,Referral
C03436,2025-09-03 18:48:26,52.0,Male,Pune,Maharashtra,West,Free,Paid Ads
C03437,2025-10-17 23:15:17,24.0,Other,Kolkata,West Bengal,East,Basic,Referral
C03438,2025-06-15 21:47:30,54.0,Female,Delhi,Delhi,North,Basic,Paid Ads
C03439,2025-09-10 06:13:32,25.0,Female,Chennai,Tamil Nadu,South,Free,Email
C03440,2025-09-04 04:19:50,42.0,Female,Chennai,Tamil Nadu,South,Free,Organic
C03441,2025-03-27 10:43:33,40.0,Female,Ahmedabad,Gujarat,West,Premium,Organic
C03442,2025-04-21 18:51:54,27.0,Male,Jaipur,Rajasthan,North,Premium,Social Media
C03443,2025-07-21 04:42:39,47.0,Male,Guwahati,Assam,East,Basic,Paid Ads
C03444,2025-07-18 04:39:34,50.0,Male,Bengaluru,Karnataka,South,Free,Paid Ads
C03445,2025-02-16 16:39:08,,Male,Hyderabad,Telangana,South,Free,Email
C03446,2025-08-15 11:21:16,52.0,Female,Jaipur,Rajasthan,North,Basic,Referral
C03447,2025-08-15 06:23:16,44.0,Other,Hyderabad,Telangana,South,Premium,Referral
C03448,2025-03-17 12:59:44,20.0,Male,Lucknow,Uttar Pradesh,North,Premium,Organic
C03449,2025-05-25 14:02:05,25.0,Female,Delhi,Delhi,North,Free,Referral
C03450,2025-09-11 14:32:50,30.0,Female,Guwahati,Assam,East,Basic,Paid Ads
C03451,2025-02-12 21:58:10,59.0,Male,Pune,Maharashtra,West,Basic,Paid Ads
C03452,2025-04-14 18:03:34,20.0,Female,Lucknow,Uttar Pradesh,North,Free,Social Media
C03453,2025-10-07 02:02:22,37.0,Female,Lucknow,Uttar Pradesh,North,Free,Paid Ads
C03454,2025-10-28 19:17:01,52.0,Male,Ahmedabad,Gujarat,West,Free,Email
C03455,2025-07-08 02:29:48,30.0,Female,Chennai,Tamil Nadu,South,Basic,Social Media
C03456,2025-03-20 11:05:06,37.0,Female,Guwahati,Assam,East,Premium,Social Media
C03457,2025-11-10 04:00:52,41.0,Female,Pune,Maharashtra,West,Premium,Referral
C03458,2025-10-06 17:20:19,26.0,Female,Lucknow,Uttar Pradesh,North,Basic,Paid Ads
C03459,2025-02-24 04:40:28,47.0,Female,Delhi,Delhi,North,Free,Organic
C03460,2025-01-30 18:05:26,42.0,Male,Delhi,Delhi,North,Basic,Organic
C03461,2025-09-27 09:29:02,33.0,Female,Mumbai,Maharashtra,West,Premium,Organic
C03462,2025-01-19 15:02:23,25.0,Female,Bhubaneswar,Odisha,East,Basic,Email
C03463,2025-06-30 09:44:23,45.0,Female,Jaipur,Rajasthan,North,Free,Paid Ads
C03464,2025-09-23 02:53:38,29.0,Female,Jaipur,Rajasthan,North,Premium,Referral
C03465,2025-06-16 14:29:18,41.0,Female,Guwahati,Assam,East,Premium,Referral
C03466,2025-01-01 11:05:06,46.0,Male,Jaipur,Rajasthan,North,Premium,Referral
C03467,2025-09-08 07:02:11,32.0,Other,Pune,Maharashtra,West,Premium,Referral
C03468,2025-11-07 07:44:46,35.0,Female,Jaipur,Rajasthan,North,Free,Paid Ads
C03469,2025-03-02 10:57:25,24.0,Male,Chennai,Tamil Nadu,South,Premium,Email
C03470,2025-06-18 21:13:17,30.0,Female,Kolkata,West Bengal,East,Basic,Email
C03471,2025-03-17 23:05:42,36.0,Female,Guwahati,Assam,East,Free,Referral
C03472,2025-08-04 17:46:38,60.0,Male,Bengaluru,Karnataka,South,Basic,Social Media
C03473,2025-05-07 00:18:52,22.0,Female,Lucknow,Uttar Pradesh,North,Free,Organic
C03474,2025-04-10 23:31:47,43.0,Female,Lucknow,Uttar Pradesh,North,Free,Organic
C03475,2025-05-16 13:12:11,19.0,Female,Bengaluru,Karnataka,South,Premium,Referral
C03476,2025-01-01 21:45:42,50.0,Male,Chennai,Tamil Nadu,South,Free,Social Media
C03477,2025-03-19 05:11:27,54.0,Female,Bengaluru,Karnataka,South,Premium,Paid Ads
C03478,2025-06-27 23:40:10,42.0,Female,Lucknow,Uttar Pradesh,North,Free,Referral
C03479,2025-02-26 01:44:33,42.0,Other,Ahmedabad,Gujarat,West,Free,Organic
C03480,2025-06-20 01:55:28,56.0,Female,Pune,Maharashtra,West,Free,Email
C03481,2025-01-20 07:26:56,47.0,Female,Kolkata,West Bengal,East,Basic,Social Media
C03482,2025-02-21 13:23:05,58.0,Male,Lucknow,Uttar Pradesh,North,Free,Paid Ads
C03483,2025-06-11 11:43:41,21.0,Female,Mumbai,Maharashtra,West,Premium,Email
C03484,2025-02-07 02:24:27,36.0,Male,Chennai,Tamil Nadu,South,Basic,Organic
C03485,2025-11-26 16:40:20,44.0,Male,Jaipur,Rajasthan,North,Basic,Paid Ads
C03486,2025-08-13 04:24:00,56.0,Male,Lucknow,Uttar Pradesh,North,Free,Organic
C03487,2025-10-28 13:46:01,41.0,Female,Pune,Maharashtra,West,Free,Paid Ads
C03488,2025-01-01 21:31:14,54.0,Male,Guwahati,Assam,East,Premium,Organic
C03489,2025-05-17 17:19:58,42.0,Male,Guwahati,Assam,East,Free,Paid Ads
C03490,2025-07-14 19:00:26,46.0,Male,Pune,Maharashtra,West,Free,Email
C03491,2025-07-27 17:25:44,48.0,Female,Bhubaneswar,Odisha,East,Free,Paid Ads
C03492,2025-02-14 10:21:48,52.0,Female,Delhi,Delhi,North,Premium,Paid Ads
C03493,2025-11-01 02:56:40,45.0,Male,Bengaluru,Karnataka,South,Free,Referral
C03494,2025-02-25 10:25:34,55.0,Female,Hyderabad,Telangana,South,Free,Referral
C03495,2025-08-13 21:04:32,21.0,Male,Delhi,Delhi,North,Basic,Email
C03496,2025-10-07 06:48:18,,Male,Guwahati,Assam,East,Premium,Referral
C03497,2025-08-06 20:10:33,48.0,Male,Chennai,Tamil Nadu,South,Free,Social Media
C03498,2025-03-14 01:17:21,40.0,Male,Chennai,Tamil Nadu,South,Free,Paid Ads
C03499,2025-11-17 13:20:58,31.0,Female,Kolkata,West Bengal,East,Free,Organic
C03500,2025-07-12 23:19:48,45.0,Male,Lucknow,Uttar Pradesh,North,Free,Paid Ads
C03501,2025-11-16 04:33:59,31.0,Female,Ahmedabad,Gujarat,West,Free,Paid Ads
C03502,2025-06-20 05:24:52,18.0,Other,Bengaluru,Karnataka,South,Free,Paid Ads
C03503,2025-04-27 12:46:10,60.0,Male,Hyderabad,Telangana,South,Basic,Referral
C03504,2025-07-31 06:06:28,49.0,Male,Guwahati,Assam,East,Free,Paid Ads
C03505,2025-01-10 22:40:54,58.0,Female,Chennai,Tamil Nadu,South,Free,Email
C03506,2025-02-10 07:37:56,35.0,Male,Lucknow,Uttar Pradesh,North,Premium,Email
C03507,2025-03-11 03:19:41,22.0,Male,Hyderabad,Telangana,South,Free,Paid Ads
C03508,2025-03-07 06:25:13,59.0,Male,Ahmedabad,Gujarat,West,Free,Referral
C03509,2025-02-27 03:12:52,32.0,Female,Bengaluru,Karnataka,South,Free,Paid Ads
C03510,2025-03-30 12:04:44,59.0,Female,Kolkata,West Bengal,East,Basic,Paid Ads
C03511,2025-07-28 02:32:30,33.0,Male,Mumbai,Maharashtra,West,Basic,Email
C03512,2025-11-20 01:37:43,53.0,Male,Guwahati,Assam,East,Basic,Organic
C03513,2025-04-09 04:49:01,53.0,Male,Hyderabad,Telangana,South,Basic,Paid Ads
C03514,2025-11-17 10:28:23,57.0,Male,Bengaluru,Karnataka,South,Premium,Organic
C03515,2025-09-17 08:14:30,47.0,Female,Bengaluru,Karnataka,South,Basic,Social Media
C03516,2025-11-21 09:20:12,55.0,Female,Hyderabad,Telangana,South,Free,Organic
C03517,2025-04-03 08:21:01,40.0,Male,Guwahati,Assam,East,Free,Email
C03518,2025-01-10 05:13:54,28.0,Male,Pune,Maharashtra,West,Basic,Paid Ads
C03519,2025-04-29 21:23:22,42.0,Male,Kolkata,West Bengal,East,Premium,Email
C03520,2025-09-25 19:03:29,60.0,Male,Guwahati,Assam,East,Free,Email
C03521,2025-11-24 07:25:36,19.0,Female,Kolkata,West Bengal,East,Free,Social Media
C03522,2025-01-17 15:57:57,52.0,Male,Mumbai,Maharashtra,West,Premium,Referral
C03523,2025-10-04 09:55:52,41.0,Male,Mumbai,Maharashtra,West,Free,Organic
C03524,2025-01-18 19:04:18,30.0,Male,Bhubaneswar,Odisha,East,Basic,Email
C03525,2025-02-02 07:47:16,59.0,Female,Guwahati,Assam,East,Free,Social Media
C03526,2025-01-05 12:20:56,54.0,Female,Guwahati,Assam,East,Free,Organic
C03527,2025-05-10 17:19:57,47.0,Male,Bengaluru,Karnataka,South,Free,Paid Ads
C03528,2025-06-26 21:31:09,28.0,Male,Lucknow,Uttar Pradesh,North,Basic,Organic
C03529,2025-05-19 21:49:44,40.0,Male,Chennai,Tamil Nadu,South,Free,Referral
C03530,2025-07-08 00:05:58,45.0,Female,Mumbai,Maharashtra,West,Basic,Organic
C03531,2025-10-11 20:29:49,46.0,Female,Pune,Maharashtra,West,Free,Referral
C03532,2025-05-09 20:04:51,32.0,Female,Chennai,Tamil Nadu,South,Basic,Referral
C03533,2025-10-13 19:29:30,20.0,Male,Ahmedabad,Gujarat,West,Free,Paid Ads
C03534,2025-11-10 05:18:43,26.0,Female,Ahmedabad,Gujarat,West,Basic,Email
C03535,2025-01-04 02:21:49,25.0,Male,Bhubaneswar,Odisha,East,Basic,Social Media
C03536,2025-09-16 19:52:03,50.0,Female,Guwahati,Assam,East,Free,Paid Ads
C03537,2025-11-06 08:58:35,51.0,Female,Pune,Maharashtra,West,Free,Email
C03538,2025-01-27 21:30:37,26.0,Female,Pune,Maharashtra,West,Premium,Social Media
C03539,2025-02-16 17:46:34,34.0,Male,Delhi,Delhi,North,Free,Referral
C03540,2025-11-01 05:47:33,58.0,Male,Bhubaneswar,Odisha,East,Free,Organic
C03541,2025-07-08 06:40:15,18.0,Male,Bhubaneswar,Odisha,East,Free,Paid Ads
C03542,2025-01-17 01:34:45,57.0,Male,Hyderabad,Telangana,South,Premium,Social Media
C03543,2025-04-27 20:09:26,22.0,Female,Kolkata,West Bengal,East,Premium,Referral
C03544,2025-07-11 11:35:32,47.0,Male,Ahmedabad,Gujarat,West,Free,Referral
C03545,2025-09-12 15:28:08,28.0,Female,Bengaluru,Karnataka,South,Basic,Email
C03546,2025-01-19 16:28:17,45.0,Female,Guwahati,Assam,East,Premium,Organic
C03547,2025-06-19 05:15:13,55.0,Male,Bhubaneswar,Odisha,East,Free,Organic
C03548,2025-09-04 23:28:35,34.0,Male,Mumbai,Maharashtra,West,Free,Email
C03549,2025-02-06 13:38:38,40.0,Female,Mumbai,Maharashtra,West,Free,Organic
C03550,2025-09-08 07:27:47,35.0,Female,Delhi,Delhi,North,Free,Paid Ads
C03551,2025-11-24 11:18:43,54.0,Male,Bengaluru,Karnataka,South,Basic,Email
C03552,2025-03-31 19:06:56,44.0,Male,Guwahati,Assam,East,Free,Referral
C03553,2025-05-22 08:41:55,42.0,Female,Lucknow,Uttar Pradesh,North,Basic,Referral
C03554,2025-08-21 14:42:35,22.0,Female,Mumbai,Maharashtra,West,Free,Referral
C03555,2025-04-14 04:49:24,36.0,Female,Kolkata,West Bengal,East,Basic,Paid Ads
C03556,2025-03-12 02:47:46,44.0,Female,Delhi,Delhi,North,Basic,Paid Ads
C03557,2025-09-24 03:00:14,30.0,Female,Ahmedabad,Gujarat,West,Basic,Referral
C03558,2025-07-15 03:57:54,24.0,Male,Mumbai,Maharashtra,West,Premium,Paid Ads
C03559,2025-07-08 03:57:17,43.0,Female,Kolkata,West Bengal,East,Free,Social Media
C03560,2025-08-30 05:42:28,31.0,Other,Mumbai,Maharashtra,West,Basic,Paid Ads
C03561,2025-04-10 23:12:41,44.0,Male,Ahmedabad,Gujarat,West,Basic,Organic
C03562,2025-08-14 21:33:57,25.0,Female,Chennai,Tamil Nadu,South,Free,Organic
C03563,2025-08-16 12:50:10,48.0,Male,Bhubaneswar,Odisha,East,Free,Paid Ads
C03564,2025-07-26 15:05:13,52.0,Male,Ahmedabad,Gujarat,West,Free,Email
C03565,2025-07-05 17:02:15,44.0,Female,Pune,Maharashtra,West,Premium,Paid Ads
C03566,2025-07-14 08:58:19,21.0,Male,Delhi,Delhi,North,Basic,Organic
C03567,2025-11-25 13:58:24,59.0,Male,Delhi,Delhi,North,Basic,Organic
C03568,2025-10-19 11:35:14,21.0,Female,Lucknow,Uttar Pradesh,North,Free,Referral
C03569,2025-06-07 10:06:45,35.0,Male,Hyderabad,Telangana,South,Premium,Organic
C03570,2025-02-12 15:20:19,40.0,Female,Chennai,Tamil Nadu,South,Free,Organic
C03571,2025-04-22 23:13:39,49.0,Male,Pune,Maharashtra,West,Basic,Referral
C03572,2025-11-04 20:47:10,29.0,Male,Delhi,Delhi,North,Basic,Social Media
C03573,2025-10-20 02:24:40,37.0,Male,Hyderabad,Telangana,South,Free,Social Media
C03574,2025-11-19 02:08:37,29.0,Female,Chennai,Tamil Nadu,South,Basic,Social Media
C03575,2025-09-02 20:00:17,25.0,Female,Chennai,Tamil Nadu,South,Free,Paid Ads
C03576,2025-11-10 12:40:54,39.0,Female,Mumbai,Maharashtra,West,Free,Social Media
C03577,2025-03-23 11:44:46,44.0,Female,Kolkata,West Bengal,East,Basic,Referral
C03578,2025-03-29 07:13:32,58.0,Male,Mumbai,Maharashtra,West,Free,Organic
C03579,2025-02-11 05:20:50,58.0,Female,Delhi,Delhi,North,Free,Paid Ads
C03580,2025-02-02 19:55:20,34.0,Male,Pune,Maharashtra,West,Free,Organic
C03581,2025-06-19 19:21:57,49.0,Male,Ahmedabad,Gujarat,West,Free,Organic
C03582,2025-08-17 13:33:51,50.0,Female,Hyderabad,Telangana,South,Free,Organic
C03583,2025-04-09 07:16:39,48.0,Male,Mumbai,Maharashtra,West,Basic,Email
C03584,2025-07-13 03:47:56,23.0,Female,Bengaluru,Karnataka,South,Free,Social Media
C03585,2025-01-07 10:43:24,56.0,Male,Pune,Maharashtra,West,Premium,Paid Ads
C03586,2025-03-05 19:05:04,26.0,Female,Mumbai,Maharashtra,West,Basic,Organic
C03587,2025-05-20 10:22:41,59.0,Male,Ahmedabad,Gujarat,West,Free,Organic
C03588,2025-07-11 11:33:41,49.0,Other,Bengaluru,Karnataka,South,Premium,Paid Ads
C03589,2025-04-01 11:49:54,53.0,Male,Guwahati,Assam,East,Free,Referral
C03590,2025-03-09 12:20:32,33.0,Female,Kolkata,West Bengal,East,Free,Social Media
C03591,2025-08-01 21:12:53,29.0,Female,Bengaluru,Karnataka,South,Free,Organic
C03592,2025-11-18 01:33:56,,Female,Guwahati,Assam,East,Free,Paid Ads
C03593,2025-10-08 21:59:24,20.0,Female,Jaipur,Rajasthan,North,Premium,Email
C03594,2025-02-14 06:04:08,44.0,Female,Jaipur,Rajasthan,North,Free,Organic
C03595,2025-07-15 04:45:57,44.0,Female,Mumbai,Maharashtra,West,Premium,Paid Ads
C03596,2025-04-15 15:16:04,26.0,Female,Delhi,Delhi,North,Basic,Organic
C03597,2025-07-03 11:34:40,34.0,Male,Guwahati,Assam,East,Free,Organic
C03598,2025-09-24 10:33:02,22.0,Female,Lucknow,Uttar Pradesh,North,Premium,Social Media
C03599,2025-04-28 21:24:32,43.0,Female,Mumbai,Maharashtra,West,Premium,Referral
C03600,2025-05-13 05:19:28,38.0,Female,Lucknow,Uttar Pradesh,North,Premium,Paid Ads
C03601,2025-02-23 16:56:06,18.0,Male,Bhubaneswar,Odisha,East,Basic,Paid Ads
C03602,2025-09-28 14:09:57,18.0,Female,Jaipur,Rajasthan,North,Free,Social Media
C03603,2025-06-09 15:25:49,52.0,Male,Guwahati,Assam,East,Free,Organic
C03604,2025-02-15 10:32:15,26.0,Female,Ahmedabad,Gujarat,West,Basic,Organic
C03605,2025-03-12 19:51:31,40.0,Male,Guwahati,Assam,East,Free,Email
C03606,2025-05-15 11:11:38,55.0,Female,Bhubaneswar,Odisha,East,Basic,Social Media
C03607,2025-06-18 11:56:44,58.0,Female,Bengaluru,Karnataka,South,Basic,Social Media
C03608,2025-06-28 16:35:24,21.0,Male,Ahmedabad,Gujarat,West,Free,Referral
C03609,2025-03-28 15:09:14,36.0,Female,Hyderabad,Telangana,South,Free,Organic
C03610,2025-07-02 12:06:47,54.0,Male,Hyderabad,Telangana,South,Premium,Email
C03611,2025-10-19 08:32:26,22.0,Female,Delhi,Delhi,North,Free,Paid Ads
C03612,2025-10-28 18:56:07,45.0,Female,Guwahati,Assam,East,Free,Organic
C03613,2025-11-20 16:01:56,59.0,Male,Ahmedabad,Gujarat,West,Free,Paid Ads
C03614,2025-06-16 11:12:51,40.0,Female,Chennai,Tamil Nadu,South,Free,Organic
C03615,2025-04-02 02:06:38,55.0,Female,Ahmedabad,Gujarat,West,Free,Organic
C03616,2025-05-03 02:50:25,40.0,Male,Bhubaneswar,Odisha,East,Free,Organic
C03617,2025-07-27 02:11:50,35.0,Female,Delhi,Delhi,North,Free,Organic
C03618,2025-06-18 15:26:12,46.0,Female,Hyderabad,Telangana,South,Basic,Organic
C03619,2025-09-05 14:17:22,45.0,Male,Hyderabad,Telangana,South,Free,Organic
C03620,2025-10-12 04:12:40,26.0,Male,Bhubaneswar,Odisha,East,Free,Organic
C03621,2025-10-24 22:47:04,56.0,Female,Delhi,Delhi,North,Premium,Organic
C03622,2025-09-26 23:27:06,27.0,Male,Kolkata,West Bengal,East,Basic,Organic
C03623,2025-02-28 08:20:46,19.0,Male,Bhubaneswar,Odisha,East,Free,Organic
C03624,2025-11-22 03:13:30,30.0,Male,Bengaluru,Karnataka,South,Premium,Paid Ads
C03625,2025-06-21 10:40:41,55.0,Female,Mumbai,Maharashtra,West,Free,Referral
C03626,2025-01-21 13:11:09,44.0,Female,Mumbai,Maharashtra,West,Free,Paid Ads
C03627,2025-04-30 08:19:59,58.0,Male,Kolkata,West Bengal,East,Premium,Organic
C03628,2025-10-18 05:24:42,37.0,Female,Bengaluru,Karnataka,South,Free,Email
C03629,2025-06-25 17:29:35,57.0,Female,Bengaluru,Karnataka,South,Premium,Paid Ads
C03630,2025-01-12 13:06:15,27.0,Other,Delhi,Delhi,North,Basic,Social Media
C03631,2025-09-16 22:30:56,33.0,Female,Delhi,Delhi,North,Free,Referral
C03632,2025-02-15 20:53:31,32.0,Female,Guwahati,Assam,East,Free,Organic
C03633,2025-08-23 23:32:50,30.0,Male,Pune,Maharashtra,West,Free,Referral
C03634,2025-06-11 16:54:57,55.0,Male,Mumbai,Maharashtra,West,Free,Referral
C03635,2025-07-03 11:39:59,37.0,Male,Bhubaneswar,Odisha,East,Premium,Paid Ads
C03636,2025-11-17 16:17:39,41.0,Female,Mumbai,Maharashtra,West,Free,Referral
C03637,2025-02-23 10:51:45,58.0,Female,Bengaluru,Karnataka,South,Free,Social Media
C03638,2025-01-23 15:50:35,24.0,Male,Guwahati,Assam,East,Basic,Paid Ads
C03639,2025-07-08 10:52:10,40.0,Male,Pune,Maharashtra,West,Free,Organic
C03640,2025-09-30 18:55:51,41.0,Female,Bhubaneswar,Odisha,East,Free,Paid Ads
C03641,2025-04-11 03:44:16,46.0,Male,Guwahati,Assam,East,Free,Organic
C03642,2025-07-11 11:01:39,22.0,Male,Hyderabad,Telangana,South,Basic,Organic
C03643,2025-05-23 16:01:33,60.0,Male,Pune,Maharashtra,West,Free,Paid Ads
C03644,2025-10-01 19:24:25,52.0,Other,Mumbai,Maharashtra,West,Free,Organic
C03645,2025-03-14 16:22:43,18.0,Male,Bengaluru,Karnataka,South,Free,Email
C03646,2025-05-10 05:45:43,53.0,Female,Bhubaneswar,Odisha,East,Basic,Referral
C03647,2025-03-31 01:21:21,35.0,Male,Mumbai,Maharashtra,West,Free,Paid Ads
C03648,2025-08-09 06:53:44,23.0,Female,Ahmedabad,Gujarat,West,Free,Organic
C03649,2025-04-20 22:56:17,40.0,Male,Lucknow,Uttar Pradesh,North,Free,Organic
C03650,2025-06-16 11:54:36,27.0,Male,Hyderabad,Telangana,South,Basic,Social Media
C03651,2025-09-19 06:40:11,24.0,Male,Chennai,Tamil Nadu,South,Free,Paid Ads
C03652,2025-03-13 10:45:51,25.0,Male,Pune,Maharashtra,West,Basic,Organic
C03653,2025-05-21 13:47:21,30.0,Female,Chennai,Tamil Nadu,South,Free,Social Media
C03654,2025-08-01 01:28:39,47.0,Male,Kolkata,West Bengal,East,Basic,Paid Ads
C03655,2025-08-19 19:14:58,35.0,Female,Bhubaneswar,Odisha,East,Basic,Paid Ads
C03656,2025-05-12 00:42:49,31.0,Male,Bhubaneswar,Odisha,East,Premium,Email
C03657,2025-01-15 15:12:10,28.0,Male,Ahmedabad,Gujarat,West,Basic,Organic
C03658,2025-09-26 18:27:25,59.0,Female,Delhi,Delhi,North,Free,Social Media
C03659,2025-05-14 10:12:41,55.0,Male,Delhi,Delhi,North,Premium,Email
C03660,2025-01-22 19:36:14,30.0,Male,Hyderabad,Telangana,South,Basic,Organic
C03661,2025-03-01 23:00:45,59.0,Male,Mumbai,Maharashtra,West,Premium,Social Media
C03662,2025-06-16 10:45:11,50.0,Female,Pune,Maharashtra,West,Free,Paid Ads
C03663,2025-08-31 08:46:46,30.0,Female,Kolkata,West Bengal,East,Basic,Social Media
C03664,2025-10-13 04:50:49,42.0,Male,Guwahati,Assam,East,Free,Paid Ads
C03665,2025-06-29 04:50:11,41.0,Female,Delhi,Delhi,North,Basic,Email
C03666,2025-03-13 14:06:30,46.0,Female,Ahmedabad,Gujarat,West,Premium,Referral
C03667,2025-07-09 06:07:06,53.0,Female,Chennai,Tamil Nadu,South,Basic,Referral
C03668,2025-11-12 05:58:47,23.0,Male,Bhubaneswar,Odisha,East,Basic,Social Media
C03669,2025-06-07 19:31:01,35.0,Female,Guwahati,Assam,East,Free,Paid Ads
C03670,2025-03-13 18:52:05,45.0,Male,Pune,Maharashtra,West,Free,Organic
C03671,2025-04-24 11:32:18,22.0,Male,Bhubaneswar,Odisha,East,Free,Organic
C03672,2025-06-01 05:46:12,35.0,Male,Kolkata,West Bengal,East,Free,Paid Ads
C03673,2025-11-30 14:58:01,54.0,Female,Jaipur,Rajasthan,North,Free,Referral
C03674,2025-06-01 05:54:09,24.0,Female,Guwahati,Assam,East,Free,Social Media
C03675,2025-07-26 19:48:27,26.0,Female,Jaipur,Rajasthan,North,Free,Paid Ads
C03676,2025-11-23 18:51:00,52.0,Female,Mumbai,Maharashtra,West,Free,Paid Ads
C03677,2025-07-17 06:33:40,29.0,Female,Guwahati,Assam,East,Basic,Social Media
C03678,2025-04-22 07:29:10,,Female,Pune,Maharashtra,West,Basic,Organic
C03679,2025-11-14 01:00:47,56.0,Male,Chennai,Tamil Nadu,South,Free,Referral
C03680,2025-02-05 13:12:35,41.0,Male,Pune,Maharashtra,West,Free,Organic
C03681,2025-01-13 15:56:26,26.0,Male,Lucknow,Uttar Pradesh,North,Premium,Organic
C03682,2025-05-20 16:39:17,29.0,Male,Kolkata,West Bengal,East,Free,Referral
C03683,2025-03-26 15:40:19,53.0,Female,Hyderabad,Telangana,South,Premium,Organic
C03684,2025-07-17 17:20:58,54.0,Female,Guwahati,Assam,East,Free,Organic
C03685,2025-08-31 05:35:57,26.0,Female,Delhi,Delhi,North,Free,Referral
C03686,2025-02-18 14:38:13,56.0,Male,Lucknow,Uttar Pradesh,North,Free,Paid Ads
C03687,2025-09-25 13:11:23,39.0,Female,Hyderabad,Telangana,South,Free,Referral
C03688,2025-07-08 07:56:56,34.0,Male,Pune,Maharashtra,West,Free,Email
C03689,2025-08-16 18:43:37,50.0,Female,Guwahati,Assam,East,Free,Referral
C03690,2025-01-21 10:20:59,41.0,Male,Bhubaneswar,Odisha,East,Basic,Referral
C03691,2025-02-08 19:45:51,32.0,Female,Hyderabad,Telangana,South,Free,Paid Ads
C03692,2025-09-12 18:36:55,46.0,Female,Jaipur,Rajasthan,North,Basic,Referral
C03693,2025-08-24 13:18:24,49.0,Female,Chennai,Tamil Nadu,South,Premium,Organic
C03694,2025-11-15 00:37:19,50.0,Male,Bhubaneswar,Odisha,East,Basic,Referral
C03695,2025-06-23 01:54:59,46.0,Male,Mumbai,Maharashtra,West,Free,Organic
C03696,2025-01-09 15:57:38,32.0,Male,Guwahati,Assam,East,Free,Organic
C03697,2025-05-18 08:50:11,44.0,Male,Hyderabad,Telangana,South,Free,Referral
C03698,2025-09-28 18:01:49,51.0,Female,Lucknow,Uttar Pradesh,North,Basic,Referral
C03699,2025-09-21 00:42:30,21.0,Female,Bengaluru,Karnataka,South,Basic,Paid Ads
C03700,2025-02-12 06:04:12,35.0,Male,Pune,Maharashtra,West,Free,Paid Ads
C03701,2025-05-02 04:52:24,38.0,Female,Lucknow,Uttar Pradesh,North,Free,Paid Ads
C03702,2025-06-22 18:30:32,25.0,Female,Delhi,Delhi,North,Free,Social Media
C03703,2025-02-04 15:51:53,23.0,Male,Mumbai,Maharashtra,West,Basic,Organic
C03704,2025-11-30 05:50:40,37.0,Female,Hyderabad,Telangana,South,Free,Paid Ads
C03705,2025-05-13 16:33:50,19.0,Female,Chennai,Tamil Nadu,South,Premium,Organic
C03706,2025-07-18 04:26:17,39.0,Female,Bengaluru,Karnataka,South,Premium,Paid Ads
C03707,2025-04-11 03:35:44,38.0,Female,Lucknow,Uttar Pradesh,North,Basic,Paid Ads
C03708,2025-07-04 01:59:04,23.0,Male,Pune,Maharashtra,West,Free,Organic
C03709,2025-01-21 07:09:47,49.0,Male,Mumbai,Maharashtra,West,Free,Paid Ads
C03710,2025-07-26 04:11:40,,Female,Bengaluru,Karnataka,South,Free,Email
C03711,2025-08-24 15:17:01,30.0,Male,Guwahati,Assam,East,Premium,Referral
C03712,2025-07-11 13:13:38,18.0,Male,Lucknow,Uttar Pradesh,North,Free,Social Media
C03713,2025-08-26 05:38:36,39.0,Female,Jaipur,Rajasthan,North,Basic,Referral
C03714,2025-09-10 08:45:12,41.0,Female,Lucknow,Uttar Pradesh,North,Premium,Email
C03715,2025-07-17 22:43:32,58.0,Female,Hyderabad,Telangana,South,Basic,Organic
C03716,2025-04-30 19:37:47,47.0,Male,Pune,Maharashtra,West,Basic,Paid Ads
C03717,2025-09-09 10:38:45,39.0,Male,Ahmedabad,Gujarat,West,Free,Referral
C03718,2025-02-12 21:17:51,29.0,Female,Bhubaneswar,Odisha,East,Free,Social Media
C03719,2025-02-24 22:41:04,43.0,Female,Pune,Maharashtra,West,Free,Paid Ads
C03720,2025-01-31 09:13:16,21.0,Female,Pune,Maharashtra,West,Premium,Organic
C03721,2025-01-23 11:25:35,36.0,Other,Ahmedabad,Gujarat,West,Premium,Email
C03722,2025-05-04 21:41:26,33.0,Female,Chennai,Tamil Nadu,South,Free,Organic
C03723,2025-06-07 15:28:09,29.0,Female,Hyderabad,Telangana,South,Free,Organic
C03724,2025-05-21 05:46:15,50.0,Male,Bhubaneswar,Odisha,East,Basic,Paid Ads
C03725,2025-07-20 15:25:51,38.0,Female,Ahmedabad,Gujarat,West,Free,Paid Ads
C03726,2025-02-08 15:33:11,53.0,Female,Chennai,Tamil Nadu,South,Free,Social Media
C03727,2025-07-12 16:32:45,26.0,Male,Kolkata,West Bengal,East,Free,Paid Ads
C03728,2025-01-28 16:41:58,56.0,Female,Kolkata,West Bengal,East,Premium,Referral
C03729,2025-02-28 01:31:56,59.0,Male,Kolkata,West Bengal,East,Premium,Organic
C03730,2025-11-10 21:26:00,25.0,Female,Jaipur,Rajasthan,North,Basic,Referral
C03731,2025-03-09 17:30:56,37.0,Male,Guwahati,Assam,East,Basic,Paid Ads
C03732,2025-05-01 18:30:09,27.0,Female,Chennai,Tamil Nadu,South,Free,Organic
C03733,2025-08-03 04:12:44,49.0,Female,Pune,Maharashtra,West,Basic,Email
C03734,2025-05-03 06:23:46,45.0,Male,Pune,Maharashtra,West,Free,Organic
C03735,2025-09-27 07:30:20,27.0,Female,Pune,Maharashtra,West,Free,Referral
C03736,2025-09-11 05:11:39,25.0,Male,Ahmedabad,Gujarat,West,Free,Email
C03737,2025-04-22 10:40:28,50.0,Female,Jaipur,Rajasthan,North,Free,Organic
C03738,2025-10-11 04:40:52,30.0,Female,Delhi,Delhi,North,Premium,Organic
C03739,2025-10-25 17:19:15,52.0,Female,Delhi,Delhi,North,Premium,Paid Ads
C03740,2025-10-14 14:43:42,46.0,Female,Delhi,Delhi,North,Basic,Organic
C03741,2025-08-22 02:23:19,22.0,Female,Chennai,Tamil Nadu,South,Basic,Social Media
C03742,2025-05-15 06:23:06,20.0,Male,Hyderabad,Telangana,South,Free,Paid Ads
C03743,2025-06-12 18:32:06,54.0,Male,Lucknow,Uttar Pradesh,North,Basic,Email
C03744,2025-11-02 14:41:36,58.0,Female,Guwahati,Assam,East,Basic,Social Media
C03745,2025-02-13 05:52:41,23.0,Female,Bhubaneswar,Odisha,East,Free,Email
C03746,2025-11-02 12:52:30,59.0,Female,Guwahati,Assam,East,Free,Organic
C03747,2025-04-07 07:48:19,33.0,Male,Delhi,Delhi,North,Basic,Organic
C03748,2025-04-13 17:58:24,52.0,Male,Ahmedabad,Gujarat,West,Free,Organic
C03749,2025-08-22 09:32:15,35.0,Female,Pune,Maharashtra,West,Free,Referral
C03750,2025-03-15 19:29:14,28.0,Male,Chennai,Tamil Nadu,South,Free,Organic
C03751,2025-04-16 22:02:05,40.0,Female,Hyderabad,Telangana,South,Free,Social Media
C03752,2025-08-05 22:28:52,28.0,Female,Chennai,Tamil Nadu,South,Basic,Referral
C03753,2025-11-29 14:32:50,46.0,Female,Ahmedabad,Gujarat,West,Basic,Referral
C03754,2025-04-15 05:53:39,59.0,Male,Lucknow,Uttar Pradesh,North,Free,Paid Ads
C03755,2025-05-08 13:12:01,44.0,Female,Mumbai,Maharashtra,West,Premium,Paid Ads
C03756,2025-05-07 04:53:26,26.0,Male,Bhubaneswar,Odisha,East,Premium,Organic
C03757,2025-03-06 23:57:07,52.0,Male,Kolkata,West Bengal,East,Free,Organic
C03758,2025-04-17 04:33:56,26.0,Female,Pune,Maharashtra,West,Basic,Paid Ads
C03759,2025-03-03 13:43:39,35.0,Male,Ahmedabad,Gujarat,West,Free,Referral
C03760,2025-09-06 05:01:49,38.0,Male,Chennai,Tamil Nadu,South,Basic,Organic
C03761,2025-07-15 22:02:07,53.0,Male,Guwahati,Assam,East,Basic,Social Media
C03762,2025-09-25 03:51:29,18.0,Female,Jaipur,Rajasthan,North,Free,Social Media
C03763,2025-03-03 15:23:01,44.0,Female,Delhi,Delhi,North,Basic,Organic
C03764,2025-07-09 10:05:28,57.0,Female,Mumbai,Maharashtra,West,Premium,Referral
C03765,2025-06-29 11:08:31,55.0,Female,Ahmedabad,Gujarat,West,Free,Paid Ads
C03766,2025-06-29 03:44:39,,Male,Mumbai,Maharashtra,West,Free,Organic
C03767,2025-09-04 07:18:09,57.0,Male,Lucknow,Uttar Pradesh,North,Free,Social Media
C03768,2025-02-26 15:25:18,36.0,Male,Ahmedabad,Gujarat,West,Free,Email
C03769,2025-09-24 00:24:35,41.0,Female,Guwahati,Assam,East,Free,Referral
C03770,2025-07-14 20:25:59,18.0,Male,Bhubaneswar,Odisha,East,Free,Email
C03771,2025-09-01 16:14:31,53.0,Other,Lucknow,Uttar Pradesh,North,Free,Referral
C03772,2025-08-03 12:04:06,40.0,Male,Bengaluru,Karnataka,South,Free,Referral
C03773,2025-06-01 23:37:05,30.0,Female,Pune,Maharashtra,West,Basic,Paid Ads
C03774,2025-05-07 03:43:42,47.0,Female,Delhi,Delhi,North,Premium,Organic
C03775,2025-07-02 09:09:52,54.0,Male,Lucknow,Uttar Pradesh,North,Premium,Organic
C03776,2025-07-27 01:58:19,28.0,Female,Hyderabad,Telangana,South,Free,Paid Ads
C03777,2025-08-18 15:43:46,24.0,Male,Bengaluru,Karnataka,South,Basic,Referral
C03778,2025-10-02 12:09:07,52.0,Male,Jaipur,Rajasthan,North,Premium,Paid Ads
C03779,2025-09-20 18:00:44,28.0,Male,Delhi,Delhi,North,Premium,Referral
C03780,2025-06-11 12:15:42,60.0,Female,Hyderabad,Telangana,South,Premium,Organic
C03781,2025-09-27 19:04:40,57.0,Male,Pune,Maharashtra,West,Basic,Paid Ads
C03782,2025-06-20 09:36:34,38.0,Male,Ahmedabad,Gujarat,West,Free,Paid Ads
C03783,2025-03-30 21:35:29,20.0,Other,Guwahati,Assam,East,Free,Organic
C03784,2025-11-13 00:42:55,47.0,Male,Bengaluru,Karnataka,South,Free,Email
C03785,2025-04-20 07:16:33,41.0,Male,Hyderabad,Telangana,South,Free,Referral
C03786,2025-02-02 12:54:41,55.0,Other,Kolkata,West Bengal,East,Premium,Organic
C03787,2025-10-03 03:10:29,20.0,Male,Jaipur,Rajasthan,North,Free,Referral
C03788,2025-10-25 02:26:57,54.0,Male,Ahmedabad,Gujarat,West,Premium,Referral
C03789,2025-03-18 10:08:42,50.0,Female,Guwahati,Assam,East,Basic,Paid Ads
C03790,2025-09-09 21:18:23,39.0,Male,Chennai,Tamil Nadu,South,Free,Email
C03791,2025-03-20 23:02:30,48.0,Male,Kolkata,West Bengal,East,Free,Referral
C03792,2025-04-23 23:40:06,29.0,Male,Guwahati,Assam,East,Free,Email
C03793,2025-08-28 02:32:13,31.0,Female,Jaipur,Rajasthan,North,Basic,Email
C03794,2025-03-22 18:49:32,29.0,Male,Lucknow,Uttar Pradesh,North,Premium,Organic
C03795,2025-07-21 12:54:41,44.0,Male,Kolkata,West Bengal,East,Premium,Organic
C03796,2025-02-08 18:24:41,30.0,Male,Delhi,Delhi,North,Free,Paid Ads
C03797,2025-11-21 08:02:47,41.0,Male,Delhi,Delhi,North,Free,Social Media
C03798,2025-10-09 19:07:03,55.0,Female,Kolkata,West Bengal,East,Free,Social Media
C03799,2025-09-06 22:42:21,26.0,Male,Bhubaneswar,Odisha,East,Free,Social Media
C03800,2025-11-15 17:15:29,25.0,Female,Lucknow,Uttar Pradesh,North,Premium,Paid Ads
C03801,2025-07-06 08:23:32,54.0,Female,Pune,Maharashtra,West,Free,Social Media
C03802,2025-05-29 12:30:48,32.0,Male,Bengaluru,Karnataka,South,Basic,Referral
C03803,2025-04-22 19:32:37,24.0,Male,Bengaluru,Karnataka,South,Free,Paid Ads
C03804,2025-07-23 01:40:37,41.0,Male,Bengaluru,Karnataka,South,Free,Organic
C03805,2025-03-12 09:54:17,33.0,Male,Mumbai,Maharashtra,West,Basic,Referral
C03806,2025-03-24 09:54:33,41.0,Female,Hyderabad,Telangana,South,Basic,Referral
C03807,2025-04-29 17:30:54,60.0,Female,Mumbai,Maharashtra,West,Free,Referral
C03808,2025-08-13 18:15:01,24.0,Male,Ahmedabad,Gujarat,West,Basic,Organic
C03809,2025-10-16 10:48:08,60.0,Female,Kolkata,West Bengal,East,Free,Organic
C03810,2025-10-19 09:59:05,45.0,Other,Guwahati,Assam,East,Basic,Referral
C03811,2025-06-05 17:59:18,19.0,Male,Lucknow,Uttar Pradesh,North,Premium,Email
C03812,2025-04-18 16:17:52,51.0,Female,Mumbai,Maharashtra,West,Basic,Email
C03813,2025-07-06 12:11:44,55.0,Female,Bhubaneswar,Odisha,East,Free,Paid Ads
C03814,2025-07-23 17:24:29,20.0,Male,Jaipur,Rajasthan,North,Basic,Email
C03815,2025-06-08 22:20:19,18.0,Female,Pune,Maharashtra,West,Basic,Organic
C03816,2025-10-14 23:08:14,48.0,Other,Jaipur,Rajasthan,North,Free,Social Media
C03817,2025-08-10 16:23:55,40.0,Male,Pune,Maharashtra,West,Basic,Paid Ads
C03818,2025-04-15 02:30:57,37.0,Female,Bengaluru,Karnataka,South,Free,Social Media
C03819,2025-06-24 01:11:23,33.0,Male,Bengaluru,Karnataka,South,Basic,Organic
C03820,2025-08-07 01:33:26,49.0,Male,Mumbai,Maharashtra,West,Free,Social Media
C03821,2025-02-24 03:59:57,34.0,Female,Mumbai,Maharashtra,West,Premium,Referral
C03822,2025-01-21 03:39:02,35.0,Male,Mumbai,Maharashtra,West,Basic,Organic
C03823,2025-08-20 20:49:47,21.0,Female,Bengaluru,Karnataka,South,Free,Paid Ads
C03824,2025-11-28 05:49:48,52.0,Male,Ahmedabad,Gujarat,West,Free,Organic
C03825,2025-02-20 16:07:45,57.0,Female,Guwahati,Assam,East,Free,Paid Ads
C03826,2025-04-15 06:47:24,53.0,Female,Kolkata,West Bengal,East,Free,Paid Ads
C03827,2025-07-17 07:01:16,40.0,Male,Mumbai,Maharashtra,West,Free,Paid Ads
C03828,2025-04-17 03:02:24,32.0,Male,Ahmedabad,Gujarat,West,Free,Social Media
C03829,2025-11-03 15:03:52,30.0,Male,Hyderabad,Telangana,South,Free,Email
C03830,2025-03-08 10:46:58,31.0,Male,Kolkata,West Bengal,East,Free,Organic
C03831,2025-06-12 14:01:28,31.0,Female,Ahmedabad,Gujarat,West,Free,Organic
C03832,2025-01-17 16:29:02,54.0,Male,Chennai,Tamil Nadu,South,Basic,Paid Ads
C03833,2025-05-11 12:21:18,22.0,Female,Chennai,Tamil Nadu,South,Free,Organic
C03834,2025-11-26 06:02:43,39.0,Male,Pune,Maharashtra,West,Free,Social Media
C03835,2025-06-20 06:10:22,45.0,Female,Ahmedabad,Gujarat,West,Free,Paid Ads
C03836,2025-10-05 06:18:17,21.0,Female,Mumbai,Maharashtra,West,Basic,Referral
C03837,2025-08-13 14:04:21,55.0,Male,Bengaluru,Karnataka,South,Free,Organic
C03838,2025-02-24 07:30:46,46.0,Female,Kolkata,West Bengal,East,Free,Social Media
C03839,2025-07-26 08:31:53,54.0,Male,Hyderabad,Telangana,South,Free,Email
C03840,2025-11-20 15:27:57,52.0,Female,Lucknow,Uttar Pradesh,North,Free,Paid Ads
C03841,2025-03-01 18:18:29,37.0,Female,Jaipur,Rajasthan,North,Free,Email
C03842,2025-05-11 02:24:00,52.0,Female,Guwahati,Assam,East,Free,Organic
C03843,2025-05-23 17:48:58,52.0,Female,Pune,Maharashtra,West,Premium,Organic
C03844,2025-06-26 14:59:57,37.0,Female,Pune,Maharashtra,West,Basic,Email
C03845,2025-04-30 22:47:01,19.0,Female,Kolkata,West Bengal,East,Premium,Referral
C03846,2025-07-19 20:30:42,35.0,Male,Lucknow,Uttar Pradesh,North,Basic,Organic
C03847,2025-06-18 12:08:18,47.0,Female,Bengaluru,Karnataka,South,Basic,Paid Ads
C03848,2025-05-26 12:06:50,59.0,Male,Delhi,Delhi,North,Premium,Paid Ads
C03849,2025-07-29 05:52:57,46.0,Female,Lucknow,Uttar Pradesh,North,Free,Referral
C03850,2025-01-23 12:25:48,56.0,Female,Guwahati,Assam,East,Basic,Social Media
C03851,2025-11-08 06:26:14,39.0,Female,Pune,Maharashtra,West,Free,Organic
C03852,2025-05-17 10:42:15,46.0,Female,Bhubaneswar,Odisha,East,Basic,Referral
C03853,2025-02-01 12:15:41,27.0,Female,Jaipur,Rajasthan,North,Free,Paid Ads
C03854,2025-05-05 09:45:22,37.0,Male,Chennai,Tamil Nadu,South,Basic,Referral
C03855,2025-06-07 20:52:02,33.0,Male,Delhi,Delhi,North,Premium,Paid Ads
C03856,2025-07-18 14:54:14,23.0,Female,Kolkata,West Bengal,East,Free,Paid Ads
C03857,2025-04-04 04:32:25,34.0,Male,Ahmedabad,Gujarat,West,Basic,Organic
C03858,2025-10-01 10:05:31,23.0,Female,Jaipur,Rajasthan,North,Free,Paid Ads
C03859,2025-07-29 19:43:50,39.0,Male,Pune,Maharashtra,West,Free,Organic
C03860,2025-05-24 16:39:54,35.0,Male,Chennai,Tamil Nadu,South,Basic,Organic
C03861,2025-01-26 15:32:24,49.0,Female,Bengaluru,Karnataka,South,Free,Paid Ads
C03862,2025-06-27 15:11:33,45.0,Female,Lucknow,Uttar Pradesh,North,Free,Organic
C03863,2025-01-25 22:25:50,59.0,Male,Mumbai,Maharashtra,West,Free,Referral
C03864,2025-04-19 03:46:14,27.0,Male,Ahmedabad,Gujarat,West,Basic,Organic
C03865,2025-02-22 14:36:58,58.0,Male,Guwahati,Assam,East,Free,Paid Ads
C03866,2025-09-11 22:46:33,39.0,Male,Mumbai,Maharashtra,West,Premium,Email
C03867,2025-09-25 20:13:20,45.0,Male,Mumbai,Maharashtra,West,Basic,Organic
C03868,2025-04-12 19:52:06,32.0,Female,Lucknow,Uttar Pradesh,North,Free,Paid Ads
C03869,2025-10-06 00:07:13,60.0,Female,Delhi,Delhi,North,Free,Referral
C03870,2025-09-16 21:53:58,46.0,Male,Kolkata,West Bengal,East,Premium,Organic
C03871,2025-08-08 01:24:18,24.0,Male,Ahmedabad,Gujarat,West,Basic,Referral
C03872,2025-02-05 00:43:08,51.0,Female,Guwahati,Assam,East,Basic,Organic
C03873,2025-09-15 19:25:24,49.0,Female,Bhubaneswar,Odisha,East,Basic,Organic
C03874,2025-08-01 12:30:46,19.0,Male,Bengaluru,Karnataka,South,Free,Email
C03875,2025-07-26 11:18:04,43.0,Male,Guwahati,Assam,East,Basic,Organic
C03876,2025-09-08 20:41:51,28.0,Male,Mumbai,Maharashtra,West,Basic,Paid Ads
C03877,2025-10-18 19:29:47,42.0,Male,Kolkata,West Bengal,East,Free,Organic
C03878,2025-01-06 21:21:46,36.0,Female,Hyderabad,Telangana,South,Premium,Organic
C03879,2025-10-07 23:29:52,37.0,Female,Jaipur,Rajasthan,North,Free,Organic
C03880,2025-06-07 03:17:26,50.0,Female,Guwahati,Assam,East,Free,Paid Ads
C03881,2025-02-22 19:28:14,34.0,Other,Ahmedabad,Gujarat,West,Free,Referral
C03882,2025-04-20 15:01:57,47.0,Male,Delhi,Delhi,North,Basic,Social Media
C03883,2025-08-29 15:02:29,35.0,Female,Chennai,Tamil Nadu,South,Free,Paid Ads
C03884,2025-10-08 13:48:01,49.0,Male,Guwahati,Assam,East,Free,Referral
C03885,2025-05-31 06:05:06,57.0,Male,Bengaluru,Karnataka,South,Premium,Social Media
C03886,2025-05-08 20:05:07,21.0,Female,Hyderabad,Telangana,South,Free,Email
C03887,2025-05-06 19:32:02,49.0,Male,Bengaluru,Karnataka,South,Free,Paid Ads
C03888,2025-04-19 18:36:49,36.0,Male,Lucknow,Uttar Pradesh,North,Free,Email
C03889,2025-11-14 02:48:34,20.0,Female,Jaipur,Rajasthan,North,Free,Paid Ads
C03890,2025-09-19 15:10:45,55.0,Male,Ahmedabad,Gujarat,West,Free,Social Media
C03891,2025-03-12 06:51:04,45.0,Female,Delhi,Delhi,North,Free,Referral
C03892,2025-06-12 01:54:43,55.0,Male,Lucknow,Uttar Pradesh,North,Free,Email
C03893,2025-08-05 10:36:37,23.0,Female,Jaipur,Rajasthan,North,Premium,Paid Ads
C03894,2025-01-15 05:46:24,57.0,Male,Pune,Maharashtra,West,Free,Referral
C03895,2025-08-19 23:36:59,34.0,Female,Jaipur,Rajasthan,North,Basic,Paid Ads
C03896,2025-11-18 06:09:41,59.0,Male,Chennai,Tamil Nadu,South,Free,Social Media
C03897,2025-11-07 12:56:59,22.0,Female,Kolkata,West Bengal,East,Free,Email
C03898,2025-04-28 18:14:55,36.0,Female,Hyderabad,Telangana,South,Free,Organic
C03899,2025-02-21 04:34:58,60.0,Male,Jaipur,Rajasthan,North,Free,Paid Ads
C03900,2025-07-08 09:23:52,59.0,Male,Hyderabad,Telangana,South,Basic,Organic
C03901,2025-04-17 22:54:27,52.0,Male,Mumbai,Maharashtra,West,Free,Organic
C03902,2025-07-06 14:44:58,39.0,Female,Ahmedabad,Gujarat,West,Premium,Email
C03903,2025-05-24 17:23:01,41.0,Female,Hyderabad,Telangana,South,Basic,Referral
C03904,2025-07-24 00:14:53,27.0,Male,Pune,Maharashtra,West,Free,Paid Ads
C03905,2025-01-27 19:51:50,19.0,Female,Chennai,Tamil Nadu,South,Free,Referral
C03906,2025-07-26 10:02:41,45.0,Female,Mumbai,Maharashtra,West,Free,Referral
C03907,2025-04-15 06:17:45,58.0,Male,Lucknow,Uttar Pradesh,North,Free,Organic
C03908,2025-02-23 21:36:05,54.0,Male,Mumbai,Maharashtra,West,Basic,Organic
C03909,2025-08-20 04:08:39,34.0,Female,Delhi,Delhi,North,Premium,Referral
C03910,2025-02-05 06:18:54,23.0,Female,Mumbai,Maharashtra,West,Free,Organic
C03911,2025-09-25 03:22:20,60.0,Male,Bhubaneswar,Odisha,East,Free,Organic
C03912,2025-07-05 22:29:18,22.0,Male,Pune,Maharashtra,West,Free,Paid Ads
C03913,2025-01-09 06:55:23,,Male,Guwahati,Assam,East,Basic,Social Media
C03914,2025-02-28 20:03:33,24.0,Female,Hyderabad,Telangana,South,Free,Organic
C03915,2025-06-27 14:57:37,49.0,Female,Hyderabad,Telangana,South,Premium,Social Media
C03916,2025-06-10 15:30:27,21.0,Male,Pune,Maharashtra,West,Basic,Referral
C03917,2025-03-24 06:33:04,38.0,Male,Jaipur,Rajasthan,North,Premium,Organic
C03918,2025-03-22 20:52:22,59.0,Male,Mumbai,Maharashtra,West,Free,Referral
C03919,2025-03-27 20:47:19,49.0,Female,Jaipur,Rajasthan,North,Basic,Paid Ads
C03920,2025-05-10 09:43:53,35.0,Male,Bengaluru,Karnataka,South,Basic,Social Media
C03921,2025-10-27 10:55:45,50.0,Female,Bengaluru,Karnataka,South,Basic,Email
C03922,2025-11-21 20:54:33,31.0,Female,Pune,Maharashtra,West,Free,Organic
C03923,2025-07-09 17:24:10,23.0,Female,Bengaluru,Karnataka,South,Premium,Social Media
C03924,2025-08-26 08:35:35,28.0,Female,Mumbai,Maharashtra,West,Premium,Paid Ads
C03925,2025-01-21 23:01:30,37.0,Male,Hyderabad,Telangana,South,Free,Organic
C03926,2025-11-12 08:31:35,46.0,Female,Kolkata,West Bengal,East,Basic,Organic
C03927,2025-03-02 22:16:30,52.0,Female,Jaipur,Rajasthan,North,Free,Referral
C03928,2025-01-28 05:18:12,33.0,Female,Jaipur,Rajasthan,North,Premium,Organic
C03929,2025-07-11 02:58:47,24.0,Male,Delhi,Delhi,North,Basic,Paid Ads
C03930,2025-04-12 15:10:53,57.0,Male,Guwahati,Assam,East,Free,Social Media
C03931,2025-10-09 23:42:29,53.0,Female,Chennai,Tamil Nadu,South,Free,Social Media
C03932,2025-02-28 17:30:54,48.0,Female,Bhubaneswar,Odisha,East,Free,Social Media
C03933,2025-11-06 20:21:34,59.0,Female,Lucknow,Uttar Pradesh,North,Free,Organic
C03934,2025-01-25 09:15:16,60.0,Female,Kolkata,West Bengal,East,Free,Referral
C03935,2025-11-14 16:54:04,60.0,Female,Pune,Maharashtra,West,Basic,Email
C03936,2025-02-09 04:33:17,23.0,Male,Delhi,Delhi,North,Basic,Organic
C03937,2025-02-17 04:14:34,46.0,Female,Mumbai,Maharashtra,West,Free,Social Media
C03938,2025-08-22 07:10:43,44.0,Female,Kolkata,West Bengal,East,Basic,Organic
C03939,2025-09-12 14:48:52,,Female,Kolkata,West Bengal,East,Free,Referral
C03940,2025-07-28 20:54:03,19.0,Female,Pune,Maharashtra,West,Free,Referral
C03941,2025-09-06 11:24:03,39.0,Male,Lucknow,Uttar Pradesh,North,Basic,Email
C03942,2025-07-27 20:50:40,26.0,Male,Chennai,Tamil Nadu,South,Free,Paid Ads
C03943,2025-03-16 10:05:54,28.0,Female,Guwahati,Assam,East,Free,Social Media
C03944,2025-06-30 19:00:55,33.0,Male,Mumbai,Maharashtra,West,Free,Organic
C03945,2025-10-01 09:01:10,30.0,Female,Guwahati,Assam,East,Basic,Paid Ads
C03946,2025-04-29 19:23:23,35.0,Female,Kolkata,West Bengal,East,Basic,Paid Ads
C03947,2025-09-30 02:22:38,42.0,Male,Jaipur,Rajasthan,North,Free,Paid Ads
C03948,2025-07-15 18:32:54,50.0,Female,Jaipur,Rajasthan,North,Free,Paid Ads
C03949,2025-02-26 14:02:02,27.0,Male,Guwahati,Assam,East,Premium,Email
C03950,2025-09-17 04:44:18,47.0,Female,Kolkata,West Bengal,East,Free,Organic
C03951,2025-11-15 09:51:20,18.0,Male,Kolkata,West Bengal,East,Free,Organic
C03952,2025-03-18 02:43:43,50.0,Female,Hyderabad,Telangana,South,Free,Email
C03953,2025-11-03 17:12:30,32.0,Female,Bengaluru,Karnataka,South,Premium,Paid Ads
C03954,2025-11-23 05:34:13,46.0,Female,Kolkata,West Bengal,East,Basic,Referral
C03955,2025-06-18 22:13:27,19.0,Female,Kolkata,West Bengal,East,Basic,Organic
C03956,2025-04-11 01:03:51,28.0,Female,Chennai,Tamil Nadu,South,Basic,Organic
C03957,2025-04-15 11:30:58,51.0,Female,Chennai,Tamil Nadu,South,Basic,Organic
C03958,2025-07-13 23:46:05,58.0,Female,Pune,Maharashtra,West,Free,Organic
C03959,2025-09-26 20:28:21,36.0,Male,Kolkata,West Bengal,East,Basic,Referral
C03960,2025-01-31 09:42:41,19.0,Female,Bhubaneswar,Odisha,East,Free,Social Media
C03961,2025-10-26 07:00:43,37.0,Male,Delhi,Delhi,North,Basic,Social Media
C03962,2025-04-15 23:34:35,58.0,Other,Mumbai,Maharashtra,West,Free,Organic
C03963,2025-11-12 16:01:03,48.0,Male,Guwahati,Assam,East,Free,Paid Ads
C03964,2025-10-26 11:31:02,21.0,Male,Delhi,Delhi,North,Basic,Referral
C03965,2025-02-11 02:05:53,46.0,Male,Bhubaneswar,Odisha,East,Free,Organic
C03966,2025-08-26 16:21:56,47.0,Male,Chennai,Tamil Nadu,South,Free,Social Media
C03967,2025-09-10 23:47:07,30.0,Female,Mumbai,Maharashtra,West,Free,Paid Ads
C03968,2025-05-18 01:06:11,32.0,Male,Bhubaneswar,Odisha,East,Basic,Email
C03969,2025-07-02 14:28:56,37.0,Female,Delhi,Delhi,North,Free,Organic
C03970,2025-07-07 21:50:36,51.0,Male,Ahmedabad,Gujarat,West,Free,Organic
C03971,2025-02-18 11:37:16,45.0,Female,Bengaluru,Karnataka,South,Basic,Paid Ads
C03972,2025-06-13 17:37:50,37.0,Female,Delhi,Delhi,North,Free,Organic
C03973,2025-08-13 00:27:02,42.0,Male,Ahmedabad,Gujarat,West,Premium,Referral
C03974,2025-01-13 12:56:44,44.0,Male,Jaipur,Rajasthan,North,Free,Email
C03975,2025-06-22 17:08:47,47.0,Male,Ahmedabad,Gujarat,West,Premium,Organic
C03976,2025-07-01 04:18:30,58.0,Male,Hyderabad,Telangana,South,Basic,Organic
C03977,2025-02-09 21:12:04,37.0,Male,Mumbai,Maharashtra,West,Free,Organic
C03978,2025-06-29 06:42:41,18.0,Male,Delhi,Delhi,North,Premium,Paid Ads
C03979,2025-10-11 05:07:59,52.0,Male,Guwahati,Assam,East,Basic,Paid Ads
C03980,2025-10-28 20:37:48,60.0,Female,Pune,Maharashtra,West,Premium,Social Media
C03981,2025-11-27 20:10:12,41.0,Male,Hyderabad,Telangana,South,Free,Social Media
C03982,2025-09-17 08:21:42,42.0,Female,Chennai,Tamil Nadu,South,Free,Referral
C03983,2025-10-17 02:32:05,57.0,Other,Guwahati,Assam,East,Basic,Referral
C03984,2025-02-14 12:30:20,29.0,Male,Guwahati,Assam,East,Free,Social Media
C03985,2025-10-24 22:34:38,28.0,Male,Chennai,Tamil Nadu,South,Premium,Paid Ads
C03986,2025-03-19 22:05:31,47.0,Male,Hyderabad,Telangana,South,Basic,Organic
C03987,2025-11-25 17:16:52,30.0,Male,Kolkata,West Bengal,East,Basic,Organic
C03988,2025-07-12 19:49:07,42.0,Female,Ahmedabad,Gujarat,West,Premium,Organic
C03989,2025-06-28 13:48:23,,Male,Mumbai,Maharashtra,West,Premium,Paid Ads
C03990,2025-10-25 19:59:06,34.0,Male,Chennai,Tamil Nadu,South,Free,Paid Ads
C03991,2025-01-09 17:26:37,29.0,Male,Bhubaneswar,Odisha,East,Basic,Organic
C03992,2025-07-06 04:24:23,28.0,Female,Kolkata,West Bengal,East,Basic,Social Media
C03993,2025-10-20 03:20:16,27.0,Female,Lucknow,Uttar Pradesh,North,Free,Referral
C03994,2025-03-17 23:36:09,34.0,Female,Kolkata,West Bengal,East,Premium,Organic
C03995,2025-05-23 19:48:17,33.0,Female,Mumbai,Maharashtra,West,Premium,Social Media
C03996,2025-05-04 18:59:46,37.0,Male,Pune,Maharashtra,West,Basic,Referral
C03997,2025-11-28 17:13:16,22.0,Male,Mumbai,Maharashtra,West,Free,Organic
C03998,2025-03-09 22:35:28,58.0,Male,Ahmedabad,Gujarat,West,Basic,Email
C03999,2025-04-22 02:06:26,49.0,Female,Delhi,Delhi,North,Basic,Organic
C04000,2025-01-29 20:30:33,44.0,Female,Bhubaneswar,Odisha,East,Free,Social Media
C04001,2025-09-14 19:34:31,21.0,Male,Lucknow,Uttar Pradesh,North,Free,Email
C04002,2025-11-27 08:13:55,58.0,Male,Chennai,Tamil Nadu,South,Free,Social Media
C04003,2025-05-10 05:28:12,,Male,Bengaluru,Karnataka,South,Basic,Referral
C04004,2025-11-18 15:25:48,31.0,Female,Kolkata,West Bengal,East,Basic,Email
C04005,2025-05-07 18:13:26,56.0,Female,Bhubaneswar,Odisha,East,Free,Organic
C04006,2025-06-30 18:08:38,41.0,Male,Pune,Maharashtra,West,Basic,Organic
C04007,2025-04-23 11:46:55,35.0,Male,Ahmedabad,Gujarat,West,Free,Referral
C04008,2025-06-03 11:04:58,55.0,Male,Pune,Maharashtra,West,Basic,Email
C04009,2025-09-23 13:16:20,56.0,Female,Jaipur,Rajasthan,North,Basic,Referral
C04010,2025-05-12 00:09:31,57.0,Female,Kolkata,West Bengal,East,Basic,Email
C04011,2025-05-06 04:26:39,18.0,Male,Kolkata,West Bengal,East,Basic,Organic
C04012,2025-09-09 00:46:08,34.0,Male,Pune,Maharashtra,West,Free,Social Media
C04013,2025-05-31 15:50:33,43.0,Male,Jaipur,Rajasthan,North,Free,Email
C04014,2025-06-16 03:52:35,39.0,Female,Kolkata,West Bengal,East,Basic,Paid Ads
C04015,2025-08-02 00:49:08,56.0,Female,Lucknow,Uttar Pradesh,North,Basic,Email
C04016,2025-03-05 22:12:17,35.0,Female,Ahmedabad,Gujarat,West,Free,Organic
C04017,2025-03-24 19:52:55,55.0,Female,Hyderabad,Telangana,South,Free,Email
C04018,2025-03-12 01:55:29,,Male,Hyderabad,Telangana,South,Free,Email
C04019,2025-11-10 15:32:42,38.0,Female,Mumbai,Maharashtra,West,Free,Organic
C04020,2025-06-24 11:44:23,55.0,Male,Bhubaneswar,Odisha,East,Free,Paid Ads
C04021,2025-05-29 04:59:08,50.0,Male,Ahmedabad,Gujarat,West,Free,Paid Ads
C04022,2025-09-28 08:04:26,47.0,Female,Mumbai,Maharashtra,West,Basic,Organic
C04023,2025-06-13 21:00:31,59.0,Female,Jaipur,Rajasthan,North,Free,Organic
C04024,2025-07-30 04:31:13,25.0,Female,Hyderabad,Telangana,South,Premium,Organic
C04025,2025-05-15 23:25:51,47.0,Female,Jaipur,Rajasthan,North,Free,Paid Ads
C04026,2025-05-15 16:23:11,56.0,Female,Hyderabad,Telangana,South,Free,Paid Ads
C04027,2025-10-16 22:30:12,26.0,Male,Pune,Maharashtra,West,Free,Email
C04028,2025-04-22 23:10:59,50.0,Female,Guwahati,Assam,East,Basic,Paid Ads
C04029,2025-10-25 10:54:05,60.0,Female,Lucknow,Uttar Pradesh,North,Basic,Referral
C04030,2025-08-26 00:40:11,46.0,Female,Pune,Maharashtra,West,Basic,Organic
C04031,2025-11-19 03:11:51,,Female,Jaipur,Rajasthan,North,Premium,Referral
C04032,2025-04-14 04:57:13,20.0,Female,Pune,Maharashtra,West,Basic,Email
C04033,2025-04-05 04:31:27,55.0,Female,Kolkata,West Bengal,East,Premium,Paid Ads
C04034,2025-09-19 23:17:15,28.0,Male,Bengaluru,Karnataka,South,Free,Paid Ads
C04035,2025-03-19 21:07:08,22.0,Female,Bhubaneswar,Odisha,East,Free,Referral
C04036,2025-01-22 20:18:11,48.0,Female,Bengaluru,Karnataka,South,Free,Paid Ads
C04037,2025-02-27 07:21:55,37.0,Male,Hyderabad,Telangana,South,Basic,Paid Ads
C04038,2025-01-25 06:01:56,21.0,Female,Chennai,Tamil Nadu,South,Free,Organic
C04039,2025-08-16 22:59:14,25.0,Male,Delhi,Delhi,North,Basic,Paid Ads
C04040,2025-09-23 21:38:32,59.0,Male,Jaipur,Rajasthan,North,Free,Referral
C04041,2025-04-14 10:17:39,52.0,Female,Hyderabad,Telangana,South,Free,Email
C04042,2025-04-02 16:20:09,30.0,Female,Ahmedabad,Gujarat,West,Free,Referral
C04043,2025-01-11 06:48:42,22.0,Male,Mumbai,Maharashtra,West,Free,Organic
C04044,2025-09-01 15:37:51,57.0,Female,Lucknow,Uttar Pradesh,North,Free,Organic
C04045,2025-09-09 19:34:18,36.0,Female,Pune,Maharashtra,West,Free,Email
C04046,2025-10-11 16:08:37,35.0,Female,Mumbai,Maharashtra,West,Free,Email
C04047,2025-09-28 16:27:10,50.0,Female,Pune,Maharashtra,West,Basic,Organic
C04048,2025-07-28 09:05:16,21.0,Female,Jaipur,Rajasthan,North,Free,Email
C04049,2025-04-21 05:35:18,35.0,Female,Chennai,Tamil Nadu,South,Free,Email
C04050,2025-05-27 00:20:03,41.0,Female,Guwahati,Assam,East,Free,Paid Ads
C04051,2025-05-25 22:53:55,60.0,Male,Chennai,Tamil Nadu,South,Premium,Referral
C04052,2025-06-14 11:21:13,46.0,Male,Lucknow,Uttar Pradesh,North,Basic,Referral
C04053,2025-07-12 16:46:28,48.0,Male,Chennai,Tamil Nadu,South,Premium,Paid Ads
C04054,2025-06-22 23:41:31,45.0,Female,Lucknow,Uttar Pradesh,North,Basic,Organic
C04055,2025-10-13 13:40:48,26.0,Male,Hyderabad,Telangana,South,Premium,Paid Ads
C04056,2025-04-10 14:09:00,43.0,Male,Guwahati,Assam,East,Free,Email
C04057,2025-05-27 22:49:27,19.0,Female,Chennai,Tamil Nadu,South,Free,Social Media
C04058,2025-09-10 01:51:37,23.0,Female,Bhubaneswar,Odisha,East,Basic,Paid Ads
C04059,2025-01-04 05:52:28,46.0,Female,Hyderabad,Telangana,South,Premium,Referral
C04060,2025-04-20 11:54:12,43.0,Male,Chennai,Tamil Nadu,South,Premium,Paid Ads
C04061,2025-03-08 04:09:54,45.0,Male,Ahmedabad,Gujarat,West,Basic,Paid Ads
C04062,2025-01-28 03:35:14,24.0,Male,Bhubaneswar,Odisha,East,Free,Social Media
C04063,2025-11-06 01:05:23,51.0,Male,Hyderabad,Telangana,South,Free,Referral
C04064,2025-05-09 09:47:11,27.0,Male,Ahmedabad,Gujarat,West,Free,Organic
C04065,2025-09-09 17:19:50,58.0,Male,Bengaluru,Karnataka,South,Free,Organic
C04066,2025-11-03 03:51:43,57.0,Male,Bhubaneswar,Odisha,East,Free,Referral
C04067,2025-07-28 17:01:56,39.0,Female,Bhubaneswar,Odisha,East,Free,Referral
C04068,2025-09-03 15:04:16,44.0,Male,Bengaluru,Karnataka,South,Premium,Paid Ads
C04069,2025-11-24 06:29:01,56.0,Male,Lucknow,Uttar Pradesh,North,Free,Referral
C04070,2025-02-19 22:20:59,39.0,Female,Hyderabad,Telangana,South,Free,Social Media
C04071,2025-04-06 04:16:44,36.0,Female,Mumbai,Maharashtra,West,Free,Referral
C04072,2025-07-29 16:19:32,53.0,Female,Delhi,Delhi,North,Free,Email
C04073,2025-05-08 07:52:45,26.0,Female,Lucknow,Uttar Pradesh,North,Free,Organic
C04074,2025-11-17 21:15:16,36.0,Female,Jaipur,Rajasthan,North,Free,Email
C04075,2025-09-09 10:36:05,19.0,Female,Delhi,Delhi,North,Premium,Organic
C04076,2025-01-06 08:25:58,45.0,Female,Delhi,Delhi,North,Free,Paid Ads
C04077,2025-11-30 13:49:56,56.0,Male,Mumbai,Maharashtra,West,Free,Paid Ads
C04078,2025-08-06 10:00:30,39.0,Male,Mumbai,Maharashtra,West,Free,Paid Ads
C04079,2025-11-10 15:35:56,23.0,Female,Bengaluru,Karnataka,South,Free,Email
C04080,2025-03-15 19:44:58,24.0,Female,Kolkata,West Bengal,East,Free,Organic
C04081,2025-04-05 13:17:17,23.0,Female,Lucknow,Uttar Pradesh,North,Free,Referral
C04082,2025-10-26 05:21:21,50.0,Female,Guwahati,Assam,East,Free,Social Media
C04083,2025-07-21 06:17:17,31.0,Other,Delhi,Delhi,North,Basic,Organic
C04084,2025-01-15 18:12:12,18.0,Female,Lucknow,Uttar Pradesh,North,Basic,Email
C04085,2025-05-23 09:11:15,42.0,Female,Bhubaneswar,Odisha,East,Free,Referral
C04086,2025-08-12 02:11:12,23.0,Male,Bhubaneswar,Odisha,East,Basic,Email
C04087,2025-03-30 10:49:10,45.0,Male,Kolkata,West Bengal,East,Free,Referral
C04088,2025-01-29 17:46:36,35.0,Female,Jaipur,Rajasthan,North,Free,Referral
C04089,2025-11-13 00:50:24,44.0,Female,Chennai,Tamil Nadu,South,Free,Paid Ads
C04090,2025-06-16 23:10:58,19.0,Male,Guwahati,Assam,East,Basic,Social Media
C04091,2025-01-27 09:08:57,57.0,Female,Lucknow,Uttar Pradesh,North,Free,Organic
C04092,2025-11-13 18:00:38,38.0,Female,Ahmedabad,Gujarat,West,Basic,Referral
C04093,2025-04-12 19:46:34,40.0,Male,Ahmedabad,Gujarat,West,Basic,Organic
C04094,2025-10-09 06:15:55,19.0,Female,Chennai,Tamil Nadu,South,Premium,Paid Ads
C04095,2025-09-09 03:30:51,33.0,Female,Mumbai,Maharashtra,West,Free,Organic
C04096,2025-01-09 10:38:45,21.0,Female,Ahmedabad,Gujarat,West,Free,Email
C04097,2025-01-25 20:24:46,51.0,Female,Bhubaneswar,Odisha,East,Free,Referral
C04098,2025-09-17 00:30:44,22.0,Male,Guwahati,Assam,East,Premium,Referral
C04099,2025-05-11 17:07:59,51.0,Female,Pune,Maharashtra,West,Basic,Social Media
C04100,2025-11-26 19:32:23,39.0,Female,Guwahati,Assam,East,Premium,Social Media
C04101,2025-03-24 01:39:17,37.0,Female,Delhi,Delhi,North,Basic,Organic
C04102,2025-02-15 07:46:35,56.0,Male,Ahmedabad,Gujarat,West,Basic,Referral
C04103,2025-02-08 18:59:15,30.0,Female,Delhi,Delhi,North,Free,Email
C04104,2025-07-22 10:01:14,51.0,Female,Guwahati,Assam,East,Premium,Organic
C04105,2025-03-03 15:11:29,23.0,Male,Ahmedabad,Gujarat,West,Premium,Referral
C04106,2025-08-01 21:43:33,46.0,Male,Lucknow,Uttar Pradesh,North,Free,Referral
C04107,2025-04-02 21:48:19,50.0,Male,Chennai,Tamil Nadu,South,Free,Paid Ads
C04108,2025-02-20 04:09:06,18.0,Female,Bhubaneswar,Odisha,East,Basic,Email
C04109,2025-08-27 06:06:30,24.0,Female,Bengaluru,Karnataka,South,Free,Paid Ads
C04110,2025-05-13 18:19:18,39.0,Female,Delhi,Delhi,North,Premium,Organic
C04111,2025-01-26 07:35:29,49.0,Male,Jaipur,Rajasthan,North,Free,Email
C04112,2025-05-24 09:14:47,31.0,Female,Mumbai,Maharashtra,West,Free,Social Media
C04113,2025-07-30 10:42:22,41.0,Female,Kolkata,West Bengal,East,Basic,Paid Ads
C04114,2025-05-30 15:54:55,36.0,Male,Bhubaneswar,Odisha,East,Basic,Organic
C04115,2025-05-10 05:01:46,44.0,Female,Jaipur,Rajasthan,North,Free,Email
C04116,2025-07-11 12:50:17,40.0,Female,Pune,Maharashtra,West,Premium,Organic
C04117,2025-04-26 07:47:18,38.0,Male,Chennai,Tamil Nadu,South,Premium,Paid Ads
C04118,2025-04-27 04:19:21,46.0,Male,Ahmedabad,Gujarat,West,Basic,Organic
C04119,2025-11-10 06:23:07,18.0,Female,Bhubaneswar,Odisha,East,Basic,Email
C04120,2025-02-05 06:12:32,48.0,Male,Delhi,Delhi,North,Basic,Social Media
C04121,2025-10-01 21:51:40,44.0,Male,Ahmedabad,Gujarat,West,Free,Referral
C04122,2025-05-03 19:54:51,53.0,Other,Lucknow,Uttar Pradesh,North,Premium,Social Media
C04123,2025-03-03 19:41:02,44.0,Female,Delhi,Delhi,North,Free,Email
C04124,2025-11-30 00:11:25,32.0,Female,Hyderabad,Telangana,South,Free,Email
C04125,2025-11-14 23:34:10,42.0,Male,Bengaluru,Karnataka,South,Premium,Social Media
C04126,2025-02-23 13:37:35,32.0,Female,Lucknow,Uttar Pradesh,North,Free,Social Media
C04127,2025-02-08 18:36:15,57.0,Female,Lucknow,Uttar Pradesh,North,Basic,Paid Ads
C04128,2025-08-11 22:06:17,36.0,Female,Bengaluru,Karnataka,South,Free,Paid Ads
C04129,2025-05-13 13:38:21,28.0,Male,Mumbai,Maharashtra,West,Premium,Social Media
C04130,2025-02-06 15:57:37,58.0,Female,Kolkata,West Bengal,East,Basic,Social Media
C04131,2025-07-26 16:10:37,50.0,Female,Mumbai,Maharashtra,West,Premium,Email
C04132,2025-04-09 00:14:17,58.0,Female,Bhubaneswar,Odisha,East,Premium,Organic
C04133,2025-10-03 22:35:40,40.0,Female,Jaipur,Rajasthan,North,Free,Referral
C04134,2025-05-13 18:02:44,29.0,Male,Delhi,Delhi,North,Free,Referral
C04135,2025-10-16 08:40:19,19.0,Female,Jaipur,Rajasthan,North,Basic,Social Media
C04136,2025-08-03 13:48:44,60.0,Female,Kolkata,West Bengal,East,Basic,Organic
C04137,2025-04-08 00:46:29,38.0,Female,Delhi,Delhi,North,Free,Social Media
C04138,2025-08-21 03:18:09,31.0,Male,Ahmedabad,Gujarat,West,Premium,Paid Ads
C04139,2025-05-05 01:53:49,51.0,Female,Delhi,Delhi,North,Free,Referral
C04140,2025-06-20 06:27:15,32.0,Female,Delhi,Delhi,North,Premium,Referral
C04141,2025-02-25 15:29:31,38.0,Female,Mumbai,Maharashtra,West,Basic,Paid Ads
C04142,2025-02-13 15:13:58,40.0,Female,Kolkata,West Bengal,East,Basic,Social Media
C04143,2025-09-26 15:19:28,38.0,Male,Guwahati,Assam,East,Free,Email
C04144,2025-09-30 07:44:12,31.0,Female,Bengaluru,Karnataka,South,Free,Paid Ads
C04145,2025-10-26 14:23:38,38.0,Female,Hyderabad,Telangana,South,Free,Social Media
C04146,2025-04-14 18:30:26,29.0,Female,Delhi,Delhi,North,Free,Paid Ads
C04147,2025-11-20 12:42:24,59.0,Male,Guwahati,Assam,East,Free,Social Media
C04148,2025-09-13 10:29:05,22.0,Male,Pune,Maharashtra,West,Basic,Paid Ads
C04149,2025-09-09 06:22:16,19.0,Female,Lucknow,Uttar Pradesh,North,Free,Paid Ads
C04150,2025-06-30 18:07:37,39.0,Male,Hyderabad,Telangana,South,Free,Social Media
C04151,2025-06-02 10:31:43,23.0,Female,Kolkata,West Bengal,East,Premium,Paid Ads
C04152,2025-08-15 12:37:32,19.0,Male,Guwahati,Assam,East,Basic,Organic
C04153,2025-09-11 10:23:31,46.0,Female,Lucknow,Uttar Pradesh,North,Free,Email
C04154,2025-07-18 18:32:39,53.0,Female,Mumbai,Maharashtra,West,Basic,Referral
C04155,2025-11-20 12:16:43,24.0,Male,Pune,Maharashtra,West,Premium,Referral
C04156,2025-02-19 03:24:02,33.0,Other,Bhubaneswar,Odisha,East,Premium,Referral
C04157,2025-11-24 10:42:54,50.0,Male,Jaipur,Rajasthan,North,Premium,Email
C04158,2025-03-08 00:53:15,50.0,Male,Hyderabad,Telangana,South,Basic,Organic
C04159,2025-03-11 10:51:55,31.0,Male,Bengaluru,Karnataka,South,Free,Organic
C04160,2025-04-14 09:25:39,60.0,Female,Jaipur,Rajasthan,North,Basic,Paid Ads
C04161,2025-10-02 11:59:13,29.0,Male,Jaipur,Rajasthan,North,Basic,Referral
C04162,2025-08-30 14:05:41,60.0,Male,Bhubaneswar,Odisha,East,Free,Organic
C04163,2025-05-12 18:06:03,23.0,Female,Jaipur,Rajasthan,North,Free,Referral
C04164,2025-06-14 15:23:27,29.0,Male,Mumbai,Maharashtra,West,Free,Organic
C04165,2025-07-27 04:20:40,48.0,Male,Jaipur,Rajasthan,North,Basic,Social Media
C04166,2025-10-22 16:13:47,29.0,Male,Ahmedabad,Gujarat,West,Free,Referral
C04167,2025-06-09 23:17:07,27.0,Male,Ahmedabad,Gujarat,West,Basic,Organic
C04168,2025-11-19 10:54:02,57.0,Male,Kolkata,West Bengal,East,Premium,Organic
C04169,2025-07-18 02:07:17,44.0,Male,Pune,Maharashtra,West,Free,Social Media
C04170,2025-10-13 20:13:39,24.0,Male,Bhubaneswar,Odisha,East,Premium,Social Media
C04171,2025-05-21 07:21:17,53.0,Male,Guwahati,Assam,East,Free,Social Media
C04172,2025-05-08 15:54:09,50.0,Male,Bengaluru,Karnataka,South,Free,Paid Ads
C04173,2025-07-14 05:05:16,,Female,Ahmedabad,Gujarat,West,Free,Email
C04174,2025-09-30 03:07:25,25.0,Female,Delhi,Delhi,North,Free,Referral
C04175,2025-08-18 06:45:57,22.0,Male,Bengaluru,Karnataka,South,Free,Organic
C04176,2025-09-06 00:23:39,25.0,Female,Bengaluru,Karnataka,South,Premium,Paid Ads
C04177,2025-10-17 14:27:50,57.0,Female,Lucknow,Uttar Pradesh,North,Basic,Referral
C04178,2025-05-29 19:46:35,38.0,Female,Bengaluru,Karnataka,South,Premium,Organic
C04179,2025-02-05 01:48:10,41.0,Male,Ahmedabad,Gujarat,West,Basic,Email
C04180,2025-05-29 12:27:18,24.0,Female,Ahmedabad,Gujarat,West,Free,Social Media
C04181,2025-02-14 21:08:28,36.0,Male,Pune,Maharashtra,West,Free,Organic
C04182,2025-04-30 18:59:54,48.0,Female,Lucknow,Uttar Pradesh,North,Basic,Email
C04183,2025-01-16 12:17:43,53.0,Male,Lucknow,Uttar Pradesh,North,Basic,Paid Ads
C04184,2025-10-28 18:56:26,44.0,Male,Pune,Maharashtra,West,Free,Paid Ads
C04185,2025-09-11 19:41:38,46.0,Female,Bhubaneswar,Odisha,East,Premium,Social Media
C04186,2025-01-27 11:48:17,40.0,Female,Jaipur,Rajasthan,North,Basic,Referral
C04187,2025-09-01 01:29:24,37.0,Female,Kolkata,West Bengal,East,Premium,Paid Ads
C04188,2025-05-30 13:55:29,23.0,Male,Delhi,Delhi,North,Basic,Organic
C04189,2025-03-01 13:38:33,29.0,Male,Jaipur,Rajasthan,North,Free,Paid Ads
C04190,2025-05-07 12:56:20,29.0,Female,Delhi,Delhi,North,Basic,Referral
C04191,2025-07-04 06:54:33,20.0,Female,Jaipur,Rajasthan,North,Free,Referral
C04192,2025-01-19 00:21:50,59.0,Female,Bengaluru,Karnataka,South,Basic,Referral
C04193,2025-01-09 09:54:04,56.0,Female,Ahmedabad,Gujarat,West,Free,Referral
C04194,2025-04-06 08:44:21,52.0,Male,Delhi,Delhi,North,Free,Paid Ads
C04195,2025-10-31 00:37:11,36.0,Male,Delhi,Delhi,North,Free,Referral
C04196,2025-11-30 13:19:31,21.0,Male,Guwahati,Assam,East,Free,Organic
C04197,2025-08-07 06:16:50,48.0,Female,Bhubaneswar,Odisha,East,Free,Organic
C04198,2025-03-15 18:53:01,59.0,Female,Mumbai,Maharashtra,West,Premium,Referral
C04199,2025-06-07 06:39:09,55.0,Male,Mumbai,Maharashtra,West,Free,Organic
C04200,2025-08-18 20:56:17,50.0,Male,Lucknow,Uttar Pradesh,North,Free,Organic
C04201,2025-11-15 21:05:32,23.0,Male,Hyderabad,Telangana,South,Basic,Organic
C04202,2025-06-06 23:48:32,25.0,Male,Guwahati,Assam,East,Basic,Organic
C04203,2025-06-05 15:30:57,45.0,Female,Guwahati,Assam,East,Free,Paid Ads
C04204,2025-02-01 11:17:05,32.0,Male,Chennai,Tamil Nadu,South,Basic,Paid Ads
C04205,2025-02-06 15:50:22,48.0,Female,Kolkata,West Bengal,East,Free,Organic
C04206,2025-04-16 04:32:36,25.0,Female,Mumbai,Maharashtra,West,Premium,Organic
C04207,2025-11-10 15:39:52,23.0,Male,Delhi,Delhi,North,Basic,Organic
C04208,2025-04-08 11:17:23,46.0,Male,Delhi,Delhi,North,Free,Paid Ads
C04209,2025-09-03 00:33:10,51.0,Female,Bhubaneswar,Odisha,East,Free,Social Media
C04210,2025-11-30 23:00:26,24.0,Male,Kolkata,West Bengal,East,Basic,Organic
C04211,2025-06-07 17:53:17,57.0,Female,Bhubaneswar,Odisha,East,Free,Referral
C04212,2025-02-09 05:04:18,27.0,Female,Jaipur,Rajasthan,North,Premium,Organic
C04213,2025-10-22 19:39:19,30.0,Male,Lucknow,Uttar Pradesh,North,Free,Organic
C04214,2025-11-25 21:43:30,39.0,Female,Guwahati,Assam,East,Free,Paid Ads
C04215,2025-09-18 06:26:07,38.0,Female,Delhi,Delhi,North,Free,Paid Ads
C04216,2025-11-04 15:32:23,18.0,Male,Chennai,Tamil Nadu,South,Basic,Organic
C04217,2025-06-06 18:50:04,58.0,Other,Guwahati,Assam,East,Free,Organic
C04218,2025-11-06 19:18:09,59.0,Male,Pune,Maharashtra,West,Free,Organic
C04219,2025-03-09 21:08:52,19.0,Female,Lucknow,Uttar Pradesh,North,Premium,Social Media
C04220,2025-07-20 22:15:15,46.0,Female,Pune,Maharashtra,West,Free,Paid Ads
C04221,2025-01-16 07:28:42,28.0,Female,Mumbai,Maharashtra,West,Free,Organic
C04222,2025-02-26 20:43:52,54.0,Male,Delhi,Delhi,North,Free,Social Media
C04223,2025-02-06 07:49:38,24.0,Male,Chennai,Tamil Nadu,South,Premium,Organic
C04224,2025-04-25 18:27:38,52.0,Male,Hyderabad,Telangana,South,Basic,Organic
C04225,2025-11-18 14:27:48,47.0,Female,Lucknow,Uttar Pradesh,North,Basic,Organic
C04226,2025-07-23 15:59:43,33.0,Male,Delhi,Delhi,North,Free,Organic
C04227,2025-05-15 12:27:37,32.0,Female,Mumbai,Maharashtra,West,Basic,Organic
C04228,2025-10-20 14:09:28,57.0,Male,Delhi,Delhi,North,Basic,Email
C04229,2025-01-28 05:48:28,,Male,Ahmedabad,Gujarat,West,Free,Social Media
C04230,2025-01-20 12:30:29,45.0,Male,Guwahati,Assam,East,Free,Paid Ads
C04231,2025-11-13 06:41:51,54.0,Female,Delhi,Delhi,North,Premium,Paid Ads
C04232,2025-04-12 19:32:01,20.0,Female,Jaipur,Rajasthan,North,Free,Paid Ads
C04233,2025-08-11 20:17:20,46.0,Male,Ahmedabad,Gujarat,West,Basic,Paid Ads
C04234,2025-10-05 20:44:27,54.0,Female,Bengaluru,Karnataka,South,Free,Social Media
C04235,2025-04-13 18:43:06,26.0,Male,Bhubaneswar,Odisha,East,Basic,Paid Ads
C04236,2025-05-31 19:18:56,44.0,Female,Ahmedabad,Gujarat,West,Free,Organic
C04237,2025-09-06 03:09:26,49.0,Female,Bhubaneswar,Odisha,East,Free,Organic
C04238,2025-08-03 12:40:45,56.0,Male,Chennai,Tamil Nadu,South,Basic,Email
C04239,2025-05-13 00:49:31,48.0,Male,Lucknow,Uttar Pradesh,North,Premium,Organic
C04240,2025-02-16 20:20:33,43.0,Male,Mumbai,Maharashtra,West,Premium,Email
C04241,2025-09-11 16:17:58,57.0,Male,Jaipur,Rajasthan,North,Free,Referral
C04242,2025-03-28 06:18:08,20.0,Female,Mumbai,Maharashtra,West,Free,Paid Ads
C04243,2025-02-09 14:55:47,28.0,Female,Lucknow,Uttar Pradesh,North,Basic,Organic
C04244,2025-01-21 05:47:21,46.0,Female,Pune,Maharashtra,West,Free,Paid Ads
C04245,2025-02-19 11:16:14,44.0,Female,Pune,Maharashtra,West,Basic,Paid Ads
C04246,2025-05-03 19:06:36,27.0,Male,Chennai,Tamil Nadu,South,Basic,Referral
C04247,2025-02-24 09:48:58,52.0,Male,Pune,Maharashtra,West,Basic,Referral
C04248,2025-07-13 23:41:23,40.0,Female,Bhubaneswar,Odisha,East,Basic,Paid Ads
C04249,2025-02-19 14:51:58,23.0,Female,Lucknow,Uttar Pradesh,North,Free,Paid Ads
C04250,2025-02-18 10:55:48,28.0,Female,Chennai,Tamil Nadu,South,Basic,Social Media
C04251,2025-02-02 23:15:59,60.0,Female,Ahmedabad,Gujarat,West,Free,Email
C04252,2025-08-19 06:21:17,44.0,Male,Kolkata,West Bengal,East,Premium,Email
C04253,2025-07-02 12:13:45,48.0,Male,Ahmedabad,Gujarat,West,Free,Referral
C04254,2025-02-13 05:20:14,47.0,Female,Pune,Maharashtra,West,Free,Organic
C04255,2025-06-16 17:58:22,20.0,Male,Kolkata,West Bengal,East,Premium,Organic
C04256,2025-06-19 10:33:20,30.0,Female,Lucknow,Uttar Pradesh,North,Basic,Paid Ads
C04257,2025-01-31 01:43:50,57.0,Male,Hyderabad,Telangana,South,Premium,Social Media
C04258,2025-09-26 02:49:14,38.0,Male,Ahmedabad,Gujarat,West,Basic,Paid Ads
C04259,2025-01-27 02:17:31,60.0,Male,Pune,Maharashtra,West,Premium,Referral
C04260,2025-08-14 18:22:54,28.0,Female,Pune,Maharashtra,West,Free,Social Media
C04261,2025-07-27 14:03:38,20.0,Female,Guwahati,Assam,East,Free,Organic
C04262,2025-04-24 13:58:38,55.0,Male,Hyderabad,Telangana,South,Basic,Email
C04263,2025-09-18 07:11:24,48.0,Female,Mumbai,Maharashtra,West,Basic,Paid Ads
C04264,2025-07-22 12:04:26,41.0,Female,Pune,Maharashtra,West,Basic,Organic
C04265,2025-01-28 11:15:56,59.0,Male,Jaipur,Rajasthan,North,Basic,Social Media
C04266,2025-11-29 19:36:49,29.0,Male,Mumbai,Maharashtra,West,Premium,Email
C04267,2025-05-16 04:10:15,60.0,Male,Lucknow,Uttar Pradesh,North,Free,Social Media
C04268,2025-03-26 14:26:38,44.0,Male,Guwahati,Assam,East,Basic,Social Media
C04269,2025-02-01 01:50:00,38.0,Female,Bengaluru,Karnataka,South,Free,Social Media
C04270,2025-04-22 11:41:09,42.0,Male,Hyderabad,Telangana,South,Free,Paid Ads
C04271,2025-03-21 22:09:14,47.0,Male,Lucknow,Uttar Pradesh,North,Free,Referral
C04272,2025-03-04 18:20:16,47.0,Male,Bengaluru,Karnataka,South,Premium,Organic
C04273,2025-09-15 08:47:57,27.0,Male,Kolkata,West Bengal,East,Basic,Organic
C04274,2025-09-18 13:17:26,20.0,Other,Mumbai,Maharashtra,West,Premium,Referral
C04275,2025-08-19 11:33:27,30.0,Male,Lucknow,Uttar Pradesh,North,Free,Social Media
C04276,2025-05-22 09:51:46,44.0,Female,Delhi,Delhi,North,Free,Paid Ads
C04277,2025-11-19 02:55:52,35.0,Male,Ahmedabad,Gujarat,West,Free,Paid Ads
C04278,2025-10-24 12:24:35,41.0,Female,Pune,Maharashtra,West,Free,Email
C04279,2025-02-18 16:19:47,31.0,Female,Bhubaneswar,Odisha,East,Free,Paid Ads
C04280,2025-02-04 22:13:38,56.0,Male,Mumbai,Maharashtra,West,Free,Email
C04281,2025-10-29 12:54:47,21.0,Female,Guwahati,Assam,East,Free,Social Media
C04282,2025-11-08 17:06:48,33.0,Male,Lucknow,Uttar Pradesh,North,Free,Referral
C04283,2025-08-10 01:49:36,27.0,Male,Guwahati,Assam,East,Free,Organic
C04284,2025-06-01 06:46:41,54.0,Male,Kolkata,West Bengal,East,Premium,Organic
C04285,2025-04-03 22:49:04,44.0,Male,Lucknow,Uttar Pradesh,North,Basic,Paid Ads
C04286,2025-05-24 21:29:17,18.0,Male,Lucknow,Uttar Pradesh,North,Premium,Referral
C04287,2025-06-16 12:05:55,22.0,Male,Hyderabad,Telangana,South,Basic,Paid Ads
C04288,2025-06-26 12:01:13,30.0,Male,Jaipur,Rajasthan,North,Free,Social Media
C04289,2025-07-07 03:26:46,20.0,Female,Ahmedabad,Gujarat,West,Basic,Referral
C04290,2025-04-11 20:38:37,34.0,Male,Chennai,Tamil Nadu,South,Basic,Paid Ads
C04291,2025-06-03 02:20:54,36.0,Male,Lucknow,Uttar Pradesh,North,Free,Social Media
C04292,2025-06-07 15:00:27,54.0,Female,Guwahati,Assam,East,Premium,Paid Ads
C04293,2025-05-10 10:56:21,22.0,Male,Lucknow,Uttar Pradesh,North,Free,Organic
C04294,2025-08-27 15:04:28,59.0,Male,Chennai,Tamil Nadu,South,Free,Organic
C04295,2025-10-06 22:14:50,41.0,Male,Ahmedabad,Gujarat,West,Basic,Organic
C04296,2025-07-21 04:46:39,60.0,Female,Mumbai,Maharashtra,West,Basic,Social Media
C04297,2025-11-06 04:59:16,50.0,Male,Guwahati,Assam,East,Basic,Referral
C04298,2025-11-25 23:52:42,38.0,Female,Bhubaneswar,Odisha,East,Free,Referral
C04299,2025-02-26 15:37:07,20.0,Male,Pune,Maharashtra,West,Free,Referral
C04300,2025-11-17 22:03:39,21.0,Male,Delhi,Delhi,North,Free,Referral
C04301,2025-07-15 12:09:03,49.0,Male,Kolkata,West Bengal,East,Premium,Referral
C04302,2025-07-30 07:36:39,41.0,Other,Bengaluru,Karnataka,South,Premium,Social Media
C04303,2025-10-04 01:31:50,52.0,Female,Jaipur,Rajasthan,North,Basic,Paid Ads
C04304,2025-02-11 11:00:58,35.0,Male,Lucknow,Uttar Pradesh,North,Free,Social Media
C04305,2025-08-12 22:03:22,20.0,Male,Hyderabad,Telangana,South,Free,Social Media
C04306,2025-11-02 23:48:09,56.0,Female,Kolkata,West Bengal,East,Free,Organic
C04307,2025-03-30 01:13:52,43.0,Male,Mumbai,Maharashtra,West,Free,Paid Ads
C04308,2025-08-31 18:22:13,41.0,Female,Lucknow,Uttar Pradesh,North,Free,Social Media
C04309,2025-09-19 00:17:49,18.0,Female,Bengaluru,Karnataka,South,Basic,Social Media
C04310,2025-11-20 10:51:13,51.0,Male,Hyderabad,Telangana,South,Free,Organic
C04311,2025-09-18 06:43:00,29.0,Male,Ahmedabad,Gujarat,West,Basic,Organic
C04312,2025-05-30 02:30:31,34.0,Female,Hyderabad,Telangana,South,Free,Paid Ads
C04313,2025-08-10 10:59:33,38.0,Female,Guwahati,Assam,East,Free,Organic
C04314,2025-01-13 05:19:22,38.0,Female,Chennai,Tamil Nadu,South,Basic,Organic
C04315,2025-07-27 11:27:16,20.0,Male,Hyderabad,Telangana,South,Basic,Organic
C04316,2025-06-20 14:13:34,45.0,Female,Kolkata,West Bengal,East,Basic,Organic
C04317,2025-05-12 22:10:45,42.0,Male,Delhi,Delhi,North,Basic,Paid Ads
C04318,2025-09-18 13:24:32,23.0,Male,Kolkata,West Bengal,East,Premium,Social Media
C04319,2025-09-14 18:53:59,59.0,Female,Mumbai,Maharashtra,West,Free,Organic
C04320,2025-02-02 10:25:22,47.0,Female,Jaipur,Rajasthan,North,Free,Referral
C04321,2025-04-01 05:58:28,49.0,Male,Lucknow,Uttar Pradesh,North,Basic,Referral
C04322,2025-02-20 05:08:34,39.0,Female,Hyderabad,Telangana,South,Premium,Social Media
C04323,2025-09-14 08:40:45,55.0,Female,Delhi,Delhi,North,Basic,Paid Ads
C04324,2025-04-22 07:00:25,31.0,Male,Mumbai,Maharashtra,West,Free,Organic
C04325,2025-06-09 11:16:46,51.0,Female,Bengaluru,Karnataka,South,Free,Email
C04326,2025-10-13 12:52:28,60.0,Female,Hyderabad,Telangana,South,Free,Social Media
C04327,2025-10-08 03:56:46,43.0,Female,Bhubaneswar,Odisha,East,Free,Referral
C04328,2025-07-18 02:19:01,57.0,Female,Chennai,Tamil Nadu,South,Basic,Organic
C04329,2025-03-11 22:52:20,30.0,Male,Bhubaneswar,Odisha,East,Free,Organic
C04330,2025-05-20 20:25:10,47.0,Female,Chennai,Tamil Nadu,South,Free,Organic
C04331,2025-11-24 04:20:25,36.0,Male,Mumbai,Maharashtra,West,Free,Organic
C04332,2025-09-23 09:34:22,59.0,Male,Guwahati,Assam,East,Free,Organic
C04333,2025-09-09 19:38:18,58.0,Female,Mumbai,Maharashtra,West,Free,Organic
C04334,2025-10-10 14:57:38,,Female,Jaipur,Rajasthan,North,Free,Paid Ads
C04335,2025-09-29 01:18:04,20.0,Male,Mumbai,Maharashtra,West,Basic,Social Media
C04336,2025-05-21 02:33:01,48.0,Male,Bhubaneswar,Odisha,East,Basic,Referral
C04337,2025-02-14 23:27:29,29.0,Female,Lucknow,Uttar Pradesh,North,Free,Organic
C04338,2025-11-02 19:46:43,32.0,Male,Chennai,Tamil Nadu,South,Free,Email
C04339,2025-07-04 12:52:50,55.0,Male,Mumbai,Maharashtra,West,Premium,Social Media
C04340,2025-11-24 20:54:06,57.0,Male,Guwahati,Assam,East,Free,Organic
C04341,2025-02-23 08:18:11,31.0,Female,Pune,Maharashtra,West,Basic,Organic
C04342,2025-02-21 23:28:54,52.0,Male,Bhubaneswar,Odisha,East,Free,Organic
C04343,2025-10-21 19:28:52,33.0,Female,Hyderabad,Telangana,South,Free,Social Media
C04344,2025-10-26 01:15:47,41.0,Female,Bengaluru,Karnataka,South,Free,Organic
C04345,2025-06-21 10:14:21,34.0,Female,Lucknow,Uttar Pradesh,North,Free,Organic
C04346,2025-08-08 00:26:22,35.0,Male,Mumbai,Maharashtra,West,Free,Paid Ads
C04347,2025-01-08 11:50:29,59.0,Male,Chennai,Tamil Nadu,South,Basic,Referral
C04348,2025-02-19 06:24:27,34.0,Male,Jaipur,Rajasthan,North,Free,Paid Ads
C04349,2025-08-07 03:25:17,33.0,Male,Hyderabad,Telangana,South,Premium,Paid Ads
C04350,2025-11-13 01:02:18,38.0,Female,Jaipur,Rajasthan,North,Basic,Organic
C04351,2025-01-03 20:42:44,41.0,Male,Hyderabad,Telangana,South,Basic,Paid Ads
C04352,2025-06-03 04:11:23,51.0,Female,Jaipur,Rajasthan,North,Basic,Paid Ads
C04353,2025-02-24 16:49:42,53.0,Female,Pune,Maharashtra,West,Free,Paid Ads
C04354,2025-01-05 16:35:50,60.0,Male,Bengaluru,Karnataka,South,Basic,Paid Ads
C04355,2025-07-18 17:17:31,44.0,Male,Lucknow,Uttar Pradesh,North,Premium,Organic
C04356,2025-09-10 02:53:02,56.0,Female,Lucknow,Uttar Pradesh,North,Free,Organic
C04357,2025-07-27 05:47:09,34.0,Female,Bhubaneswar,Odisha,East,Free,Organic
C04358,2025-08-20 18:52:21,42.0,Other,Delhi,Delhi,North,Free,Organic
C04359,2025-07-05 09:23:43,,Male,Delhi,Delhi,North,Basic,Organic
C04360,2025-04-16 10:29:48,59.0,Female,Guwahati,Assam,East,Free,Organic
C04361,2025-07-29 19:04:30,38.0,Male,Guwahati,Assam,East,Free,Paid Ads
C04362,2025-04-27 06:27:46,21.0,Male,Jaipur,Rajasthan,North,Basic,Organic
C04363,2025-08-15 08:49:31,42.0,Male,Hyderabad,Telangana,South,Free,Email
C04364,2025-01-10 03:33:24,47.0,Male,Jaipur,Rajasthan,North,Basic,Social Media
C04365,2025-08-08 04:55:04,50.0,Female,Kolkata,West Bengal,East,Free,Paid Ads
C04366,2025-07-12 04:59:35,56.0,Male,Lucknow,Uttar Pradesh,North,Free,Paid Ads
C04367,2025-11-11 22:38:39,43.0,Female,Kolkata,West Bengal,East,Free,Email
C04368,2025-02-21 22:06:07,42.0,Female,Mumbai,Maharashtra,West,Basic,Paid Ads
C04369,2025-05-06 13:58:41,33.0,Female,Bhubaneswar,Odisha,East,Premium,Social Media
C04370,2025-06-01 02:40:42,41.0,Male,Kolkata,West Bengal,East,Free,Social Media
C04371,2025-02-10 07:42:16,22.0,Female,Bhubaneswar,Odisha,East,Free,Email
C04372,2025-09-04 01:06:36,59.0,Male,Pune,Maharashtra,West,Premium,Paid Ads
C04373,2025-06-03 10:12:25,56.0,Female,Kolkata,West Bengal,East,Basic,Organic
C04374,2025-10-20 03:35:33,30.0,Female,Mumbai,Maharashtra,West,Free,Organic
C04375,2025-02-21 10:02:55,47.0,Male,Jaipur,Rajasthan,North,Basic,Referral
C04376,2025-06-07 20:06:48,24.0,Male,Pune,Maharashtra,West,Premium,Paid Ads
C04377,2025-04-18 12:48:03,34.0,Female,Mumbai,Maharashtra,West,Free,Organic
C04378,2025-01-25 20:58:12,44.0,Female,Chennai,Tamil Nadu,South,Free,Organic
C04379,2025-06-02 12:49:22,52.0,Male,Bhubaneswar,Odisha,East,Free,Referral
C04380,2025-03-04 23:47:44,22.0,Female,Ahmedabad,Gujarat,West,Basic,Paid Ads
C04381,2025-05-04 07:40:51,59.0,Male,Guwahati,Assam,East,Free,Referral
C04382,2025-02-24 06:35:23,22.0,Female,Guwahati,Assam,East,Basic,Referral
C04383,2025-06-02 16:27:13,41.0,Male,Lucknow,Uttar Pradesh,North,Basic,Paid Ads
C04384,2025-08-06 03:04:43,24.0,Female,Lucknow,Uttar Pradesh,North,Basic,Organic
C04385,2025-11-27 22:11:42,24.0,Female,Chennai,Tamil Nadu,South,Free,Social Media
C04386,2025-08-05 11:28:15,31.0,Female,Jaipur,Rajasthan,North,Premium,Organic
C04387,2025-04-30 10:19:45,32.0,Female,Hyderabad,Telangana,South,Free,Social Media
C04388,2025-05-23 17:25:04,22.0,Male,Kolkata,West Bengal,East,Free,Social Media
C04389,2025-11-28 22:50:33,54.0,Male,Guwahati,Assam,East,Premium,Referral
C04390,2025-11-20 05:01:47,21.0,Male,Kolkata,West Bengal,East,Premium,Referral
C04391,2025-07-11 19:14:09,47.0,Male,Bhubaneswar,Odisha,East,Free,Paid Ads
C04392,2025-07-19 14:24:35,37.0,Male,Delhi,Delhi,North,Free,Social Media
C04393,2025-02-27 14:23:01,43.0,Female,Jaipur,Rajasthan,North,Free,Organic
C04394,2025-03-01 11:05:32,26.0,Female,Kolkata,West Bengal,East,Premium,Referral
C04395,2025-11-22 15:51:50,47.0,Male,Chennai,Tamil Nadu,South,Premium,Organic
C04396,2025-09-22 21:00:22,39.0,Male,Chennai,Tamil Nadu,South,Free,Email
C04397,2025-06-16 18:37:42,,Male,Ahmedabad,Gujarat,West,Basic,Email
C04398,2025-04-18 05:59:10,58.0,Female,Bhubaneswar,Odisha,East,Basic,Referral
C04399,2025-01-07 16:57:23,47.0,Female,Guwahati,Assam,East,Free,Paid Ads
C04400,2025-11-01 21:28:11,37.0,Male,Guwahati,Assam,East,Basic,Organic
C04401,2025-02-26 06:12:52,45.0,Female,Guwahati,Assam,East,Free,Paid Ads
C04402,2025-02-01 05:44:13,,Male,Delhi,Delhi,North,Basic,Social Media
C04403,2025-04-19 12:23:43,21.0,Male,Mumbai,Maharashtra,West,Free,Referral
C04404,2025-07-21 10:04:27,45.0,Male,Pune,Maharashtra,West,Basic,Paid Ads
C04405,2025-07-05 20:54:42,52.0,Female,Hyderabad,Telangana,South,Free,Social Media
C04406,2025-04-07 11:44:48,50.0,Male,Lucknow,Uttar Pradesh,North,Free,Paid Ads
C04407,2025-04-10 17:44:29,24.0,Male,Chennai,Tamil Nadu,South,Free,Social Media
C04408,2025-01-07 06:33:59,26.0,Male,Guwahati,Assam,East,Basic,Paid Ads
C04409,2025-10-17 12:34:01,51.0,Male,Pune,Maharashtra,West,Free,Organic
C04410,2025-05-04 16:46:18,56.0,Female,Lucknow,Uttar Pradesh,North,Basic,Social Media
C04411,2025-07-29 17:25:26,59.0,Male,Kolkata,West Bengal,East,Free,Social Media
C04412,2025-08-11 15:48:45,51.0,Female,Bhubaneswar,Odisha,East,Basic,Paid Ads
C04413,2025-05-03 14:54:32,30.0,Male,Jaipur,Rajasthan,North,Free,Paid Ads
C04414,2025-10-12 20:42:53,46.0,Male,Delhi,Delhi,North,Free,Social Media
C04415,2025-07-12 20:22:17,52.0,Male,Pune,Maharashtra,West,Free,Email
C04416,2025-10-19 23:17:07,27.0,Male,Mumbai,Maharashtra,West,Free,Email
C04417,2025-10-28 16:25:15,47.0,Male,Ahmedabad,Gujarat,West,Basic,Paid Ads
C04418,2025-08-30 10:48:46,43.0,Male,Kolkata,West Bengal,East,Basic,Referral
C04419,2025-03-08 03:55:55,52.0,Female,Mumbai,Maharashtra,West,Free,Social Media
C04420,2025-01-08 12:37:08,45.0,Female,Bhubaneswar,Odisha,East,Basic,Paid Ads
C04421,2025-10-28 16:29:16,46.0,Female,Guwahati,Assam,East,Free,Paid Ads
C04422,2025-06-13 08:38:46,23.0,Male,Bengaluru,Karnataka,South,Free,Referral
C04423,2025-03-10 23:42:04,20.0,Male,Lucknow,Uttar Pradesh,North,Basic,Paid Ads
C04424,2025-07-19 10:13:28,46.0,Male,Delhi,Delhi,North,Free,Organic
C04425,2025-01-12 01:58:47,19.0,Female,Pune,Maharashtra,West,Basic,Organic
C04426,2025-02-16 20:51:50,39.0,Other,Mumbai,Maharashtra,West,Premium,Referral
C04427,2025-04-13 04:38:53,44.0,Female,Kolkata,West Bengal,East,Free,Paid Ads
C04428,2025-04-25 15:55:53,39.0,Male,Guwahati,Assam,East,Basic,Email
C04429,2025-09-16 12:39:24,27.0,Male,Kolkata,West Bengal,East,Premium,Organic
C04430,2025-11-07 15:57:25,36.0,Male,Chennai,Tamil Nadu,South,Free,Paid Ads
C04431,2025-04-15 03:25:45,41.0,Male,Jaipur,Rajasthan,North,Free,Email
C04432,2025-10-01 14:05:34,44.0,Male,Delhi,Delhi,North,Free,Referral
C04433,2025-11-14 14:22:06,,Male,Mumbai,Maharashtra,West,Basic,Paid Ads
C04434,2025-10-28 23:53:44,60.0,Male,Hyderabad,Telangana,South,Basic,Social Media
C04435,2025-11-30 01:59:50,34.0,Male,Guwahati,Assam,East,Basic,Social Media
C04436,2025-06-17 10:27:44,27.0,Male,Pune,Maharashtra,West,Basic,Referral
C04437,2025-05-02 07:40:56,34.0,Female,Ahmedabad,Gujarat,West,Basic,Email
C04438,2025-03-13 12:13:54,27.0,Male,Bengaluru,Karnataka,South,Free,Organic
C04439,2025-01-06 18:35:09,27.0,Male,Chennai,Tamil Nadu,South,Premium,Paid Ads
C04440,2025-08-15 06:25:12,55.0,Female,Ahmedabad,Gujarat,West,Free,Social Media
C04441,2025-08-19 13:24:03,34.0,Female,Chennai,Tamil Nadu,South,Free,Paid Ads
C04442,2025-11-30 21:13:34,43.0,Male,Bengaluru,Karnataka,South,Premium,Email
C04443,2025-08-27 13:54:32,43.0,Female,Guwahati,Assam,East,Premium,Organic
C04444,2025-07-01 04:50:04,51.0,Male,Mumbai,Maharashtra,West,Basic,Paid Ads
C04445,2025-03-15 17:12:14,21.0,Male,Mumbai,Maharashtra,West,Free,Paid Ads
C04446,2025-01-16 18:00:55,44.0,Male,Chennai,Tamil Nadu,South,Basic,Referral
C04447,2025-08-30 11:24:15,38.0,Male,Bhubaneswar,Odisha,East,Basic,Organic
C04448,2025-09-13 03:40:54,53.0,Female,Chennai,Tamil Nadu,South,Basic,Organic
C04449,2025-02-19 08:58:11,55.0,Male,Ahmedabad,Gujarat,West,Premium,Email
C04450,2025-08-31 07:59:20,48.0,Male,Lucknow,Uttar Pradesh,North,Free,Email
C04451,2025-03-02 03:26:08,24.0,Female,Pune,Maharashtra,West,Basic,Paid Ads
C04452,2025-02-19 05:33:41,51.0,Male,Lucknow,Uttar Pradesh,North,Basic,Paid Ads
C04453,2025-03-26 19:17:45,35.0,Female,Hyderabad,Telangana,South,Free,Paid Ads
C04454,2025-10-05 04:35:30,41.0,Male,Chennai,Tamil Nadu,South,Free,Social Media
C04455,2025-04-16 04:15:43,30.0,Male,Bengaluru,Karnataka,South,Free,Referral
C04456,2025-07-09 10:14:26,30.0,Male,Guwahati,Assam,East,Basic,Social Media
C04457,2025-04-26 01:50:34,42.0,Female,Lucknow,Uttar Pradesh,North,Free,Email
C04458,2025-08-06 19:11:52,22.0,Female,Kolkata,West Bengal,East,Free,Referral
C04459,2025-09-21 06:16:53,56.0,Male,Mumbai,Maharashtra,West,Free,Organic
C04460,2025-08-26 20:09:18,46.0,Male,Delhi,Delhi,North,Free,Paid Ads
C04461,2025-08-07 13:11:46,50.0,Female,Pune,Maharashtra,West,Free,Social Media
C04462,2025-10-22 08:00:45,41.0,Female,Delhi,Delhi,North,Free,Referral
C04463,2025-09-09 05:19:11,27.0,Female,Chennai,Tamil Nadu,South,Premium,Email
C04464,2025-08-10 23:28:55,42.0,Female,Kolkata,West Bengal,East,Free,Email
C04465,2025-10-30 18:12:46,,Female,Delhi,Delhi,North,Basic,Paid Ads
C04466,2025-09-22 07:16:04,27.0,Male,Pune,Maharashtra,West,Basic,Paid Ads
C04467,2025-05-03 21:13:20,56.0,Female,Bhubaneswar,Odisha,East,Basic,Referral
C04468,2025-10-28 16:08:15,33.0,Male,Kolkata,West Bengal,East,Free,Organic
C04469,2025-11-07 20:03:45,45.0,Female,Bengaluru,Karnataka,South,Premium,Paid Ads
C04470,2025-03-22 04:20:46,29.0,Male,Bengaluru,Karnataka,South,Free,Organic
C04471,2025-09-10 23:56:43,49.0,Female,Hyderabad,Telangana,South,Free,Social Media
C04472,2025-05-01 16:36:26,46.0,Female,Bengaluru,Karnataka,South,Free,Email
C04473,2025-08-15 08:27:49,44.0,Female,Bhubaneswar,Odisha,East,Free,Organic
C04474,2025-09-29 06:52:10,43.0,Female,Ahmedabad,Gujarat,West,Free,Referral
C04475,2025-09-28 18:37:58,20.0,Female,Jaipur,Rajasthan,North,Free,Referral
C04476,2025-03-10 08:15:44,43.0,Female,Ahmedabad,Gujarat,West,Free,Social Media
C04477,2025-05-22 02:33:03,56.0,Male,Ahmedabad,Gujarat,West,Basic,Referral
C04478,2025-03-11 22:08:07,18.0,Male,Pune,Maharashtra,West,Premium,Organic
C04479,2025-04-26 02:32:27,52.0,Female,Lucknow,Uttar Pradesh,North,Free,Organic
C04480,2025-08-08 10:29:12,44.0,Female,Jaipur,Rajasthan,North,Free,Organic
C04481,2025-04-22 06:42:59,21.0,Male,Kolkata,West Bengal,East,Basic,Email
C04482,2025-04-03 10:00:11,36.0,Female,Ahmedabad,Gujarat,West,Basic,Paid Ads
C04483,2025-05-21 03:36:46,39.0,Male,Jaipur,Rajasthan,North,Free,Email
C04484,2025-09-16 04:09:26,23.0,Male,Lucknow,Uttar Pradesh,North,Basic,Paid Ads
C04485,2025-03-16 03:02:53,26.0,Female,Bhubaneswar,Odisha,East,Premium,Referral
C04486,2025-10-04 06:07:17,28.0,Female,Delhi,Delhi,North,Basic,Social Media
C04487,2025-01-28 12:03:58,39.0,Female,Kolkata,West Bengal,East,Free,Social Media
C04488,2025-06-19 10:50:16,26.0,Female,Ahmedabad,Gujarat,West,Free,Organic
C04489,2025-08-06 04:42:23,,Male,Hyderabad,Telangana,South,Basic,Organic
C04490,2025-07-08 23:22:05,60.0,Male,Jaipur,Rajasthan,North,Free,Organic
C04491,2025-10-08 22:32:33,27.0,Female,Pune,Maharashtra,West,Free,Social Media
C04492,2025-09-06 18:40:14,51.0,Female,Lucknow,Uttar Pradesh,North,Free,Social Media
C04493,2025-02-21 00:32:46,48.0,Male,Jaipur,Rajasthan,North,Free,Organic
C04494,2025-10-30 21:14:46,39.0,Female,Chennai,Tamil Nadu,South,Free,Organic
C04495,2025-11-21 21:28:58,21.0,Female,Jaipur,Rajasthan,North,Premium,Paid Ads
C04496,2025-05-15 01:03:16,19.0,Female,Lucknow,Uttar Pradesh,North,Premium,Referral
C04497,2025-09-13 19:16:28,22.0,Female,Mumbai,Maharashtra,West,Basic,Paid Ads
C04498,2025-10-03 09:19:50,32.0,Male,Kolkata,West Bengal,East,Free,Email
C04499,2025-03-15 07:02:40,36.0,Male,Pune,Maharashtra,West,Free,Social Media
C04500,2025-05-02 09:26:34,55.0,Female,Ahmedabad,Gujarat,West,Basic,Organic
C04501,2025-11-20 21:12:26,32.0,Female,Jaipur,Rajasthan,North,Basic,Organic
C04502,2025-02-27 04:52:25,25.0,Male,Delhi,Delhi,North,Basic,Paid Ads
C04503,2025-07-17 07:10:48,37.0,Female,Pune,Maharashtra,West,Free,Paid Ads
C04504,2025-06-22 06:54:24,29.0,Female,Kolkata,West Bengal,East,Basic,Social Media
C04505,2025-10-07 12:45:01,21.0,Male,Ahmedabad,Gujarat,West,Premium,Paid Ads
C04506,2025-08-18 00:30:28,55.0,Female,Pune,Maharashtra,West,Free,Paid Ads
C04507,2025-03-15 03:07:41,60.0,Male,Lucknow,Uttar Pradesh,North,Free,Paid Ads
C04508,2025-04-17 00:51:19,56.0,Male,Bhubaneswar,Odisha,East,Basic,Organic
C04509,2025-01-04 14:39:28,53.0,Female,Jaipur,Rajasthan,North,Basic,Paid Ads
C04510,2025-09-04 15:49:26,32.0,Male,Chennai,Tamil Nadu,South,Free,Social Media
C04511,2025-03-19 23:44:06,18.0,Male,Bhubaneswar,Odisha,East,Premium,Social Media
C04512,2025-02-23 19:10:32,48.0,Female,Pune,Maharashtra,West,Free,Organic
C04513,2025-03-22 17:48:37,26.0,Female,Guwahati,Assam,East,Premium,Referral
C04514,2025-08-14 03:52:03,40.0,Female,Lucknow,Uttar Pradesh,North,Free,Referral
C04515,2025-05-19 02:17:26,43.0,Male,Delhi,Delhi,North,Free,Social Media
C04516,2025-01-25 07:36:38,57.0,Male,Pune,Maharashtra,West,Basic,Referral
C04517,2025-04-08 19:49:39,56.0,Female,Delhi,Delhi,North,Premium,Social Media
C04518,2025-08-04 14:05:05,35.0,Male,Hyderabad,Telangana,South,Premium,Organic
C04519,2025-09-26 10:39:40,50.0,Female,Kolkata,West Bengal,East,Free,Paid Ads
C04520,2025-09-19 10:02:18,58.0,Male,Guwahati,Assam,East,Basic,Social Media
C04521,2025-03-26 18:43:25,56.0,Male,Chennai,Tamil Nadu,South,Free,Social Media
C04522,2025-11-14 01:00:23,31.0,Male,Delhi,Delhi,North,Free,Organic
C04523,2025-08-18 17:28:20,18.0,Male,Bengaluru,Karnataka,South,Free,Referral
C04524,2025-02-18 03:16:29,30.0,Female,Delhi,Delhi,North,Free,Organic
C04525,2025-11-09 07:17:40,32.0,Other,Bengaluru,Karnataka,South,Premium,Social Media
C04526,2025-04-26 09:18:40,54.0,Male,Pune,Maharashtra,West,Free,Social Media
C04527,2025-03-02 23:57:46,22.0,Female,Lucknow,Uttar Pradesh,North,Basic,Organic
C04528,2025-02-14 09:07:04,31.0,Female,Hyderabad,Telangana,South,Basic,Referral
C04529,2025-03-22 02:22:18,31.0,Male,Jaipur,Rajasthan,North,Free,Paid Ads
C04530,2025-04-18 23:39:25,22.0,Male,Guwahati,Assam,East,Premium,Organic
C04531,2025-11-22 01:08:41,28.0,Male,Mumbai,Maharashtra,West,Free,Email
C04532,2025-05-01 12:19:38,49.0,Female,Bhubaneswar,Odisha,East,Premium,Organic
C04533,2025-07-28 00:40:55,22.0,Female,Ahmedabad,Gujarat,West,Premium,Paid Ads
C04534,2025-05-25 22:13:24,53.0,Female,Pune,Maharashtra,West,Premium,Referral
C04535,2025-10-08 00:45:29,32.0,Female,Jaipur,Rajasthan,North,Basic,Social Media
C04536,2025-09-17 21:28:05,24.0,Female,Lucknow,Uttar Pradesh,North,Free,Organic
C04537,2025-03-06 04:15:23,22.0,Female,Ahmedabad,Gujarat,West,Free,Referral
C04538,2025-09-19 23:23:21,47.0,Female,Jaipur,Rajasthan,North,Basic,Organic
C04539,2025-07-13 19:51:06,32.0,Male,Bhubaneswar,Odisha,East,Free,Social Media
C04540,2025-02-15 16:25:35,47.0,Male,Guwahati,Assam,East,Premium,Organic
C04541,2025-07-17 00:23:21,31.0,Female,Bhubaneswar,Odisha,East,Basic,Social Media
C04542,2025-11-25 12:39:59,41.0,Female,Lucknow,Uttar Pradesh,North,Free,Referral
C04543,2025-01-02 06:38:15,41.0,Male,Bhubaneswar,Odisha,East,Free,Organic
C04544,2025-07-06 10:57:09,52.0,Female,Pune,Maharashtra,West,Free,Organic
C04545,2025-05-23 17:47:53,22.0,Female,Pune,Maharashtra,West,Basic,Organic
C04546,2025-06-26 13:13:17,29.0,Female,Hyderabad,Telangana,South,Free,Email
C04547,2025-09-05 06:25:55,37.0,Male,Kolkata,West Bengal,East,Basic,Paid Ads
C04548,2025-07-05 10:15:30,22.0,Female,Lucknow,Uttar Pradesh,North,Basic,Email
C04549,2025-05-23 00:27:50,53.0,Male,Jaipur,Rajasthan,North,Free,Organic
C04550,2025-10-06 05:41:53,,Male,Bengaluru,Karnataka,South,Basic,Organic
C04551,2025-09-16 09:48:54,56.0,Female,Bengaluru,Karnataka,South,Basic,Email
C04552,2025-02-28 12:32:12,20.0,Female,Bhubaneswar,Odisha,East,Free,Social Media
C04553,2025-10-23 21:14:33,46.0,Male,Guwahati,Assam,East,Premium,Social Media
C04554,2025-11-06 20:53:28,42.0,Female,Bengaluru,Karnataka,South,Free,Email
C04555,2025-09-20 22:07:40,44.0,Male,Mumbai,Maharashtra,West,Free,Email
C04556,2025-05-02 14:37:34,53.0,Female,Lucknow,Uttar Pradesh,North,Premium,Organic
C04557,2025-09-13 20:06:36,39.0,Female,Lucknow,Uttar Pradesh,North,Free,Organic
C04558,2025-02-20 20:57:52,55.0,Male,Delhi,Delhi,North,Free,Organic
C04559,2025-04-18 03:25:59,52.0,Male,Hyderabad,Telangana,South,Basic,Social Media
C04560,2025-04-18 03:08:56,18.0,Female,Bengaluru,Karnataka,South,Basic,Paid Ads
C04561,2025-01-08 15:16:24,20.0,Male,Jaipur,Rajasthan,North,Free,Referral
C04562,2025-09-01 04:42:15,41.0,Male,Ahmedabad,Gujarat,West,Free,Social Media
C04563,2025-09-13 04:09:19,25.0,Male,Bengaluru,Karnataka,South,Free,Referral
C04564,2025-04-04 20:11:31,56.0,Male,Guwahati,Assam,East,Basic,Organic
C04565,2025-07-02 09:15:09,35.0,Female,Guwahati,Assam,East,Basic,Paid Ads
C04566,2025-02-01 12:49:01,58.0,Male,Bengaluru,Karnataka,South,Basic,Organic
C04567,2025-02-12 09:54:14,20.0,Female,Pune,Maharashtra,West,Basic,Paid Ads
C04568,2025-07-09 21:33:04,35.0,Male,Kolkata,West Bengal,East,Free,Organic
C04569,2025-04-24 07:06:14,33.0,Female,Guwahati,Assam,East,Free,Organic
C04570,2025-09-08 02:20:21,49.0,Female,Bengaluru,Karnataka,South,Free,Social Media
C04571,2025-04-13 15:49:24,18.0,Male,Ahmedabad,Gujarat,West,Free,Email
C04572,2025-09-02 02:02:56,43.0,Other,Delhi,Delhi,North,Basic,Email
C04573,2025-10-21 04:41:11,29.0,Male,Bhubaneswar,Odisha,East,Basic,Organic
C04574,2025-02-17 15:51:21,55.0,Female,Jaipur,Rajasthan,North,Free,Social Media
C04575,2025-10-26 01:53:04,38.0,Other,Chennai,Tamil Nadu,South,Premium,Referral
C04576,2025-04-19 12:17:19,58.0,Female,Pune,Maharashtra,West,Free,Social Media
C04577,2025-04-20 19:53:02,30.0,Female,Mumbai,Maharashtra,West,Free,Social Media
C04578,2025-07-13 21:02:36,29.0,Male,Bhubaneswar,Odisha,East,Free,Email
C04579,2025-08-28 11:30:15,30.0,Male,Bengaluru,Karnataka,South,Basic,Organic
C04580,2025-08-09 13:51:43,35.0,Male,Lucknow,Uttar Pradesh,North,Free,Social Media
C04581,2025-10-19 23:08:39,36.0,Other,Hyderabad,Telangana,South,Premium,Social Media
C04582,2025-09-12 05:09:49,36.0,Other,Ahmedabad,Gujarat,West,Free,Organic
C04583,2025-11-25 01:27:26,23.0,Male,Chennai,Tamil Nadu,South,Premium,Paid Ads
C04584,2025-06-26 05:32:22,24.0,Male,Chennai,Tamil Nadu,South,Free,Organic
C04585,2025-04-25 06:29:40,24.0,Male,Jaipur,Rajasthan,North,Basic,Email
C04586,2025-03-27 19:14:22,45.0,Male,Hyderabad,Telangana,South,Premium,Social Media
C04587,2025-08-04 12:28:17,45.0,Male,Ahmedabad,Gujarat,West,Free,Referral
C04588,2025-05-28 14:16:23,36.0,Female,Guwahati,Assam,East,Free,Paid Ads
C04589,2025-09-16 06:27:07,33.0,Female,Lucknow,Uttar Pradesh,North,Free,Organic
C04590,2025-08-12 19:31:38,34.0,Female,Delhi,Delhi,North,Premium,Social Media
C04591,2025-10-04 08:57:37,39.0,Female,Delhi,Delhi,North,Basic,Organic
C04592,2025-07-10 23:33:29,36.0,Female,Bhubaneswar,Odisha,East,Basic,Paid Ads
C04593,2025-09-08 21:59:27,46.0,Female,Pune,Maharashtra,West,Basic,Social Media
C04594,2025-08-10 23:51:32,36.0,Male,Ahmedabad,Gujarat,West,Free,Referral
C04595,2025-04-01 12:35:08,52.0,Male,Mumbai,Maharashtra,West,Free,Referral
C04596,2025-09-21 16:58:43,42.0,Male,Delhi,Delhi,North,Free,Organic
C04597,2025-11-30 18:21:00,37.0,Female,Jaipur,Rajasthan,North,Free,Organic
C04598,2025-05-10 11:56:00,,Female,Kolkata,West Bengal,East,Premium,Referral
C04599,2025-01-13 15:34:46,36.0,Female,Pune,Maharashtra,West,Basic,Organic
C04600,2025-03-05 10:09:36,59.0,Female,Ahmedabad,Gujarat,West,Premium,Paid Ads
C04601,2025-06-14 08:22:09,30.0,Male,Guwahati,Assam,East,Free,Paid Ads
C04602,2025-01-16 05:28:27,29.0,Female,Chennai,Tamil Nadu,South,Free,Paid Ads
C04603,2025-03-23 11:06:54,32.0,Female,Hyderabad,Telangana,South,Basic,Paid Ads
C04604,2025-05-10 11:23:57,21.0,Female,Ahmedabad,Gujarat,West,Free,Paid Ads
C04605,2025-10-25 17:09:28,32.0,Female,Delhi,Delhi,North,Free,Referral
C04606,2025-11-07 20:24:11,34.0,Female,Bengaluru,Karnataka,South,Free,Organic
C04607,2025-08-27 14:48:04,44.0,Male,Bengaluru,Karnataka,South,Free,Organic
C04608,2025-05-07 15:13:33,28.0,Male,Kolkata,West Bengal,East,Premium,Social Media
C04609,2025-08-16 02:09:32,40.0,Female,Bengaluru,Karnataka,South,Free,Paid Ads
C04610,2025-04-21 05:09:42,32.0,Female,Pune,Maharashtra,West,Premium,Paid Ads
C04611,2025-03-26 02:27:45,48.0,Male,Pune,Maharashtra,West,Premium,Paid Ads
C04612,2025-06-22 06:32:22,43.0,Female,Kolkata,West Bengal,East,Free,Organic
C04613,2025-07-21 14:31:27,24.0,Female,Ahmedabad,Gujarat,West,Basic,Organic
C04614,2025-01-29 08:17:58,30.0,Male,Guwahati,Assam,East,Free,Paid Ads
C04615,2025-07-01 10:41:10,30.0,Male,Pune,Maharashtra,West,Free,Paid Ads
C04616,2025-07-12 13:36:52,37.0,Male,Pune,Maharashtra,West,Premium,Paid Ads
C04617,2025-04-05 00:51:20,51.0,Male,Chennai,Tamil Nadu,South,Free,Organic
C04618,2025-06-14 04:24:17,27.0,Male,Hyderabad,Telangana,South,Free,Organic
C04619,2025-03-24 00:23:31,54.0,Male,Pune,Maharashtra,West,Free,Paid Ads
C04620,2025-07-05 20:36:17,44.0,Male,Hyderabad,Telangana,South,Free,Paid Ads
C04621,2025-02-14 12:58:31,51.0,Female,Chennai,Tamil Nadu,South,Free,Email
C04622,2025-09-01 20:07:23,53.0,Female,Hyderabad,Telangana,South,Free,Organic
C04623,2025-11-01 11:09:14,33.0,Female,Bhubaneswar,Odisha,East,Free,Email
C04624,2025-09-05 23:32:48,38.0,Female,Jaipur,Rajasthan,North,Premium,Email
C04625,2025-03-06 20:37:12,33.0,Female,Hyderabad,Telangana,South,Free,Referral
C04626,2025-01-15 15:02:04,34.0,Female,Jaipur,Rajasthan,North,Free,Referral
C04627,2025-02-08 23:36:13,,Female,Mumbai,Maharashtra,West,Free,Email
C04628,2025-09-03 20:35:48,30.0,Male,Ahmedabad,Gujarat,West,Basic,Organic
C04629,2025-05-04 05:38:34,50.0,Female,Jaipur,Rajasthan,North,Basic,Paid Ads
C04630,2025-05-20 07:48:18,22.0,Female,Lucknow,Uttar Pradesh,North,Premium,Organic
C04631,2025-01-20 00:28:43,44.0,Male,Bhubaneswar,Odisha,East,Basic,Referral
C04632,2025-07-15 15:39:38,18.0,Male,Mumbai,Maharashtra,West,Free,Organic
C04633,2025-05-19 12:52:51,47.0,Female,Chennai,Tamil Nadu,South,Free,Email
C04634,2025-05-30 14:41:52,40.0,Male,Chennai,Tamil Nadu,South,Basic,Paid Ads
C04635,2025-06-18 21:24:15,32.0,Male,Kolkata,West Bengal,East,Basic,Email
C04636,2025-08-03 03:44:50,53.0,Female,Hyderabad,Telangana,South,Free,Organic
C04637,2025-08-14 03:45:46,36.0,Female,Pune,Maharashtra,West,Basic,Referral
C04638,2025-06-26 03:07:51,47.0,Female,Jaipur,Rajasthan,North,Premium,Referral
C04639,2025-06-25 19:39:23,33.0,Female,Delhi,Delhi,North,Basic,Paid Ads
C04640,2025-04-12 08:54:09,35.0,Female,Hyderabad,Telangana,South,Basic,Email
C04641,2025-07-15 15:23:29,43.0,Male,Hyderabad,Telangana,South,Basic,Paid Ads
C04642,2025-05-25 19:43:32,34.0,Female,Mumbai,Maharashtra,West,Free,Organic
C04643,2025-03-01 05:51:48,28.0,Male,Bengaluru,Karnataka,South,Free,Email
C04644,2025-09-25 18:46:08,46.0,Female,Bhubaneswar,Odisha,East,Free,Paid Ads
C04645,2025-04-06 18:16:12,26.0,Male,Delhi,Delhi,North,Free,Organic
C04646,2025-04-11 18:40:37,,Male,Delhi,Delhi,North,Premium,Paid Ads
C04647,2025-06-09 04:30:47,44.0,Male,Delhi,Delhi,North,Free,Referral
C04648,2025-09-02 07:33:33,54.0,Female,Ahmedabad,Gujarat,West,Basic,Paid Ads
C04649,2025-07-14 11:21:50,39.0,Female,Bengaluru,Karnataka,South,Basic,Referral
C04650,2025-06-09 09:43:18,25.0,Male,Bhubaneswar,Odisha,East,Basic,Referral
C04651,2025-08-25 13:45:17,20.0,Male,Bhubaneswar,Odisha,East,Basic,Organic
C04652,2025-11-24 03:34:27,55.0,Female,Jaipur,Rajasthan,North,Free,Paid Ads
C04653,2025-03-13 13:42:24,52.0,Female,Mumbai,Maharashtra,West,Free,Social Media
C04654,2025-08-19 16:26:39,49.0,Female,Hyderabad,Telangana,South,Premium,Referral
C04655,2025-08-26 22:11:01,25.0,Male,Mumbai,Maharashtra,West,Free,Organic
C04656,2025-03-26 02:30:09,,Male,Kolkata,West Bengal,East,Free,Paid Ads
C04657,2025-07-25 00:26:58,49.0,Female,Chennai,Tamil Nadu,South,Free,Email
C04658,2025-04-16 06:07:31,53.0,Male,Delhi,Delhi,North,Free,Social Media
C04659,2025-08-13 19:08:31,51.0,Male,Guwahati,Assam,East,Free,Referral
C04660,2025-08-07 20:32:06,42.0,Male,Jaipur,Rajasthan,North,Premium,Organic
C04661,2025-02-17 03:20:39,48.0,Female,Lucknow,Uttar Pradesh,North,Basic,Referral
C04662,2025-03-17 20:12:08,59.0,Other,Lucknow,Uttar Pradesh,North,Premium,Organic
C04663,2025-07-21 11:09:58,30.0,Female,Ahmedabad,Gujarat,West,Free,Referral
C04664,2025-02-16 08:50:49,32.0,Female,Bengaluru,Karnataka,South,Free,Social Media
C04665,2025-11-21 16:59:51,30.0,Female,Bengaluru,Karnataka,South,Basic,Paid Ads
C04666,2025-07-04 21:06:31,50.0,Male,Delhi,Delhi,North,Basic,Organic
C04667,2025-05-03 01:24:32,48.0,Female,Kolkata,West Bengal,East,Basic,Referral
C04668,2025-03-31 12:19:23,42.0,Male,Chennai,Tamil Nadu,South,Premium,Social Media
C04669,2025-08-27 06:55:41,57.0,Female,Delhi,Delhi,North,Premium,Referral
C04670,2025-08-18 17:49:18,40.0,Female,Jaipur,Rajasthan,North,Free,Referral
C04671,2025-02-11 13:07:23,55.0,Female,Ahmedabad,Gujarat,West,Free,Organic
C04672,2025-06-20 19:52:30,20.0,Female,Chennai,Tamil Nadu,South,Basic,Referral
C04673,2025-02-25 11:08:40,33.0,Female,Delhi,Delhi,North,Premium,Referral
C04674,2025-11-23 11:21:37,19.0,Female,Bhubaneswar,Odisha,East,Free,Paid Ads
C04675,2025-05-16 14:13:31,40.0,Male,Mumbai,Maharashtra,West,Basic,Referral
C04676,2025-08-20 17:44:58,51.0,Female,Bengaluru,Karnataka,South,Basic,Referral
C04677,2025-08-28 02:06:37,47.0,Male,Bhubaneswar,Odisha,East,Free,Referral
C04678,2025-09-22 18:40:06,27.0,Female,Chennai,Tamil Nadu,South,Basic,Organic
C04679,2025-08-13 10:45:16,18.0,Male,Lucknow,Uttar Pradesh,North,Free,Organic
C04680,2025-02-18 16:47:53,39.0,Male,Lucknow,Uttar Pradesh,North,Premium,Email
C04681,2025-01-13 20:03:24,50.0,Female,Ahmedabad,Gujarat,West,Basic,Paid Ads
C04682,2025-02-01 21:59:16,42.0,Male,Ahmedabad,Gujarat,West,Premium,Organic
C04683,2025-04-08 20:15:31,39.0,Male,Hyderabad,Telangana,South,Free,Email
C04684,2025-07-25 16:15:44,33.0,Female,Pune,Maharashtra,West,Free,Organic
C04685,2025-04-18 05:52:34,47.0,Female,Hyderabad,Telangana,South,Premium,Paid Ads
C04686,2025-10-20 20:55:57,35.0,Male,Pune,Maharashtra,West,Free,Organic
C04687,2025-10-15 23:35:58,41.0,Female,Guwahati,Assam,East,Free,Email
C04688,2025-11-03 15:36:48,22.0,Female,Kolkata,West Bengal,East,Free,Paid Ads
C04689,2025-03-02 00:52:23,,Female,Lucknow,Uttar Pradesh,North,Basic,Referral
C04690,2025-05-16 19:34:26,40.0,Female,Bengaluru,Karnataka,South,Free,Referral
C04691,2025-04-29 11:41:46,59.0,Male,Pune,Maharashtra,West,Basic,Organic
C04692,2025-11-05 09:26:45,44.0,Male,Ahmedabad,Gujarat,West,Basic,Paid Ads
C04693,2025-08-23 18:59:15,29.0,Male,Pune,Maharashtra,West,Basic,Paid Ads
C04694,2025-10-19 10:33:03,27.0,Male,Lucknow,Uttar Pradesh,North,Premium,Email
C04695,2025-01-23 21:56:12,51.0,Male,Pune,Maharashtra,West,Free,Social Media
C04696,2025-11-24 15:02:52,50.0,Male,Hyderabad,Telangana,South,Free,Social Media
C04697,2025-04-29 21:20:45,33.0,Female,Ahmedabad,Gujarat,West,Free,Paid Ads
C04698,2025-04-07 08:01:14,46.0,Female,Mumbai,Maharashtra,West,Premium,Paid Ads
C04699,2025-01-06 16:47:41,35.0,Female,Bhubaneswar,Odisha,East,Premium,Paid Ads
C04700,2025-02-09 15:20:44,44.0,Male,Chennai,Tamil Nadu,South,Free,Referral
C04701,2025-06-19 20:21:16,24.0,Male,Pune,Maharashtra,West,Free,Social Media
C04702,2025-02-06 07:35:31,53.0,Female,Bhubaneswar,Odisha,East,Free,Social Media
C04703,2025-02-02 17:26:25,44.0,Male,Jaipur,Rajasthan,North,Premium,Social Media
C04704,2025-11-07 21:39:45,27.0,Female,Delhi,Delhi,North,Basic,Organic
C04705,2025-05-28 22:19:22,27.0,Female,Ahmedabad,Gujarat,West,Premium,Social Media
C04706,2025-09-15 21:53:25,28.0,Female,Mumbai,Maharashtra,West,Free,Referral
C04707,2025-10-09 21:03:00,47.0,Male,Chennai,Tamil Nadu,South,Free,Paid Ads
C04708,2025-09-10 09:40:35,20.0,Male,Bhubaneswar,Odisha,East,Basic,Referral
C04709,2025-03-25 10:01:34,46.0,Male,Hyderabad,Telangana,South,Premium,Email
C04710,2025-05-18 16:23:39,31.0,Male,Delhi,Delhi,North,Free,Referral
C04711,2025-11-24 10:45:47,30.0,Male,Ahmedabad,Gujarat,West,Free,Organic
C04712,2025-10-17 19:57:54,36.0,Female,Ahmedabad,Gujarat,West,Premium,Paid Ads
C04713,2025-03-12 00:23:32,42.0,Male,Mumbai,Maharashtra,West,Free,Email
C04714,2025-07-30 17:58:19,27.0,Female,Lucknow,Uttar Pradesh,North,Free,Social Media
C04715,2025-03-21 14:23:09,32.0,Male,Delhi,Delhi,North,Free,Organic
C04716,2025-07-27 02:55:43,45.0,Male,Mumbai,Maharashtra,West,Free,Referral
C04717,2025-07-13 21:12:57,57.0,Male,Jaipur,Rajasthan,North,Free,Organic
C04718,2025-06-22 05:13:54,55.0,Male,Hyderabad,Telangana,South,Basic,Paid Ads
C04719,2025-01-16 05:26:00,24.0,Male,Pune,Maharashtra,West,Free,Paid Ads
C04720,2025-11-17 16:10:56,31.0,Male,Hyderabad,Telangana,South,Free,Paid Ads
C04721,2025-10-14 04:46:45,47.0,Male,Ahmedabad,Gujarat,West,Basic,Organic
C04722,2025-06-05 17:35:34,57.0,Male,Bhubaneswar,Odisha,East,Premium,Social Media
C04723,2025-04-02 13:53:45,29.0,Female,Bhubaneswar,Odisha,East,Basic,Social Media
C04724,2025-09-12 22:16:35,45.0,Female,Pune,Maharashtra,West,Premium,Paid Ads
C04725,2025-10-13 03:35:05,31.0,Male,Kolkata,West Bengal,East,Premium,Organic
C04726,2025-10-29 23:00:50,18.0,Male,Guwahati,Assam,East,Basic,Organic
C04727,2025-02-11 05:57:43,21.0,Female,Bengaluru,Karnataka,South,Premium,Organic
C04728,2025-06-03 21:33:28,35.0,Female,Hyderabad,Telangana,South,Basic,Organic
C04729,2025-07-12 03:44:32,53.0,Female,Lucknow,Uttar Pradesh,North,Basic,Social Media
C04730,2025-08-24 10:23:58,49.0,Male,Kolkata,West Bengal,East,Basic,Paid Ads
C04731,2025-11-23 08:02:22,45.0,Male,Kolkata,West Bengal,East,Premium,Organic
C04732,2025-09-14 12:52:46,45.0,Female,Guwahati,Assam,East,Basic,Organic
C04733,2025-04-13 10:07:38,55.0,Female,Jaipur,Rajasthan,North,Basic,Email
C04734,2025-02-08 22:47:55,49.0,Male,Chennai,Tamil Nadu,South,Free,Paid Ads
C04735,2025-03-10 05:07:21,25.0,Female,Pune,Maharashtra,West,Premium,Paid Ads
C04736,2025-08-07 01:22:00,42.0,Male,Bhubaneswar,Odisha,East,Free,Paid Ads
C04737,2025-10-21 01:47:50,37.0,Male,Lucknow,Uttar Pradesh,North,Free,Organic
C04738,2025-10-27 11:06:08,50.0,Female,Pune,Maharashtra,West,Basic,Email
C04739,2025-07-05 02:40:06,47.0,Male,Pune,Maharashtra,West,Free,Organic
C04740,2025-11-23 14:15:32,54.0,Female,Jaipur,Rajasthan,North,Free,Referral
C04741,2025-02-19 13:22:04,33.0,Female,Lucknow,Uttar Pradesh,North,Free,Organic
C04742,2025-04-11 06:36:44,42.0,Female,Kolkata,West Bengal,East,Free,Paid Ads
C04743,2025-10-08 02:27:02,55.0,Male,Bhubaneswar,Odisha,East,Free,Email
C04744,2025-10-30 20:17:19,59.0,Male,Hyderabad,Telangana,South,Basic,Social Media
C04745,2025-09-08 07:12:59,27.0,Male,Guwahati,Assam,East,Premium,Paid Ads
C04746,2025-05-29 07:28:56,22.0,Male,Bhubaneswar,Odisha,East,Free,Referral
C04747,2025-07-09 12:00:07,25.0,Female,Kolkata,West Bengal,East,Basic,Organic
C04748,2025-11-29 09:13:57,50.0,Male,Kolkata,West Bengal,East,Basic,Email
C04749,2025-11-05 18:03:13,54.0,Female,Mumbai,Maharashtra,West,Free,Referral
C04750,2025-04-05 05:56:55,18.0,Female,Hyderabad,Telangana,South,Basic,Paid Ads
C04751,2025-08-08 06:18:03,48.0,Male,Pune,Maharashtra,West,Free,Paid Ads
C04752,2025-02-09 12:45:33,24.0,Female,Pune,Maharashtra,West,Basic,Organic
C04753,2025-02-20 19:25:23,40.0,Male,Lucknow,Uttar Pradesh,North,Free,Social Media
C04754,2025-02-22 10:02:31,41.0,Female,Pune,Maharashtra,West,Premium,Paid Ads
C04755,2025-07-21 08:28:30,31.0,Female,Chennai,Tamil Nadu,South,Free,Paid Ads
C04756,2025-11-08 16:39:34,40.0,Male,Bengaluru,Karnataka,South,Basic,Email
C04757,2025-10-16 03:09:39,26.0,Female,Bhubaneswar,Odisha,East,Free,Organic
C04758,2025-11-03 04:52:55,25.0,Female,Chennai,Tamil Nadu,South,Basic,Organic
C04759,2025-05-23 00:35:06,25.0,Male,Ahmedabad,Gujarat,West,Free,Paid Ads
C04760,2025-08-17 13:12:10,20.0,Female,Hyderabad,Telangana,South,Free,Organic
C04761,2025-02-14 03:36:59,49.0,Male,Mumbai,Maharashtra,West,Free,Referral
C04762,2025-01-24 00:04:10,21.0,Female,Hyderabad,Telangana,South,Free,Referral
C04763,2025-09-28 00:39:29,55.0,Female,Delhi,Delhi,North,Basic,Organic
C04764,2025-03-01 18:40:08,19.0,Female,Mumbai,Maharashtra,West,Free,Organic
C04765,2025-06-06 11:16:21,26.0,Male,Jaipur,Rajasthan,North,Basic,Organic
C04766,2025-10-29 19:33:10,18.0,Male,Bengaluru,Karnataka,South,Free,Organic
C04767,2025-03-02 15:15:05,28.0,Male,Chennai,Tamil Nadu,South,Free,Organic
C04768,2025-05-06 22:10:08,46.0,Female,Kolkata,West Bengal,East,Free,Organic
C04769,2025-04-01 01:10:26,43.0,Female,Lucknow,Uttar Pradesh,North,Premium,Paid Ads
C04770,2025-04-01 11:09:49,44.0,Male,Ahmedabad,Gujarat,West,Basic,Social Media
C04771,2025-04-21 18:49:08,55.0,Female,Guwahati,Assam,East,Free,Organic
C04772,2025-05-04 13:17:50,46.0,Male,Mumbai,Maharashtra,West,Basic,Referral
C04773,2025-06-17 09:22:30,50.0,Female,Kolkata,West Bengal,East,Premium,Organic
C04774,2025-02-08 16:30:24,45.0,Female,Chennai,Tamil Nadu,South,Free,Referral
C04775,2025-03-16 19:18:32,48.0,Female,Pune,Maharashtra,West,Basic,Social Media
C04776,2025-02-18 13:23:00,36.0,Male,Chennai,Tamil Nadu,South,Free,Referral
C04777,2025-03-04 14:14:51,43.0,Male,Bhubaneswar,Odisha,East,Free,Organic
C04778,2025-09-09 01:58:10,46.0,Female,Mumbai,Maharashtra,West,Free,Paid Ads
C04779,2025-10-09 02:07:02,28.0,Male,Mumbai,Maharashtra,West,Basic,Social Media
C04780,2025-01-21 00:57:51,58.0,Female,Bhubaneswar,Odisha,East,Free,Paid Ads
C04781,2025-01-20 08:13:27,49.0,Female,Kolkata,West Bengal,East,Free,Organic
C04782,2025-04-30 01:35:21,38.0,Male,Kolkata,West Bengal,East,Free,Email
C04783,2025-09-24 06:56:50,,Female,Delhi,Delhi,North,Free,Referral
C04784,2025-01-02 20:14:30,51.0,Female,Mumbai,Maharashtra,West,Free,Social Media
C04785,2025-03-19 04:21:10,57.0,Female,Pune,Maharashtra,West,Basic,Organic
C04786,2025-06-01 15:06:07,39.0,Female,Pune,Maharashtra,West,Free,Paid Ads
C04787,2025-02-16 14:45:55,44.0,Female,Bengaluru,Karnataka,South,Basic,Paid Ads
C04788,2025-03-10 22:49:13,25.0,Male,Hyderabad,Telangana,South,Free,Referral
C04789,2025-02-10 15:27:52,57.0,Female,Pune,Maharashtra,West,Basic,Organic
C04790,2025-10-04 15:07:44,48.0,Male,Pune,Maharashtra,West,Free,Paid Ads
C04791,2025-04-22 09:54:56,18.0,Female,Guwahati,Assam,East,Basic,Referral
C04792,2025-02-09 20:25:48,56.0,Male,Chennai,Tamil Nadu,South,Premium,Paid Ads
C04793,2025-01-18 14:02:26,51.0,Male,Guwahati,Assam,East,Free,Referral
C04794,2025-05-03 01:54:33,41.0,Male,Ahmedabad,Gujarat,West,Basic,Paid Ads
C04795,2025-08-06 14:35:24,45.0,Male,Mumbai,Maharashtra,West,Free,Paid Ads
C04796,2025-08-25 19:29:40,21.0,Male,Pune,Maharashtra,West,Free,Organic
C04797,2025-08-04 23:01:42,35.0,Female,Guwahati,Assam,East,Premium,Referral
C04798,2025-10-02 17:53:04,46.0,Male,Bengaluru,Karnataka,South,Free,Organic
C04799,2025-08-07 10:58:06,40.0,Female,Bhubaneswar,Odisha,East,Free,Social Media
C04800,2025-10-11 01:32:26,54.0,Male,Delhi,Delhi,North,Free,Referral
C04801,2025-02-21 21:07:39,44.0,Male,Kolkata,West Bengal,East,Free,Referral
C04802,2025-09-03 23:27:31,33.0,Male,Guwahati,Assam,East,Premium,Email
C04803,2025-01-29 14:33:02,44.0,Male,Chennai,Tamil Nadu,South,Free,Organic
C04804,2025-08-30 22:37:56,26.0,Male,Kolkata,West Bengal,East,Basic,Paid Ads
C04805,2025-08-06 01:56:52,22.0,Other,Hyderabad,Telangana,South,Free,Paid Ads
C04806,2025-07-24 10:18:00,25.0,Male,Lucknow,Uttar Pradesh,North,Free,Email
C04807,2025-07-10 00:34:15,35.0,Female,Kolkata,West Bengal,East,Basic,Social Media
C04808,2025-04-12 07:24:17,52.0,Male,Bengaluru,Karnataka,South,Basic,Social Media
C04809,2025-10-16 02:41:42,23.0,Female,Ahmedabad,Gujarat,West,Free,Organic
C04810,2025-07-05 04:18:56,60.0,Male,Bengaluru,Karnataka,South,Premium,Organic
C04811,2025-06-16 03:09:19,40.0,Female,Kolkata,West Bengal,East,Free,Organic
C04812,2025-03-13 05:20:57,43.0,Male,Chennai,Tamil Nadu,South,Free,Referral
C04813,2025-03-29 03:55:54,56.0,Male,Guwahati,Assam,East,Premium,Paid Ads
C04814,2025-06-24 05:16:30,41.0,Female,Delhi,Delhi,North,Basic,Paid Ads
C04815,2025-02-07 13:07:36,,Female,Hyderabad,Telangana,South,Basic,Referral
C04816,2025-11-20 07:57:54,32.0,Male,Chennai,Tamil Nadu,South,Basic,Social Media
C04817,2025-01-19 04:53:00,55.0,Male,Hyderabad,Telangana,South,Free,Organic
C04818,2025-09-09 23:23:29,37.0,Female,Hyderabad,Telangana,South,Basic,Email
C04819,2025-10-17 23:03:15,46.0,Male,Hyderabad,Telangana,South,Free,Organic
C04820,2025-08-08 09:24:47,23.0,Female,Bhubaneswar,Odisha,East,Basic,Organic
C04821,2025-10-22 13:17:39,26.0,Female,Pune,Maharashtra,West,Basic,Social Media
C04822,2025-10-14 09:29:06,22.0,Female,Ahmedabad,Gujarat,West,Premium,Paid Ads
C04823,2025-07-10 04:00:31,56.0,Male,Ahmedabad,Gujarat,West,Basic,Email
C04824,2025-11-01 21:33:21,36.0,Female,Pune,Maharashtra,West,Free,Paid Ads
C04825,2025-06-03 22:55:47,22.0,Male,Delhi,Delhi,North,Free,Email
C04826,2025-06-05 05:25:24,37.0,Male,Bhubaneswar,Odisha,East,Free,Organic
C04827,2025-05-04 16:59:07,28.0,Female,Lucknow,Uttar Pradesh,North,Basic,Referral
C04828,2025-06-19 02:13:47,44.0,Female,Kolkata,West Bengal,East,Basic,Email
C04829,2025-09-20 07:51:54,46.0,Male,Mumbai,Maharashtra,West,Free,Paid Ads
C04830,2025-05-13 10:45:18,24.0,Male,Mumbai,Maharashtra,West,Premium,Organic
C04831,2025-06-04 08:54:41,20.0,Female,Chennai,Tamil Nadu,South,Premium,Organic
C04832,2025-09-04 11:44:24,22.0,Male,Jaipur,Rajasthan,North,Premium,Social Media
C04833,2025-10-26 03:23:37,30.0,Female,Jaipur,Rajasthan,North,Free,Paid Ads
C04834,2025-04-20 06:07:43,33.0,Other,Bhubaneswar,Odisha,East,Basic,Paid Ads
C04835,2025-11-18 17:29:36,29.0,Other,Lucknow,Uttar Pradesh,North,Premium,Social Media
C04836,2025-04-24 12:41:43,56.0,Male,Kolkata,West Bengal,East,Basic,Social Media
C04837,2025-09-09 00:51:32,44.0,Female,Ahmedabad,Gujarat,West,Free,Paid Ads
C04838,2025-09-30 10:33:05,50.0,Female,Pune,Maharashtra,West,Basic,Social Media
C04839,2025-01-06 21:00:07,32.0,Male,Bhubaneswar,Odisha,East,Premium,Paid Ads
C04840,2025-01-07 14:38:17,38.0,Male,Ahmedabad,Gujarat,West,Basic,Referral
C04841,2025-11-15 13:23:58,34.0,Male,Bengaluru,Karnataka,South,Free,Organic
C04842,2025-01-25 15:29:17,54.0,Male,Bengaluru,Karnataka,South,Free,Organic
C04843,2025-11-18 03:18:17,32.0,Other,Pune,Maharashtra,West,Basic,Social Media
C04844,2025-08-28 00:21:48,37.0,Female,Bhubaneswar,Odisha,East,Free,Paid Ads
C04845,2025-06-06 07:56:13,36.0,Male,Bhubaneswar,Odisha,East,Basic,Paid Ads
C04846,2025-01-15 01:42:26,18.0,Female,Pune,Maharashtra,West,Free,Referral
C04847,2025-03-16 02:26:43,21.0,Female,Bengaluru,Karnataka,South,Free,Referral
C04848,2025-07-23 16:27:54,20.0,Female,Guwahati,Assam,East,Free,Organic
C04849,2025-09-18 21:35:27,25.0,Male,Bengaluru,Karnataka,South,Free,Social Media
C04850,2025-09-17 16:03:06,58.0,Male,Guwahati,Assam,East,Basic,Referral
C04851,2025-11-20 01:44:25,22.0,Male,Chennai,Tamil Nadu,South,Free,Social Media
C04852,2025-06-30 00:36:27,26.0,Female,Pune,Maharashtra,West,Basic,Paid Ads
C04853,2025-05-09 18:43:26,18.0,Male,Hyderabad,Telangana,South,Basic,Paid Ads
C04854,2025-04-06 05:39:49,60.0,Male,Pune,Maharashtra,West,Free,Paid Ads
C04855,2025-10-28 02:27:05,47.0,Other,Delhi,Delhi,North,Premium,Organic
C04856,2025-08-04 02:04:07,24.0,Female,Bhubaneswar,Odisha,East,Basic,Organic
C04857,2025-02-19 15:50:24,39.0,Female,Bhubaneswar,Odisha,East,Basic,Organic
C04858,2025-06-29 09:14:57,37.0,Female,Chennai,Tamil Nadu,South,Premium,Email
C04859,2025-04-03 01:35:56,46.0,Female,Chennai,Tamil Nadu,South,Free,Email
C04860,2025-11-21 08:45:43,44.0,Female,Bengaluru,Karnataka,South,Free,Paid Ads
C04861,2025-02-05 11:16:22,42.0,Female,Lucknow,Uttar Pradesh,North,Free,Organic
C04862,2025-04-10 13:02:33,52.0,Female,Chennai,Tamil Nadu,South,Free,Organic
C04863,2025-01-26 22:02:16,44.0,Female,Bhubaneswar,Odisha,East,Basic,Organic
C04864,2025-04-21 03:28:01,28.0,Male,Mumbai,Maharashtra,West,Basic,Email
C04865,2025-04-06 07:26:31,34.0,Male,Mumbai,Maharashtra,West,Free,Paid Ads
C04866,2025-09-29 15:39:33,48.0,Male,Delhi,Delhi,North,Free,Social Media
C04867,2025-07-01 21:58:54,35.0,Female,Pune,Maharashtra,West,Free,Paid Ads
C04868,2025-08-18 02:07:28,36.0,Female,Guwahati,Assam,East,Free,Referral
C04869,2025-09-27 00:01:33,55.0,Female,Delhi,Delhi,North,Basic,Referral
C04870,2025-07-09 15:54:06,46.0,Female,Bengaluru,Karnataka,South,Basic,Organic
C04871,2025-10-20 02:36:17,32.0,Male,Mumbai,Maharashtra,West,Free,Paid Ads
C04872,2025-03-14 21:41:26,24.0,Female,Guwahati,Assam,East,Free,Social Media
C04873,2025-11-02 05:30:00,54.0,Male,Bhubaneswar,Odisha,East,Free,Paid Ads
C04874,2025-05-16 03:29:19,54.0,Male,Bhubaneswar,Odisha,East,Basic,Paid Ads
C04875,2025-10-18 10:42:29,24.0,Female,Pune,Maharashtra,West,Premium,Paid Ads
C04876,2025-03-16 15:42:27,39.0,Female,Delhi,Delhi,North,Free,Paid Ads
C04877,2025-09-10 05:27:16,29.0,Female,Jaipur,Rajasthan,North,Basic,Paid Ads
C04878,2025-04-03 11:07:06,25.0,Male,Delhi,Delhi,North,Premium,Organic
C04879,2025-01-27 02:38:08,35.0,Female,Ahmedabad,Gujarat,West,Free,Email
C04880,2025-03-16 09:55:08,45.0,Male,Hyderabad,Telangana,South,Premium,Organic
C04881,2025-11-02 17:18:59,35.0,Female,Bhubaneswar,Odisha,East,Free,Paid Ads
C04882,2025-03-15 03:34:20,48.0,Male,Mumbai,Maharashtra,West,Premium,Organic
C04883,2025-06-15 01:59:21,34.0,Female,Bengaluru,Karnataka,South,Basic,Organic
C04884,2025-08-13 17:26:58,40.0,Male,Bhubaneswar,Odisha,East,Free,Referral
C04885,2025-04-12 12:07:04,28.0,Male,Guwahati,Assam,East,Premium,Email
C04886,2025-10-08 22:14:45,,Female,Hyderabad,Telangana,South,Free,Social Media
C04887,2025-02-20 19:11:42,47.0,Female,Ahmedabad,Gujarat,West,Premium,Organic
C04888,2025-08-16 01:13:06,48.0,Female,Lucknow,Uttar Pradesh,North,Free,Paid Ads
C04889,2025-04-19 09:26:03,23.0,Female,Guwahati,Assam,East,Basic,Organic
C04890,2025-11-10 13:01:02,29.0,Female,Jaipur,Rajasthan,North,Free,Paid Ads
C04891,2025-06-27 14:46:20,40.0,Female,Pune,Maharashtra,West,Premium,Organic
C04892,2025-01-26 18:51:23,56.0,Male,Bhubaneswar,Odisha,East,Free,Social Media
C04893,2025-10-01 04:22:44,57.0,Male,Lucknow,Uttar Pradesh,North,Free,Organic
C04894,2025-05-16 16:46:04,53.0,Female,Ahmedabad,Gujarat,West,Basic,Organic
C04895,2025-04-30 12:42:22,52.0,Male,Pune,Maharashtra,West,Premium,Social Media
C04896,2025-06-21 15:59:06,20.0,Male,Bhubaneswar,Odisha,East,Free,Email
C04897,2025-06-13 00:58:24,59.0,Male,Guwahati,Assam,East,Free,Organic
C04898,2025-09-06 19:07:35,45.0,Male,Mumbai,Maharashtra,West,Free,Organic
C04899,2025-03-13 01:53:34,32.0,Female,Bhubaneswar,Odisha,East,Free,Social Media
C04900,2025-04-26 19:51:07,30.0,Male,Hyderabad,Telangana,South,Basic,Paid Ads
C04901,2025-06-17 13:29:03,36.0,Male,Guwahati,Assam,East,Free,Email
C04902,2025-01-15 10:55:25,57.0,Female,Pune,Maharashtra,West,Basic,Paid Ads
C04903,2025-05-21 06:49:53,35.0,Female,Kolkata,West Bengal,East,Basic,Organic
C04904,2025-07-29 22:05:50,48.0,Female,Ahmedabad,Gujarat,West,Free,Organic
C04905,2025-06-10 15:57:51,,Male,Chennai,Tamil Nadu,South,Free,Referral
C04906,2025-08-09 08:49:19,38.0,Male,Guwahati,Assam,East,Premium,Social Media
C04907,2025-08-12 20:03:46,56.0,Male,Hyderabad,Telangana,South,Free,Social Media
C04908,2025-05-16 19:25:49,22.0,Male,Guwahati,Assam,East,Free,Email
C04909,2025-09-13 15:49:14,34.0,Male,Lucknow,Uttar Pradesh,North,Free,Organic
C04910,2025-03-03 03:40:45,36.0,Female,Delhi,Delhi,North,Basic,Social Media
C04911,2025-07-19 00:28:22,21.0,Other,Chennai,Tamil Nadu,South,Free,Social Media
C04912,2025-02-02 00:02:58,43.0,Female,Jaipur,Rajasthan,North,Premium,Social Media
C04913,2025-09-22 11:43:32,41.0,Female,Jaipur,Rajasthan,North,Basic,Paid Ads
C04914,2025-01-16 17:59:14,56.0,Female,Bhubaneswar,Odisha,East,Free,Referral
C04915,2025-02-09 19:50:33,55.0,Female,Bhubaneswar,Odisha,East,Basic,Referral
C04916,2025-07-31 15:48:03,36.0,Female,Bengaluru,Karnataka,South,Free,Referral
C04917,2025-02-20 18:23:07,47.0,Female,Ahmedabad,Gujarat,West,Premium,Organic
C04918,2025-03-11 10:51:51,43.0,Male,Ahmedabad,Gujarat,West,Free,Referral
C04919,2025-06-05 10:44:18,28.0,Male,Jaipur,Rajasthan,North,Free,Referral
C04920,2025-01-17 13:14:58,56.0,Female,Ahmedabad,Gujarat,West,Basic,Organic
C04921,2025-10-03 04:54:18,20.0,Male,Hyderabad,Telangana,South,Basic,Paid Ads
C04922,2025-08-31 02:52:58,39.0,Female,Lucknow,Uttar Pradesh,North,Basic,Paid Ads
C04923,2025-11-27 00:06:31,34.0,Female,Jaipur,Rajasthan,North,Premium,Social Media
C04924,2025-01-10 16:52:41,28.0,Female,Chennai,Tamil Nadu,South,Free,Referral
C04925,2025-01-15 17:44:12,56.0,Male,Kolkata,West Bengal,East,Free,Paid Ads
C04926,2025-11-17 20:52:09,44.0,Female,Pune,Maharashtra,West,Free,Referral
C04927,2025-02-24 16:57:58,60.0,Male,Mumbai,Maharashtra,West,Premium,Organic
C04928,2025-02-05 14:47:18,46.0,Female,Bhubaneswar,Odisha,East,Premium,Organic
C04929,2025-10-29 12:31:05,29.0,Male,Lucknow,Uttar Pradesh,North,Premium,Organic
C04930,2025-09-18 04:16:17,30.0,Other,Bengaluru,Karnataka,South,Free,Organic
C04931,2025-05-19 12:32:11,28.0,Female,Mumbai,Maharashtra,West,Free,Referral
C04932,2025-09-14 22:22:17,,Female,Mumbai,Maharashtra,West,Free,Email
C04933,2025-07-13 20:31:06,28.0,Female,Chennai,Tamil Nadu,South,Free,Paid Ads
C04934,2025-06-09 03:24:57,58.0,Other,Mumbai,Maharashtra,West,Free,Email
C04935,2025-05-26 11:25:49,60.0,Male,Pune,Maharashtra,West,Free,Referral
C04936,2025-06-28 03:21:42,53.0,Female,Mumbai,Maharashtra,West,Free,Organic
C04937,2025-08-27 08:54:20,19.0,Male,Chennai,Tamil Nadu,South,Free,Organic
C04938,2025-06-23 21:32:51,40.0,Male,Delhi,Delhi,North,Free,Social Media
C04939,2025-06-01 04:21:59,53.0,Male,Hyderabad,Telangana,South,Free,Referral
C04940,2025-04-04 23:02:31,31.0,Female,Hyderabad,Telangana,South,Basic,Organic
C04941,2025-08-20 19:24:21,54.0,Male,Mumbai,Maharashtra,West,Free,Paid Ads
C04942,2025-06-16 14:30:36,44.0,Female,Pune,Maharashtra,West,Basic,Email
C04943,2025-06-06 18:29:31,29.0,Female,Chennai,Tamil Nadu,South,Free,Organic
C04944,2025-07-09 16:40:05,46.0,Female,Pune,Maharashtra,West,Basic,Social Media
C04945,2025-04-07 23:11:46,23.0,Male,Hyderabad,Telangana,South,Free,Organic
C04946,2025-05-28 08:22:02,40.0,Female,Hyderabad,Telangana,South,Free,Paid Ads
C04947,2025-11-19 21:53:39,27.0,Female,Lucknow,Uttar Pradesh,North,Basic,Paid Ads
C04948,2025-04-13 07:55:26,51.0,Female,Jaipur,Rajasthan,North,Premium,Paid Ads
C04949,2025-09-10 10:28:17,29.0,Other,Chennai,Tamil Nadu,South,Free,Organic
C04950,2025-11-22 21:42:08,49.0,Male,Chennai,Tamil Nadu,South,Free,Organic
C04951,2025-03-14 23:47:45,43.0,Female,Mumbai,Maharashtra,West,Premium,Social Media
C04952,2025-01-10 10:51:18,24.0,Female,Kolkata,West Bengal,East,Free,Organic
C04953,2025-11-06 19:14:33,49.0,Male,Mumbai,Maharashtra,West,Free,Referral
C04954,2025-05-26 05:11:11,50.0,Male,Lucknow,Uttar Pradesh,North,Premium,Social Media
C04955,2025-10-29 19:38:44,35.0,Female,Ahmedabad,Gujarat,West,Basic,Social Media
C04956,2025-05-23 03:19:11,52.0,Male,Jaipur,Rajasthan,North,Free,Organic
C04957,2025-01-05 00:50:32,37.0,Female,Mumbai,Maharashtra,West,Premium,Referral
C04958,2025-06-20 10:45:06,48.0,Female,Jaipur,Rajasthan,North,Basic,Referral
C04959,2025-03-08 20:32:33,22.0,Female,Kolkata,West Bengal,East,Free,Organic
C04960,2025-08-02 03:07:26,49.0,Female,Delhi,Delhi,North,Basic,Paid Ads
C04961,2025-02-23 07:49:23,59.0,Female,Jaipur,Rajasthan,North,Basic,Organic
C04962,2025-06-29 05:06:41,36.0,Male,Bhubaneswar,Odisha,East,Basic,Paid Ads
C04963,2025-10-07 00:13:14,18.0,Female,Mumbai,Maharashtra,West,Premium,Social Media
C04964,2025-07-23 14:34:30,24.0,Female,Delhi,Delhi,North,Free,Social Media
C04965,2025-08-18 18:51:21,39.0,Male,Ahmedabad,Gujarat,West,Basic,Social Media
C04966,2025-02-20 16:33:57,51.0,Female,Bhubaneswar,Odisha,East,Free,Paid Ads
C04967,2025-09-14 13:40:07,27.0,Female,Chennai,Tamil Nadu,South,Free,Email
C04968,2025-05-02 06:55:24,59.0,Male,Jaipur,Rajasthan,North,Basic,Referral
C04969,2025-09-22 21:25:24,43.0,Female,Chennai,Tamil Nadu,South,Basic,Paid Ads
C04970,2025-02-25 11:22:57,49.0,Female,Mumbai,Maharashtra,West,Premium,Social Media
C04971,2025-03-11 08:50:04,59.0,Male,Ahmedabad,Gujarat,West,Premium,Organic
C04972,2025-02-21 02:35:47,44.0,Female,Chennai,Tamil Nadu,South,Basic,Organic
C04973,2025-05-03 04:13:52,29.0,Female,Delhi,Delhi,North,Free,Social Media
C04974,2025-01-02 22:14:09,57.0,Female,Delhi,Delhi,North,Basic,Social Media
C04975,2025-03-26 17:52:19,40.0,Male,Mumbai,Maharashtra,West,Free,Organic
C04976,2025-07-08 03:47:17,31.0,Male,Mumbai,Maharashtra,West,Free,Social Media
C04977,2025-03-26 18:27:31,51.0,Male,Kolkata,West Bengal,East,Basic,Paid Ads
C04978,2025-03-28 15:26:11,34.0,Female,Bhubaneswar,Odisha,East,Basic,Referral
C04979,2025-10-03 07:58:37,23.0,Female,Bhubaneswar,Odisha,East,Basic,Organic
C04980,2025-01-01 16:15:27,44.0,Male,Guwahati,Assam,East,Premium,Email
C04981,2025-08-03 01:55:21,25.0,Male,Chennai,Tamil Nadu,South,Free,Email
C04982,2025-04-29 01:48:01,50.0,Male,Mumbai,Maharashtra,West,Free,Paid Ads
C04983,2025-08-04 16:40:31,,Female,Lucknow,Uttar Pradesh,North,Basic,Email
C04984,2025-07-02 04:04:56,34.0,Female,Bengaluru,Karnataka,South,Basic,Email
C04985,2025-01-08 22:40:23,43.0,Female,Delhi,Delhi,North,Free,Paid Ads
C04986,2025-05-28 20:35:35,24.0,Male,Bhubaneswar,Odisha,East,Free,Email
C04987,2025-10-12 03:05:24,41.0,Male,Delhi,Delhi,North,Free,Email
C04988,2025-05-20 08:54:10,42.0,Male,Jaipur,Rajasthan,North,Premium,Organic
C04989,2025-02-23 05:07:49,,Female,Delhi,Delhi,North,Premium,Organic
C04990,2025-08-11 13:18:37,43.0,Male,Hyderabad,Telangana,South,Free,Paid Ads
C04991,2025-08-29 21:17:59,22.0,Male,Bengaluru,Karnataka,South,Free,Paid Ads
C04992,2025-01-28 04:31:50,55.0,Female,Jaipur,Rajasthan,North,Free,Organic
C04993,2025-08-28 08:56:45,52.0,Female,Mumbai,Maharashtra,West,Free,Organic
C04994,2025-02-19 08:16:42,47.0,Other,Jaipur,Rajasthan,North,Free,Email
C04995,2025-08-02 17:34:22,42.0,Female,Bhubaneswar,Odisha,East,Free,Social Media
C04996,2025-09-11 17:37:27,41.0,Female,Hyderabad,Telangana,South,Free,Social Media
C04997,2025-08-18 13:28:47,47.0,Female,Bhubaneswar,Odisha,East,Free,Email
C04998,2025-09-11 05:03:15,37.0,Female,Ahmedabad,Gujarat,West,Basic,Paid Ads
C04999,2025-11-23 14:01:09,20.0,Female,Hyderabad,Telangana,South,Free,Referral
C05000,2025-03-25 11:39:26,49.0,Female,Delhi,Delhi,North,Basic,Organic
C05001,2025-09-18 13:30:54,25.0,Male,Ahmedabad,Gujarat,West,Premium,Referral
C05002,2025-06-28 05:29:49,40.0,Male,Pune,Maharashtra,West,Free,Organic
C05003,2025-08-17 17:55:00,33.0,Male,Chennai,Tamil Nadu,South,Free,Organic
C05004,2025-04-12 14:59:23,52.0,Female,Ahmedabad,Gujarat,West,Free,Organic
C05005,2025-03-24 03:53:05,42.0,Female,Bengaluru,Karnataka,South,Free,Referral
C05006,2025-11-01 23:24:02,32.0,Female,Guwahati,Assam,East,Free,Email
C05007,2025-01-08 20:43:25,25.0,Male,Hyderabad,Telangana,South,Basic,Organic
C05008,2025-01-29 11:37:27,51.0,Male,Chennai,Tamil Nadu,South,Basic,Paid Ads
C05009,2025-11-24 04:17:30,42.0,Other,Kolkata,West Bengal,East,Free,Referral
C05010,2025-08-25 13:12:44,36.0,Male,Mumbai,Maharashtra,West,Basic,Paid Ads
C05011,2025-10-11 20:43:10,60.0,Male,Kolkata,West Bengal,East,Free,Email
C05012,2025-05-02 03:30:48,30.0,Female,Delhi,Delhi,North,Free,Organic
C05013,2025-03-06 21:55:57,29.0,Male,Jaipur,Rajasthan,North,Basic,Organic
C05014,2025-06-07 17:48:54,32.0,Male,Delhi,Delhi,North,Free,Paid Ads
C05015,2025-10-21 03:25:35,40.0,Male,Kolkata,West Bengal,East,Basic,Referral
C05016,2025-03-09 10:54:02,57.0,Male,Kolkata,West Bengal,East,Premium,Organic
C05017,2025-11-05 10:03:02,19.0,Female,Bhubaneswar,Odisha,East,Premium,Organic
C05018,2025-07-09 21:01:18,57.0,Male,Pune,Maharashtra,West,Free,Social Media
C05019,2025-03-31 05:50:35,40.0,Male,Delhi,Delhi,North,Basic,Organic
C05020,2025-09-06 04:59:35,22.0,Male,Chennai,Tamil Nadu,South,Free,Paid Ads
C05021,2025-11-02 09:10:55,51.0,Female,Lucknow,Uttar Pradesh,North,Premium,Email
C05022,2025-10-29 10:58:55,27.0,Male,Mumbai,Maharashtra,West,Premium,Referral
C05023,2025-02-06 09:17:08,44.0,Male,Chennai,Tamil Nadu,South,Free,Paid Ads
C05024,2025-02-19 08:38:24,59.0,Male,Delhi,Delhi,North,Premium,Paid Ads
C05025,2025-10-13 07:33:32,21.0,Male,Bengaluru,Karnataka,South,Free,Paid Ads
C05026,2025-10-10 05:13:46,21.0,Male,Jaipur,Rajasthan,North,Free,Social Media
C05027,2025-04-06 00:45:23,25.0,Female,Ahmedabad,Gujarat,West,Free,Social Media
C05028,2025-10-20 21:17:02,23.0,Female,Kolkata,West Bengal,East,Free,Referral
C05029,2025-08-12 20:12:42,42.0,Female,Lucknow,Uttar Pradesh,North,Premium,Social Media
C05030,2025-03-30 09:20:02,44.0,Female,Bhubaneswar,Odisha,East,Free,Organic
C05031,2025-10-31 10:06:47,57.0,Male,Mumbai,Maharashtra,West,Basic,Organic
C05032,2025-06-30 12:10:26,37.0,Female,Jaipur,Rajasthan,North,Premium,Social Media
C05033,2025-01-14 02:17:00,44.0,Male,Jaipur,Rajasthan,North,Premium,Organic
C05034,2025-09-13 11:09:53,,Female,Jaipur,Rajasthan,North,Free,Social Media
C05035,2025-03-16 04:58:45,40.0,Male,Bhubaneswar,Odisha,East,Basic,Paid Ads
C05036,2025-07-01 06:33:02,37.0,Female,Mumbai,Maharashtra,West,Basic,Paid Ads
C05037,2025-04-24 20:10:29,51.0,Female,Lucknow,Uttar Pradesh,North,Basic,Social Media
C05038,2025-06-29 15:08:07,46.0,Male,Hyderabad,Telangana,South,Free,Social Media
C05039,2025-02-04 23:30:47,22.0,Male,Delhi,Delhi,North,Basic,Referral
C05040,2025-02-13 18:21:04,44.0,Female,Bengaluru,Karnataka,South,Basic,Referral
C05041,2025-08-18 12:28:52,29.0,Male,Hyderabad,Telangana,South,Basic,Paid Ads
C05042,2025-08-02 06:43:13,34.0,Female,Lucknow,Uttar Pradesh,North,Premium,Email
C05043,2025-08-11 16:39:21,54.0,Male,Kolkata,West Bengal,East,Free,Email
C05044,2025-09-06 04:20:20,51.0,Male,Jaipur,Rajasthan,North,Free,Paid Ads
C05045,2025-01-06 20:19:53,47.0,Female,Delhi,Delhi,North,Free,Social Media
C05046,2025-08-11 16:07:23,53.0,Male,Lucknow,Uttar Pradesh,North,Free,Email
C05047,2025-03-17 14:48:08,23.0,Male,Pune,Maharashtra,West,Free,Referral
C05048,2025-04-09 06:40:07,49.0,Female,Lucknow,Uttar Pradesh,North,Free,Referral
C05049,2025-07-13 09:23:12,49.0,Female,Pune,Maharashtra,West,Basic,Referral
C05050,2025-03-11 09:30:31,26.0,Female,Lucknow,Uttar Pradesh,North,Premium,Organic
C05051,2025-07-09 00:28:53,39.0,Female,Bhubaneswar,Odisha,East,Free,Organic
C05052,2025-06-14 20:59:35,27.0,Male,Bengaluru,Karnataka,South,Free,Social Media
C05053,2025-04-24 19:57:41,46.0,Male,Kolkata,West Bengal,East,Free,Referral
C05054,2025-08-25 10:46:34,28.0,Male,Bhubaneswar,Odisha,East,Basic,Organic
C05055,2025-08-23 03:24:50,,Other,Pune,Maharashtra,West,Basic,Paid Ads
C05056,2025-11-15 19:05:02,19.0,Male,Delhi,Delhi,North,Free,Organic
C05057,2025-03-13 20:52:43,38.0,Male,Mumbai,Maharashtra,West,Basic,Social Media
C05058,2025-02-04 15:40:30,48.0,Female,Pune,Maharashtra,West,Free,Paid Ads
C05059,2025-09-14 09:37:46,58.0,Other,Jaipur,Rajasthan,North,Premium,Referral
C05060,2025-07-31 18:37:43,34.0,Female,Mumbai,Maharashtra,West,Premium,Organic
C05061,2025-07-28 07:08:52,44.0,Male,Hyderabad,Telangana,South,Premium,Social Media
C05062,2025-04-27 01:57:15,47.0,Female,Bengaluru,Karnataka,South,Free,Email
C05063,2025-11-22 12:41:51,58.0,Male,Pune,Maharashtra,West,Free,Social Media
C05064,2025-05-27 14:34:28,25.0,Female,Pune,Maharashtra,West,Free,Paid Ads
C05065,2025-07-22 10:40:30,54.0,Male,Lucknow,Uttar Pradesh,North,Basic,Social Media
C05066,2025-05-08 20:22:51,22.0,Male,Kolkata,West Bengal,East,Free,Organic
C05067,2025-03-18 12:03:18,43.0,Female,Pune,Maharashtra,West,Basic,Organic
C05068,2025-06-10 14:08:37,23.0,Male,Mumbai,Maharashtra,West,Basic,Paid Ads
C05069,2025-11-16 04:33:12,33.0,Female,Chennai,Tamil Nadu,South,Basic,Organic
C05070,2025-10-19 07:52:06,18.0,Female,Guwahati,Assam,East,Premium,Organic
C05071,2025-09-02 13:17:22,26.0,Female,Delhi,Delhi,North,Basic,Referral
C05072,2025-06-08 08:00:42,38.0,Male,Delhi,Delhi,North,Free,Paid Ads
C05073,2025-06-03 23:18:35,24.0,Female,Ahmedabad,Gujarat,West,Basic,Social Media
C05074,2025-02-05 21:36:52,60.0,Male,Bhubaneswar,Odisha,East,Premium,Organic
C05075,2025-02-08 00:31:20,32.0,Male,Chennai,Tamil Nadu,South,Basic,Email
C05076,2025-05-24 12:47:38,41.0,Female,Delhi,Delhi,North,Basic,Paid Ads
C05077,2025-04-23 00:29:16,22.0,Male,Lucknow,Uttar Pradesh,North,Premium,Paid Ads
C05078,2025-09-20 23:44:30,55.0,Male,Kolkata,West Bengal,East,Basic,Organic
C05079,2025-04-26 23:02:17,46.0,Male,Mumbai,Maharashtra,West,Premium,Referral
C05080,2025-07-22 04:51:45,28.0,Female,Pune,Maharashtra,West,Free,Email
C05081,2025-06-28 16:27:06,21.0,Female,Bhubaneswar,Odisha,East,Basic,Social Media
C05082,2025-02-02 17:15:35,27.0,Male,Bhubaneswar,Odisha,East,Free,Organic
C05083,2025-07-27 10:35:35,51.0,Male,Chennai,Tamil Nadu,South,Free,Paid Ads
C05084,2025-04-15 12:43:45,21.0,Male,Bhubaneswar,Odisha,East,Free,Paid Ads
C05085,2025-01-27 22:05:01,27.0,Male,Guwahati,Assam,East,Free,Organic
C05086,2025-04-04 18:40:12,50.0,Male,Mumbai,Maharashtra,West,Free,Email
C05087,2025-04-09 00:04:39,35.0,Male,Hyderabad,Telangana,South,Free,Paid Ads
C05088,2025-04-11 22:54:25,29.0,Female,Kolkata,West Bengal,East,Free,Paid Ads
C05089,2025-08-16 14:25:26,40.0,Female,Jaipur,Rajasthan,North,Basic,Organic
C05090,2025-04-09 09:44:50,42.0,Male,Guwahati,Assam,East,Free,Organic
C05091,2025-04-25 11:27:25,54.0,Female,Kolkata,West Bengal,East,Free,Email
C05092,2025-11-06 23:22:24,21.0,Female,Bhubaneswar,Odisha,East,Free,Organic
C05093,2025-04-07 10:47:06,30.0,Female,Chennai,Tamil Nadu,South,Free,Paid Ads
C05094,2025-05-21 08:38:39,35.0,Male,Guwahati,Assam,East,Premium,Social Media
C05095,2025-04-02 23:54:27,46.0,Female,Guwahati,Assam,East,Premium,Paid Ads
C05096,2025-09-26 21:51:45,47.0,Female,Ahmedabad,Gujarat,West,Premium,Paid Ads
C05097,2025-04-19 09:29:23,55.0,Male,Chennai,Tamil Nadu,South,Free,Referral
C05098,2025-10-21 00:01:43,45.0,Female,Mumbai,Maharashtra,West,Free,Email
C05099,2025-01-30 17:35:29,24.0,Male,Mumbai,Maharashtra,West,Free,Social Media
C05100,2025-10-03 09:53:52,41.0,Female,Guwahati,Assam,East,Basic,Email
C05101,2025-10-07 18:59:22,58.0,Male,Mumbai,Maharashtra,West,Premium,Referral
C05102,2025-01-14 15:16:29,27.0,Female,Jaipur,Rajasthan,North,Premium,Organic
C05103,2025-03-16 09:52:47,54.0,Female,Delhi,Delhi,North,Free,Organic
C05104,2025-10-16 06:22:38,44.0,Female,Pune,Maharashtra,West,Free,Social Media
C05105,2025-04-17 02:07:10,38.0,Male,Ahmedabad,Gujarat,West,Free,Paid Ads
C05106,2025-07-02 18:59:46,53.0,Male,Kolkata,West Bengal,East,Basic,Paid Ads
C05107,2025-11-11 21:02:49,60.0,Male,Pune,Maharashtra,West,Free,Email
C05108,2025-01-21 20:29:58,46.0,Male,Guwahati,Assam,East,Free,Organic
C05109,2025-05-28 21:07:40,24.0,Male,Hyderabad,Telangana,South,Premium,Paid Ads
C05110,2025-06-30 09:20:43,30.0,Female,Hyderabad,Telangana,South,Basic,Social Media
C05111,2025-01-11 03:00:05,40.0,Male,Hyderabad,Telangana,South,Free,Social Media
C05112,2025-09-05 18:17:57,42.0,Female,Bengaluru,Karnataka,South,Free,Paid Ads
C05113,2025-01-01 08:19:34,58.0,Female,Jaipur,Rajasthan,North,Basic,Paid Ads
C05114,2025-06-20 10:04:07,30.0,Male,Delhi,Delhi,North,Basic,Organic
C05115,2025-02-04 23:44:34,54.0,Female,Pune,Maharashtra,West,Basic,Paid Ads
C05116,2025-07-01 11:45:54,47.0,Female,Lucknow,Uttar Pradesh,North,Free,Referral
C05117,2025-06-21 01:40:25,43.0,Male,Mumbai,Maharashtra,West,Premium,Social Media
C05118,2025-04-23 22:07:56,29.0,Female,Ahmedabad,Gujarat,West,Basic,Organic
C05119,2025-09-05 01:21:11,18.0,Female,Jaipur,Rajasthan,North,Premium,Social Media
C05120,2025-04-07 11:57:35,35.0,Female,Ahmedabad,Gujarat,West,Free,Referral
C05121,2025-02-16 19:26:39,38.0,Male,Mumbai,Maharashtra,West,Free,Referral
C05122,2025-07-27 13:48:59,41.0,Female,Bengaluru,Karnataka,South,Free,Paid Ads
C05123,2025-08-12 08:54:52,34.0,Male,Bhubaneswar,Odisha,East,Premium,Paid Ads
C05124,2025-09-20 02:27:09,59.0,Female,Pune,Maharashtra,West,Free,Referral
C05125,2025-11-02 07:19:56,26.0,Female,Bengaluru,Karnataka,South,Free,Email
C05126,2025-06-17 03:28:22,57.0,Female,Delhi,Delhi,North,Free,Paid Ads
C05127,2025-10-13 12:16:25,45.0,Male,Delhi,Delhi,North,Basic,Email
C05128,2025-10-09 18:29:56,32.0,Male,Mumbai,Maharashtra,West,Premium,Referral
C05129,2025-09-11 02:35:11,30.0,Male,Pune,Maharashtra,West,Basic,Social Media
C05130,2025-04-14 12:14:29,45.0,Female,Bengaluru,Karnataka,South,Basic,Organic
C05131,2025-07-28 18:59:04,34.0,Male,Jaipur,Rajasthan,North,Premium,Social Media
C05132,2025-07-28 16:42:45,26.0,Male,Delhi,Delhi,North,Free,Social Media
C05133,2025-11-08 16:10:56,38.0,Male,Kolkata,West Bengal,East,Premium,Social Media
C05134,2025-10-14 22:05:49,47.0,Female,Guwahati,Assam,East,Free,Social Media
C05135,2025-11-16 21:17:09,28.0,Male,Hyderabad,Telangana,South,Free,Paid Ads
C05136,2025-07-18 22:11:09,47.0,Other,Mumbai,Maharashtra,West,Free,Paid Ads
C05137,2025-01-30 02:30:37,53.0,Female,Jaipur,Rajasthan,North,Free,Organic
C05138,2025-02-05 23:19:46,42.0,Female,Kolkata,West Bengal,East,Free,Paid Ads
C05139,2025-08-28 23:14:13,24.0,Male,Lucknow,Uttar Pradesh,North,Free,Paid Ads
C05140,2025-04-11 14:10:25,37.0,Male,Bengaluru,Karnataka,South,Free,Organic
C05141,2025-10-13 20:26:11,52.0,Male,Lucknow,Uttar Pradesh,North,Free,Referral
C05142,2025-01-08 17:29:25,27.0,Male,Kolkata,West Bengal,East,Free,Referral
C05143,2025-06-10 08:51:48,52.0,Female,Delhi,Delhi,North,Premium,Organic
C05144,2025-07-15 11:12:37,18.0,Male,Chennai,Tamil Nadu,South,Premium,Referral
C05145,2025-02-21 10:44:30,31.0,Male,Ahmedabad,Gujarat,West,Premium,Organic
C05146,2025-06-08 06:07:35,22.0,Female,Hyderabad,Telangana,South,Basic,Organic
C05147,2025-11-13 22:30:32,57.0,Male,Lucknow,Uttar Pradesh,North,Basic,Social Media
C05148,2025-06-13 16:58:28,55.0,Male,Chennai,Tamil Nadu,South,Premium,Paid Ads
C05149,2025-01-29 22:32:21,51.0,Male,Delhi,Delhi,North,Basic,Referral
C05150,2025-10-26 08:59:33,41.0,Female,Bhubaneswar,Odisha,East,Free,Organic
C05151,2025-11-17 01:34:57,21.0,Female,Mumbai,Maharashtra,West,Free,Referral
C05152,2025-05-27 21:51:11,44.0,Female,Bhubaneswar,Odisha,East,Free,Organic
C05153,2025-06-29 06:39:47,22.0,Male,Chennai,Tamil Nadu,South,Premium,Organic
C05154,2025-01-22 11:09:52,60.0,Male,Hyderabad,Telangana,South,Basic,Paid Ads
C05155,2025-02-22 23:51:23,30.0,Female,Jaipur,Rajasthan,North,Free,Social Media
C05156,2025-10-12 13:11:11,57.0,Female,Mumbai,Maharashtra,West,Free,Organic
C05157,2025-05-16 20:00:32,38.0,Female,Bhubaneswar,Odisha,East,Free,Organic
C05158,2025-06-30 13:13:51,54.0,Female,Jaipur,Rajasthan,North,Basic,Organic
C05159,2025-03-09 19:46:24,49.0,Male,Mumbai,Maharashtra,West,Basic,Paid Ads
C05160,2025-04-23 09:29:19,55.0,Female,Guwahati,Assam,East,Free,Organic
C05161,2025-05-11 11:28:37,48.0,Female,Delhi,Delhi,North,Free,Organic
C05162,2025-05-31 14:18:57,49.0,Female,Kolkata,West Bengal,East,Basic,Email
C05163,2025-10-31 23:49:41,32.0,Female,Mumbai,Maharashtra,West,Premium,Organic
C05164,2025-06-04 23:57:09,47.0,Male,Pune,Maharashtra,West,Premium,Paid Ads
C05165,2025-02-28 21:41:15,60.0,Female,Bhubaneswar,Odisha,East,Free,Email
C05166,2025-07-16 14:30:18,24.0,Female,Bengaluru,Karnataka,South,Free,Organic
C05167,2025-06-02 16:05:54,55.0,Male,Kolkata,West Bengal,East,Free,Referral
C05168,2025-06-13 11:55:19,48.0,Male,Guwahati,Assam,East,Basic,Paid Ads
C05169,2025-10-08 16:06:50,43.0,Female,Bhubaneswar,Odisha,East,Basic,Email
C05170,2025-09-12 18:17:07,53.0,Male,Chennai,Tamil Nadu,South,Free,Email
C05171,2025-02-27 19:54:36,60.0,Female,Pune,Maharashtra,West,Basic,Paid Ads
C05172,2025-06-15 22:04:51,43.0,Male,Jaipur,Rajasthan,North,Free,Organic
C05173,2025-10-20 07:06:24,19.0,Female,Kolkata,West Bengal,East,Premium,Paid Ads
C05174,2025-07-03 00:55:17,60.0,Male,Kolkata,West Bengal,East,Free,Email
C05175,2025-06-10 21:53:08,60.0,Male,Ahmedabad,Gujarat,West,Free,Organic
C05176,2025-05-24 22:22:16,26.0,Female,Chennai,Tamil Nadu,South,Basic,Email
C05177,2025-01-12 01:11:58,22.0,Female,Chennai,Tamil Nadu,South,Basic,Social Media
C05178,2025-11-16 07:28:29,44.0,Male,Kolkata,West Bengal,East,Basic,Organic
C05179,2025-01-30 16:47:42,29.0,Male,Lucknow,Uttar Pradesh,North,Premium,Social Media
C05180,2025-11-11 01:25:12,52.0,Female,Bengaluru,Karnataka,South,Free,Organic
C05181,2025-10-18 11:35:39,46.0,Female,Pune,Maharashtra,West,Free,Referral
C05182,2025-08-17 09:02:18,33.0,Female,Chennai,Tamil Nadu,South,Premium,Paid Ads
C05183,2025-08-12 17:22:31,36.0,Female,Guwahati,Assam,East,Basic,Paid Ads
C05184,2025-09-16 14:22:54,,Male,Bengaluru,Karnataka,South,Free,Paid Ads
C05185,2025-01-26 23:43:50,44.0,Female,Jaipur,Rajasthan,North,Basic,Paid Ads
C05186,2025-08-10 20:40:49,35.0,Female,Chennai,Tamil Nadu,South,Basic,Referral
C05187,2025-09-15 12:58:53,58.0,Female,Lucknow,Uttar Pradesh,North,Free,Referral
C05188,2025-10-10 03:52:50,,Female,Pune,Maharashtra,West,Free,Email
C05189,2025-03-24 15:48:37,47.0,Female,Chennai,Tamil Nadu,South,Free,Social Media
C05190,2025-02-08 17:30:01,43.0,Female,Mumbai,Maharashtra,West,Free,Referral
C05191,2025-05-18 08:11:50,23.0,Female,Ahmedabad,Gujarat,West,Premium,Paid Ads
C05192,2025-04-08 15:12:27,20.0,Female,Lucknow,Uttar Pradesh,North,Free,Organic
C05193,2025-02-15 15:52:05,40.0,Female,Hyderabad,Telangana,South,Free,Organic
C05194,2025-03-05 20:34:12,29.0,Female,Bengaluru,Karnataka,South,Basic,Paid Ads
C05195,2025-04-08 15:37:07,58.0,Female,Guwahati,Assam,East,Basic,Referral
C05196,2025-09-04 21:09:37,58.0,Male,Chennai,Tamil Nadu,South,Basic,Referral
C05197,2025-04-17 02:45:12,32.0,Male,Lucknow,Uttar Pradesh,North,Free,Email
C05198,2025-02-25 04:23:41,18.0,Female,Bhubaneswar,Odisha,East,Premium,Paid Ads
C05199,2025-06-15 12:07:50,25.0,Female,Ahmedabad,Gujarat,West,Basic,Referral
C05200,2025-02-24 23:04:22,48.0,Male,Ahmedabad,Gujarat,West,Free,Email
C05201,2025-10-21 14:00:19,28.0,Male,Mumbai,Maharashtra,West,Basic,Paid Ads
C05202,2025-11-07 21:52:13,34.0,Male,Hyderabad,Telangana,South,Free,Paid Ads
C05203,2025-11-09 14:12:47,44.0,Male,Lucknow,Uttar Pradesh,North,Premium,Email
C05204,2025-02-27 01:05:08,48.0,Male,Delhi,Delhi,North,Basic,Referral
C05205,2025-01-29 10:53:09,44.0,Female,Chennai,Tamil Nadu,South,Premium,Social Media
C05206,2025-07-20 01:51:23,31.0,Female,Ahmedabad,Gujarat,West,Free,Email
C05207,2025-07-30 12:06:02,40.0,Female,Hyderabad,Telangana,South,Premium,Referral
C05208,2025-09-27 19:23:55,22.0,Male,Pune,Maharashtra,West,Basic,Organic
C05209,2025-09-22 10:06:09,47.0,Female,Bengaluru,Karnataka,South,Basic,Social Media
C05210,2025-08-04 09:31:15,51.0,Female,Guwahati,Assam,East,Free,Social Media
C05211,2025-06-18 05:15:10,36.0,Male,Bengaluru,Karnataka,South,Premium,Organic
C05212,2025-09-14 20:10:52,48.0,Male,Bhubaneswar,Odisha,East,Free,Referral
C05213,2025-06-16 10:00:51,33.0,Female,Pune,Maharashtra,West,Free,Paid Ads
C05214,2025-07-27 10:18:20,44.0,Female,Delhi,Delhi,North,Basic,Social Media
C05215,2025-02-13 08:17:39,43.0,Female,Pune,Maharashtra,West,Free,Organic
C05216,2025-02-12 12:17:58,56.0,Male,Jaipur,Rajasthan,North,Free,Paid Ads
C05217,2025-07-27 08:40:28,46.0,Female,Ahmedabad,Gujarat,West,Basic,Referral
C05218,2025-07-26 22:06:46,56.0,Male,Delhi,Delhi,North,Free,Paid Ads
C05219,2025-04-19 16:21:42,46.0,Female,Guwahati,Assam,East,Premium,Email
C05220,2025-06-02 07:43:29,48.0,Female,Kolkata,West Bengal,East,Basic,Email
C05221,2025-08-15 03:56:36,19.0,Male,Ahmedabad,Gujarat,West,Basic,Organic
C05222,2025-09-07 13:58:17,23.0,Male,Pune,Maharashtra,West,Free,Organic
C05223,2025-01-12 17:16:33,26.0,Male,Kolkata,West Bengal,East,Basic,Organic
C05224,2025-11-19 16:48:31,32.0,Male,Mumbai,Maharashtra,West,Basic,Paid Ads
C05225,2025-08-13 17:21:24,37.0,Male,Mumbai,Maharashtra,West,Free,Referral
C05226,2025-02-22 19:58:51,19.0,Female,Kolkata,West Bengal,East,Free,Paid Ads
C05227,2025-03-11 02:15:33,20.0,Female,Jaipur,Rajasthan,North,Free,Organic
C05228,2025-08-07 05:02:07,47.0,Female,Chennai,Tamil Nadu,South,Basic,Organic
C05229,2025-08-21 13:13:25,25.0,Female,Bhubaneswar,Odisha,East,Basic,Organic
C05230,2025-06-20 07:26:38,57.0,Female,Lucknow,Uttar Pradesh,North,Free,Paid Ads
C05231,2025-02-08 19:21:24,38.0,Female,Jaipur,Rajasthan,North,Basic,Referral
C05232,2025-09-10 13:57:39,56.0,Male,Ahmedabad,Gujarat,West,Premium,Paid Ads
C05233,2025-06-23 22:44:57,60.0,Female,Lucknow,Uttar Pradesh,North,Free,Organic
C05234,2025-03-16 02:47:04,30.0,Male,Pune,Maharashtra,West,Basic,Social Media
C05235,2025-02-01 07:33:30,57.0,Male,Pune,Maharashtra,West,Premium,Social Media
C05236,2025-11-05 02:14:55,58.0,Female,Bhubaneswar,Odisha,East,Premium,Organic
C05237,2025-04-12 22:15:41,54.0,Female,Lucknow,Uttar Pradesh,North,Free,Paid Ads
C05238,2025-05-17 07:37:59,49.0,Female,Delhi,Delhi,North,Free,Organic
C05239,2025-04-03 20:02:51,31.0,Male,Bhubaneswar,Odisha,East,Premium,Organic
C05240,2025-01-27 12:45:26,18.0,Male,Ahmedabad,Gujarat,West,Free,Social Media
C05241,2025-11-12 02:16:10,44.0,Female,Hyderabad,Telangana,South,Basic,Paid Ads
C05242,2025-09-07 04:43:10,41.0,Male,Pune,Maharashtra,West,Basic,Referral
C05243,2025-05-09 19:12:24,39.0,Male,Ahmedabad,Gujarat,West,Basic,Email
C05244,2025-09-17 16:20:15,31.0,Male,Chennai,Tamil Nadu,South,Free,Social Media
C05245,2025-04-25 19:58:00,25.0,Other,Lucknow,Uttar Pradesh,North,Premium,Paid Ads
C05246,2025-09-04 02:09:58,44.0,Male,Delhi,Delhi,North,Free,Paid Ads
C05247,2025-04-23 16:59:24,20.0,Female,Hyderabad,Telangana,South,Basic,Organic
C05248,2025-10-31 08:15:43,50.0,Female,Chennai,Tamil Nadu,South,Free,Social Media
C05249,2025-01-23 09:15:16,38.0,Female,Mumbai,Maharashtra,West,Free,Organic
C05250,2025-09-10 09:53:58,49.0,Female,Pune,Maharashtra,West,Free,Organic
C05251,2025-04-21 07:34:40,57.0,Female,Ahmedabad,Gujarat,West,Premium,Organic
C05252,2025-08-07 20:10:03,58.0,Other,Bengaluru,Karnataka,South,Basic,Organic
C05253,2025-01-25 15:45:04,58.0,Female,Delhi,Delhi,North,Basic,Referral
C05254,2025-01-14 09:43:16,49.0,Male,Guwahati,Assam,East,Basic,Social Media
C05255,2025-02-22 06:16:40,,Male,Bengaluru,Karnataka,South,Free,Email
C05256,2025-05-11 16:37:10,28.0,Female,Mumbai,Maharashtra,West,Basic,Social Media
C05257,2025-01-07 06:11:24,54.0,Female,Kolkata,West Bengal,East,Free,Organic
C05258,2025-11-20 14:20:30,38.0,Female,Jaipur,Rajasthan,North,Basic,Organic
C05259,2025-07-13 22:20:47,35.0,Female,Pune,Maharashtra,West,Free,Organic
C05260,2025-09-20 18:10:39,28.0,Female,Bengaluru,Karnataka,South,Premium,Organic
C05261,2025-06-15 10:04:11,44.0,Male,Guwahati,Assam,East,Basic,Referral
C05262,2025-01-12 08:39:16,60.0,Male,Hyderabad,Telangana,South,Free,Email
C05263,2025-07-02 07:41:18,55.0,Female,Jaipur,Rajasthan,North,Free,Referral
C05264,2025-03-30 21:21:11,18.0,Male,Guwahati,Assam,East,Free,Social Media
C05265,2025-02-22 03:14:03,46.0,Male,Bengaluru,Karnataka,South,Premium,Paid Ads
C05266,2025-06-16 19:17:53,38.0,Female,Lucknow,Uttar Pradesh,North,Free,Paid Ads
C05267,2025-01-11 21:08:38,46.0,Male,Pune,Maharashtra,West,Free,Email
C05268,2025-04-15 00:48:09,26.0,Male,Pune,Maharashtra,West,Free,Social Media
C05269,2025-10-26 20:34:44,,Female,Bengaluru,Karnataka,South,Premium,Paid Ads
C05270,2025-07-24 08:57:19,55.0,Female,Pune,Maharashtra,West,Basic,Paid Ads
C05271,2025-04-22 10:59:36,48.0,Male,Bhubaneswar,Odisha,East,Free,Organic
C05272,2025-05-09 05:56:02,44.0,Female,Bhubaneswar,Odisha,East,Basic,Social Media
C05273,2025-05-26 08:47:28,59.0,Female,Ahmedabad,Gujarat,West,Premium,Organic
C05274,2025-05-10 20:59:47,49.0,Male,Chennai,Tamil Nadu,South,Basic,Paid Ads
C05275,2025-04-06 10:30:56,22.0,Male,Ahmedabad,Gujarat,West,Free,Referral
C05276,2025-02-01 16:09:37,50.0,Male,Bhubaneswar,Odisha,East,Free,Social Media
C05277,2025-10-06 12:15:43,32.0,Female,Bhubaneswar,Odisha,East,Free,Organic
C05278,2025-10-11 01:30:21,22.0,Female,Ahmedabad,Gujarat,West,Free,Organic
C05279,2025-02-19 17:16:15,37.0,Female,Hyderabad,Telangana,South,Basic,Referral
C05280,2025-06-26 02:39:41,55.0,Female,Mumbai,Maharashtra,West,Basic,Paid Ads
C05281,2025-03-22 10:44:32,54.0,Male,Bengaluru,Karnataka,South,Premium,Organic
C05282,2025-02-24 23:20:43,34.0,Male,Ahmedabad,Gujarat,West,Basic,Email
C05283,2025-11-11 19:08:35,21.0,Male,Bhubaneswar,Odisha,East,Free,Social Media
C05284,2025-10-22 02:35:55,38.0,Male,Bengaluru,Karnataka,South,Basic,Referral
C05285,2025-03-11 06:22:53,51.0,Female,Ahmedabad,Gujarat,West,Basic,Referral
C05286,2025-01-18 22:50:10,57.0,Female,Lucknow,Uttar Pradesh,North,Free,Organic
C05287,2025-01-10 11:45:01,22.0,Male,Chennai,Tamil Nadu,South,Basic,Email
C05288,2025-05-14 03:48:36,21.0,Male,Guwahati,Assam,East,Free,Email
C05289,2025-08-01 07:59:16,39.0,Male,Kolkata,West Bengal,East,Free,Referral
C05290,2025-07-10 11:35:21,31.0,Female,Jaipur,Rajasthan,North,Basic,Referral
C05291,2025-10-18 20:02:09,21.0,Female,Ahmedabad,Gujarat,West,Free,Referral
C05292,2025-11-13 09:09:08,25.0,Female,Guwahati,Assam,East,Basic,Referral
C05293,2025-07-01 01:27:20,20.0,Male,Bhubaneswar,Odisha,East,Free,Paid Ads
C05294,2025-11-12 01:40:36,46.0,Male,Bhubaneswar,Odisha,East,Premium,Referral
C05295,2025-05-06 09:54:18,43.0,Male,Chennai,Tamil Nadu,South,Premium,Organic
C05296,2025-11-15 16:50:25,47.0,Other,Kolkata,West Bengal,East,Premium,Paid Ads
C05297,2025-10-14 22:43:34,29.0,Female,Mumbai,Maharashtra,West,Premium,Paid Ads
C05298,2025-08-05 10:12:15,32.0,Female,Lucknow,Uttar Pradesh,North,Premium,Organic
C05299,2025-07-16 22:39:26,58.0,Female,Ahmedabad,Gujarat,West,Basic,Social Media
C05300,2025-07-15 06:01:25,19.0,Female,Bhubaneswar,Odisha,East,Premium,Paid Ads
C05301,2025-11-23 13:43:19,18.0,Male,Hyderabad,Telangana,South,Basic,Referral
C05302,2025-10-17 07:17:45,45.0,Male,Guwahati,Assam,East,Basic,Organic
C05303,2025-07-26 07:33:08,57.0,Female,Chennai,Tamil Nadu,South,Free,Paid Ads
C05304,2025-03-14 17:22:09,52.0,Male,Bengaluru,Karnataka,South,Basic,Social Media
C05305,2025-10-24 11:38:14,51.0,Male,Mumbai,Maharashtra,West,Premium,Paid Ads
C05306,2025-08-26 04:22:30,21.0,Female,Delhi,Delhi,North,Basic,Referral
C05307,2025-08-28 14:27:35,35.0,Female,Ahmedabad,Gujarat,West,Free,Referral
C05308,2025-04-15 16:49:42,29.0,Female,Pune,Maharashtra,West,Basic,Paid Ads
C05309,2025-09-09 19:31:43,38.0,Male,Bengaluru,Karnataka,South,Basic,Paid Ads
C05310,2025-07-29 07:02:49,27.0,Male,Hyderabad,Telangana,South,Basic,Organic
C05311,2025-02-19 09:39:34,38.0,Female,Pune,Maharashtra,West,Basic,Referral
C05312,2025-07-25 04:59:08,57.0,Female,Delhi,Delhi,North,Free,Referral
C05313,2025-05-16 12:48:24,42.0,Female,Bengaluru,Karnataka,South,Premium,Referral
C05314,2025-11-23 00:58:06,34.0,Female,Chennai,Tamil Nadu,South,Basic,Organic
C05315,2025-08-25 23:31:13,23.0,Female,Ahmedabad,Gujarat,West,Free,Organic
C05316,2025-11-30 19:26:14,31.0,Male,Ahmedabad,Gujarat,West,Basic,Organic
C05317,2025-06-04 02:54:49,54.0,Male,Mumbai,Maharashtra,West,Free,Organic
C05318,2025-05-24 19:38:22,57.0,Male,Chennai,Tamil Nadu,South,Free,Paid Ads
C05319,2025-10-25 19:23:54,57.0,Female,Guwahati,Assam,East,Premium,Organic
C05320,2025-08-03 08:41:00,35.0,Male,Jaipur,Rajasthan,North,Premium,Referral
C05321,2025-11-23 22:00:30,47.0,Female,Pune,Maharashtra,West,Free,Email
C05322,2025-10-01 10:07:37,26.0,Female,Mumbai,Maharashtra,West,Free,Organic
C05323,2025-10-30 00:20:50,31.0,Male,Pune,Maharashtra,West,Free,Email
C05324,2025-01-06 07:24:56,34.0,Female,Chennai,Tamil Nadu,South,Premium,Referral
C05325,2025-07-15 14:45:51,51.0,Female,Bhubaneswar,Odisha,East,Premium,Social Media
C05326,2025-04-08 06:37:17,39.0,Female,Lucknow,Uttar Pradesh,North,Free,Organic
C05327,2025-04-05 19:33:34,49.0,Female,Kolkata,West Bengal,East,Free,Email
C05328,2025-04-10 21:49:01,29.0,Male,Kolkata,West Bengal,East,Free,Email
C05329,2025-03-20 06:15:14,33.0,Male,Pune,Maharashtra,West,Premium,Email
C05330,2025-10-17 20:22:40,39.0,Male,Jaipur,Rajasthan,North,Free,Social Media
C05331,2025-01-17 01:03:47,55.0,Female,Ahmedabad,Gujarat,West,Basic,Organic
C05332,2025-05-08 06:20:13,56.0,Female,Mumbai,Maharashtra,West,Basic,Organic
C05333,2025-08-22 08:09:52,19.0,Female,Guwahati,Assam,East,Free,Email
C05334,2025-04-09 02:45:07,25.0,Male,Mumbai,Maharashtra,West,Free,Organic
C05335,2025-01-08 05:47:51,18.0,Female,Hyderabad,Telangana,South,Free,Paid Ads
C05336,2025-05-16 02:38:55,58.0,Other,Chennai,Tamil Nadu,South,Basic,Organic
C05337,2025-08-31 10:52:42,57.0,Female,Ahmedabad,Gujarat,West,Basic,Referral
C05338,2025-04-13 04:40:06,58.0,Male,Jaipur,Rajasthan,North,Basic,Referral
C05339,2025-04-05 05:41:50,22.0,Female,Bengaluru,Karnataka,South,Free,Email
C05340,2025-11-12 01:53:15,53.0,Male,Kolkata,West Bengal,East,Free,Email
C05341,2025-06-22 09:28:00,34.0,Male,Chennai,Tamil Nadu,South,Free,Paid Ads
C05342,2025-06-05 00:00:57,58.0,Male,Bengaluru,Karnataka,South,Free,Referral
C05343,2025-09-09 20:56:56,47.0,Male,Guwahati,Assam,East,Basic,Paid Ads
C05344,2025-03-09 15:09:25,32.0,Female,Bhubaneswar,Odisha,East,Premium,Organic
C05345,2025-10-12 01:30:23,37.0,Male,Bengaluru,Karnataka,South,Premium,Social Media
C05346,2025-05-09 18:54:09,53.0,Female,Lucknow,Uttar Pradesh,North,Basic,Referral
C05347,2025-09-21 07:48:34,19.0,Male,Guwahati,Assam,East,Basic,Paid Ads
C05348,2025-06-30 21:22:10,21.0,Male,Mumbai,Maharashtra,West,Premium,Organic
C05349,2025-06-23 07:36:28,41.0,Male,Mumbai,Maharashtra,West,Basic,Referral
C05350,2025-10-19 17:58:28,59.0,Male,Lucknow,Uttar Pradesh,North,Basic,Paid Ads
C05351,2025-09-27 10:34:26,19.0,Male,Jaipur,Rajasthan,North,Free,Organic
C05352,2025-05-26 00:45:14,19.0,Female,Bengaluru,Karnataka,South,Free,Social Media
C05353,2025-02-01 18:29:56,18.0,Other,Mumbai,Maharashtra,West,Free,Organic
C05354,2025-11-25 07:40:29,30.0,Male,Jaipur,Rajasthan,North,Premium,Paid Ads
C05355,2025-01-13 07:31:32,23.0,Male,Jaipur,Rajasthan,North,Basic,Social Media
C05356,2025-03-01 10:44:31,39.0,Male,Mumbai,Maharashtra,West,Free,Social Media
C05357,2025-08-28 01:14:03,34.0,Female,Bhubaneswar,Odisha,East,Basic,Social Media
C05358,2025-03-13 08:34:32,39.0,Female,Hyderabad,Telangana,South,Free,Email
C05359,2025-08-28 06:13:52,60.0,Female,Hyderabad,Telangana,South,Premium,Organic
C05360,2025-04-02 03:40:45,23.0,Male,Ahmedabad,Gujarat,West,Free,Email
C05361,2025-06-17 17:47:22,20.0,Male,Delhi,Delhi,North,Basic,Organic
C05362,2025-07-09 10:21:17,23.0,Male,Bhubaneswar,Odisha,East,Basic,Organic
C05363,2025-09-29 13:07:52,34.0,Female,Lucknow,Uttar Pradesh,North,Premium,Organic
C05364,2025-03-19 01:29:24,52.0,Male,Jaipur,Rajasthan,North,Basic,Email
C05365,2025-10-14 02:12:19,54.0,Female,Lucknow,Uttar Pradesh,North,Premium,Paid Ads
C05366,2025-05-14 02:36:49,52.0,Female,Chennai,Tamil Nadu,South,Free,Paid Ads
C05367,2025-04-05 05:38:03,40.0,Female,Lucknow,Uttar Pradesh,North,Free,Organic
C05368,2025-03-05 06:02:48,25.0,Male,Ahmedabad,Gujarat,West,Free,Organic
C05369,2025-05-04 12:03:01,24.0,Female,Hyderabad,Telangana,South,Basic,Referral
C05370,2025-08-23 03:42:22,27.0,Male,Guwahati,Assam,East,Free,Organic
C05371,2025-11-13 19:32:52,43.0,Other,Ahmedabad,Gujarat,West,Free,Referral
C05372,2025-02-05 19:20:22,27.0,Male,Ahmedabad,Gujarat,West,Basic,Social Media
C05373,2025-02-05 15:03:32,36.0,Male,Ahmedabad,Gujarat,West,Basic,Referral
C05374,2025-07-18 03:31:35,40.0,Male,Hyderabad,Telangana,South,Basic,Social Media
C05375,2025-06-27 00:06:47,48.0,Female,Ahmedabad,Gujarat,West,Free,Organic
C05376,2025-02-02 02:20:12,50.0,Male,Chennai,Tamil Nadu,South,Premium,Organic
C05377,2025-11-21 23:10:41,19.0,Male,Jaipur,Rajasthan,North,Basic,Social Media
C05378,2025-06-21 06:17:02,45.0,Male,Mumbai,Maharashtra,West,Free,Social Media
C05379,2025-04-10 20:08:25,49.0,Male,Hyderabad,Telangana,South,Basic,Paid Ads
C05380,2025-08-16 20:00:55,50.0,Female,Bhubaneswar,Odisha,East,Free,Social Media
C05381,2025-07-18 22:44:34,26.0,Male,Bhubaneswar,Odisha,East,Basic,Paid Ads
C05382,2025-02-14 14:35:02,46.0,Female,Pune,Maharashtra,West,Free,Organic
C05383,2025-04-13 07:34:58,32.0,Female,Pune,Maharashtra,West,Premium,Paid Ads
C05384,2025-11-29 06:33:34,35.0,Female,Bhubaneswar,Odisha,East,Premium,Organic
C05385,2025-02-02 00:14:45,35.0,Male,Jaipur,Rajasthan,North,Free,Paid Ads
C05386,2025-01-31 10:07:45,24.0,Male,Delhi,Delhi,North,Free,Organic
C05387,2025-04-14 07:55:49,31.0,Female,Pune,Maharashtra,West,Free,Organic
C05388,2025-02-14 13:51:51,46.0,Female,Bengaluru,Karnataka,South,Basic,Email
C05389,2025-11-06 04:48:29,36.0,Male,Delhi,Delhi,North,Free,Organic
C05390,2025-02-21 04:01:04,22.0,Female,Hyderabad,Telangana,South,Basic,Organic
C05391,2025-10-23 22:52:46,58.0,Female,Guwahati,Assam,East,Free,Email
C05392,2025-07-18 18:31:35,22.0,Male,Lucknow,Uttar Pradesh,North,Basic,Referral
C05393,2025-02-15 19:48:43,32.0,Female,Chennai,Tamil Nadu,South,Free,Referral
C05394,2025-06-30 03:30:32,43.0,Female,Lucknow,Uttar Pradesh,North,Premium,Social Media
C05395,2025-05-09 20:35:44,41.0,Male,Jaipur,Rajasthan,North,Free,Paid Ads
C05396,2025-02-06 04:42:28,36.0,Male,Pune,Maharashtra,West,Basic,Organic
C05397,2025-11-18 18:35:39,37.0,Male,Guwahati,Assam,East,Basic,Paid Ads
C05398,2025-09-10 22:03:17,60.0,Male,Ahmedabad,Gujarat,West,Basic,Social Media
C05399,2025-01-28 19:23:31,26.0,Female,Mumbai,Maharashtra,West,Free,Social Media
C05400,2025-07-27 12:17:17,45.0,Female,Bengaluru,Karnataka,South,Free,Organic
C05401,2025-06-20 02:14:34,33.0,Female,Pune,Maharashtra,West,Basic,Organic
C05402,2025-08-11 17:17:40,28.0,Female,Chennai,Tamil Nadu,South,Premium,Paid Ads
C05403,2025-01-16 04:15:25,,Male,Hyderabad,Telangana,South,Free,Referral
C05404,2025-04-28 05:36:29,42.0,Male,Ahmedabad,Gujarat,West,Free,Organic
C05405,2025-01-28 17:43:31,57.0,Female,Mumbai,Maharashtra,West,Free,Email
C05406,2025-11-27 19:32:28,38.0,Female,Hyderabad,Telangana,South,Basic,Email
C05407,2025-01-19 00:34:14,22.0,Female,Chennai,Tamil Nadu,South,Basic,Referral
C05408,2025-11-11 09:35:33,28.0,Other,Ahmedabad,Gujarat,West,Basic,Email
C05409,2025-05-13 08:03:14,60.0,Male,Mumbai,Maharashtra,West,Free,Organic
C05410,2025-09-30 17:57:28,26.0,Female,Jaipur,Rajasthan,North,Free,Social Media
C05411,2025-04-25 08:18:21,28.0,Female,Delhi,Delhi,North,Basic,Referral
C05412,2025-08-24 00:21:07,54.0,Male,Mumbai,Maharashtra,West,Free,Organic
C05413,2025-07-28 19:53:34,58.0,Male,Jaipur,Rajasthan,North,Free,Paid Ads
C05414,2025-05-12 13:07:11,18.0,Other,Kolkata,West Bengal,East,Basic,Paid Ads
C05415,2025-10-01 23:53:46,43.0,Male,Guwahati,Assam,East,Free,Social Media
C05416,2025-11-05 09:32:20,27.0,Male,Ahmedabad,Gujarat,West,Premium,Social Media
C05417,2025-10-13 15:34:37,57.0,Female,Mumbai,Maharashtra,West,Free,Referral
C05418,2025-07-30 02:23:14,36.0,Female,Ahmedabad,Gujarat,West,Free,Social Media
C05419,2025-04-02 16:10:47,33.0,Female,Mumbai,Maharashtra,West,Free,Organic
C05420,2025-06-02 18:50:34,,Female,Ahmedabad,Gujarat,West,Basic,Social Media
C05421,2025-04-02 12:39:34,58.0,Female,Kolkata,West Bengal,East,Basic,Referral
C05422,2025-09-06 23:28:58,21.0,Female,Ahmedabad,Gujarat,West,Basic,Organic
C05423,2025-02-04 21:17:46,31.0,Male,Chennai,Tamil Nadu,South,Free,Email
C05424,2025-06-15 09:32:46,47.0,Female,Pune,Maharashtra,West,Free,Paid Ads
C05425,2025-01-08 22:39:02,24.0,Male,Ahmedabad,Gujarat,West,Free,Social Media
C05426,2025-10-13 06:45:11,29.0,Male,Delhi,Delhi,North,Premium,Paid Ads
C05427,2025-02-11 05:42:14,41.0,Female,Hyderabad,Telangana,South,Free,Email
C05428,2025-11-12 14:32:34,56.0,Male,Mumbai,Maharashtra,West,Basic,Organic
C05429,2025-10-28 21:50:58,60.0,Female,Lucknow,Uttar Pradesh,North,Premium,Referral
C05430,2025-10-30 08:19:29,39.0,Male,Lucknow,Uttar Pradesh,North,Free,Organic
C05431,2025-08-24 23:22:20,,Female,Jaipur,Rajasthan,North,Basic,Organic
C05432,2025-03-03 14:29:52,56.0,Male,Kolkata,West Bengal,East,Free,Organic
C05433,2025-07-29 15:23:16,37.0,Male,Delhi,Delhi,North,Free,Paid Ads
C05434,2025-11-24 00:43:15,43.0,Male,Kolkata,West Bengal,East,Free,Social Media
C05435,2025-10-09 19:59:11,22.0,Male,Delhi,Delhi,North,Premium,Paid Ads
C05436,2025-11-04 22:14:38,57.0,Female,Delhi,Delhi,North,Free,Referral
C05437,2025-09-11 04:50:36,59.0,Female,Bhubaneswar,Odisha,East,Free,Email
C05438,2025-06-13 19:40:42,23.0,Female,Hyderabad,Telangana,South,Free,Social Media
C05439,2025-03-10 19:27:13,51.0,Male,Kolkata,West Bengal,East,Free,Organic
C05440,2025-11-13 14:54:40,22.0,Male,Bengaluru,Karnataka,South,Premium,Organic
C05441,2025-02-03 15:19:09,27.0,Male,Ahmedabad,Gujarat,West,Free,Organic
C05442,2025-06-28 04:14:37,45.0,Male,Bhubaneswar,Odisha,East,Premium,Organic
C05443,2025-04-13 18:09:22,20.0,Female,Bhubaneswar,Odisha,East,Basic,Paid Ads
C05444,2025-09-29 19:38:04,30.0,Male,Chennai,Tamil Nadu,South,Premium,Social Media
C05445,2025-03-07 01:35:01,19.0,Female,Guwahati,Assam,East,Free,Organic
C05446,2025-03-28 15:36:12,52.0,Male,Guwahati,Assam,East,Free,Paid Ads
C05447,2025-03-28 01:06:57,45.0,Female,Pune,Maharashtra,West,Basic,Paid Ads
C05448,2025-09-04 22:45:13,54.0,Female,Jaipur,Rajasthan,North,Free,Referral
C05449,2025-11-27 19:24:30,40.0,Male,Lucknow,Uttar Pradesh,North,Basic,Email
C05450,2025-04-15 14:56:54,60.0,Female,Bhubaneswar,Odisha,East,Free,Email
C05451,2025-11-08 05:07:38,40.0,Female,Mumbai,Maharashtra,West,Premium,Referral
C05452,2025-11-16 10:01:42,52.0,Female,Guwahati,Assam,East,Free,Paid Ads
C05453,2025-01-02 13:34:18,58.0,Female,Bhubaneswar,Odisha,East,Free,Referral
C05454,2025-05-06 15:34:21,56.0,Female,Mumbai,Maharashtra,West,Basic,Referral
C05455,2025-03-03 23:07:20,49.0,Female,Lucknow,Uttar Pradesh,North,Free,Paid Ads
C05456,2025-01-12 22:28:26,19.0,Male,Guwahati,Assam,East,Free,Social Media
C05457,2025-02-12 22:41:08,33.0,Male,Mumbai,Maharashtra,West,Free,Paid Ads
C05458,2025-11-24 13:38:09,33.0,Male,Ahmedabad,Gujarat,West,Free,Email
C05459,2025-02-09 18:29:02,20.0,Male,Chennai,Tamil Nadu,South,Free,Organic
C05460,2025-03-22 23:05:27,45.0,Other,Hyderabad,Telangana,South,Free,Paid Ads
C05461,2025-04-01 23:36:43,,Male,Chennai,Tamil Nadu,South,Free,Paid Ads
C05462,2025-09-16 08:56:09,37.0,Female,Mumbai,Maharashtra,West,Free,Social Media
C05463,2025-01-21 22:25:45,53.0,Male,Kolkata,West Bengal,East,Free,Organic
C05464,2025-11-18 21:27:38,50.0,Male,Ahmedabad,Gujarat,West,Basic,Paid Ads
C05465,2025-07-12 14:49:45,39.0,Female,Mumbai,Maharashtra,West,Free,Referral
C05466,2025-06-23 19:57:15,25.0,Male,Mumbai,Maharashtra,West,Free,Referral
C05467,2025-10-23 14:11:18,41.0,Female,Hyderabad,Telangana,South,Premium,Referral
C05468,2025-08-18 10:06:05,54.0,Female,Chennai,Tamil Nadu,South,Basic,Paid Ads
C05469,2025-04-29 05:08:28,37.0,Female,Hyderabad,Telangana,South,Free,Social Media
C05470,2025-10-13 01:09:24,29.0,Female,Ahmedabad,Gujarat,West,Premium,Referral
C05471,2025-01-03 04:08:28,37.0,Female,Jaipur,Rajasthan,North,Basic,Social Media
C05472,2025-05-07 16:52:02,37.0,Female,Pune,Maharashtra,West,Free,Social Media
C05473,2025-01-01 09:47:21,21.0,Male,Bhubaneswar,Odisha,East,Premium,Organic
C05474,2025-03-27 06:46:09,47.0,Female,Lucknow,Uttar Pradesh,North,Free,Referral
C05475,2025-10-05 06:28:16,48.0,Other,Bhubaneswar,Odisha,East,Premium,Organic
C05476,2025-11-30 19:17:24,39.0,Female,Mumbai,Maharashtra,West,Free,Paid Ads
C05477,2025-11-23 13:22:18,32.0,Male,Pune,Maharashtra,West,Free,Paid Ads
C05478,2025-09-30 10:14:11,55.0,Female,Delhi,Delhi,North,Basic,Social Media
C05479,2025-09-01 09:22:50,54.0,Female,Chennai,Tamil Nadu,South,Free,Organic
C05480,2025-06-06 20:29:35,45.0,Male,Mumbai,Maharashtra,West,Free,Referral
C05481,2025-09-13 13:13:45,28.0,Female,Bengaluru,Karnataka,South,Basic,Organic
C05482,2025-04-03 10:38:06,31.0,Female,Mumbai,Maharashtra,West,Free,Email
C05483,2025-10-28 17:39:50,28.0,Female,Mumbai,Maharashtra,West,Premium,Paid Ads
C05484,2025-07-31 14:29:02,26.0,Male,Delhi,Delhi,North,Free,Referral
C05485,2025-07-20 23:35:56,41.0,Male,Jaipur,Rajasthan,North,Premium,Referral
C05486,2025-07-23 02:42:32,27.0,Female,Hyderabad,Telangana,South,Free,Paid Ads
C05487,2025-07-30 22:38:39,55.0,Female,Guwahati,Assam,East,Basic,Email
C05488,2025-08-03 09:01:57,60.0,Male,Lucknow,Uttar Pradesh,North,Free,Referral
C05489,2025-05-21 00:34:24,58.0,Male,Lucknow,Uttar Pradesh,North,Basic,Paid Ads
C05490,2025-01-04 18:21:02,54.0,Male,Hyderabad,Telangana,South,Free,Paid Ads
C05491,2025-02-07 09:29:51,59.0,Female,Kolkata,West Bengal,East,Free,Email
C05492,2025-11-14 00:15:51,49.0,Other,Jaipur,Rajasthan,North,Free,Organic
C05493,2025-10-31 23:26:57,37.0,Female,Delhi,Delhi,North,Free,Paid Ads
C05494,2025-03-03 11:23:17,31.0,Female,Pune,Maharashtra,West,Free,Social Media
C05495,2025-03-04 08:18:57,55.0,Female,Pune,Maharashtra,West,Basic,Organic
C05496,2025-08-20 05:21:24,21.0,Female,Pune,Maharashtra,West,Free,Referral
C05497,2025-01-24 16:24:42,41.0,Male,Jaipur,Rajasthan,North,Free,Paid Ads
C05498,2025-06-02 20:58:39,49.0,Female,Hyderabad,Telangana,South,Premium,Organic
C05499,2025-02-26 22:44:56,27.0,Male,Jaipur,Rajasthan,North,Basic,Referral
C05500,2025-03-21 01:08:14,60.0,Female,Jaipur,Rajasthan,North,Premium,Social Media
C05501,2025-09-21 00:57:05,33.0,Male,Lucknow,Uttar Pradesh,North,Premium,Paid Ads
C05502,2025-08-02 05:18:09,56.0,Male,Kolkata,West Bengal,East,Free,Organic
C05503,2025-03-27 17:35:10,49.0,Male,Kolkata,West Bengal,East,Premium,Paid Ads
C05504,2025-02-18 23:46:32,35.0,Female,Mumbai,Maharashtra,West,Free,Email
C05505,2025-05-30 02:08:53,42.0,Male,Mumbai,Maharashtra,West,Premium,Organic
C05506,2025-04-22 06:21:37,24.0,Male,Bhubaneswar,Odisha,East,Basic,Organic
C05507,2025-09-09 17:05:54,35.0,Female,Ahmedabad,Gujarat,West,Basic,Email
C05508,2025-11-09 13:12:46,35.0,Female,Ahmedabad,Gujarat,West,Basic,Email
C05509,2025-09-19 20:36:45,20.0,Male,Mumbai,Maharashtra,West,Premium,Referral
C05510,2025-10-21 14:32:48,18.0,Male,Ahmedabad,Gujarat,West,Basic,Organic
C05511,2025-09-30 14:59:42,50.0,Male,Bhubaneswar,Odisha,East,Free,Organic
C05512,2025-08-01 08:55:13,24.0,Female,Bengaluru,Karnataka,South,Free,Organic
C05513,2025-09-28 21:21:46,27.0,Female,Chennai,Tamil Nadu,South,Basic,Referral
C05514,2025-05-27 21:44:49,25.0,Male,Jaipur,Rajasthan,North,Free,Paid Ads
C05515,2025-01-19 05:21:38,49.0,Female,Bhubaneswar,Odisha,East,Basic,Organic
C05516,2025-11-27 21:50:04,40.0,Male,Chennai,Tamil Nadu,South,Basic,Organic
C05517,2025-08-12 06:01:34,34.0,Male,Chennai,Tamil Nadu,South,Free,Social Media
C05518,2025-07-24 01:28:26,31.0,Other,Bengaluru,Karnataka,South,Basic,Social Media
C05519,2025-05-16 20:59:15,34.0,Male,Bhubaneswar,Odisha,East,Basic,Referral
C05520,2025-07-13 07:30:25,42.0,Female,Delhi,Delhi,North,Premium,Organic
C05521,2025-08-15 18:01:40,38.0,Female,Hyderabad,Telangana,South,Free,Email
C05522,2025-03-05 14:19:57,23.0,Male,Jaipur,Rajasthan,North,Premium,Paid Ads
C05523,2025-10-29 04:14:16,37.0,Female,Jaipur,Rajasthan,North,Premium,Paid Ads
C05524,2025-05-16 18:53:31,37.0,Female,Ahmedabad,Gujarat,West,Basic,Email
C05525,2025-05-04 22:32:24,43.0,Female,Delhi,Delhi,North,Premium,Organic
C05526,2025-11-15 06:33:10,49.0,Male,Bhubaneswar,Odisha,East,Basic,Referral
C05527,2025-09-02 01:40:27,25.0,Male,Lucknow,Uttar Pradesh,North,Free,Social Media
C05528,2025-06-30 12:12:44,46.0,Male,Guwahati,Assam,East,Basic,Organic
C05529,2025-06-25 17:28:29,34.0,Female,Pune,Maharashtra,West,Basic,Paid Ads
C05530,2025-06-16 06:03:32,35.0,Male,Mumbai,Maharashtra,West,Premium,Email
C05531,2025-10-26 15:22:28,57.0,Male,Delhi,Delhi,North,Basic,Organic
C05532,2025-07-17 13:48:11,35.0,Other,Bhubaneswar,Odisha,East,Basic,Paid Ads
C05533,2025-08-24 09:02:26,28.0,Male,Lucknow,Uttar Pradesh,North,Basic,Social Media
C05534,2025-11-05 12:49:57,29.0,Male,Chennai,Tamil Nadu,South,Free,Paid Ads
C05535,2025-10-23 00:28:48,,Female,Kolkata,West Bengal,East,Free,Paid Ads
C05536,2025-09-06 13:41:22,43.0,Female,Guwahati,Assam,East,Basic,Organic
C05537,2025-07-30 03:08:26,20.0,Male,Bhubaneswar,Odisha,East,Free,Organic
C05538,2025-09-29 12:50:57,20.0,Male,Hyderabad,Telangana,South,Free,Email
C05539,2025-09-01 08:33:10,55.0,Male,Delhi,Delhi,North,Basic,Social Media
C05540,2025-03-26 17:59:50,52.0,Male,Mumbai,Maharashtra,West,Basic,Paid Ads
C05541,2025-04-15 15:59:19,26.0,Female,Kolkata,West Bengal,East,Basic,Paid Ads
C05542,2025-04-26 04:23:37,60.0,Female,Jaipur,Rajasthan,North,Premium,Paid Ads
C05543,2025-09-02 06:29:05,57.0,Female,Hyderabad,Telangana,South,Free,Paid Ads
C05544,2025-01-28 11:12:54,21.0,Female,Chennai,Tamil Nadu,South,Free,Referral
C05545,2025-03-31 08:25:19,37.0,Female,Jaipur,Rajasthan,North,Basic,Organic
C05546,2025-06-20 19:05:32,32.0,Female,Bhubaneswar,Odisha,East,Premium,Email
C05547,2025-08-25 18:03:55,46.0,Female,Bhubaneswar,Odisha,East,Basic,Paid Ads
C05548,2025-06-01 19:45:22,22.0,Female,Guwahati,Assam,East,Free,Social Media
C05549,2025-02-28 12:52:47,56.0,Female,Ahmedabad,Gujarat,West,Basic,Paid Ads
C05550,2025-06-25 03:20:55,57.0,Male,Bhubaneswar,Odisha,East,Basic,Social Media
C05551,2025-02-06 19:47:33,24.0,Male,Pune,Maharashtra,West,Free,Social Media
C05552,2025-09-19 04:30:31,25.0,Female,Mumbai,Maharashtra,West,Free,Paid Ads
C05553,2025-02-13 17:25:46,49.0,Male,Bengaluru,Karnataka,South,Basic,Referral
C05554,2025-11-11 05:27:24,53.0,Female,Lucknow,Uttar Pradesh,North,Free,Referral
C05555,2025-11-27 04:33:22,50.0,Female,Bengaluru,Karnataka,South,Free,Paid Ads
C05556,2025-03-19 05:38:16,54.0,Female,Lucknow,Uttar Pradesh,North,Free,Paid Ads
C05557,2025-06-21 16:27:38,49.0,Female,Guwahati,Assam,East,Free,Paid Ads
C05558,2025-01-03 00:47:46,60.0,Male,Lucknow,Uttar Pradesh,North,Free,Paid Ads
C05559,2025-01-10 15:19:27,53.0,Male,Mumbai,Maharashtra,West,Free,Referral
C05560,2025-11-21 13:17:36,51.0,Female,Delhi,Delhi,North,Free,Organic
C05561,2025-11-18 07:46:20,42.0,Male,Ahmedabad,Gujarat,West,Premium,Email
C05562,2025-04-24 06:58:09,49.0,Female,Hyderabad,Telangana,South,Free,Referral
C05563,2025-01-25 16:11:15,19.0,Male,Pune,Maharashtra,West,Basic,Paid Ads
C05564,2025-02-12 12:50:07,26.0,Male,Ahmedabad,Gujarat,West,Basic,Organic
C05565,2025-07-31 23:49:30,55.0,Male,Hyderabad,Telangana,South,Free,Referral
C05566,2025-04-19 03:15:45,46.0,Female,Bhubaneswar,Odisha,East,Free,Organic
C05567,2025-07-03 17:56:19,55.0,Male,Lucknow,Uttar Pradesh,North,Basic,Referral
C05568,2025-05-26 19:04:35,35.0,Male,Lucknow,Uttar Pradesh,North,Free,Organic
C05569,2025-05-31 18:54:43,39.0,Male,Hyderabad,Telangana,South,Free,Referral
C05570,2025-02-25 03:10:55,52.0,Male,Chennai,Tamil Nadu,South,Premium,Paid Ads
C05571,2025-06-11 00:10:40,32.0,Male,Bengaluru,Karnataka,South,Free,Referral
C05572,2025-08-03 04:38:48,24.0,Male,Guwahati,Assam,East,Basic,Organic
C05573,2025-03-16 17:47:05,30.0,Female,Chennai,Tamil Nadu,South,Premium,Organic
C05574,2025-03-16 22:26:18,59.0,Male,Lucknow,Uttar Pradesh,North,Free,Organic
C05575,2025-11-01 17:29:37,53.0,Male,Jaipur,Rajasthan,North,Free,Paid Ads
C05576,2025-02-02 06:31:46,33.0,Female,Guwahati,Assam,East,Basic,Organic
C05577,2025-11-20 20:41:00,58.0,Male,Jaipur,Rajasthan,North,Premium,Organic
C05578,2025-09-12 00:31:50,38.0,Female,Bengaluru,Karnataka,South,Free,Paid Ads
C05579,2025-05-10 05:15:47,45.0,Male,Bengaluru,Karnataka,South,Free,Referral
C05580,2025-08-01 19:54:32,27.0,Male,Mumbai,Maharashtra,West,Free,Referral
C05581,2025-07-04 23:54:55,36.0,Male,Guwahati,Assam,East,Free,Email
C05582,2025-05-09 02:43:58,34.0,Female,Pune,Maharashtra,West,Free,Paid Ads
C05583,2025-01-18 06:37:24,18.0,Female,Hyderabad,Telangana,South,Free,Paid Ads
C05584,2025-08-30 09:14:37,30.0,Male,Lucknow,Uttar Pradesh,North,Basic,Referral
C05585,2025-02-04 06:52:44,53.0,Female,Pune,Maharashtra,West,Premium,Paid Ads
C05586,2025-06-25 09:50:18,,Female,Guwahati,Assam,East,Basic,Referral
C05587,2025-04-19 23:36:36,37.0,Male,Pune,Maharashtra,West,Premium,Email
C05588,2025-07-28 21:01:02,58.0,Female,Pune,Maharashtra,West,Free,Paid Ads
C05589,2025-04-03 19:58:14,57.0,Female,Bengaluru,Karnataka,South,Free,Paid Ads
C05590,2025-08-07 17:25:04,23.0,Male,Delhi,Delhi,North,Basic,Social Media
C05591,2025-05-12 11:32:18,40.0,Male,Mumbai,Maharashtra,West,Basic,Social Media
C05592,2025-06-10 20:53:37,59.0,Female,Jaipur,Rajasthan,North,Basic,Paid Ads
C05593,2025-03-26 00:08:10,41.0,Other,Kolkata,West Bengal,East,Free,Organic
C05594,2025-01-28 02:10:33,22.0,Male,Chennai,Tamil Nadu,South,Free,Email
C05595,2025-06-25 04:13:57,49.0,Female,Ahmedabad,Gujarat,West,Free,Paid Ads
C05596,2025-09-07 10:56:58,34.0,Male,Mumbai,Maharashtra,West,Free,Paid Ads
C05597,2025-04-22 16:49:47,28.0,Female,Pune,Maharashtra,West,Free,Email
C05598,2025-09-03 04:09:25,44.0,Female,Jaipur,Rajasthan,North,Premium,Social Media
C05599,2025-08-10 06:35:37,21.0,Female,Jaipur,Rajasthan,North,Free,Paid Ads
C05600,2025-06-12 05:19:57,40.0,Female,Jaipur,Rajasthan,North,Premium,Paid Ads
C05601,2025-06-30 23:00:57,40.0,Male,Mumbai,Maharashtra,West,Premium,Social Media
C05602,2025-04-26 09:47:27,51.0,Male,Mumbai,Maharashtra,West,Basic,Paid Ads
C05603,2025-10-27 14:34:25,38.0,Female,Kolkata,West Bengal,East,Premium,Organic
C05604,2025-01-31 07:26:18,39.0,Male,Jaipur,Rajasthan,North,Free,Email
C05605,2025-09-09 23:47:31,18.0,Male,Guwahati,Assam,East,Basic,Referral
C05606,2025-03-18 08:04:02,49.0,Female,Jaipur,Rajasthan,North,Premium,Social Media
C05607,2025-05-12 03:02:35,45.0,Male,Hyderabad,Telangana,South,Free,Referral
C05608,2025-11-02 19:47:14,35.0,Female,Bengaluru,Karnataka,South,Basic,Social Media
C05609,2025-02-07 19:56:31,24.0,Male,Pune,Maharashtra,West,Free,Email
C05610,2025-09-24 23:44:03,55.0,Female,Pune,Maharashtra,West,Free,Paid Ads
C05611,2025-06-24 01:10:16,23.0,Male,Kolkata,West Bengal,East,Premium,Social Media
C05612,2025-10-30 18:06:43,31.0,Male,Jaipur,Rajasthan,North,Basic,Social Media
C05613,2025-09-12 10:50:20,47.0,Female,Hyderabad,Telangana,South,Free,Email
C05614,2025-08-30 07:45:07,31.0,Female,Ahmedabad,Gujarat,West,Premium,Referral
C05615,2025-10-02 08:00:38,58.0,Female,Ahmedabad,Gujarat,West,Free,Email
C05616,2025-07-14 19:48:36,26.0,Female,Chennai,Tamil Nadu,South,Premium,Organic
C05617,2025-05-08 11:03:07,48.0,Male,Chennai,Tamil Nadu,South,Premium,Organic
C05618,2025-05-09 16:30:57,19.0,Female,Ahmedabad,Gujarat,West,Premium,Organic
C05619,2025-11-10 10:06:07,35.0,Male,Jaipur,Rajasthan,North,Basic,Organic
C05620,2025-05-28 12:52:22,22.0,Male,Guwahati,Assam,East,Basic,Organic
C05621,2025-04-26 23:08:16,43.0,Male,Kolkata,West Bengal,East,Basic,Organic
C05622,2025-05-05 02:55:04,40.0,Male,Hyderabad,Telangana,South,Free,Email
C05623,2025-07-29 05:55:48,29.0,Male,Bengaluru,Karnataka,South,Free,Organic
C05624,2025-07-23 10:12:09,31.0,Male,Bengaluru,Karnataka,South,Free,Paid Ads
C05625,2025-05-31 08:40:48,30.0,Female,Kolkata,West Bengal,East,Basic,Social Media
C05626,2025-04-14 06:34:02,52.0,Male,Hyderabad,Telangana,South,Basic,Organic
C05627,2025-08-02 19:43:28,32.0,Female,Ahmedabad,Gujarat,West,Basic,Paid Ads
C05628,2025-03-31 10:09:52,52.0,Female,Pune,Maharashtra,West,Basic,Organic
C05629,2025-07-01 12:19:04,36.0,Female,Jaipur,Rajasthan,North,Basic,Organic
C05630,2025-04-20 12:41:35,32.0,Male,Kolkata,West Bengal,East,Basic,Email
C05631,2025-04-28 10:02:20,25.0,Female,Lucknow,Uttar Pradesh,North,Free,Social Media
C05632,2025-01-12 19:50:15,40.0,Female,Jaipur,Rajasthan,North,Free,Social Media
C05633,2025-02-21 23:08:58,30.0,Female,Bhubaneswar,Odisha,East,Free,Social Media
C05634,2025-04-16 18:55:08,40.0,Male,Bhubaneswar,Odisha,East,Basic,Organic
C05635,2025-03-22 19:14:38,48.0,Male,Guwahati,Assam,East,Free,Social Media
C05636,2025-11-18 01:39:24,47.0,Male,Bhubaneswar,Odisha,East,Basic,Social Media
C05637,2025-07-11 04:51:49,59.0,Male,Delhi,Delhi,North,Free,Email
C05638,2025-11-24 19:35:53,19.0,Female,Hyderabad,Telangana,South,Free,Organic
C05639,2025-05-06 21:27:26,28.0,Female,Bhubaneswar,Odisha,East,Basic,Paid Ads
C05640,2025-04-09 21:09:50,42.0,Male,Bhubaneswar,Odisha,East,Free,Organic
C05641,2025-07-07 19:57:09,46.0,Male,Lucknow,Uttar Pradesh,North,Basic,Organic
C05642,2025-08-14 15:30:13,39.0,Male,Chennai,Tamil Nadu,South,Premium,Referral
C05643,2025-04-18 20:39:37,36.0,Male,Pune,Maharashtra,West,Basic,Organic
C05644,2025-01-19 22:16:50,26.0,Female,Mumbai,Maharashtra,West,Basic,Paid Ads
C05645,2025-09-22 11:46:42,58.0,Female,Lucknow,Uttar Pradesh,North,Basic,Referral
C05646,2025-07-11 01:57:45,55.0,Male,Pune,Maharashtra,West,Free,Organic
C05647,2025-05-12 13:12:38,46.0,Male,Guwahati,Assam,East,Basic,Organic
C05648,2025-11-28 19:37:40,27.0,Female,Lucknow,Uttar Pradesh,North,Free,Email
C05649,2025-11-01 06:31:07,39.0,Male,Delhi,Delhi,North,Free,Social Media
C05650,2025-01-23 03:54:11,41.0,Female,Delhi,Delhi,North,Free,Referral
C05651,2025-05-29 17:06:05,25.0,Female,Lucknow,Uttar Pradesh,North,Basic,Social Media
C05652,2025-03-21 10:48:18,23.0,Female,Delhi,Delhi,North,Basic,Organic
C05653,2025-04-10 21:44:59,24.0,Male,Kolkata,West Bengal,East,Premium,Organic
C05654,2025-05-12 11:07:29,37.0,Male,Pune,Maharashtra,West,Free,Organic
C05655,2025-11-15 04:36:18,34.0,Female,Kolkata,West Bengal,East,Free,Paid Ads
C05656,2025-06-04 19:07:18,53.0,Male,Kolkata,West Bengal,East,Basic,Referral
C05657,2025-05-22 04:38:31,25.0,Male,Jaipur,Rajasthan,North,Basic,Organic
C05658,2025-04-01 01:41:34,30.0,Female,Chennai,Tamil Nadu,South,Free,Organic
C05659,2025-08-16 08:31:48,41.0,Female,Hyderabad,Telangana,South,Free,Social Media
C05660,2025-09-30 11:09:14,48.0,Male,Delhi,Delhi,North,Basic,Paid Ads
C05661,2025-03-11 00:06:10,40.0,Male,Bhubaneswar,Odisha,East,Free,Email
C05662,2025-11-12 23:05:07,34.0,Female,Kolkata,West Bengal,East,Basic,Organic
C05663,2025-08-14 12:06:39,41.0,Male,Hyderabad,Telangana,South,Basic,Referral
C05664,2025-05-18 12:03:37,60.0,Male,Delhi,Delhi,North,Free,Social Media
C05665,2025-03-07 13:20:44,27.0,Female,Delhi,Delhi,North,Free,Social Media
C05666,2025-07-22 08:13:31,48.0,Male,Bengaluru,Karnataka,South,Premium,Paid Ads
C05667,2025-05-29 13:02:59,37.0,Male,Jaipur,Rajasthan,North,Free,Organic
C05668,2025-08-16 19:45:15,33.0,Male,Chennai,Tamil Nadu,South,Free,Organic
C05669,2025-10-31 07:50:40,31.0,Female,Guwahati,Assam,East,Basic,Referral
C05670,2025-05-08 08:14:32,20.0,Female,Delhi,Delhi,North,Basic,Paid Ads
C05671,2025-11-25 05:23:55,47.0,Female,Hyderabad,Telangana,South,Basic,Referral
C05672,2025-10-24 10:11:42,35.0,Female,Ahmedabad,Gujarat,West,Basic,Organic
C05673,2025-11-19 03:47:26,23.0,Female,Jaipur,Rajasthan,North,Premium,Paid Ads
C05674,2025-01-10 03:00:49,37.0,Female,Mumbai,Maharashtra,West,Free,Paid Ads
C05675,2025-06-30 13:49:51,52.0,Male,Bengaluru,Karnataka,South,Basic,Social Media
C05676,2025-08-20 07:19:56,36.0,Male,Guwahati,Assam,East,Basic,Social Media
C05677,2025-09-03 09:44:40,43.0,Female,Delhi,Delhi,North,Free,Paid Ads
C05678,2025-03-24 12:06:37,52.0,Male,Bhubaneswar,Odisha,East,Free,Referral
C05679,2025-07-15 23:09:23,29.0,Male,Lucknow,Uttar Pradesh,North,Basic,Organic
C05680,2025-05-26 17:04:03,25.0,Male,Guwahati,Assam,East,Free,Referral
C05681,2025-02-04 22:42:02,54.0,Female,Bhubaneswar,Odisha,East,Premium,Organic
C05682,2025-05-17 01:12:05,27.0,Female,Pune,Maharashtra,West,Basic,Referral
C05683,2025-04-23 18:29:11,38.0,Female,Chennai,Tamil Nadu,South,Basic,Referral
C05684,2025-11-26 14:31:00,58.0,Male,Bhubaneswar,Odisha,East,Basic,Paid Ads
C05685,2025-06-23 09:44:27,59.0,Female,Bhubaneswar,Odisha,East,Basic,Paid Ads
C05686,2025-07-26 18:43:35,46.0,Male,Jaipur,Rajasthan,North,Basic,Organic
C05687,2025-08-01 01:13:52,48.0,Female,Ahmedabad,Gujarat,West,Basic,Paid Ads
C05688,2025-05-23 15:36:44,57.0,Male,Bengaluru,Karnataka,South,Basic,Email
C05689,2025-03-17 02:46:43,24.0,Male,Kolkata,West Bengal,East,Basic,Paid Ads
C05690,2025-07-16 02:55:12,,Female,Lucknow,Uttar Pradesh,North,Free,Paid Ads
C05691,2025-06-27 20:57:22,51.0,Male,Kolkata,West Bengal,East,Premium,Referral
C05692,2025-06-01 14:19:06,47.0,Male,Kolkata,West Bengal,East,Free,Paid Ads
C05693,2025-01-24 16:45:42,21.0,Female,Lucknow,Uttar Pradesh,North,Basic,Paid Ads
C05694,2025-06-07 07:58:24,58.0,Male,Delhi,Delhi,North,Free,Organic
C05695,2025-05-10 07:07:00,47.0,Female,Delhi,Delhi,North,Basic,Referral
C05696,2025-11-14 20:02:24,42.0,Male,Ahmedabad,Gujarat,West,Premium,Social Media
C05697,2025-04-12 08:11:01,31.0,Male,Mumbai,Maharashtra,West,Basic,Email
C05698,2025-04-19 05:26:48,41.0,Female,Pune,Maharashtra,West,Basic,Organic
C05699,2025-04-15 14:59:38,60.0,Female,Hyderabad,Telangana,South,Basic,Organic
C05700,2025-01-07 08:33:49,48.0,Male,Mumbai,Maharashtra,West,Free,Email
C05701,2025-10-17 07:32:27,56.0,Female,Mumbai,Maharashtra,West,Free,Referral
C05702,2025-01-20 09:03:33,45.0,Female,Pune,Maharashtra,West,Free,Email
C05703,2025-09-05 23:08:03,42.0,Female,Lucknow,Uttar Pradesh,North,Free,Paid Ads
C05704,2025-06-20 19:04:53,36.0,Male,Ahmedabad,Gujarat,West,Premium,Paid Ads
C05705,2025-05-16 09:33:53,21.0,Male,Bengaluru,Karnataka,South,Free,Paid Ads
C05706,2025-08-28 19:50:27,51.0,Male,Pune,Maharashtra,West,Basic,Organic
C05707,2025-04-13 18:42:52,49.0,Male,Chennai,Tamil Nadu,South,Premium,Paid Ads
C05708,2025-05-24 15:32:28,42.0,Male,Bhubaneswar,Odisha,East,Basic,Organic
C05709,2025-04-10 13:42:14,39.0,Male,Jaipur,Rajasthan,North,Free,Paid Ads
C05710,2025-07-13 05:17:46,45.0,Female,Chennai,Tamil Nadu,South,Free,Social Media
C05711,2025-10-02 17:47:01,35.0,Female,Bhubaneswar,Odisha,East,Free,Paid Ads
C05712,2025-07-28 14:04:10,24.0,Male,Hyderabad,Telangana,South,Basic,Organic
C05713,2025-11-22 15:16:06,28.0,Female,Mumbai,Maharashtra,West,Free,Email
C05714,2025-01-14 10:36:00,59.0,Female,Bengaluru,Karnataka,South,Basic,Organic
C05715,2025-09-04 23:14:13,28.0,Male,Jaipur,Rajasthan,North,Premium,Paid Ads
C05716,2025-10-29 05:03:46,26.0,Male,Ahmedabad,Gujarat,West,Free,Social Media
C05717,2025-11-17 06:27:27,52.0,Male,Guwahati,Assam,East,Free,Organic
C05718,2025-07-07 23:41:48,,Female,Pune,Maharashtra,West,Basic,Social Media
C05719,2025-01-23 18:48:00,40.0,Male,Kolkata,West Bengal,East,Free,Referral
C05720,2025-01-21 14:11:21,50.0,Male,Bhubaneswar,Odisha,East,Basic,Paid Ads
C05721,2025-09-19 22:29:53,18.0,Male,Guwahati,Assam,East,Basic,Social Media
C05722,2025-03-22 04:03:30,37.0,Female,Pune,Maharashtra,West,Free,Referral
C05723,2025-03-15 20:28:47,22.0,Female,Bengaluru,Karnataka,South,Premium,Referral
C05724,2025-06-03 20:20:29,46.0,Male,Kolkata,West Bengal,East,Free,Paid Ads
C05725,2025-10-28 15:54:31,43.0,Male,Guwahati,Assam,East,Free,Organic
C05726,2025-09-03 15:07:42,55.0,Female,Jaipur,Rajasthan,North,Premium,Paid Ads
C05727,2025-02-27 01:16:24,20.0,Female,Bhubaneswar,Odisha,East,Free,Organic
C05728,2025-09-21 17:56:38,38.0,Female,Guwahati,Assam,East,Free,Organic
C05729,2025-03-20 03:14:18,30.0,Other,Bhubaneswar,Odisha,East,Premium,Organic
C05730,2025-06-20 15:41:34,48.0,Male,Hyderabad,Telangana,South,Free,Organic
C05731,2025-05-23 05:13:41,34.0,Male,Chennai,Tamil Nadu,South,Free,Organic
C05732,2025-09-22 12:48:33,52.0,Female,Mumbai,Maharashtra,West,Basic,Organic
C05733,2025-06-13 09:32:48,40.0,Male,Lucknow,Uttar Pradesh,North,Free,Referral
C05734,2025-04-29 13:17:12,20.0,Male,Jaipur,Rajasthan,North,Basic,Organic
C05735,2025-07-27 03:56:12,,Male,Jaipur,Rajasthan,North,Free,Paid Ads
C05736,2025-07-14 02:58:25,20.0,Male,Jaipur,Rajasthan,North,Basic,Paid Ads
C05737,2025-11-04 07:12:13,37.0,Male,Lucknow,Uttar Pradesh,North,Free,Social Media
C05738,2025-08-11 09:54:24,26.0,Female,Mumbai,Maharashtra,West,Premium,Referral
C05739,2025-02-24 03:25:53,21.0,Male,Bhubaneswar,Odisha,East,Free,Email
C05740,2025-08-14 03:25:18,42.0,Male,Ahmedabad,Gujarat,West,Basic,Referral
C05741,2025-06-14 10:39:27,18.0,Male,Chennai,Tamil Nadu,South,Premium,Organic
C05742,2025-05-10 19:51:25,56.0,Female,Delhi,Delhi,North,Free,Paid Ads
C05743,2025-02-02 10:11:39,29.0,Female,Bengaluru,Karnataka,South,Free,Referral
C05744,2025-06-17 20:04:56,57.0,Male,Bengaluru,Karnataka,South,Free,Paid Ads
C05745,2025-11-20 19:41:59,57.0,Male,Guwahati,Assam,East,Premium,Paid Ads
C05746,2025-03-15 12:40:09,41.0,Female,Jaipur,Rajasthan,North,Basic,Referral
C05747,2025-01-05 05:01:28,26.0,Male,Lucknow,Uttar Pradesh,North,Premium,Organic
C05748,2025-10-21 17:35:54,37.0,Other,Chennai,Tamil Nadu,South,Basic,Email
C05749,2025-03-20 17:53:43,22.0,Female,Hyderabad,Telangana,South,Free,Paid Ads
C05750,2025-07-28 12:51:50,,Male,Jaipur,Rajasthan,North,Free,Referral
C05751,2025-04-13 15:36:53,38.0,Female,Ahmedabad,Gujarat,West,Premium,Email
C05752,2025-06-05 05:50:15,19.0,Male,Chennai,Tamil Nadu,South,Free,Social Media
C05753,2025-10-03 14:54:29,38.0,Male,Guwahati,Assam,East,Free,Paid Ads
C05754,2025-09-30 07:47:13,59.0,Male,Bengaluru,Karnataka,South,Basic,Social Media
C05755,2025-04-23 18:18:36,41.0,Female,Hyderabad,Telangana,South,Free,Referral
C05756,2025-05-22 11:38:16,26.0,Male,Mumbai,Maharashtra,West,Free,Paid Ads
C05757,2025-01-11 01:46:16,56.0,Male,Delhi,Delhi,North,Basic,Social Media
C05758,2025-06-02 09:44:50,47.0,Male,Pune,Maharashtra,West,Free,Organic
C05759,2025-10-11 18:03:20,35.0,Female,Mumbai,Maharashtra,West,Free,Paid Ads
C05760,2025-01-12 10:27:13,60.0,Male,Mumbai,Maharashtra,West,Basic,Paid Ads
C05761,2025-02-24 13:32:11,27.0,Male,Chennai,Tamil Nadu,South,Basic,Referral
C05762,2025-03-16 20:13:19,58.0,Female,Hyderabad,Telangana,South,Free,Organic
C05763,2025-10-04 15:31:09,38.0,Female,Hyderabad,Telangana,South,Free,Referral
C05764,2025-03-10 22:10:26,39.0,Female,Kolkata,West Bengal,East,Premium,Paid Ads
C05765,2025-08-29 01:17:03,34.0,Male,Hyderabad,Telangana,South,Free,Organic
C05766,2025-07-21 15:12:29,22.0,Female,Delhi,Delhi,North,Free,Email
C05767,2025-06-14 04:09:57,23.0,Male,Ahmedabad,Gujarat,West,Free,Organic
C05768,2025-11-04 23:53:49,27.0,Male,Guwahati,Assam,East,Free,Paid Ads
C05769,2025-11-01 15:57:39,60.0,Female,Ahmedabad,Gujarat,West,Basic,Organic
C05770,2025-11-20 11:17:11,19.0,Female,Bengaluru,Karnataka,South,Premium,Referral
C05771,2025-08-23 10:53:52,24.0,Female,Jaipur,Rajasthan,North,Free,Social Media
C05772,2025-04-12 18:04:28,21.0,Female,Lucknow,Uttar Pradesh,North,Basic,Social Media
C05773,2025-11-07 20:02:09,54.0,Female,Ahmedabad,Gujarat,West,Premium,Paid Ads
C05774,2025-10-15 14:33:57,,Male,Lucknow,Uttar Pradesh,North,Free,Paid Ads
C05775,2025-01-11 09:34:37,45.0,Female,Kolkata,West Bengal,East,Free,Referral
C05776,2025-11-15 16:59:43,37.0,Male,Pune,Maharashtra,West,Basic,Referral
C05777,2025-10-05 13:40:30,47.0,Female,Delhi,Delhi,North,Free,Referral
C05778,2025-11-20 21:22:57,59.0,Male,Guwahati,Assam,East,Basic,Social Media
C05779,2025-07-07 17:59:04,55.0,Male,Bengaluru,Karnataka,South,Basic,Organic
C05780,2025-03-01 12:50:29,19.0,Female,Guwahati,Assam,East,Free,Organic
C05781,2025-05-24 23:13:43,20.0,Male,Lucknow,Uttar Pradesh,North,Free,Social Media
C05782,2025-01-20 22:18:14,59.0,Female,Mumbai,Maharashtra,West,Free,Paid Ads
C05783,2025-01-09 08:29:28,56.0,Female,Lucknow,Uttar Pradesh,North,Free,Paid Ads
C05784,2025-01-22 17:08:56,42.0,Male,Guwahati,Assam,East,Free,Paid Ads
C05785,2025-01-08 01:56:26,19.0,Female,Bhubaneswar,Odisha,East,Basic,Paid Ads
C05786,2025-07-17 16:58:43,56.0,Female,Bengaluru,Karnataka,South,Free,Referral
C05787,2025-06-01 21:43:34,32.0,Female,Mumbai,Maharashtra,West,Basic,Paid Ads
C05788,2025-08-11 21:42:44,20.0,Female,Hyderabad,Telangana,South,Free,Referral
C05789,2025-10-23 04:17:10,22.0,Male,Hyderabad,Telangana,South,Basic,Organic
C05790,2025-01-09 21:39:15,57.0,Male,Kolkata,West Bengal,East,Premium,Social Media
C05791,2025-04-18 09:50:49,53.0,Male,Mumbai,Maharashtra,West,Premium,Social Media
C05792,2025-05-08 20:40:58,57.0,Male,Delhi,Delhi,North,Free,Referral
C05793,2025-06-27 16:05:14,55.0,Female,Hyderabad,Telangana,South,Free,Paid Ads
C05794,2025-11-11 00:33:20,54.0,Male,Chennai,Tamil Nadu,South,Free,Organic
C05795,2025-04-05 02:22:11,44.0,Female,Pune,Maharashtra,West,Free,Organic
C05796,2025-02-07 21:17:18,22.0,Female,Hyderabad,Telangana,South,Premium,Organic
C05797,2025-08-31 22:19:40,34.0,Male,Guwahati,Assam,East,Basic,Organic
C05798,2025-08-29 12:37:45,55.0,Male,Hyderabad,Telangana,South,Basic,Social Media
C05799,2025-05-12 10:04:14,58.0,Female,Bengaluru,Karnataka,South,Basic,Email
C05800,2025-05-31 05:48:56,29.0,Female,Guwahati,Assam,East,Basic,Organic
C05801,2025-08-08 13:01:56,59.0,Female,Mumbai,Maharashtra,West,Basic,Organic
C05802,2025-11-26 15:58:43,48.0,Male,Bhubaneswar,Odisha,East,Free,Social Media
C05803,2025-05-31 12:15:43,50.0,Male,Ahmedabad,Gujarat,West,Free,Referral
C05804,2025-09-01 02:41:11,60.0,Female,Hyderabad,Telangana,South,Basic,Paid Ads
C05805,2025-01-25 03:50:44,46.0,Male,Mumbai,Maharashtra,West,Premium,Email
C05806,2025-11-29 02:50:55,55.0,Female,Kolkata,West Bengal,East,Free,Referral
C05807,2025-05-27 11:59:46,20.0,Male,Mumbai,Maharashtra,West,Basic,Referral
C05808,2025-08-28 09:38:23,55.0,Female,Chennai,Tamil Nadu,South,Free,Referral
C05809,2025-06-20 07:51:45,58.0,Male,Jaipur,Rajasthan,North,Free,Organic
C05810,2025-09-29 13:31:26,57.0,Female,Ahmedabad,Gujarat,West,Free,Paid Ads
C05811,2025-11-16 18:16:59,47.0,Female,Guwahati,Assam,East,Basic,Organic
C05812,2025-10-17 21:27:45,39.0,Female,Bengaluru,Karnataka,South,Free,Paid Ads
C05813,2025-08-19 03:55:57,55.0,Male,Chennai,Tamil Nadu,South,Basic,Organic
C05814,2025-09-04 22:48:23,49.0,Male,Ahmedabad,Gujarat,West,Free,Paid Ads
C05815,2025-05-21 00:21:03,60.0,Male,Kolkata,West Bengal,East,Basic,Paid Ads
C05816,2025-08-05 03:51:00,27.0,Female,Kolkata,West Bengal,East,Free,Organic
C05817,2025-04-24 05:55:51,49.0,Female,Bhubaneswar,Odisha,East,Free,Organic
C05818,2025-02-20 00:07:48,60.0,Female,Jaipur,Rajasthan,North,Free,Social Media
C05819,2025-03-24 18:53:52,21.0,Male,Hyderabad,Telangana,South,Free,Paid Ads
C05820,2025-10-23 17:19:55,46.0,Female,Ahmedabad,Gujarat,West,Free,Social Media
C05821,2025-02-12 04:14:52,25.0,Male,Bengaluru,Karnataka,South,Premium,Social Media
C05822,2025-11-27 22:02:50,37.0,Male,Mumbai,Maharashtra,West,Free,Organic
C05823,2025-10-22 10:46:21,24.0,Female,Delhi,Delhi,North,Basic,Paid Ads
C05824,2025-08-26 07:03:38,18.0,Male,Lucknow,Uttar Pradesh,North,Basic,Social Media
C05825,2025-08-15 14:14:25,42.0,Female,Bhubaneswar,Odisha,East,Basic,Paid Ads
C05826,2025-11-20 23:23:41,43.0,Female,Ahmedabad,Gujarat,West,Basic,Social Media
C05827,2025-02-03 15:24:15,26.0,Female,Jaipur,Rajasthan,North,Premium,Referral
C05828,2025-06-19 21:37:22,40.0,Female,Guwahati,Assam,East,Basic,Referral
C05829,2025-11-23 16:05:11,57.0,Male,Ahmedabad,Gujarat,West,Free,Social Media
C05830,2025-04-30 17:48:52,19.0,Female,Jaipur,Rajasthan,North,Basic,Organic
C05831,2025-08-29 15:28:02,43.0,Male,Hyderabad,Telangana,South,Free,Referral
C05832,2025-02-26 14:37:15,31.0,Male,Ahmedabad,Gujarat,West,Free,Organic
C05833,2025-06-03 04:32:25,48.0,Female,Bengaluru,Karnataka,South,Free,Organic
C05834,2025-02-28 10:17:58,43.0,Female,Pune,Maharashtra,West,Premium,Organic
C05835,2025-01-22 07:10:21,36.0,Male,Chennai,Tamil Nadu,South,Basic,Referral
C05836,2025-02-01 01:54:15,55.0,Male,Delhi,Delhi,North,Basic,Social Media
C05837,2025-09-08 17:38:36,22.0,Female,Chennai,Tamil Nadu,South,Free,Organic
C05838,2025-09-19 16:05:32,23.0,Male,Mumbai,Maharashtra,West,Free,Social Media
C05839,2025-11-25 13:10:18,52.0,Female,Jaipur,Rajasthan,North,Free,Organic
C05840,2025-08-23 04:03:36,33.0,Male,Jaipur,Rajasthan,North,Basic,Organic
C05841,2025-03-02 13:28:53,48.0,Male,Pune,Maharashtra,West,Free,Email
C05842,2025-10-18 14:08:45,35.0,Female,Bhubaneswar,Odisha,East,Basic,Organic
C05843,2025-08-08 06:27:48,31.0,Female,Kolkata,West Bengal,East,Premium,Organic
C05844,2025-07-27 19:30:14,42.0,Female,Kolkata,West Bengal,East,Premium,Organic
C05845,2025-08-26 12:08:37,32.0,Female,Chennai,Tamil Nadu,South,Premium,Organic
C05846,2025-10-30 15:48:30,43.0,Male,Guwahati,Assam,East,Free,Paid Ads
C05847,2025-07-01 10:34:54,53.0,Female,Kolkata,West Bengal,East,Premium,Organic
C05848,2025-03-14 05:14:15,28.0,Male,Jaipur,Rajasthan,North,Basic,Paid Ads
C05849,2025-09-24 12:24:01,54.0,Female,Mumbai,Maharashtra,West,Premium,Paid Ads
C05850,2025-10-14 15:09:01,58.0,Male,Ahmedabad,Gujarat,West,Premium,Referral
C05851,2025-01-05 17:21:32,54.0,Male,Guwahati,Assam,East,Premium,Social Media
C05852,2025-08-15 23:00:31,24.0,Male,Hyderabad,Telangana,South,Free,Organic
C05853,2025-02-02 10:56:28,35.0,Female,Chennai,Tamil Nadu,South,Free,Referral
C05854,2025-05-26 20:19:34,37.0,Male,Chennai,Tamil Nadu,South,Basic,Paid Ads
C05855,2025-04-21 09:53:13,19.0,Female,Ahmedabad,Gujarat,West,Basic,Organic
C05856,2025-04-03 19:37:26,43.0,Male,Bengaluru,Karnataka,South,Free,Social Media
C05857,2025-07-07 16:49:07,40.0,Male,Kolkata,West Bengal,East,Basic,Referral
C05858,2025-11-23 10:18:51,49.0,Male,Guwahati,Assam,East,Free,Organic
C05859,2025-05-08 10:00:09,30.0,Male,Bhubaneswar,Odisha,East,Free,Organic
C05860,2025-05-07 05:49:21,30.0,Female,Delhi,Delhi,North,Free,Paid Ads
C05861,2025-03-03 02:14:27,34.0,Female,Mumbai,Maharashtra,West,Free,Social Media
C05862,2025-06-14 11:28:27,42.0,Female,Delhi,Delhi,North,Basic,Social Media
C05863,2025-09-20 00:10:03,39.0,Male,Bhubaneswar,Odisha,East,Premium,Paid Ads
C05864,2025-11-29 13:13:41,44.0,Female,Ahmedabad,Gujarat,West,Basic,Organic
C05865,2025-06-13 13:18:05,34.0,Male,Jaipur,Rajasthan,North,Basic,Paid Ads
C05866,2025-11-26 17:10:14,43.0,Female,Mumbai,Maharashtra,West,Free,Social Media
C05867,2025-01-26 15:05:29,55.0,Male,Lucknow,Uttar Pradesh,North,Basic,Paid Ads
C05868,2025-06-22 03:08:48,31.0,Female,Bhubaneswar,Odisha,East,Basic,Organic
C05869,2025-02-24 04:48:18,31.0,Female,Hyderabad,Telangana,South,Basic,Organic
C05870,2025-04-07 04:59:36,29.0,Male,Delhi,Delhi,North,Free,Paid Ads
C05871,2025-09-04 17:54:08,22.0,Male,Bhubaneswar,Odisha,East,Premium,Organic
C05872,2025-09-26 02:59:24,54.0,Female,Guwahati,Assam,East,Premium,Social Media
C05873,2025-11-30 05:58:31,21.0,Male,Jaipur,Rajasthan,North,Free,Organic
C05874,2025-02-13 19:56:37,46.0,Female,Bengaluru,Karnataka,South,Free,Social Media
C05875,2025-11-24 02:51:14,42.0,Female,Ahmedabad,Gujarat,West,Free,Referral
C05876,2025-06-03 08:05:42,21.0,Female,Mumbai,Maharashtra,West,Free,Paid Ads
C05877,2025-07-04 00:18:57,33.0,Other,Hyderabad,Telangana,South,Premium,Referral
C05878,2025-06-08 03:54:27,19.0,Male,Delhi,Delhi,North,Premium,Organic
C05879,2025-02-23 06:55:36,40.0,Male,Mumbai,Maharashtra,West,Basic,Organic
C05880,2025-03-09 20:37:57,21.0,Male,Pune,Maharashtra,West,Basic,Email
C05881,2025-11-13 21:44:51,37.0,Female,Kolkata,West Bengal,East,Basic,Referral
C05882,2025-11-06 10:38:57,34.0,Female,Jaipur,Rajasthan,North,Free,Organic
C05883,2025-03-23 18:31:53,23.0,Other,Mumbai,Maharashtra,West,Basic,Paid Ads
C05884,2025-03-28 03:08:40,35.0,Female,Bengaluru,Karnataka,South,Premium,Organic
C05885,2025-01-22 04:43:42,37.0,Female,Mumbai,Maharashtra,West,Basic,Organic
C05886,2025-09-09 19:09:23,56.0,Other,Ahmedabad,Gujarat,West,Free,Organic
C05887,2025-06-30 08:45:12,58.0,Male,Jaipur,Rajasthan,North,Free,Organic
C05888,2025-08-02 21:52:29,51.0,Female,Hyderabad,Telangana,South,Free,Referral
C05889,2025-09-20 21:49:05,57.0,Female,Chennai,Tamil Nadu,South,Basic,Social Media
C05890,2025-05-07 15:49:26,41.0,Male,Mumbai,Maharashtra,West,Basic,Paid Ads
C05891,2025-06-12 11:31:38,35.0,Male,Lucknow,Uttar Pradesh,North,Free,Paid Ads
C05892,2025-06-14 09:25:30,47.0,Male,Jaipur,Rajasthan,North,Basic,Organic
C05893,2025-05-11 07:38:12,18.0,Female,Mumbai,Maharashtra,West,Free,Organic
C05894,2025-03-03 07:15:19,40.0,Female,Bhubaneswar,Odisha,East,Free,Referral
C05895,2025-08-31 20:56:29,46.0,Male,Pune,Maharashtra,West,Premium,Social Media
C05896,2025-11-23 03:24:07,58.0,Female,Mumbai,Maharashtra,West,Free,Organic
C05897,2025-04-12 02:27:41,58.0,Male,Hyderabad,Telangana,South,Free,Paid Ads
C05898,2025-08-09 05:08:45,49.0,Female,Mumbai,Maharashtra,West,Free,Email
C05899,2025-04-10 15:45:00,19.0,Female,Hyderabad,Telangana,South,Free,Social Media
C05900,2025-04-11 09:40:03,53.0,Other,Jaipur,Rajasthan,North,Basic,Organic
C05901,2025-05-22 17:27:42,34.0,Male,Jaipur,Rajasthan,North,Basic,Organic
C05902,2025-02-27 00:32:34,60.0,Female,Jaipur,Rajasthan,North,Free,Email
C05903,2025-06-03 19:48:54,19.0,Male,Guwahati,Assam,East,Free,Organic
C05904,2025-06-18 19:50:31,21.0,Male,Mumbai,Maharashtra,West,Free,Paid Ads
C05905,2025-10-15 15:11:38,51.0,Male,Guwahati,Assam,East,Free,Paid Ads
C05906,2025-01-26 15:37:55,18.0,Female,Jaipur,Rajasthan,North,Basic,Paid Ads
C05907,2025-06-12 14:37:28,40.0,Other,Pune,Maharashtra,West,Free,Organic
C05908,2025-01-05 12:35:58,23.0,Female,Bengaluru,Karnataka,South,Free,Referral
C05909,2025-03-15 00:36:41,33.0,Female,Guwahati,Assam,East,Free,Organic
C05910,2025-04-16 17:09:07,19.0,Male,Bhubaneswar,Odisha,East,Free,Referral
C05911,2025-01-29 15:03:51,29.0,Male,Ahmedabad,Gujarat,West,Free,Paid Ads
C05912,2025-02-21 11:14:29,44.0,Female,Hyderabad,Telangana,South,Basic,Organic
C05913,2025-02-17 16:29:56,36.0,Male,Delhi,Delhi,North,Free,Referral
C05914,2025-09-09 12:31:10,45.0,Other,Mumbai,Maharashtra,West,Free,Email
C05915,2025-03-16 14:45:55,52.0,Female,Jaipur,Rajasthan,North,Basic,Social Media
C05916,2025-10-27 22:27:48,60.0,Male,Kolkata,West Bengal,East,Basic,Organic
C05917,2025-08-23 13:53:02,21.0,Female,Hyderabad,Telangana,South,Free,Paid Ads
C05918,2025-08-30 07:46:22,24.0,Male,Delhi,Delhi,North,Free,Referral
C05919,2025-01-18 05:08:42,54.0,Male,Ahmedabad,Gujarat,West,Basic,Referral
C05920,2025-11-25 07:05:20,42.0,Female,Jaipur,Rajasthan,North,Basic,Social Media
C05921,2025-06-20 18:55:50,58.0,Female,Guwahati,Assam,East,Free,Email
C05922,2025-08-18 19:49:27,34.0,Other,Bengaluru,Karnataka,South,Free,Paid Ads
C05923,2025-08-02 19:06:35,58.0,Male,Kolkata,West Bengal,East,Free,Social Media
C05924,2025-10-17 01:00:40,31.0,Female,Jaipur,Rajasthan,North,Basic,Organic
C05925,2025-10-07 12:03:40,54.0,Male,Mumbai,Maharashtra,West,Basic,Social Media
C05926,2025-05-31 06:54:10,19.0,Male,Jaipur,Rajasthan,North,Free,Social Media
C05927,2025-05-28 17:35:26,41.0,Female,Chennai,Tamil Nadu,South,Free,Paid Ads
C05928,2025-07-21 00:46:00,32.0,Male,Delhi,Delhi,North,Premium,Social Media
C05929,2025-07-06 04:26:49,50.0,Female,Lucknow,Uttar Pradesh,North,Free,Referral
C05930,2025-09-26 00:05:56,29.0,Female,Chennai,Tamil Nadu,South,Free,Referral
C05931,2025-10-08 11:46:17,36.0,Male,Guwahati,Assam,East,Basic,Email
C05932,2025-06-21 11:50:13,22.0,Female,Mumbai,Maharashtra,West,Free,Organic
C05933,2025-01-31 02:03:12,18.0,Male,Ahmedabad,Gujarat,West,Basic,Email
C05934,2025-08-11 11:40:40,60.0,Female,Hyderabad,Telangana,South,Basic,Organic
C05935,2025-09-18 11:21:25,26.0,Male,Ahmedabad,Gujarat,West,Premium,Paid Ads
C05936,2025-03-29 10:19:35,56.0,Male,Lucknow,Uttar Pradesh,North,Basic,Organic
C05937,2025-02-13 09:43:31,51.0,Female,Delhi,Delhi,North,Free,Organic
C05938,2025-11-02 06:25:56,46.0,Other,Kolkata,West Bengal,East,Basic,Referral
C05939,2025-02-12 21:08:38,19.0,Female,Guwahati,Assam,East,Premium,Organic
C05940,2025-08-29 07:29:42,36.0,Male,Mumbai,Maharashtra,West,Free,Email
C05941,2025-03-10 04:19:02,45.0,Male,Mumbai,Maharashtra,West,Free,Organic
C05942,2025-05-05 01:03:00,52.0,Female,Bhubaneswar,Odisha,East,Premium,Organic
C05943,2025-01-01 09:52:51,57.0,Female,Kolkata,West Bengal,East,Free,Social Media
C05944,2025-04-08 23:29:20,39.0,Male,Hyderabad,Telangana,South,Free,Social Media
C05945,2025-10-24 14:19:44,21.0,Male,Bengaluru,Karnataka,South,Free,Referral
C05946,2025-02-04 09:12:21,25.0,Male,Mumbai,Maharashtra,West,Free,Organic
C05947,2025-02-02 20:37:05,18.0,Male,Mumbai,Maharashtra,West,Basic,Social Media
C05948,2025-01-27 16:49:15,53.0,Female,Kolkata,West Bengal,East,Free,Paid Ads
C05949,2025-03-10 18:36:18,24.0,Male,Jaipur,Rajasthan,North,Free,Email
C05950,2025-06-26 15:19:15,42.0,Male,Hyderabad,Telangana,South,Basic,Referral
C05951,2025-08-14 04:34:21,46.0,Male,Guwahati,Assam,East,Basic,Social Media
C05952,2025-04-10 20:36:33,18.0,Male,Kolkata,West Bengal,East,Basic,Social Media
C05953,2025-05-27 11:26:01,35.0,Male,Bengaluru,Karnataka,South,Free,Referral
C05954,2025-10-05 14:36:38,21.0,Female,Jaipur,Rajasthan,North,Free,Referral
C05955,2025-04-08 13:31:58,37.0,Female,Kolkata,West Bengal,East,Basic,Referral
C05956,2025-11-29 11:52:09,25.0,Male,Jaipur,Rajasthan,North,Free,Organic
C05957,2025-03-18 03:23:12,44.0,Female,Ahmedabad,Gujarat,West,Free,Paid Ads
C05958,2025-04-22 15:52:50,56.0,Female,Ahmedabad,Gujarat,West,Basic,Paid Ads
C05959,2025-02-28 15:50:57,52.0,Male,Chennai,Tamil Nadu,South,Free,Referral
C05960,2025-03-09 13:24:31,42.0,Male,Hyderabad,Telangana,South,Basic,Referral
C05961,2025-03-01 16:34:15,31.0,Male,Mumbai,Maharashtra,West,Basic,Referral
C05962,2025-07-17 08:09:06,57.0,Female,Bengaluru,Karnataka,South,Free,Social Media
C05963,2025-08-14 00:22:42,48.0,Female,Pune,Maharashtra,West,Free,Paid Ads
C05964,2025-01-11 09:00:29,22.0,Male,Hyderabad,Telangana,South,Free,Organic
C05965,2025-05-20 12:56:42,34.0,Female,Ahmedabad,Gujarat,West,Free,Organic
C05966,2025-04-13 18:11:08,27.0,Female,Chennai,Tamil Nadu,South,Premium,Organic
C05967,2025-05-17 04:48:10,60.0,Male,Chennai,Tamil Nadu,South,Basic,Organic
C05968,2025-06-10 23:40:43,33.0,Female,Guwahati,Assam,East,Free,Organic
C05969,2025-10-10 05:18:02,21.0,Male,Chennai,Tamil Nadu,South,Free,Referral
C05970,2025-03-08 17:02:13,22.0,Female,Bengaluru,Karnataka,South,Free,Organic
C05971,2025-07-29 22:19:00,59.0,Male,Hyderabad,Telangana,South,Basic,Organic
C05972,2025-01-06 06:04:10,58.0,Female,Bhubaneswar,Odisha,East,Premium,Email
C05973,2025-11-13 15:57:05,37.0,Male,Chennai,Tamil Nadu,South,Free,Email
C05974,2025-03-28 10:47:25,23.0,Female,Chennai,Tamil Nadu,South,Premium,Referral
C05975,2025-07-09 16:52:57,28.0,Male,Ahmedabad,Gujarat,West,Free,Organic
C05976,2025-09-28 03:31:59,34.0,Female,Bengaluru,Karnataka,South,Free,Social Media
C05977,2025-07-28 00:03:51,58.0,Male,Kolkata,West Bengal,East,Free,Paid Ads
C05978,2025-04-22 18:24:37,20.0,Male,Guwahati,Assam,East,Basic,Organic
C05979,2025-01-22 04:09:01,33.0,Male,Jaipur,Rajasthan,North,Free,Referral
C05980,2025-01-24 20:10:38,53.0,Male,Lucknow,Uttar Pradesh,North,Premium,Organic
C05981,2025-05-23 12:08:18,43.0,Female,Lucknow,Uttar Pradesh,North,Free,Email
C05982,2025-05-25 16:19:56,41.0,Other,Bhubaneswar,Odisha,East,Basic,Social Media
C05983,2025-03-24 05:28:14,51.0,Female,Hyderabad,Telangana,South,Free,Organic
C05984,2025-06-03 03:05:16,37.0,Female,Kolkata,West Bengal,East,Free,Paid Ads
C05985,2025-04-15 16:50:28,34.0,Male,Guwahati,Assam,East,Free,Paid Ads
C05986,2025-11-26 13:08:11,37.0,Male,Bhubaneswar,Odisha,East,Basic,Social Media
C05987,2025-02-26 19:20:33,,Female,Lucknow,Uttar Pradesh,North,Basic,Paid Ads
C05988,2025-10-12 06:22:04,21.0,Other,Bengaluru,Karnataka,South,Free,Organic
C05989,2025-05-02 13:23:13,35.0,Female,Lucknow,Uttar Pradesh,North,Free,Organic
C05990,2025-05-27 23:16:08,53.0,Male,Hyderabad,Telangana,South,Basic,Organic
C05991,2025-06-07 19:29:46,52.0,Male,Guwahati,Assam,East,Free,Email
C05992,2025-09-17 08:26:20,47.0,Male,Lucknow,Uttar Pradesh,North,Premium,Email
C05993,2025-05-28 21:48:14,35.0,Male,Pune,Maharashtra,West,Premium,Paid Ads
C05994,2025-10-30 10:20:57,38.0,Female,Mumbai,Maharashtra,West,Basic,Organic
C05995,2025-08-07 13:48:06,49.0,Male,Kolkata,West Bengal,East,Basic,Paid Ads
C05996,2025-02-27 00:48:21,22.0,Female,Delhi,Delhi,North,Basic,Social Media
C05997,2025-03-27 05:04:46,58.0,Female,Ahmedabad,Gujarat,West,Free,Organic
C05998,2025-01-03 16:04:44,40.0,Female,Bengaluru,Karnataka,South,Free,Paid Ads
C05999,2025-11-12 13:02:24,47.0,Female,Pune,Maharashtra,West,Free,Organic
C06000,2025-02-25 13:20:30,44.0,Male,Guwahati,Assam,East,Premium,Paid Ads
C06001,2025-02-27 06:38:05,32.0,Other,Lucknow,Uttar Pradesh,North,Basic,Social Media
C06002,2025-05-07 05:02:01,,Male,Kolkata,West Bengal,East,Free,Paid Ads
C06003,2025-03-19 09:46:57,31.0,Female,Hyderabad,Telangana,South,Basic,Paid Ads
C06004,2025-06-10 05:24:26,38.0,Male,Lucknow,Uttar Pradesh,North,Free,Social Media
C06005,2025-10-28 08:37:58,51.0,Male,Kolkata,West Bengal,East,Basic,Social Media
C06006,2025-09-30 04:50:54,43.0,Male,Chennai,Tamil Nadu,South,Free,Organic
C06007,2025-06-22 20:11:46,42.0,Male,Jaipur,Rajasthan,North,Basic,Paid Ads
C06008,2025-09-08 20:26:41,48.0,Female,Kolkata,West Bengal,East,Free,Social Media
C06009,2025-10-17 07:44:07,23.0,Female,Jaipur,Rajasthan,North,Basic,Paid Ads
C06010,2025-06-13 16:21:50,21.0,Female,Pune,Maharashtra,West,Free,Referral
C06011,2025-09-06 21:44:10,41.0,Female,Chennai,Tamil Nadu,South,Free,Paid Ads
C06012,2025-09-28 23:56:31,59.0,Female,Hyderabad,Telangana,South,Basic,Organic
C06013,2025-04-03 01:18:57,48.0,Male,Hyderabad,Telangana,South,Basic,Organic
C06014,2025-11-29 23:28:21,36.0,Female,Ahmedabad,Gujarat,West,Premium,Paid Ads
C06015,2025-09-27 08:31:55,28.0,Female,Pune,Maharashtra,West,Basic,Paid Ads
C06016,2025-03-13 06:45:24,46.0,Female,Lucknow,Uttar Pradesh,North,Basic,Email
C06017,2025-10-15 08:06:30,22.0,Female,Bhubaneswar,Odisha,East,Premium,Referral
C06018,2025-09-23 20:48:19,35.0,Male,Delhi,Delhi,North,Premium,Referral
C06019,2025-06-27 21:34:19,20.0,Male,Jaipur,Rajasthan,North,Basic,Referral
C06020,2025-09-02 02:44:17,57.0,Female,Guwahati,Assam,East,Basic,Paid Ads
C06021,2025-08-12 22:47:30,28.0,Female,Pune,Maharashtra,West,Premium,Social Media
C06022,2025-11-06 15:13:44,38.0,Other,Hyderabad,Telangana,South,Basic,Social Media
C06023,2025-01-13 15:00:57,47.0,Female,Hyderabad,Telangana,South,Basic,Paid Ads
C06024,2025-07-27 05:39:03,36.0,Male,Kolkata,West Bengal,East,Free,Organic
C06025,2025-06-08 19:30:20,42.0,Male,Kolkata,West Bengal,East,Basic,Email
C06026,2025-09-29 19:56:40,52.0,Male,Ahmedabad,Gujarat,West,Free,Referral
C06027,2025-08-23 12:34:28,29.0,Female,Chennai,Tamil Nadu,South,Free,Referral
C06028,2025-03-10 18:15:08,43.0,Male,Kolkata,West Bengal,East,Premium,Social Media
C06029,2025-03-21 12:43:16,22.0,Female,Delhi,Delhi,North,Basic,Referral
C06030,2025-08-12 00:05:42,36.0,Female,Guwahati,Assam,East,Free,Paid Ads
C06031,2025-11-27 20:23:34,44.0,Female,Jaipur,Rajasthan,North,Free,Email
C06032,2025-11-24 02:46:40,55.0,Male,Mumbai,Maharashtra,West,Free,Social Media
C06033,2025-05-03 11:26:19,46.0,Male,Bengaluru,Karnataka,South,Free,Social Media
C06034,2025-03-13 04:37:19,29.0,Female,Bhubaneswar,Odisha,East,Free,Paid Ads
C06035,2025-08-22 09:09:02,36.0,Female,Delhi,Delhi,North,Free,Email
C06036,2025-03-01 16:10:05,26.0,Female,Bhubaneswar,Odisha,East,Free,Social Media
C06037,2025-11-17 11:00:20,35.0,Female,Lucknow,Uttar Pradesh,North,Premium,Social Media
C06038,2025-08-22 06:58:31,46.0,Male,Bengaluru,Karnataka,South,Free,Organic
C06039,2025-03-04 12:07:22,20.0,Male,Guwahati,Assam,East,Free,Referral
C06040,2025-08-30 18:57:37,40.0,Male,Chennai,Tamil Nadu,South,Premium,Paid Ads
C06041,2025-04-29 00:59:41,47.0,Female,Lucknow,Uttar Pradesh,North,Basic,Referral
C06042,2025-07-17 18:18:31,41.0,Male,Guwahati,Assam,East,Free,Referral
C06043,2025-07-14 00:37:05,54.0,Female,Ahmedabad,Gujarat,West,Free,Organic
C06044,2025-01-12 03:36:00,54.0,Female,Bhubaneswar,Odisha,East,Basic,Paid Ads
C06045,2025-01-29 18:05:46,21.0,Male,Jaipur,Rajasthan,North,Free,Paid Ads
C06046,2025-08-26 06:25:17,45.0,Female,Jaipur,Rajasthan,North,Basic,Social Media
C06047,2025-09-23 21:23:06,33.0,Female,Bhubaneswar,Odisha,East,Free,Paid Ads
C06048,2025-09-18 06:43:30,30.0,Female,Pune,Maharashtra,West,Premium,Paid Ads
C06049,2025-02-06 02:33:19,25.0,Male,Bengaluru,Karnataka,South,Basic,Referral
C06050,2025-11-30 16:42:26,42.0,Male,Bengaluru,Karnataka,South,Free,Referral
C06051,2025-06-06 03:24:21,19.0,Male,Delhi,Delhi,North,Free,Email
C06052,2025-05-21 14:29:31,47.0,Male,Hyderabad,Telangana,South,Basic,Paid Ads
C06053,2025-10-18 14:15:30,57.0,Male,Lucknow,Uttar Pradesh,North,Free,Referral
C06054,2025-06-15 15:35:34,20.0,Female,Pune,Maharashtra,West,Free,Organic
C06055,2025-01-26 22:06:55,40.0,Male,Chennai,Tamil Nadu,South,Free,Social Media
C06056,2025-09-28 08:16:55,46.0,Female,Mumbai,Maharashtra,West,Basic,Social Media
C06057,2025-05-25 03:24:18,58.0,Female,Pune,Maharashtra,West,Basic,Social Media
C06058,2025-03-29 10:01:20,47.0,Male,Ahmedabad,Gujarat,West,Free,Organic
C06059,2025-02-05 21:30:54,28.0,Female,Chennai,Tamil Nadu,South,Basic,Email
C06060,2025-06-17 21:25:15,38.0,Other,Bengaluru,Karnataka,South,Basic,Email
C06061,2025-08-02 13:07:11,,Female,Pune,Maharashtra,West,Premium,Paid Ads
C06062,2025-01-09 05:08:34,41.0,Male,Ahmedabad,Gujarat,West,Premium,Referral
C06063,2025-08-19 19:08:06,48.0,Female,Mumbai,Maharashtra,West,Premium,Email
C06064,2025-04-07 06:41:14,47.0,Male,Jaipur,Rajasthan,North,Premium,Paid Ads
C06065,2025-04-08 02:38:50,18.0,Female,Guwahati,Assam,East,Free,Referral
C06066,2025-07-19 03:47:32,18.0,Female,Bengaluru,Karnataka,South,Free,Referral
C06067,2025-01-24 12:47:47,25.0,Male,Mumbai,Maharashtra,West,Free,Referral
C06068,2025-08-28 16:13:21,59.0,Male,Ahmedabad,Gujarat,West,Basic,Referral
C06069,2025-11-12 00:50:46,51.0,Female,Bhubaneswar,Odisha,East,Free,Paid Ads
C06070,2025-08-30 14:36:34,,Female,Bhubaneswar,Odisha,East,Basic,Paid Ads
C06071,2025-03-26 04:33:10,44.0,Female,Chennai,Tamil Nadu,South,Free,Social Media
C06072,2025-09-07 13:27:07,21.0,Male,Mumbai,Maharashtra,West,Free,Social Media
C06073,2025-08-29 22:32:31,36.0,Male,Kolkata,West Bengal,East,Free,Social Media
C06074,2025-02-23 07:25:14,46.0,Male,Pune,Maharashtra,West,Premium,Paid Ads
C06075,2025-08-18 18:00:31,58.0,Female,Mumbai,Maharashtra,West,Free,Social Media
C06076,2025-05-01 09:16:33,20.0,Male,Kolkata,West Bengal,East,Premium,Paid Ads
C06077,2025-04-07 13:13:58,28.0,Male,Ahmedabad,Gujarat,West,Free,Referral
C06078,2025-08-12 07:27:33,25.0,Male,Jaipur,Rajasthan,North,Basic,Referral
C06079,2025-06-29 20:48:57,56.0,Female,Jaipur,Rajasthan,North,Free,Paid Ads
C06080,2025-10-08 08:36:35,50.0,Female,Pune,Maharashtra,West,Free,Paid Ads
C06081,2025-08-07 12:24:20,25.0,Female,Mumbai,Maharashtra,West,Premium,Social Media
C06082,2025-09-29 17:51:55,42.0,Female,Bengaluru,Karnataka,South,Free,Email
C06083,2025-05-03 17:01:59,41.0,Male,Mumbai,Maharashtra,West,Free,Organic
C06084,2025-05-28 11:17:56,43.0,Female,Pune,Maharashtra,West,Basic,Paid Ads
C06085,2025-06-28 06:57:06,43.0,Female,Mumbai,Maharashtra,West,Basic,Paid Ads
C06086,2025-08-19 11:39:45,34.0,Female,Pune,Maharashtra,West,Premium,Paid Ads
C06087,2025-03-17 03:52:53,44.0,Male,Delhi,Delhi,North,Basic,Email
C06088,2025-08-27 07:46:13,46.0,Female,Bhubaneswar,Odisha,East,Basic,Paid Ads
C06089,2025-06-06 12:11:19,60.0,Female,Lucknow,Uttar Pradesh,North,Free,Social Media
C06090,2025-02-08 15:26:27,56.0,Female,Kolkata,West Bengal,East,Basic,Referral
C06091,2025-04-14 02:58:51,26.0,Female,Pune,Maharashtra,West,Basic,Organic
C06092,2025-08-18 13:58:47,31.0,Female,Hyderabad,Telangana,South,Free,Referral
C06093,2025-03-17 04:24:43,22.0,Male,Ahmedabad,Gujarat,West,Basic,Referral
C06094,2025-10-22 15:25:04,47.0,Female,Delhi,Delhi,North,Free,Social Media
C06095,2025-06-29 04:22:13,45.0,Female,Bhubaneswar,Odisha,East,Free,Organic
C06096,2025-08-01 04:21:38,54.0,Male,Delhi,Delhi,North,Free,Organic
C06097,2025-01-26 03:32:24,25.0,Male,Guwahati,Assam,East,Free,Social Media
C06098,2025-10-23 19:55:55,32.0,Female,Bengaluru,Karnataka,South,Basic,Paid Ads
C06099,2025-07-03 18:16:27,45.0,Male,Bhubaneswar,Odisha,East,Free,Email
C06100,2025-07-02 06:40:31,53.0,Female,Hyderabad,Telangana,South,Free,Paid Ads
C06101,2025-07-01 11:33:08,50.0,Male,Mumbai,Maharashtra,West,Free,Organic
C06102,2025-03-19 23:14:24,23.0,Female,Delhi,Delhi,North,Free,Referral
C06103,2025-06-16 23:26:54,29.0,Female,Mumbai,Maharashtra,West,Free,Paid Ads
C06104,2025-08-29 16:00:29,24.0,Male,Bengaluru,Karnataka,South,Basic,Paid Ads
C06105,2025-01-20 04:16:18,45.0,Male,Kolkata,West Bengal,East,Free,Organic
C06106,2025-05-14 18:27:37,24.0,Male,Guwahati,Assam,East,Free,Organic
C06107,2025-11-19 20:49:29,58.0,Male,Ahmedabad,Gujarat,West,Basic,Organic
C06108,2025-01-07 08:34:07,18.0,Female,Bhubaneswar,Odisha,East,Basic,Referral
C06109,2025-02-18 11:22:50,41.0,Male,Kolkata,West Bengal,East,Free,Social Media
C06110,2025-06-24 13:56:35,36.0,Female,Chennai,Tamil Nadu,South,Premium,Organic
C06111,2025-04-25 15:23:33,49.0,Female,Hyderabad,Telangana,South,Premium,Referral
C06112,2025-02-01 02:17:16,47.0,Male,Mumbai,Maharashtra,West,Free,Email
C06113,2025-10-02 19:57:55,18.0,Male,Chennai,Tamil Nadu,South,Basic,Referral
C06114,2025-11-02 13:03:42,49.0,Male,Delhi,Delhi,North,Free,Social Media
C06115,2025-01-12 11:58:03,37.0,Female,Mumbai,Maharashtra,West,Free,Organic
C06116,2025-07-16 03:04:56,38.0,Male,Jaipur,Rajasthan,North,Free,Organic
C06117,2025-06-21 10:41:59,36.0,Male,Lucknow,Uttar Pradesh,North,Premium,Paid Ads
C06118,2025-07-09 00:32:57,47.0,Male,Chennai,Tamil Nadu,South,Basic,Referral
C06119,2025-01-12 19:18:45,45.0,Female,Pune,Maharashtra,West,Free,Referral
C06120,2025-10-14 19:13:10,49.0,Female,Jaipur,Rajasthan,North,Free,Email
C06121,2025-10-11 08:04:39,47.0,Female,Kolkata,West Bengal,East,Free,Referral
C06122,2025-03-05 10:49:37,40.0,Male,Guwahati,Assam,East,Free,Paid Ads
C06123,2025-07-19 15:29:35,44.0,Male,Guwahati,Assam,East,Premium,Social Media
C06124,2025-01-04 05:04:20,54.0,Male,Bengaluru,Karnataka,South,Basic,Organic
C06125,2025-01-25 01:15:40,43.0,Female,Hyderabad,Telangana,South,Free,Social Media
C06126,2025-06-07 07:13:10,20.0,Male,Chennai,Tamil Nadu,South,Free,Paid Ads
C06127,2025-04-25 20:25:43,48.0,Male,Ahmedabad,Gujarat,West,Premium,Organic
C06128,2025-07-31 15:42:54,19.0,Male,Mumbai,Maharashtra,West,Basic,Organic
C06129,2025-06-15 05:35:33,27.0,Female,Guwahati,Assam,East,Free,Email
C06130,2025-06-21 03:03:48,55.0,Male,Mumbai,Maharashtra,West,Free,Referral
C06131,2025-07-26 05:26:31,36.0,Female,Pune,Maharashtra,West,Free,Organic
C06132,2025-06-10 20:09:28,48.0,Other,Delhi,Delhi,North,Premium,Organic
C06133,2025-10-04 23:55:04,46.0,Male,Lucknow,Uttar Pradesh,North,Free,Paid Ads
C06134,2025-01-09 15:13:31,42.0,Female,Bhubaneswar,Odisha,East,Free,Organic
C06135,2025-11-25 13:06:35,49.0,Female,Guwahati,Assam,East,Free,Organic
C06136,2025-05-17 14:39:49,34.0,Female,Kolkata,West Bengal,East,Free,Social Media
C06137,2025-07-10 17:36:30,40.0,Male,Pune,Maharashtra,West,Basic,Social Media
C06138,2025-06-07 11:56:35,35.0,Male,Bengaluru,Karnataka,South,Free,Email
C06139,2025-09-16 03:15:47,28.0,Female,Lucknow,Uttar Pradesh,North,Free,Organic
C06140,2025-04-02 11:28:24,37.0,Male,Bengaluru,Karnataka,South,Free,Email
C06141,2025-05-11 20:56:19,30.0,Female,Ahmedabad,Gujarat,West,Free,Paid Ads
C06142,2025-10-31 21:35:36,41.0,Female,Ahmedabad,Gujarat,West,Free,Paid Ads
C06143,2025-08-11 20:08:04,60.0,Female,Bhubaneswar,Odisha,East,Premium,Organic
C06144,2025-04-23 10:12:53,37.0,Male,Chennai,Tamil Nadu,South,Free,Email
C06145,2025-05-24 21:20:50,59.0,Female,Bengaluru,Karnataka,South,Free,Email
C06146,2025-05-10 23:27:07,45.0,Female,Guwahati,Assam,East,Basic,Social Media
C06147,2025-06-13 17:02:28,52.0,Female,Lucknow,Uttar Pradesh,North,Premium,Organic
C06148,2025-11-04 17:54:44,38.0,Male,Pune,Maharashtra,West,Free,Social Media
C06149,2025-01-01 08:58:06,23.0,Female,Jaipur,Rajasthan,North,Free,Referral
C06150,2025-06-07 06:20:45,24.0,Male,Chennai,Tamil Nadu,South,Basic,Organic
C06151,2025-06-21 19:43:59,46.0,Male,Jaipur,Rajasthan,North,Free,Organic
C06152,2025-09-21 10:48:49,40.0,Other,Delhi,Delhi,North,Premium,Referral
C06153,2025-11-14 12:51:37,22.0,Female,Kolkata,West Bengal,East,Premium,Social Media
C06154,2025-01-04 23:17:25,39.0,Male,Kolkata,West Bengal,East,Basic,Social Media
C06155,2025-11-26 20:20:24,26.0,Female,Kolkata,West Bengal,East,Free,Referral
C06156,2025-11-04 08:32:10,49.0,Male,Bhubaneswar,Odisha,East,Free,Paid Ads
C06157,2025-09-25 19:19:58,27.0,Male,Delhi,Delhi,North,Premium,Referral
C06158,2025-05-31 00:23:18,60.0,Female,Delhi,Delhi,North,Basic,Social Media
C06159,2025-04-22 05:45:17,45.0,Male,Kolkata,West Bengal,East,Free,Organic
C06160,2025-06-27 23:57:43,28.0,Female,Chennai,Tamil Nadu,South,Free,Social Media
C06161,2025-07-11 10:10:09,24.0,Female,Guwahati,Assam,East,Basic,Paid Ads
C06162,2025-02-20 18:01:30,47.0,Male,Pune,Maharashtra,West,Premium,Paid Ads
C06163,2025-06-01 00:45:16,60.0,Female,Ahmedabad,Gujarat,West,Basic,Organic
C06164,2025-03-19 06:40:45,55.0,Male,Ahmedabad,Gujarat,West,Free,Referral
C06165,2025-05-05 10:37:44,51.0,Female,Mumbai,Maharashtra,West,Free,Organic
C06166,2025-02-22 00:54:10,,Female,Mumbai,Maharashtra,West,Free,Email
C06167,2025-06-13 10:20:25,49.0,Female,Mumbai,Maharashtra,West,Premium,Referral
C06168,2025-01-20 20:15:00,33.0,Male,Chennai,Tamil Nadu,South,Free,Email
C06169,2025-06-29 13:26:46,56.0,Male,Bhubaneswar,Odisha,East,Basic,Organic
C06170,2025-11-09 13:38:43,18.0,Male,Kolkata,West Bengal,East,Free,Referral
C06171,2025-01-31 03:46:14,51.0,Female,Bhubaneswar,Odisha,East,Free,Email
C06172,2025-04-27 00:23:27,58.0,Female,Jaipur,Rajasthan,North,Basic,Organic
C06173,2025-09-17 18:23:51,40.0,Male,Guwahati,Assam,East,Premium,Organic
C06174,2025-05-03 02:22:04,37.0,Male,Chennai,Tamil Nadu,South,Free,Referral
C06175,2025-09-14 08:35:53,35.0,Female,Lucknow,Uttar Pradesh,North,Free,Paid Ads
C06176,2025-01-26 14:37:49,35.0,Male,Delhi,Delhi,North,Basic,Organic
C06177,2025-10-07 19:53:45,59.0,Male,Jaipur,Rajasthan,North,Basic,Email
C06178,2025-03-09 23:08:19,57.0,Female,Guwahati,Assam,East,Basic,Social Media
C06179,2025-01-12 08:54:39,38.0,Male,Bhubaneswar,Odisha,East,Free,Paid Ads
C06180,2025-07-31 12:50:22,25.0,Female,Ahmedabad,Gujarat,West,Basic,Organic
C06181,2025-11-21 17:43:16,51.0,Male,Lucknow,Uttar Pradesh,North,Premium,Organic
C06182,2025-10-16 04:40:52,28.0,Male,Bhubaneswar,Odisha,East,Premium,Organic
C06183,2025-09-28 07:11:30,60.0,Female,Kolkata,West Bengal,East,Basic,Paid Ads
C06184,2025-07-11 09:24:30,60.0,Female,Hyderabad,Telangana,South,Premium,Paid Ads
C06185,2025-07-20 03:58:39,27.0,Female,Kolkata,West Bengal,East,Free,Organic
C06186,2025-06-29 21:22:21,25.0,Male,Chennai,Tamil Nadu,South,Free,Email
C06187,2025-08-27 11:11:24,25.0,Female,Chennai,Tamil Nadu,South,Basic,Referral
C06188,2025-11-19 04:02:12,36.0,Female,Mumbai,Maharashtra,West,Free,Organic
C06189,2025-10-02 08:25:29,18.0,Male,Bhubaneswar,Odisha,East,Premium,Referral
C06190,2025-03-26 16:42:57,20.0,Other,Guwahati,Assam,East,Free,Organic
C06191,2025-01-15 03:32:02,49.0,Female,Delhi,Delhi,North,Free,Social Media
C06192,2025-07-05 19:58:56,33.0,Female,Jaipur,Rajasthan,North,Free,Referral
C06193,2025-01-20 15:13:00,47.0,Female,Chennai,Tamil Nadu,South,Free,Email
C06194,2025-08-09 10:06:18,45.0,Male,Bengaluru,Karnataka,South,Basic,Paid Ads
C06195,2025-06-11 05:10:23,45.0,Female,Lucknow,Uttar Pradesh,North,Free,Organic
C06196,2025-06-05 17:14:02,33.0,Female,Kolkata,West Bengal,East,Free,Organic
C06197,2025-06-12 02:58:32,58.0,Male,Pune,Maharashtra,West,Basic,Organic
C06198,2025-11-01 18:40:40,50.0,Female,Chennai,Tamil Nadu,South,Free,Social Media
C06199,2025-09-23 18:33:56,42.0,Male,Kolkata,West Bengal,East,Premium,Referral
C06200,2025-11-17 12:35:25,35.0,Male,Guwahati,Assam,East,Free,Email
C06201,2025-04-16 13:34:43,43.0,Male,Lucknow,Uttar Pradesh,North,Free,Paid Ads
C06202,2025-11-18 15:53:24,23.0,Other,Ahmedabad,Gujarat,West,Free,Social Media
C06203,2025-03-03 11:52:51,55.0,Female,Bengaluru,Karnataka,South,Basic,Organic
C06204,2025-09-25 13:30:03,20.0,Male,Lucknow,Uttar Pradesh,North,Basic,Email
C06205,2025-03-23 01:37:24,60.0,Female,Guwahati,Assam,East,Premium,Organic
C06206,2025-03-12 09:28:54,23.0,Male,Hyderabad,Telangana,South,Free,Social Media
C06207,2025-08-04 21:41:30,31.0,Female,Ahmedabad,Gujarat,West,Basic,Paid Ads
C06208,2025-05-18 20:32:55,35.0,Female,Pune,Maharashtra,West,Free,Organic
C06209,2025-09-21 10:00:51,33.0,Female,Mumbai,Maharashtra,West,Premium,Referral
C06210,2025-09-23 02:01:59,41.0,Female,Kolkata,West Bengal,East,Basic,Email
C06211,2025-10-08 07:38:30,30.0,Male,Ahmedabad,Gujarat,West,Free,Social Media
C06212,2025-06-28 15:44:24,18.0,Female,Kolkata,West Bengal,East,Free,Paid Ads
C06213,2025-01-21 23:37:08,55.0,Female,Mumbai,Maharashtra,West,Free,Paid Ads
C06214,2025-10-06 17:48:46,31.0,Female,Pune,Maharashtra,West,Basic,Organic
C06215,2025-01-15 12:16:23,34.0,Female,Bengaluru,Karnataka,South,Premium,Social Media
C06216,2025-11-12 00:53:34,,Other,Chennai,Tamil Nadu,South,Premium,Organic
C06217,2025-05-31 06:54:03,30.0,Female,Kolkata,West Bengal,East,Basic,Email
C06218,2025-09-12 08:35:57,26.0,Female,Pune,Maharashtra,West,Basic,Referral
C06219,2025-05-31 20:00:30,23.0,Female,Pune,Maharashtra,West,Free,Referral
C06220,2025-01-14 07:25:30,23.0,Male,Kolkata,West Bengal,East,Basic,Social Media
C06221,2025-08-22 05:26:54,47.0,Male,Chennai,Tamil Nadu,South,Free,Referral
C06222,2025-07-30 09:09:08,54.0,Female,Jaipur,Rajasthan,North,Basic,Paid Ads
C06223,2025-07-11 22:23:25,31.0,Male,Kolkata,West Bengal,East,Free,Paid Ads
C06224,2025-11-16 01:10:00,21.0,Female,Pune,Maharashtra,West,Free,Organic
C06225,2025-05-17 02:13:39,51.0,Male,Bhubaneswar,Odisha,East,Basic,Paid Ads
C06226,2025-02-23 00:07:35,19.0,Male,Jaipur,Rajasthan,North,Premium,Organic
C06227,2025-01-11 06:07:25,34.0,Female,Bhubaneswar,Odisha,East,Basic,Referral
C06228,2025-07-17 16:15:30,59.0,Male,Chennai,Tamil Nadu,South,Basic,Organic
C06229,2025-11-11 20:59:00,31.0,Male,Hyderabad,Telangana,South,Premium,Social Media
C06230,2025-08-31 18:43:58,34.0,Male,Pune,Maharashtra,West,Free,Referral
C06231,2025-03-19 16:23:03,47.0,Female,Jaipur,Rajasthan,North,Free,Email
C06232,2025-10-30 08:07:26,60.0,Female,Chennai,Tamil Nadu,South,Premium,Organic
C06233,2025-08-11 08:44:41,46.0,Female,Jaipur,Rajasthan,North,Premium,Social Media
C06234,2025-04-02 22:40:27,24.0,Male,Kolkata,West Bengal,East,Free,Email
C06235,2025-11-14 04:26:14,26.0,Female,Ahmedabad,Gujarat,West,Free,Organic
C06236,2025-05-18 14:26:24,40.0,Male,Bengaluru,Karnataka,South,Premium,Email
C06237,2025-09-09 19:44:11,53.0,Male,Lucknow,Uttar Pradesh,North,Basic,Paid Ads
C06238,2025-07-20 10:44:03,31.0,Female,Jaipur,Rajasthan,North,Free,Organic
C06239,2025-06-10 19:20:17,37.0,Male,Chennai,Tamil Nadu,South,Free,Paid Ads
C06240,2025-05-22 20:16:17,34.0,Male,Hyderabad,Telangana,South,Premium,Organic
C06241,2025-05-03 17:59:24,49.0,Male,Hyderabad,Telangana,South,Free,Email
C06242,2025-06-02 05:19:42,42.0,Male,Kolkata,West Bengal,East,Free,Organic
C06243,2025-10-01 07:08:38,47.0,Female,Lucknow,Uttar Pradesh,North,Basic,Paid Ads
C06244,2025-03-17 09:31:07,44.0,Male,Jaipur,Rajasthan,North,Free,Referral
C06245,2025-07-09 21:01:47,44.0,Other,Delhi,Delhi,North,Free,Social Media
C06246,2025-06-19 13:12:34,48.0,Female,Lucknow,Uttar Pradesh,North,Free,Organic
C06247,2025-09-16 16:42:54,43.0,Male,Guwahati,Assam,East,Free,Referral
C06248,2025-06-29 04:01:19,31.0,Female,Bengaluru,Karnataka,South,Basic,Organic
C06249,2025-11-03 05:37:25,38.0,Female,Lucknow,Uttar Pradesh,North,Basic,Referral
C06250,2025-01-22 10:27:01,45.0,Female,Bhubaneswar,Odisha,East,Free,Email
C06251,2025-05-12 00:29:36,32.0,Female,Mumbai,Maharashtra,West,Free,Organic
C06252,2025-07-16 23:12:30,47.0,Female,Guwahati,Assam,East,Free,Organic
C06253,2025-07-25 23:29:02,42.0,Male,Pune,Maharashtra,West,Free,Referral
C06254,2025-06-27 09:06:38,28.0,Female,Guwahati,Assam,East,Basic,Organic
C06255,2025-02-06 01:55:12,28.0,Female,Mumbai,Maharashtra,West,Free,Organic
C06256,2025-01-27 07:24:58,45.0,Female,Lucknow,Uttar Pradesh,North,Free,Organic
C06257,2025-11-20 02:32:54,22.0,Female,Lucknow,Uttar Pradesh,North,Premium,Paid Ads
C06258,2025-04-14 06:19:52,45.0,Female,Lucknow,Uttar Pradesh,North,Free,Organic
C06259,2025-02-08 17:58:11,25.0,Male,Chennai,Tamil Nadu,South,Free,Paid Ads
C06260,2025-06-01 07:46:23,43.0,Female,Bhubaneswar,Odisha,East,Premium,Paid Ads
C06261,2025-05-22 23:14:01,23.0,Female,Guwahati,Assam,East,Premium,Social Media
C06262,2025-01-12 16:40:05,49.0,Male,Hyderabad,Telangana,South,Premium,Email
C06263,2025-11-10 20:07:07,49.0,Male,Kolkata,West Bengal,East,Basic,Paid Ads
C06264,2025-03-30 06:49:54,29.0,Female,Hyderabad,Telangana,South,Premium,Paid Ads
C06265,2025-06-22 11:37:16,23.0,Female,Bengaluru,Karnataka,South,Basic,Organic
C06266,2025-08-13 15:15:24,30.0,Male,Pune,Maharashtra,West,Free,Referral
C06267,2025-09-04 00:19:06,56.0,Male,Hyderabad,Telangana,South,Basic,Email
C06268,2025-09-17 15:39:11,57.0,Female,Kolkata,West Bengal,East,Free,Social Media
C06269,2025-08-15 11:11:31,51.0,Male,Pune,Maharashtra,West,Basic,Organic
C06270,2025-03-06 22:49:44,40.0,Male,Delhi,Delhi,North,Free,Email
C06271,2025-03-25 02:26:53,58.0,Female,Pune,Maharashtra,West,Free,Social Media
C06272,2025-03-31 10:37:33,34.0,Female,Hyderabad,Telangana,South,Free,Organic
C06273,2025-03-16 16:13:18,18.0,Female,Kolkata,West Bengal,East,Free,Referral
C06274,2025-07-08 22:20:42,24.0,Female,Lucknow,Uttar Pradesh,North,Free,Organic
C06275,2025-05-16 18:04:38,30.0,Female,Delhi,Delhi,North,Basic,Paid Ads
C06276,2025-07-09 20:45:53,31.0,Female,Jaipur,Rajasthan,North,Free,Paid Ads
C06277,2025-11-11 11:14:52,34.0,Male,Mumbai,Maharashtra,West,Basic,Organic
C06278,2025-05-05 18:47:59,47.0,Male,Mumbai,Maharashtra,West,Basic,Social Media
C06279,2025-08-11 07:28:42,51.0,Male,Hyderabad,Telangana,South,Basic,Social Media
C06280,2025-04-01 23:12:33,44.0,Female,Guwahati,Assam,East,Free,Organic
C06281,2025-09-08 13:39:12,42.0,Female,Hyderabad,Telangana,South,Basic,Organic
C06282,2025-08-18 07:46:28,52.0,Female,Jaipur,Rajasthan,North,Basic,Paid Ads
C06283,2025-01-17 04:53:16,26.0,Female,Hyderabad,Telangana,South,Premium,Social Media
C06284,2025-02-04 09:38:10,23.0,Female,Delhi,Delhi,North,Free,Organic
C06285,2025-05-04 06:53:14,43.0,Female,Bhubaneswar,Odisha,East,Free,Social Media
C06286,2025-09-24 08:49:47,,Male,Lucknow,Uttar Pradesh,North,Free,Email
C06287,2025-08-02 05:41:26,56.0,Female,Bengaluru,Karnataka,South,Free,Referral
C06288,2025-03-07 13:46:08,44.0,Female,Mumbai,Maharashtra,West,Free,Organic
C06289,2025-02-08 14:28:24,57.0,Female,Chennai,Tamil Nadu,South,Premium,Organic
C06290,2025-03-22 06:33:01,48.0,Male,Mumbai,Maharashtra,West,Basic,Organic
C06291,2025-08-21 17:57:37,20.0,Female,Guwahati,Assam,East,Free,Organic
C06292,2025-03-31 05:48:39,41.0,Male,Mumbai,Maharashtra,West,Basic,Social Media
C06293,2025-01-25 23:35:53,32.0,Female,Hyderabad,Telangana,South,Free,Organic
C06294,2025-03-06 09:30:59,23.0,Female,Ahmedabad,Gujarat,West,Free,Organic
C06295,2025-07-13 19:47:49,28.0,Male,Chennai,Tamil Nadu,South,Basic,Paid Ads
C06296,2025-09-28 16:35:52,47.0,Male,Bengaluru,Karnataka,South,Basic,Social Media
C06297,2025-01-24 18:09:58,52.0,Female,Pune,Maharashtra,West,Basic,Organic
C06298,2025-09-26 21:07:42,55.0,Female,Bhubaneswar,Odisha,East,Free,Social Media
C06299,2025-11-02 21:46:47,60.0,Female,Jaipur,Rajasthan,North,Free,Referral
C06300,2025-09-02 20:57:34,57.0,Female,Ahmedabad,Gujarat,West,Premium,Referral
C06301,2025-10-29 20:21:42,46.0,Female,Hyderabad,Telangana,South,Premium,Social Media
C06302,2025-08-27 11:46:57,40.0,Male,Ahmedabad,Gujarat,West,Free,Organic
C06303,2025-04-24 17:54:32,,Female,Ahmedabad,Gujarat,West,Basic,Paid Ads
C06304,2025-06-18 19:03:28,59.0,Female,Bengaluru,Karnataka,South,Free,Social Media
C06305,2025-09-10 12:58:21,20.0,Female,Mumbai,Maharashtra,West,Free,Email
C06306,2025-03-14 07:37:53,43.0,Male,Ahmedabad,Gujarat,West,Basic,Organic
C06307,2025-07-24 19:08:02,31.0,Male,Ahmedabad,Gujarat,West,Basic,Paid Ads
C06308,2025-06-16 21:13:33,36.0,Male,Mumbai,Maharashtra,West,Premium,Organic
C06309,2025-03-25 09:50:33,,Female,Jaipur,Rajasthan,North,Basic,Social Media
C06310,2025-02-26 01:09:19,38.0,Male,Chennai,Tamil Nadu,South,Basic,Social Media
C06311,2025-11-18 09:12:19,26.0,Male,Ahmedabad,Gujarat,West,Free,Paid Ads
C06312,2025-09-10 03:20:37,30.0,Male,Jaipur,Rajasthan,North,Basic,Organic
C06313,2025-10-07 15:36:48,58.0,Male,Lucknow,Uttar Pradesh,North,Premium,Organic
C06314,2025-01-13 07:03:09,54.0,Female,Ahmedabad,Gujarat,West,Free,Referral
C06315,2025-11-11 22:49:16,55.0,Female,Ahmedabad,Gujarat,West,Free,Email
C06316,2025-01-14 17:22:15,41.0,Female,Bengaluru,Karnataka,South,Premium,Social Media
C06317,2025-11-05 08:55:17,55.0,Male,Jaipur,Rajasthan,North,Free,Social Media
C06318,2025-09-13 01:52:41,28.0,Male,Delhi,Delhi,North,Free,Paid Ads
C06319,2025-09-04 02:28:06,46.0,Female,Jaipur,Rajasthan,North,Free,Email
C06320,2025-11-04 13:12:58,55.0,Male,Kolkata,West Bengal,East,Free,Social Media
C06321,2025-03-03 04:01:09,58.0,Female,Delhi,Delhi,North,Free,Paid Ads
C06322,2025-05-21 02:02:45,34.0,Male,Ahmedabad,Gujarat,West,Basic,Social Media
C06323,2025-04-25 16:31:40,43.0,Male,Lucknow,Uttar Pradesh,North,Basic,Paid Ads
C06324,2025-06-14 01:45:39,43.0,Male,Mumbai,Maharashtra,West,Basic,Referral
C06325,2025-11-25 08:45:27,29.0,Female,Bhubaneswar,Odisha,East,Basic,Email
C06326,2025-05-29 14:21:24,35.0,Male,Bhubaneswar,Odisha,East,Free,Organic
C06327,2025-06-19 14:20:49,26.0,Female,Hyderabad,Telangana,South,Basic,Social Media
C06328,2025-01-18 21:32:56,20.0,Female,Ahmedabad,Gujarat,West,Premium,Referral
C06329,2025-09-22 08:27:54,27.0,Male,Pune,Maharashtra,West,Free,Email
C06330,2025-02-25 10:14:11,60.0,Male,Bhubaneswar,Odisha,East,Free,Organic
C06331,2025-10-10 08:11:22,19.0,Female,Bhubaneswar,Odisha,East,Free,Referral
C06332,2025-05-16 06:51:18,25.0,Male,Lucknow,Uttar Pradesh,North,Free,Organic
C06333,2025-11-01 11:43:09,60.0,Female,Jaipur,Rajasthan,North,Premium,Organic
C06334,2025-06-25 07:36:57,,Female,Ahmedabad,Gujarat,West,Free,Paid Ads
C06335,2025-07-17 23:17:57,56.0,Male,Mumbai,Maharashtra,West,Basic,Paid Ads
C06336,2025-09-21 04:49:33,48.0,Male,Delhi,Delhi,North,Free,Email
C06337,2025-05-06 08:34:43,31.0,Male,Kolkata,West Bengal,East,Basic,Organic
C06338,2025-03-07 02:48:05,56.0,Male,Bhubaneswar,Odisha,East,Free,Organic
C06339,2025-01-03 22:19:14,50.0,Male,Ahmedabad,Gujarat,West,Basic,Organic
C06340,2025-03-01 03:51:18,46.0,Female,Pune,Maharashtra,West,Premium,Paid Ads
C06341,2025-04-20 01:31:49,50.0,Female,Ahmedabad,Gujarat,West,Free,Organic
C06342,2025-03-04 22:09:06,52.0,Female,Jaipur,Rajasthan,North,Free,Email
C06343,2025-04-16 15:24:48,19.0,Female,Delhi,Delhi,North,Free,Referral
C06344,2025-11-21 14:36:43,52.0,Male,Hyderabad,Telangana,South,Basic,Social Media
C06345,2025-02-17 22:25:03,49.0,Male,Pune,Maharashtra,West,Free,Social Media
C06346,2025-03-02 05:26:12,,Male,Guwahati,Assam,East,Basic,Referral
C06347,2025-05-10 14:27:05,40.0,Male,Ahmedabad,Gujarat,West,Free,Email
C06348,2025-04-22 05:35:13,22.0,Male,Chennai,Tamil Nadu,South,Free,Email
C06349,2025-01-03 10:29:42,33.0,Female,Jaipur,Rajasthan,North,Basic,Organic
C06350,2025-04-15 11:45:35,57.0,Female,Lucknow,Uttar Pradesh,North,Free,Email
C06351,2025-07-11 16:26:04,41.0,Female,Guwahati,Assam,East,Basic,Paid Ads
C06352,2025-06-27 05:54:30,57.0,Male,Delhi,Delhi,North,Free,Organic
C06353,2025-07-25 16:21:19,45.0,Female,Guwahati,Assam,East,Basic,Referral
C06354,2025-08-24 07:39:15,42.0,Female,Delhi,Delhi,North,Free,Organic
C06355,2025-07-02 08:01:20,24.0,Male,Bengaluru,Karnataka,South,Basic,Paid Ads
C06356,2025-02-19 19:21:53,55.0,Male,Bengaluru,Karnataka,South,Free,Social Media
C06357,2025-03-09 13:04:30,24.0,Other,Lucknow,Uttar Pradesh,North,Free,Organic
C06358,2025-02-06 15:49:25,39.0,Female,Mumbai,Maharashtra,West,Basic,Organic
C06359,2025-06-20 16:36:49,39.0,Other,Hyderabad,Telangana,South,Free,Email
C06360,2025-05-13 02:00:11,44.0,Female,Lucknow,Uttar Pradesh,North,Free,Paid Ads
C06361,2025-07-01 16:02:51,50.0,Male,Bhubaneswar,Odisha,East,Free,Paid Ads
C06362,2025-01-27 00:34:34,49.0,Male,Ahmedabad,Gujarat,West,Free,Email
C06363,2025-10-29 10:05:23,56.0,Other,Ahmedabad,Gujarat,West,Basic,Email
C06364,2025-11-13 20:07:11,49.0,Male,Mumbai,Maharashtra,West,Premium,Organic
C06365,2025-03-29 14:46:11,18.0,Male,Ahmedabad,Gujarat,West,Free,Paid Ads
C06366,2025-05-01 17:53:45,27.0,Female,Lucknow,Uttar Pradesh,North,Premium,Email
C06367,2025-10-01 16:36:40,21.0,Male,Pune,Maharashtra,West,Premium,Organic
C06368,2025-07-31 05:31:53,46.0,Male,Bhubaneswar,Odisha,East,Free,Referral
C06369,2025-11-08 17:39:57,24.0,Female,Mumbai,Maharashtra,West,Free,Paid Ads
C06370,2025-03-09 17:04:38,55.0,Male,Bengaluru,Karnataka,South,Free,Social Media
C06371,2025-08-17 16:06:35,23.0,Male,Jaipur,Rajasthan,North,Basic,Organic
C06372,2025-06-09 21:28:42,28.0,Male,Pune,Maharashtra,West,Free,Referral
C06373,2025-10-23 22:32:16,26.0,Female,Hyderabad,Telangana,South,Free,Organic
C06374,2025-01-03 22:02:18,47.0,Male,Bengaluru,Karnataka,South,Free,Organic
C06375,2025-11-28 18:14:23,39.0,Male,Kolkata,West Bengal,East,Basic,Organic
C06376,2025-07-06 01:18:42,56.0,Female,Guwahati,Assam,East,Free,Organic
C06377,2025-01-03 11:52:35,26.0,Male,Lucknow,Uttar Pradesh,North,Basic,Social Media
C06378,2025-11-26 10:05:59,55.0,Male,Bengaluru,Karnataka,South,Premium,Email
C06379,2025-07-10 04:07:41,50.0,Female,Chennai,Tamil Nadu,South,Basic,Social Media
C06380,2025-05-11 19:28:19,43.0,Male,Chennai,Tamil Nadu,South,Free,Referral
C06381,2025-05-11 08:39:51,33.0,Male,Lucknow,Uttar Pradesh,North,Free,Organic
C06382,2025-09-24 10:23:09,26.0,Female,Delhi,Delhi,North,Free,Organic
C06383,2025-01-13 14:12:43,40.0,Female,Guwahati,Assam,East,Premium,Paid Ads
C06384,2025-11-18 02:35:59,32.0,Female,Pune,Maharashtra,West,Basic,Social Media
C06385,2025-07-27 04:20:47,,Female,Pune,Maharashtra,West,Basic,Organic
C06386,2025-01-19 20:51:11,59.0,Male,Lucknow,Uttar Pradesh,North,Free,Email
C06387,2025-01-30 13:53:50,33.0,Female,Jaipur,Rajasthan,North,Basic,Social Media
C06388,2025-05-19 02:28:27,42.0,Male,Delhi,Delhi,North,Basic,Email
C06389,2025-09-16 10:18:55,52.0,Male,Ahmedabad,Gujarat,West,Premium,Paid Ads
C06390,2025-05-25 20:38:11,30.0,Female,Lucknow,Uttar Pradesh,North,Basic,Referral
C06391,2025-06-25 23:43:14,24.0,Male,Guwahati,Assam,East,Basic,Organic
C06392,2025-10-20 11:19:32,51.0,Female,Pune,Maharashtra,West,Basic,Referral
C06393,2025-03-17 17:16:59,31.0,Male,Delhi,Delhi,North,Premium,Email
C06394,2025-04-29 09:03:24,40.0,Male,Lucknow,Uttar Pradesh,North,Basic,Organic
C06395,2025-04-18 02:27:16,40.0,Female,Hyderabad,Telangana,South,Free,Organic
C06396,2025-09-24 03:42:33,34.0,Male,Pune,Maharashtra,West,Basic,Organic
C06397,2025-01-08 16:53:13,30.0,Female,Mumbai,Maharashtra,West,Premium,Email
C06398,2025-11-02 01:49:59,44.0,Male,Ahmedabad,Gujarat,West,Basic,Organic
C06399,2025-04-28 04:32:39,19.0,Male,Pune,Maharashtra,West,Basic,Social Media
C06400,2025-04-17 08:54:53,54.0,Male,Hyderabad,Telangana,South,Basic,Organic
C06401,2025-08-17 03:50:33,47.0,Male,Jaipur,Rajasthan,North,Basic,Social Media
C06402,2025-07-06 23:52:51,21.0,Other,Bengaluru,Karnataka,South,Free,Paid Ads
C06403,2025-08-18 17:52:44,47.0,Female,Bhubaneswar,Odisha,East,Basic,Organic
C06404,2025-07-05 00:40:29,20.0,Female,Hyderabad,Telangana,South,Free,Referral
C06405,2025-10-30 20:16:15,31.0,Female,Guwahati,Assam,East,Premium,Social Media
C06406,2025-04-13 09:27:04,28.0,Female,Chennai,Tamil Nadu,South,Premium,Paid Ads
C06407,2025-06-11 18:25:19,57.0,Male,Mumbai,Maharashtra,West,Free,Referral
C06408,2025-06-17 14:11:53,40.0,Male,Mumbai,Maharashtra,West,Premium,Organic
C06409,2025-05-28 18:35:46,58.0,Female,Lucknow,Uttar Pradesh,North,Free,Email
C06410,2025-04-10 13:18:14,49.0,Male,Hyderabad,Telangana,South,Basic,Organic
C06411,2025-09-03 16:56:53,20.0,Male,Bhubaneswar,Odisha,East,Free,Organic
C06412,2025-01-26 06:32:24,59.0,Female,Pune,Maharashtra,West,Free,Organic
C06413,2025-08-28 01:42:51,18.0,Male,Chennai,Tamil Nadu,South,Premium,Organic
C06414,2025-05-09 20:19:57,26.0,Male,Mumbai,Maharashtra,West,Premium,Paid Ads
C06415,2025-11-08 05:59:08,26.0,Male,Kolkata,West Bengal,East,Basic,Paid Ads
C06416,2025-05-03 03:02:59,29.0,Female,Ahmedabad,Gujarat,West,Free,Paid Ads
C06417,2025-03-08 18:06:59,18.0,Male,Ahmedabad,Gujarat,West,Free,Organic
C06418,2025-01-11 15:59:33,33.0,Female,Hyderabad,Telangana,South,Premium,Organic
C06419,2025-03-12 12:39:46,47.0,Male,Chennai,Tamil Nadu,South,Free,Social Media
C06420,2025-09-14 12:49:14,25.0,Female,Mumbai,Maharashtra,West,Free,Social Media
C06421,2025-07-12 17:55:51,27.0,Male,Hyderabad,Telangana,South,Basic,Paid Ads
C06422,2025-08-31 09:32:29,50.0,Other,Ahmedabad,Gujarat,West,Premium,Paid Ads
C06423,2025-05-10 09:25:59,,Female,Guwahati,Assam,East,Free,Organic
C06424,2025-05-22 16:33:01,,Female,Ahmedabad,Gujarat,West,Basic,Social Media
C06425,2025-05-29 21:06:53,39.0,Female,Ahmedabad,Gujarat,West,Basic,Email
C06426,2025-01-24 18:27:02,33.0,Female,Guwahati,Assam,East,Free,Organic
C06427,2025-04-08 22:55:34,36.0,Male,Bengaluru,Karnataka,South,Basic,Social Media
C06428,2025-02-25 20:05:08,28.0,Female,Hyderabad,Telangana,South,Basic,Paid Ads
C06429,2025-06-19 08:42:57,28.0,Female,Mumbai,Maharashtra,West,Free,Organic
C06430,2025-07-04 15:55:26,31.0,Male,Jaipur,Rajasthan,North,Basic,Referral
C06431,2025-08-09 03:26:09,56.0,Male,Delhi,Delhi,North,Basic,Paid Ads
C06432,2025-03-09 23:03:24,43.0,Male,Chennai,Tamil Nadu,South,Free,Social Media
C06433,2025-10-09 05:11:07,37.0,Male,Bengaluru,Karnataka,South,Free,Social Media
C06434,2025-02-21 16:06:01,37.0,Male,Delhi,Delhi,North,Free,Email
C06435,2025-06-01 01:27:39,22.0,Female,Hyderabad,Telangana,South,Free,Paid Ads
C06436,2025-08-25 23:12:39,18.0,Male,Delhi,Delhi,North,Free,Paid Ads
C06437,2025-09-02 06:22:18,28.0,Male,Delhi,Delhi,North,Basic,Paid Ads
C06438,2025-08-26 08:44:53,27.0,Female,Guwahati,Assam,East,Free,Organic
C06439,2025-02-05 14:28:48,45.0,Female,Bhubaneswar,Odisha,East,Free,Referral
C06440,2025-05-27 22:45:00,51.0,Male,Lucknow,Uttar Pradesh,North,Free,Social Media
C06441,2025-04-08 21:02:45,30.0,Male,Ahmedabad,Gujarat,West,Basic,Organic
C06442,2025-10-11 09:24:01,42.0,Male,Guwahati,Assam,East,Basic,Email
C06443,2025-09-27 17:54:38,40.0,Male,Jaipur,Rajasthan,North,Free,Referral
C06444,2025-01-03 09:39:48,53.0,Male,Kolkata,West Bengal,East,Premium,Social Media
C06445,2025-04-17 05:08:04,,Male,Delhi,Delhi,North,Basic,Email
C06446,2025-08-19 23:45:16,19.0,Male,Lucknow,Uttar Pradesh,North,Basic,Paid Ads
C06447,2025-09-09 06:55:03,37.0,Female,Hyderabad,Telangana,South,Free,Organic
C06448,2025-03-23 08:57:09,33.0,Male,Mumbai,Maharashtra,West,Free,Social Media
C06449,2025-07-14 00:14:58,31.0,Male,Kolkata,West Bengal,East,Premium,Social Media
C06450,2025-02-05 03:47:11,19.0,Other,Delhi,Delhi,North,Free,Organic
C06451,2025-01-07 07:02:17,33.0,Female,Chennai,Tamil Nadu,South,Basic,Organic
C06452,2025-06-16 17:50:11,21.0,Male,Chennai,Tamil Nadu,South,Basic,Organic
C06453,2025-10-15 11:50:03,60.0,Male,Ahmedabad,Gujarat,West,Premium,Paid Ads
C06454,2025-06-30 17:49:32,30.0,Female,Pune,Maharashtra,West,Free,Email
C06455,2025-03-29 20:40:33,55.0,Male,Hyderabad,Telangana,South,Basic,Organic
C06456,2025-02-26 01:31:30,18.0,Female,Kolkata,West Bengal,East,Basic,Social Media
C06457,2025-11-08 21:52:35,26.0,Female,Delhi,Delhi,North,Free,Social Media
C06458,2025-10-05 08:47:18,38.0,Male,Ahmedabad,Gujarat,West,Free,Social Media
C06459,2025-07-23 23:29:48,35.0,Female,Kolkata,West Bengal,East,Free,Organic
C06460,2025-05-29 23:06:58,60.0,Other,Ahmedabad,Gujarat,West,Free,Referral
C06461,2025-04-15 23:58:31,49.0,Female,Ahmedabad,Gujarat,West,Free,Email
C06462,2025-04-02 06:27:19,51.0,Male,Lucknow,Uttar Pradesh,North,Basic,Organic
C06463,2025-02-22 17:53:19,37.0,Female,Chennai,Tamil Nadu,South,Basic,Organic
C06464,2025-02-21 05:40:09,60.0,Female,Ahmedabad,Gujarat,West,Premium,Social Media
C06465,2025-11-17 16:27:22,19.0,Female,Hyderabad,Telangana,South,Free,Referral
C06466,2025-05-22 04:09:53,21.0,Female,Guwahati,Assam,East,Free,Referral
C06467,2025-05-22 16:55:51,55.0,Male,Jaipur,Rajasthan,North,Premium,Email
C06468,2025-08-26 18:42:08,24.0,Male,Kolkata,West Bengal,East,Premium,Social Media
C06469,2025-07-10 17:08:16,39.0,Male,Chennai,Tamil Nadu,South,Basic,Paid Ads
C06470,2025-09-16 05:29:35,37.0,Male,Hyderabad,Telangana,South,Free,Paid Ads
C06471,2025-08-26 00:28:45,52.0,Male,Jaipur,Rajasthan,North,Premium,Organic
C06472,2025-11-23 23:12:45,21.0,Male,Bengaluru,Karnataka,South,Free,Paid Ads
C06473,2025-03-29 08:28:19,37.0,Male,Delhi,Delhi,North,Free,Paid Ads
C06474,2025-02-20 03:43:06,52.0,Female,Hyderabad,Telangana,South,Basic,Organic
C06475,2025-02-04 10:38:09,50.0,Female,Delhi,Delhi,North,Basic,Email
C06476,2025-01-02 00:49:19,38.0,Female,Chennai,Tamil Nadu,South,Free,Organic
C06477,2025-07-31 19:35:44,31.0,Female,Jaipur,Rajasthan,North,Basic,Referral
C06478,2025-01-10 13:45:59,48.0,Male,Kolkata,West Bengal,East,Basic,Social Media
C06479,2025-08-14 17:33:21,39.0,Male,Lucknow,Uttar Pradesh,North,Premium,Social Media
C06480,2025-01-01 04:06:27,47.0,Female,Guwahati,Assam,East,Free,Referral
C06481,2025-10-06 11:13:38,46.0,Female,Jaipur,Rajasthan,North,Free,Paid Ads
C06482,2025-04-12 11:41:02,53.0,Male,Mumbai,Maharashtra,West,Basic,Email
C06483,2025-06-09 01:29:37,59.0,Female,Jaipur,Rajasthan,North,Premium,Paid Ads
C06484,2025-07-15 20:26:31,46.0,Female,Bhubaneswar,Odisha,East,Free,Social Media
C06485,2025-09-03 00:23:14,24.0,Female,Bhubaneswar,Odisha,East,Free,Email
C06486,2025-01-02 03:26:22,49.0,Male,Ahmedabad,Gujarat,West,Free,Organic
C06487,2025-09-04 09:05:12,30.0,Female,Bengaluru,Karnataka,South,Free,Email
C06488,2025-10-07 22:32:41,30.0,Female,Mumbai,Maharashtra,West,Premium,Social Media
C06489,2025-01-10 04:08:20,31.0,Male,Ahmedabad,Gujarat,West,Free,Referral
C06490,2025-11-19 21:15:04,23.0,Male,Jaipur,Rajasthan,North,Basic,Paid Ads
C06491,2025-08-08 19:55:30,33.0,Male,Jaipur,Rajasthan,North,Free,Email
C06492,2025-08-21 11:14:03,58.0,Male,Ahmedabad,Gujarat,West,Free,Organic
C06493,2025-02-24 18:15:32,38.0,Male,Mumbai,Maharashtra,West,Premium,Paid Ads
C06494,2025-06-11 19:52:45,33.0,Male,Guwahati,Assam,East,Basic,Social Media
C06495,2025-11-22 09:29:13,22.0,Male,Bengaluru,Karnataka,South,Basic,Social Media
C06496,2025-09-08 09:37:51,41.0,Male,Kolkata,West Bengal,East,Basic,Organic
C06497,2025-02-10 23:10:29,60.0,Male,Mumbai,Maharashtra,West,Free,Organic
C06498,2025-01-09 02:33:28,18.0,Female,Bhubaneswar,Odisha,East,Basic,Social Media
C06499,2025-11-17 10:48:07,27.0,Female,Bhubaneswar,Odisha,East,Free,Paid Ads
C06500,2025-06-18 19:47:13,60.0,Male,Hyderabad,Telangana,South,Premium,Organic
C06501,2025-04-23 06:21:05,52.0,Male,Guwahati,Assam,East,Basic,Organic
C06502,2025-01-06 14:29:48,48.0,Female,Bhubaneswar,Odisha,East,Free,Referral
C06503,2025-11-20 03:04:20,32.0,Female,Ahmedabad,Gujarat,West,Premium,Referral
C06504,2025-02-17 04:52:04,28.0,Male,Bhubaneswar,Odisha,East,Basic,Social Media
C06505,2025-09-07 10:37:40,26.0,Female,Bhubaneswar,Odisha,East,Free,Organic
C06506,2025-06-04 09:09:39,19.0,Male,Bengaluru,Karnataka,South,Free,Social Media
C06507,2025-06-01 17:17:51,47.0,Female,Bengaluru,Karnataka,South,Premium,Email
C06508,2025-03-08 15:18:31,33.0,Other,Chennai,Tamil Nadu,South,Premium,Paid Ads
C06509,2025-10-25 22:21:46,18.0,Male,Bengaluru,Karnataka,South,Basic,Organic
C06510,2025-02-05 09:44:04,23.0,Female,Jaipur,Rajasthan,North,Free,Email
C06511,2025-01-12 16:45:36,28.0,Male,Kolkata,West Bengal,East,Free,Organic
C06512,2025-02-03 04:51:59,50.0,Female,Hyderabad,Telangana,South,Free,Referral
C06513,2025-06-01 00:29:13,34.0,Male,Hyderabad,Telangana,South,Basic,Paid Ads
C06514,2025-11-02 14:18:37,51.0,Female,Chennai,Tamil Nadu,South,Free,Social Media
C06515,2025-03-16 04:42:12,57.0,Male,Pune,Maharashtra,West,Premium,Paid Ads
C06516,2025-05-21 10:00:16,42.0,Female,Kolkata,West Bengal,East,Free,Paid Ads
C06517,2025-08-25 05:31:47,39.0,Female,Bengaluru,Karnataka,South,Basic,Email
C06518,2025-03-12 11:46:40,43.0,Male,Jaipur,Rajasthan,North,Free,Email
C06519,2025-01-06 10:01:57,44.0,Male,Hyderabad,Telangana,South,Free,Referral
C06520,2025-11-19 18:26:13,55.0,Male,Guwahati,Assam,East,Basic,Paid Ads
C06521,2025-11-15 15:26:24,26.0,Female,Bhubaneswar,Odisha,East,Basic,Social Media
C06522,2025-09-01 18:06:19,54.0,Female,Guwahati,Assam,East,Basic,Social Media
C06523,2025-06-27 00:59:03,22.0,Male,Chennai,Tamil Nadu,South,Free,Paid Ads
C06524,2025-09-14 05:58:21,35.0,Female,Kolkata,West Bengal,East,Free,Referral
C06525,2025-04-12 16:53:23,39.0,Male,Guwahati,Assam,East,Premium,Organic
C06526,2025-02-06 03:55:45,29.0,Male,Hyderabad,Telangana,South,Basic,Referral
C06527,2025-03-14 02:00:44,39.0,Male,Kolkata,West Bengal,East,Basic,Social Media
C06528,2025-04-07 20:47:41,23.0,Female,Bengaluru,Karnataka,South,Free,Organic
C06529,2025-05-08 19:06:24,53.0,Other,Ahmedabad,Gujarat,West,Basic,Paid Ads
C06530,2025-01-02 13:47:43,44.0,Female,Hyderabad,Telangana,South,Free,Paid Ads
C06531,2025-08-26 18:06:26,32.0,Male,Jaipur,Rajasthan,North,Free,Social Media
C06532,2025-08-05 18:19:18,34.0,Female,Chennai,Tamil Nadu,South,Free,Social Media
C06533,2025-09-20 01:10:33,20.0,Male,Hyderabad,Telangana,South,Free,Paid Ads
C06534,2025-03-31 03:56:26,27.0,Male,Bhubaneswar,Odisha,East,Free,Organic
C06535,2025-01-08 03:36:41,42.0,Male,Kolkata,West Bengal,East,Free,Referral
C06536,2025-04-11 10:51:51,38.0,Male,Pune,Maharashtra,West,Free,Paid Ads
C06537,2025-03-16 04:08:36,57.0,Female,Jaipur,Rajasthan,North,Basic,Referral
C06538,2025-11-05 12:41:58,26.0,Female,Hyderabad,Telangana,South,Premium,Referral
C06539,2025-04-06 09:04:33,41.0,Female,Pune,Maharashtra,West,Free,Referral
C06540,2025-10-13 09:52:59,49.0,Male,Lucknow,Uttar Pradesh,North,Free,Referral
C06541,2025-11-13 13:30:35,20.0,Male,Guwahati,Assam,East,Free,Email
C06542,2025-11-21 02:29:35,50.0,Male,Hyderabad,Telangana,South,Free,Social Media
C06543,2025-03-02 03:30:11,60.0,Male,Bengaluru,Karnataka,South,Free,Organic
C06544,2025-10-01 17:25:15,29.0,Other,Pune,Maharashtra,West,Free,Referral
C06545,2025-05-25 10:20:31,46.0,Male,Pune,Maharashtra,West,Basic,Paid Ads
C06546,2025-02-15 08:08:11,38.0,Female,Bhubaneswar,Odisha,East,Premium,Organic
C06547,2025-03-21 18:40:59,56.0,Male,Lucknow,Uttar Pradesh,North,Premium,Referral
C06548,2025-11-26 18:32:45,51.0,Male,Mumbai,Maharashtra,West,Basic,Paid Ads
C06549,2025-07-06 05:21:15,50.0,Male,Guwahati,Assam,East,Free,Social Media
C06550,2025-11-15 00:56:27,49.0,Female,Pune,Maharashtra,West,Basic,Organic
C06551,2025-06-03 05:10:44,37.0,Male,Ahmedabad,Gujarat,West,Basic,Paid Ads
C06552,2025-09-19 04:24:15,20.0,Female,Lucknow,Uttar Pradesh,North,Free,Organic
C06553,2025-07-24 20:55:43,21.0,Male,Jaipur,Rajasthan,North,Premium,Social Media
C06554,2025-04-29 11:50:13,34.0,Male,Guwahati,Assam,East,Basic,Email
C06555,2025-11-13 09:51:39,34.0,Female,Hyderabad,Telangana,South,Basic,Referral
C06556,2025-04-15 08:19:13,36.0,Male,Delhi,Delhi,North,Free,Referral
C06557,2025-10-26 09:49:10,21.0,Male,Ahmedabad,Gujarat,West,Premium,Organic
C06558,2025-11-11 22:57:59,46.0,Female,Kolkata,West Bengal,East,Basic,Paid Ads
C06559,2025-03-29 04:51:40,34.0,Male,Jaipur,Rajasthan,North,Free,Paid Ads
C06560,2025-02-22 17:55:57,39.0,Female,Bengaluru,Karnataka,South,Free,Organic
C06561,2025-07-18 09:10:02,19.0,Male,Ahmedabad,Gujarat,West,Free,Social Media
C06562,2025-04-12 01:03:04,59.0,Male,Pune,Maharashtra,West,Free,Organic
C06563,2025-11-09 16:43:50,29.0,Male,Guwahati,Assam,East,Basic,Social Media
C06564,2025-11-20 12:41:00,28.0,Female,Lucknow,Uttar Pradesh,North,Free,Paid Ads
C06565,2025-10-14 07:02:03,57.0,Female,Kolkata,West Bengal,East,Premium,Email
C06566,2025-04-03 03:48:12,46.0,Female,Ahmedabad,Gujarat,West,Premium,Organic
C06567,2025-03-08 07:19:36,37.0,Female,Delhi,Delhi,North,Free,Organic
C06568,2025-03-20 08:16:05,22.0,Male,Jaipur,Rajasthan,North,Free,Email
C06569,2025-02-01 11:48:59,42.0,Male,Pune,Maharashtra,West,Free,Organic
C06570,2025-01-05 18:22:11,51.0,Male,Ahmedabad,Gujarat,West,Free,Referral
C06571,2025-06-12 00:52:25,29.0,Female,Delhi,Delhi,North,Free,Paid Ads
C06572,2025-10-10 02:34:48,45.0,Female,Guwahati,Assam,East,Free,Referral
C06573,2025-07-23 12:54:35,51.0,Male,Guwahati,Assam,East,Premium,Referral
C06574,2025-06-17 00:48:32,23.0,Male,Hyderabad,Telangana,South,Premium,Referral
C06575,2025-04-11 01:08:47,36.0,Female,Guwahati,Assam,East,Basic,Organic
C06576,2025-03-18 19:01:53,29.0,Female,Delhi,Delhi,North,Basic,Social Media
C06577,2025-03-21 20:57:54,42.0,Female,Hyderabad,Telangana,South,Premium,Paid Ads
C06578,2025-08-29 01:38:40,30.0,Male,Pune,Maharashtra,West,Basic,Paid Ads
C06579,2025-08-09 22:42:07,34.0,Female,Mumbai,Maharashtra,West,Free,Paid Ads
C06580,2025-04-13 18:13:03,29.0,Female,Lucknow,Uttar Pradesh,North,Basic,Email
C06581,2025-03-21 20:56:47,20.0,Male,Bengaluru,Karnataka,South,Premium,Social Media
C06582,2025-06-18 04:27:29,41.0,Female,Hyderabad,Telangana,South,Free,Paid Ads
C06583,2025-09-08 14:02:25,25.0,Male,Jaipur,Rajasthan,North,Free,Social Media
C06584,2025-03-18 05:05:26,53.0,Male,Bhubaneswar,Odisha,East,Free,Paid Ads
C06585,2025-10-02 19:25:13,,Female,Jaipur,Rajasthan,North,Free,Social Media
C06586,2025-09-09 08:50:52,25.0,Female,Mumbai,Maharashtra,West,Free,Organic
C06587,2025-05-30 19:44:53,49.0,Male,Pune,Maharashtra,West,Free,Paid Ads
C06588,2025-08-16 12:57:15,49.0,Male,Guwahati,Assam,East,Premium,Paid Ads
C06589,2025-02-20 00:25:12,18.0,Female,Guwahati,Assam,East,Premium,Social Media
C06590,2025-10-07 09:46:37,20.0,Male,Hyderabad,Telangana,South,Premium,Organic
C06591,2025-10-09 10:46:32,18.0,Male,Mumbai,Maharashtra,West,Free,Organic
C06592,2025-02-17 21:08:45,32.0,Male,Mumbai,Maharashtra,West,Free,Social Media
C06593,2025-04-28 09:59:40,,Female,Pune,Maharashtra,West,Free,Organic
C06594,2025-04-22 11:37:19,20.0,Male,Bengaluru,Karnataka,South,Premium,Organic
C06595,2025-04-20 15:28:59,32.0,Female,Lucknow,Uttar Pradesh,North,Free,Social Media
C06596,2025-07-02 11:28:41,54.0,Male,Ahmedabad,Gujarat,West,Basic,Social Media
C06597,2025-11-30 15:34:21,38.0,Female,Guwahati,Assam,East,Free,Social Media
C06598,2025-09-12 11:15:27,59.0,Female,Mumbai,Maharashtra,West,Free,Paid Ads
C06599,2025-07-02 19:56:47,56.0,Female,Hyderabad,Telangana,South,Free,Organic
C06600,2025-11-22 19:05:28,40.0,Male,Jaipur,Rajasthan,North,Basic,Social Media
C06601,2025-01-04 23:45:05,57.0,Male,Delhi,Delhi,North,Free,Organic
C06602,2025-10-04 08:05:50,52.0,Female,Lucknow,Uttar Pradesh,North,Free,Paid Ads
C06603,2025-08-28 18:58:03,35.0,Female,Ahmedabad,Gujarat,West,Free,Organic
C06604,2025-09-02 04:11:43,34.0,Male,Bengaluru,Karnataka,South,Basic,Referral
C06605,2025-01-13 12:29:44,48.0,Male,Delhi,Delhi,North,Free,Paid Ads
C06606,2025-11-12 17:54:58,43.0,Male,Bhubaneswar,Odisha,East,Premium,Email
C06607,2025-08-17 02:30:02,39.0,Male,Kolkata,West Bengal,East,Free,Organic
C06608,2025-05-07 05:01:06,53.0,Male,Lucknow,Uttar Pradesh,North,Free,Social Media
C06609,2025-02-26 13:41:15,52.0,Female,Chennai,Tamil Nadu,South,Basic,Paid Ads
C06610,2025-08-12 13:22:18,28.0,Male,Ahmedabad,Gujarat,West,Free,Paid Ads
C06611,2025-06-28 14:29:33,44.0,Female,Hyderabad,Telangana,South,Basic,Referral
C06612,2025-08-31 21:19:20,51.0,Female,Hyderabad,Telangana,South,Premium,Social Media
C06613,2025-07-24 21:09:26,35.0,Male,Mumbai,Maharashtra,West,Premium,Paid Ads
C06614,2025-11-17 13:12:46,44.0,Female,Kolkata,West Bengal,East,Free,Organic
C06615,2025-02-15 22:19:09,21.0,Male,Guwahati,Assam,East,Free,Email
C06616,2025-04-12 02:19:10,34.0,Female,Delhi,Delhi,North,Premium,Paid Ads
C06617,2025-01-15 20:40:55,23.0,Male,Guwahati,Assam,East,Free,Email
C06618,2025-11-13 12:57:26,59.0,Other,Mumbai,Maharashtra,West,Basic,Social Media
C06619,2025-02-26 12:50:32,28.0,Male,Mumbai,Maharashtra,West,Premium,Referral
C06620,2025-02-08 04:02:15,22.0,Male,Delhi,Delhi,North,Basic,Organic
C06621,2025-07-11 06:01:21,35.0,Male,Bhubaneswar,Odisha,East,Free,Paid Ads
C06622,2025-05-01 09:21:17,42.0,Male,Mumbai,Maharashtra,West,Basic,Paid Ads
C06623,2025-07-13 04:57:00,27.0,Male,Pune,Maharashtra,West,Free,Paid Ads
C06624,2025-07-13 02:07:48,58.0,Female,Jaipur,Rajasthan,North,Free,Organic
C06625,2025-06-15 02:57:03,33.0,Male,Chennai,Tamil Nadu,South,Free,Paid Ads
C06626,2025-10-19 20:46:41,27.0,Female,Guwahati,Assam,East,Free,Organic
C06627,2025-05-21 08:44:45,27.0,Male,Bengaluru,Karnataka,South,Basic,Organic
C06628,2025-03-31 13:09:53,53.0,Female,Lucknow,Uttar Pradesh,North,Basic,Organic
C06629,2025-08-14 19:14:28,38.0,Female,Jaipur,Rajasthan,North,Basic,Social Media
C06630,2025-07-25 03:45:14,31.0,Other,Delhi,Delhi,North,Premium,Referral
C06631,2025-01-30 20:47:28,25.0,Male,Ahmedabad,Gujarat,West,Free,Email
C06632,2025-10-02 19:53:50,18.0,Male,Bhubaneswar,Odisha,East,Basic,Paid Ads
C06633,2025-09-21 02:47:39,33.0,Male,Lucknow,Uttar Pradesh,North,Free,Social Media
C06634,2025-06-18 06:31:51,43.0,Female,Lucknow,Uttar Pradesh,North,Basic,Referral
C06635,2025-04-18 20:46:41,59.0,Female,Delhi,Delhi,North,Premium,Referral
C06636,2025-08-08 00:55:25,23.0,Female,Mumbai,Maharashtra,West,Free,Referral
C06637,2025-11-18 09:17:24,56.0,Male,Hyderabad,Telangana,South,Basic,Social Media
C06638,2025-01-04 07:03:38,19.0,Female,Delhi,Delhi,North,Free,Organic
C06639,2025-01-09 13:21:56,26.0,Female,Kolkata,West Bengal,East,Basic,Organic
C06640,2025-09-15 00:25:54,22.0,Male,Ahmedabad,Gujarat,West,Basic,Organic
C06641,2025-07-08 21:39:01,57.0,Male,Delhi,Delhi,North,Basic,Organic
C06642,2025-11-28 08:29:52,22.0,Female,Bengaluru,Karnataka,South,Free,Referral
C06643,2025-03-12 16:07:03,25.0,Male,Pune,Maharashtra,West,Basic,Referral
C06644,2025-07-19 23:48:06,22.0,Female,Bengaluru,Karnataka,South,Basic,Referral
C06645,2025-03-06 23:05:51,22.0,Female,Pune,Maharashtra,West,Free,Organic
C06646,2025-05-26 15:34:49,34.0,Other,Ahmedabad,Gujarat,West,Free,Referral
C06647,2025-06-13 20:22:17,26.0,Female,Chennai,Tamil Nadu,South,Free,Organic
C06648,2025-11-27 09:21:46,51.0,Female,Hyderabad,Telangana,South,Free,Organic
C06649,2025-09-15 23:18:18,50.0,Male,Delhi,Delhi,North,Free,Referral
C06650,2025-05-31 21:03:46,39.0,Male,Bengaluru,Karnataka,South,Free,Referral
C06651,2025-06-23 13:49:43,38.0,Female,Bhubaneswar,Odisha,East,Premium,Referral
C06652,2025-01-09 05:00:26,60.0,Female,Hyderabad,Telangana,South,Premium,Organic
C06653,2025-03-04 10:21:02,32.0,Female,Mumbai,Maharashtra,West,Premium,Email
C06654,2025-08-07 04:28:55,18.0,Male,Bhubaneswar,Odisha,East,Basic,Social Media
C06655,2025-07-27 09:39:41,24.0,Male,Bhubaneswar,Odisha,East,Free,Paid Ads
C06656,2025-11-30 04:50:21,40.0,Male,Pune,Maharashtra,West,Free,Email
C06657,2025-10-02 10:26:49,23.0,Male,Mumbai,Maharashtra,West,Premium,Organic
C06658,2025-09-24 04:37:26,37.0,Female,Ahmedabad,Gujarat,West,Basic,Paid Ads
C06659,2025-10-16 13:35:13,43.0,Female,Kolkata,West Bengal,East,Free,Email
C06660,2025-01-13 23:28:11,59.0,Male,Mumbai,Maharashtra,West,Free,Paid Ads
C06661,2025-10-10 02:53:37,29.0,Female,Lucknow,Uttar Pradesh,North,Free,Paid Ads
C06662,2025-06-05 13:08:44,30.0,Female,Pune,Maharashtra,West,Free,Organic
C06663,2025-07-05 20:54:44,30.0,Female,Mumbai,Maharashtra,West,Free,Organic
C06664,2025-11-22 08:08:19,19.0,Female,Jaipur,Rajasthan,North,Premium,Organic
C06665,2025-09-28 17:24:42,49.0,Male,Chennai,Tamil Nadu,South,Basic,Referral
C06666,2025-09-18 07:40:59,48.0,Female,Lucknow,Uttar Pradesh,North,Free,Paid Ads
C06667,2025-07-13 12:55:47,28.0,Male,Ahmedabad,Gujarat,West,Free,Organic
C06668,2025-03-22 20:46:48,54.0,Female,Lucknow,Uttar Pradesh,North,Basic,Paid Ads
C06669,2025-08-03 15:44:09,21.0,Female,Bhubaneswar,Odisha,East,Free,Referral
C06670,2025-01-07 22:44:56,,Female,Bhubaneswar,Odisha,East,Basic,Social Media
C06671,2025-07-04 11:52:54,33.0,Other,Mumbai,Maharashtra,West,Free,Social Media
C06672,2025-01-10 09:57:02,48.0,Female,Chennai,Tamil Nadu,South,Free,Paid Ads
C06673,2025-11-18 06:39:53,42.0,Male,Ahmedabad,Gujarat,West,Free,Paid Ads
C06674,2025-02-07 05:02:22,56.0,Male,Guwahati,Assam,East,Premium,Referral
C06675,2025-04-23 15:52:19,25.0,Male,Guwahati,Assam,East,Free,Organic
C06676,2025-10-30 14:27:03,25.0,Male,Hyderabad,Telangana,South,Free,Referral
C06677,2025-09-01 20:09:45,51.0,Male,Jaipur,Rajasthan,North,Free,Paid Ads
C06678,2025-10-18 08:17:22,32.0,Female,Ahmedabad,Gujarat,West,Basic,Paid Ads
C06679,2025-02-21 12:14:10,22.0,Male,Delhi,Delhi,North,Basic,Organic
C06680,2025-08-19 18:35:02,36.0,Male,Jaipur,Rajasthan,North,Free,Organic
C06681,2025-07-14 02:07:56,27.0,Female,Lucknow,Uttar Pradesh,North,Free,Paid Ads
C06682,2025-02-16 13:12:26,26.0,Female,Kolkata,West Bengal,East,Basic,Paid Ads
C06683,2025-06-28 08:00:43,46.0,Female,Hyderabad,Telangana,South,Basic,Email
C06684,2025-07-04 07:36:08,57.0,Male,Pune,Maharashtra,West,Premium,Email
C06685,2025-05-10 23:00:12,54.0,Female,Jaipur,Rajasthan,North,Basic,Referral
C06686,2025-05-09 04:57:30,36.0,Male,Kolkata,West Bengal,East,Basic,Email
C06687,2025-07-26 21:27:59,30.0,Female,Pune,Maharashtra,West,Free,Social Media
C06688,2025-03-29 23:48:35,57.0,Female,Mumbai,Maharashtra,West,Basic,Paid Ads
C06689,2025-02-28 05:34:24,,Male,Lucknow,Uttar Pradesh,North,Basic,Referral
C06690,2025-03-12 18:52:31,47.0,Male,Bhubaneswar,Odisha,East,Free,Organic
C06691,2025-09-25 22:54:56,22.0,Female,Hyderabad,Telangana,South,Free,Referral
C06692,2025-09-22 18:23:08,50.0,Female,Guwahati,Assam,East,Basic,Organic
C06693,2025-09-17 03:05:33,36.0,Female,Jaipur,Rajasthan,North,Basic,Social Media
C06694,2025-05-02 14:43:23,36.0,Male,Hyderabad,Telangana,South,Basic,Referral
C06695,2025-09-13 13:25:48,34.0,Male,Delhi,Delhi,North,Free,Organic
C06696,2025-08-31 15:41:42,41.0,Male,Delhi,Delhi,North,Free,Social Media
C06697,2025-08-11 13:08:12,45.0,Female,Delhi,Delhi,North,Free,Social Media
C06698,2025-01-02 15:16:46,59.0,Female,Pune,Maharashtra,West,Premium,Social Media
C06699,2025-09-26 03:25:28,54.0,Male,Hyderabad,Telangana,South,Premium,Social Media
C06700,2025-03-25 02:21:23,39.0,Male,Ahmedabad,Gujarat,West,Free,Referral
C06701,2025-11-25 09:48:49,56.0,Female,Lucknow,Uttar Pradesh,North,Free,Paid Ads
C06702,2025-02-15 12:29:09,33.0,Male,Lucknow,Uttar Pradesh,North,Free,Organic
C06703,2025-11-22 00:55:49,52.0,Female,Mumbai,Maharashtra,West,Free,Organic
C06704,2025-09-18 22:28:56,44.0,Female,Pune,Maharashtra,West,Free,Paid Ads
C06705,2025-11-27 22:38:22,29.0,Male,Mumbai,Maharashtra,West,Free,Paid Ads
C06706,2025-06-15 11:01:11,45.0,Male,Bengaluru,Karnataka,South,Basic,Referral
C06707,2025-07-08 11:35:08,18.0,Female,Chennai,Tamil Nadu,South,Basic,Organic
C06708,2025-11-18 10:12:29,56.0,Male,Jaipur,Rajasthan,North,Free,Organic
C06709,2025-10-25 08:22:52,35.0,Female,Delhi,Delhi,North,Basic,Referral
C06710,2025-05-26 15:20:02,40.0,Male,Hyderabad,Telangana,South,Basic,Organic
C06711,2025-01-10 14:14:09,39.0,Male,Bhubaneswar,Odisha,East,Free,Organic
C06712,2025-06-26 21:37:12,21.0,Female,Bhubaneswar,Odisha,East,Basic,Paid Ads
C06713,2025-09-05 08:16:46,28.0,Male,Delhi,Delhi,North,Free,Organic
C06714,2025-07-14 13:36:53,35.0,Male,Hyderabad,Telangana,South,Free,Email
C06715,2025-08-16 17:49:46,24.0,Male,Chennai,Tamil Nadu,South,Free,Referral
C06716,2025-04-22 22:48:23,38.0,Female,Mumbai,Maharashtra,West,Premium,Paid Ads
C06717,2025-02-25 22:42:34,52.0,Female,Bhubaneswar,Odisha,East,Basic,Organic
C06718,2025-03-14 10:23:05,54.0,Male,Ahmedabad,Gujarat,West,Free,Paid Ads
C06719,2025-10-14 23:07:04,47.0,Female,Kolkata,West Bengal,East,Premium,Referral
C06720,2025-01-01 21:48:28,34.0,Male,Mumbai,Maharashtra,West,Free,Email
C06721,2025-02-19 07:46:40,50.0,Male,Hyderabad,Telangana,South,Premium,Paid Ads
C06722,2025-07-28 17:36:06,33.0,Female,Kolkata,West Bengal,East,Basic,Referral
C06723,2025-09-09 02:36:54,32.0,Female,Hyderabad,Telangana,South,Basic,Organic
C06724,2025-03-12 21:31:13,30.0,Male,Mumbai,Maharashtra,West,Basic,Referral
C06725,2025-09-20 23:59:14,56.0,Male,Lucknow,Uttar Pradesh,North,Basic,Organic
C06726,2025-11-02 19:18:43,20.0,Male,Bhubaneswar,Odisha,East,Premium,Organic
C06727,2025-05-17 16:53:05,41.0,Female,Pune,Maharashtra,West,Premium,Paid Ads
C06728,2025-04-03 23:02:01,40.0,Male,Bhubaneswar,Odisha,East,Free,Organic
C06729,2025-04-28 12:04:40,18.0,Male,Bengaluru,Karnataka,South,Free,Social Media
C06730,2025-01-10 05:23:59,49.0,Male,Hyderabad,Telangana,South,Free,Email
C06731,2025-09-04 02:34:30,50.0,Male,Ahmedabad,Gujarat,West,Free,Paid Ads
C06732,2025-10-23 05:08:42,47.0,Female,Bhubaneswar,Odisha,East,Free,Paid Ads
C06733,2025-06-16 05:30:00,19.0,Male,Chennai,Tamil Nadu,South,Free,Organic
C06734,2025-05-12 19:26:28,35.0,Female,Pune,Maharashtra,West,Free,Paid Ads
C06735,2025-04-18 22:43:26,47.0,Male,Guwahati,Assam,East,Basic,Referral
C06736,2025-08-27 10:05:41,35.0,Male,Jaipur,Rajasthan,North,Premium,Paid Ads
C06737,2025-11-14 21:33:35,22.0,Male,Bengaluru,Karnataka,South,Free,Referral
C06738,2025-04-05 12:43:47,22.0,Male,Bhubaneswar,Odisha,East,Free,Referral
C06739,2025-09-24 18:39:44,25.0,Male,Bhubaneswar,Odisha,East,Free,Organic
C06740,2025-06-04 01:03:12,26.0,Female,Hyderabad,Telangana,South,Premium,Referral
C06741,2025-11-18 22:13:40,49.0,Female,Kolkata,West Bengal,East,Free,Email
C06742,2025-06-03 15:27:11,31.0,Male,Guwahati,Assam,East,Premium,Organic
C06743,2025-03-10 12:21:45,30.0,Male,Delhi,Delhi,North,Premium,Referral
C06744,2025-04-02 12:14:00,35.0,Male,Bengaluru,Karnataka,South,Premium,Referral
C06745,2025-05-06 08:30:57,21.0,Female,Pune,Maharashtra,West,Free,Referral
C06746,2025-04-26 02:03:22,39.0,Female,Chennai,Tamil Nadu,South,Free,Paid Ads
C06747,2025-01-19 07:44:14,37.0,Female,Lucknow,Uttar Pradesh,North,Premium,Social Media
C06748,2025-11-13 06:39:30,32.0,Female,Guwahati,Assam,East,Free,Paid Ads
C06749,2025-07-11 05:00:07,24.0,Male,Hyderabad,Telangana,South,Basic,Paid Ads
C06750,2025-02-14 15:02:07,30.0,Female,Mumbai,Maharashtra,West,Free,Referral
C06751,2025-04-25 14:36:36,51.0,Male,Ahmedabad,Gujarat,West,Free,Email
C06752,2025-10-02 21:10:10,58.0,Female,Delhi,Delhi,North,Premium,Social Media
C06753,2025-02-08 20:45:41,47.0,Male,Mumbai,Maharashtra,West,Basic,Email
C06754,2025-03-19 14:00:31,22.0,Male,Kolkata,West Bengal,East,Basic,Organic
C06755,2025-05-25 14:36:21,18.0,Male,Kolkata,West Bengal,East,Basic,Organic
C06756,2025-09-03 23:57:01,48.0,Male,Mumbai,Maharashtra,West,Basic,Paid Ads
C06757,2025-02-16 16:20:52,37.0,Female,Chennai,Tamil Nadu,South,Basic,Organic
C06758,2025-08-28 14:07:32,36.0,Female,Delhi,Delhi,North,Premium,Referral
C06759,2025-09-30 01:21:09,46.0,Female,Bengaluru,Karnataka,South,Premium,Organic
C06760,2025-02-03 03:19:45,55.0,Other,Pune,Maharashtra,West,Basic,Paid Ads
C06761,2025-11-15 02:35:01,27.0,Male,Pune,Maharashtra,West,Free,Referral
C06762,2025-11-30 06:57:21,46.0,Female,Bhubaneswar,Odisha,East,Free,Paid Ads
C06763,2025-11-22 18:28:02,48.0,Female,Guwahati,Assam,East,Free,Organic
C06764,2025-11-23 23:58:57,28.0,Female,Ahmedabad,Gujarat,West,Free,Email
C06765,2025-05-08 16:03:43,40.0,Male,Bengaluru,Karnataka,South,Free,Social Media
C06766,2025-09-27 22:30:19,47.0,Male,Bengaluru,Karnataka,South,Free,Referral
C06767,2025-06-06 01:09:20,42.0,Male,Bengaluru,Karnataka,South,Free,Referral
C06768,2025-06-19 23:04:40,33.0,Other,Kolkata,West Bengal,East,Free,Paid Ads
C06769,2025-08-21 20:35:24,40.0,Female,Chennai,Tamil Nadu,South,Basic,Paid Ads
C06770,2025-02-26 12:30:27,50.0,Male,Ahmedabad,Gujarat,West,Free,Organic
C06771,2025-03-30 08:55:00,54.0,Female,Bhubaneswar,Odisha,East,Basic,Social Media
C06772,2025-10-02 14:43:42,45.0,Male,Hyderabad,Telangana,South,Free,Paid Ads
C06773,2025-06-03 13:52:22,,Male,Jaipur,Rajasthan,North,Basic,Referral
C06774,2025-10-01 04:14:54,23.0,Female,Kolkata,West Bengal,East,Premium,Organic
C06775,2025-11-15 16:04:01,55.0,Male,Ahmedabad,Gujarat,West,Free,Social Media
C06776,2025-03-06 04:51:06,54.0,Male,Mumbai,Maharashtra,West,Premium,Organic
C06777,2025-04-26 21:18:01,23.0,Female,Lucknow,Uttar Pradesh,North,Basic,Referral
C06778,2025-04-28 14:29:44,42.0,Female,Ahmedabad,Gujarat,West,Free,Social Media
C06779,2025-04-10 21:02:51,30.0,Other,Bengaluru,Karnataka,South,Free,Referral
C06780,2025-11-04 01:29:07,50.0,Male,Kolkata,West Bengal,East,Premium,Referral
C06781,2025-03-15 07:57:13,50.0,Male,Mumbai,Maharashtra,West,Basic,Paid Ads
C06782,2025-11-25 03:20:57,42.0,Male,Pune,Maharashtra,West,Free,Referral
C06783,2025-07-03 03:52:12,31.0,Female,Ahmedabad,Gujarat,West,Premium,Organic
C06784,2025-10-08 20:51:24,57.0,Male,Ahmedabad,Gujarat,West,Basic,Organic
C06785,2025-04-01 08:36:32,58.0,Male,Lucknow,Uttar Pradesh,North,Basic,Social Media
C06786,2025-03-05 21:33:27,59.0,Male,Bengaluru,Karnataka,South,Premium,Email
C06787,2025-07-29 10:47:31,55.0,Female,Hyderabad,Telangana,South,Basic,Referral
C06788,2025-07-09 15:41:10,26.0,Male,Hyderabad,Telangana,South,Free,Social Media
C06789,2025-01-23 04:44:18,35.0,Male,Bengaluru,Karnataka,South,Basic,Referral
C06790,2025-07-10 21:57:30,32.0,Male,Delhi,Delhi,North,Premium,Email
C06791,2025-02-14 03:40:59,21.0,Male,Hyderabad,Telangana,South,Free,Social Media
C06792,2025-11-04 13:28:40,51.0,Male,Pune,Maharashtra,West,Free,Referral
C06793,2025-03-27 16:43:58,55.0,Male,Mumbai,Maharashtra,West,Free,Organic
C06794,2025-05-17 07:15:56,34.0,Female,Pune,Maharashtra,West,Free,Paid Ads
C06795,2025-09-02 00:07:32,24.0,Male,Pune,Maharashtra,West,Free,Organic
C06796,2025-02-07 18:36:58,49.0,Male,Pune,Maharashtra,West,Premium,Social Media
C06797,2025-06-14 01:58:32,40.0,Male,Chennai,Tamil Nadu,South,Basic,Paid Ads
C06798,2025-03-19 09:42:50,37.0,Female,Mumbai,Maharashtra,West,Free,Paid Ads
C06799,2025-01-30 11:40:40,19.0,Male,Guwahati,Assam,East,Basic,Email
C06800,2025-11-13 22:56:59,38.0,Female,Lucknow,Uttar Pradesh,North,Basic,Social Media
C06801,2025-05-07 12:11:55,29.0,Female,Kolkata,West Bengal,East,Free,Social Media
C06802,2025-10-30 20:50:16,59.0,Male,Kolkata,West Bengal,East,Free,Organic
C06803,2025-02-20 03:47:39,44.0,Male,Bhubaneswar,Odisha,East,Free,Organic
C06804,2025-02-01 20:02:20,27.0,Female,Pune,Maharashtra,West,Basic,Organic
C06805,2025-02-19 22:18:59,25.0,Female,Mumbai,Maharashtra,West,Free,Social Media
C06806,2025-05-21 00:05:32,38.0,Female,Hyderabad,Telangana,South,Free,Paid Ads
C06807,2025-10-29 04:29:14,39.0,Female,Jaipur,Rajasthan,North,Free,Organic
C06808,2025-06-11 23:08:09,,Male,Mumbai,Maharashtra,West,Premium,Social Media
C06809,2025-07-16 14:38:20,57.0,Female,Mumbai,Maharashtra,West,Basic,Organic
C06810,2025-08-24 00:11:08,29.0,Male,Mumbai,Maharashtra,West,Free,Referral
C06811,2025-03-09 13:48:05,,Female,Chennai,Tamil Nadu,South,Premium,Social Media
C06812,2025-04-05 18:56:08,26.0,Female,Kolkata,West Bengal,East,Free,Referral
C06813,2025-03-05 21:44:55,57.0,Male,Guwahati,Assam,East,Basic,Email
C06814,2025-10-09 14:51:21,29.0,Male,Bengaluru,Karnataka,South,Free,Paid Ads
C06815,2025-04-04 08:39:01,26.0,Male,Pune,Maharashtra,West,Free,Paid Ads
C06816,2025-06-18 07:42:22,47.0,Male,Guwahati,Assam,East,Premium,Organic
C06817,2025-02-14 20:07:24,23.0,Female,Guwahati,Assam,East,Basic,Paid Ads
C06818,2025-03-08 11:19:02,42.0,Female,Bengaluru,Karnataka,South,Free,Social Media
C06819,2025-04-01 18:23:10,45.0,Female,Bengaluru,Karnataka,South,Free,Email
C06820,2025-04-03 23:57:50,27.0,Male,Lucknow,Uttar Pradesh,North,Free,Email
C06821,2025-04-28 10:34:29,58.0,Male,Mumbai,Maharashtra,West,Basic,Paid Ads
C06822,2025-06-17 04:20:47,45.0,Male,Jaipur,Rajasthan,North,Free,Referral
C06823,2025-01-16 16:06:10,46.0,Male,Hyderabad,Telangana,South,Basic,Referral
C06824,2025-11-01 19:05:17,53.0,Female,Bengaluru,Karnataka,South,Premium,Paid Ads
C06825,2025-06-04 21:02:53,28.0,Female,Guwahati,Assam,East,Free,Organic
C06826,2025-05-27 02:48:15,38.0,Male,Bengaluru,Karnataka,South,Premium,Organic
C06827,2025-08-05 14:24:45,55.0,Female,Kolkata,West Bengal,East,Free,Paid Ads
C06828,2025-01-29 11:59:56,43.0,Male,Bhubaneswar,Odisha,East,Basic,Organic
C06829,2025-02-23 21:34:48,35.0,Male,Delhi,Delhi,North,Basic,Email
C06830,2025-09-13 15:37:23,21.0,Male,Mumbai,Maharashtra,West,Free,Social Media
C06831,2025-08-27 06:30:57,58.0,Female,Bengaluru,Karnataka,South,Free,Referral
C06832,2025-03-20 01:20:08,32.0,Female,Bhubaneswar,Odisha,East,Premium,Organic
C06833,2025-11-25 04:16:34,40.0,Male,Delhi,Delhi,North,Free,Referral
C06834,2025-11-16 15:44:05,58.0,Female,Bengaluru,Karnataka,South,Basic,Referral
C06835,2025-07-10 02:29:56,23.0,Female,Bengaluru,Karnataka,South,Free,Paid Ads
C06836,2025-10-15 18:32:45,60.0,Male,Guwahati,Assam,East,Free,Referral
C06837,2025-01-14 00:33:00,24.0,Female,Pune,Maharashtra,West,Basic,Social Media
C06838,2025-05-03 00:14:38,32.0,Female,Lucknow,Uttar Pradesh,North,Basic,Social Media
C06839,2025-11-21 12:25:20,26.0,Male,Bhubaneswar,Odisha,East,Free,Paid Ads
C06840,2025-06-07 18:06:00,47.0,Female,Chennai,Tamil Nadu,South,Basic,Organic
C06841,2025-07-21 01:06:26,60.0,Male,Hyderabad,Telangana,South,Free,Paid Ads
C06842,2025-06-26 09:39:34,45.0,Female,Bhubaneswar,Odisha,East,Free,Email
C06843,2025-05-14 13:08:56,47.0,Female,Bhubaneswar,Odisha,East,Free,Social Media
C06844,2025-10-13 07:14:23,25.0,Male,Guwahati,Assam,East,Basic,Organic
C06845,2025-09-18 20:54:49,52.0,Male,Bengaluru,Karnataka,South,Free,Social Media
C06846,2025-10-25 02:59:49,52.0,Male,Bhubaneswar,Odisha,East,Basic,Organic
C06847,2025-09-22 02:04:23,43.0,Male,Ahmedabad,Gujarat,West,Basic,Referral
C06848,2025-09-11 13:16:08,47.0,Male,Pune,Maharashtra,West,Free,Social Media
C06849,2025-10-12 03:39:14,52.0,Female,Lucknow,Uttar Pradesh,North,Basic,Referral
C06850,2025-09-08 02:01:25,55.0,Male,Kolkata,West Bengal,East,Premium,Paid Ads
C06851,2025-09-03 01:11:32,28.0,Male,Bhubaneswar,Odisha,East,Free,Paid Ads
C06852,2025-11-18 04:49:10,37.0,Female,Bengaluru,Karnataka,South,Basic,Paid Ads
C06853,2025-09-03 21:41:42,48.0,Female,Bengaluru,Karnataka,South,Free,Social Media
C06854,2025-06-23 16:29:12,51.0,Male,Hyderabad,Telangana,South,Basic,Social Media
C06855,2025-11-26 01:41:19,29.0,Female,Bhubaneswar,Odisha,East,Basic,Social Media
C06856,2025-03-15 15:10:44,45.0,Female,Pune,Maharashtra,West,Basic,Organic
C06857,2025-03-29 20:59:47,20.0,Male,Jaipur,Rajasthan,North,Premium,Social Media
C06858,2025-06-29 20:19:05,59.0,Male,Pune,Maharashtra,West,Free,Organic
C06859,2025-05-22 21:06:55,22.0,Female,Chennai,Tamil Nadu,South,Free,Organic
C06860,2025-05-11 19:52:26,30.0,Female,Lucknow,Uttar Pradesh,North,Free,Paid Ads
C06861,2025-11-07 21:57:33,29.0,Male,Bhubaneswar,Odisha,East,Basic,Paid Ads
C06862,2025-01-12 11:17:52,18.0,Male,Bengaluru,Karnataka,South,Premium,Organic
C06863,2025-10-21 00:08:09,60.0,Female,Bengaluru,Karnataka,South,Free,Organic
C06864,2025-10-12 02:45:30,36.0,Female,Bhubaneswar,Odisha,East,Free,Referral
C06865,2025-07-28 19:28:38,46.0,Female,Lucknow,Uttar Pradesh,North,Basic,Paid Ads
C06866,2025-05-03 04:28:15,56.0,Female,Ahmedabad,Gujarat,West,Free,Organic
C06867,2025-05-13 08:40:35,,Female,Pune,Maharashtra,West,Free,Paid Ads
C06868,2025-04-27 23:13:04,42.0,Female,Kolkata,West Bengal,East,Free,Paid Ads
C06869,2025-03-06 23:32:48,33.0,Female,Jaipur,Rajasthan,North,Basic,Referral
C06870,2025-01-16 17:44:58,34.0,Female,Chennai,Tamil Nadu,South,Free,Email
C06871,2025-11-14 21:05:45,45.0,Male,Pune,Maharashtra,West,Free,Paid Ads
C06872,2025-05-15 06:27:16,56.0,Female,Guwahati,Assam,East,Basic,Email
C06873,2025-01-30 18:24:06,60.0,Male,Lucknow,Uttar Pradesh,North,Premium,Organic
C06874,2025-02-18 10:15:27,22.0,Male,Mumbai,Maharashtra,West,Free,Organic
C06875,2025-05-12 00:50:15,18.0,Female,Bengaluru,Karnataka,South,Basic,Referral
C06876,2025-04-25 05:19:29,20.0,Male,Pune,Maharashtra,West,Basic,Social Media
C06877,2025-04-15 20:09:12,41.0,Male,Kolkata,West Bengal,East,Premium,Paid Ads
C06878,2025-03-21 16:17:07,46.0,Other,Bhubaneswar,Odisha,East,Basic,Organic
C06879,2025-06-10 13:09:31,32.0,Female,Bengaluru,Karnataka,South,Basic,Social Media
C06880,2025-08-19 08:24:25,21.0,Female,Pune,Maharashtra,West,Basic,Email
C06881,2025-06-13 03:41:18,18.0,Other,Hyderabad,Telangana,South,Free,Email
C06882,2025-03-19 05:32:58,32.0,Male,Bhubaneswar,Odisha,East,Basic,Referral
C06883,2025-08-03 01:18:28,41.0,Male,Ahmedabad,Gujarat,West,Basic,Social Media
C06884,2025-07-17 09:30:34,48.0,Male,Ahmedabad,Gujarat,West,Free,Social Media
C06885,2025-03-01 06:15:16,37.0,Female,Bengaluru,Karnataka,South,Free,Social Media
C06886,2025-07-09 08:53:55,27.0,Female,Bengaluru,Karnataka,South,Free,Email
C06887,2025-07-02 20:05:00,,Male,Guwahati,Assam,East,Free,Social Media
C06888,2025-04-14 03:57:52,35.0,Male,Pune,Maharashtra,West,Basic,Referral
C06889,2025-03-16 12:06:09,51.0,Male,Bhubaneswar,Odisha,East,Premium,Paid Ads
C06890,2025-11-24 00:36:19,45.0,Male,Mumbai,Maharashtra,West,Free,Referral
C06891,2025-04-22 18:48:03,55.0,Male,Pune,Maharashtra,West,Free,Email
C06892,2025-07-26 00:50:15,33.0,Female,Chennai,Tamil Nadu,South,Premium,Paid Ads
C06893,2025-04-11 17:07:39,41.0,Male,Chennai,Tamil Nadu,South,Basic,Organic
C06894,2025-07-19 04:59:31,56.0,Male,Ahmedabad,Gujarat,West,Premium,Paid Ads
C06895,2025-03-09 17:24:53,,Male,Ahmedabad,Gujarat,West,Free,Email
C06896,2025-05-11 22:10:43,59.0,Female,Chennai,Tamil Nadu,South,Basic,Social Media
C06897,2025-10-27 12:28:19,24.0,Male,Bengaluru,Karnataka,South,Basic,Organic
C06898,2025-04-09 04:07:23,53.0,Male,Bhubaneswar,Odisha,East,Free,Organic
C06899,2025-08-24 07:43:38,34.0,Female,Mumbai,Maharashtra,West,Free,Referral
C06900,2025-02-25 01:31:39,21.0,Female,Ahmedabad,Gujarat,West,Free,Referral
C06901,2025-06-10 05:04:40,54.0,Female,Bhubaneswar,Odisha,East,Free,Organic
C06902,2025-07-05 00:55:40,50.0,Male,Bhubaneswar,Odisha,East,Premium,Email
C06903,2025-10-15 14:23:57,36.0,Female,Kolkata,West Bengal,East,Free,Referral
C06904,2025-07-31 11:19:08,43.0,Male,Delhi,Delhi,North,Basic,Referral
C06905,2025-10-25 23:24:08,28.0,Male,Pune,Maharashtra,West,Basic,Social Media
C06906,2025-03-27 06:10:10,48.0,Female,Bhubaneswar,Odisha,East,Free,Paid Ads
C06907,2025-11-17 02:08:54,18.0,Male,Kolkata,West Bengal,East,Basic,Referral
C06908,2025-11-25 19:56:15,57.0,Female,Hyderabad,Telangana,South,Free,Referral
C06909,2025-02-18 15:18:24,53.0,Female,Bengaluru,Karnataka,South,Free,Email
C06910,2025-06-07 18:19:54,46.0,Male,Pune,Maharashtra,West,Premium,Organic
C06911,2025-02-04 23:38:41,42.0,Male,Ahmedabad,Gujarat,West,Free,Social Media
C06912,2025-11-23 21:14:44,35.0,Male,Hyderabad,Telangana,South,Free,Referral
C06913,2025-01-02 06:06:47,20.0,Female,Guwahati,Assam,East,Basic,Social Media
C06914,2025-11-24 12:34:29,35.0,Female,Guwahati,Assam,East,Basic,Social Media
C06915,2025-05-21 03:19:09,24.0,Female,Pune,Maharashtra,West,Basic,Organic
C06916,2025-08-29 23:40:44,45.0,Female,Guwahati,Assam,East,Premium,Organic
C06917,2025-10-18 13:17:00,34.0,Male,Mumbai,Maharashtra,West,Free,Organic
C06918,2025-03-07 22:49:19,42.0,Female,Bengaluru,Karnataka,South,Basic,Paid Ads
C06919,2025-09-08 12:21:42,35.0,Male,Delhi,Delhi,North,Premium,Email
C06920,2025-06-09 05:34:38,57.0,Female,Pune,Maharashtra,West,Free,Organic
C06921,2025-05-18 12:36:53,60.0,Male,Hyderabad,Telangana,South,Basic,Paid Ads
C06922,2025-04-14 07:08:24,20.0,Female,Kolkata,West Bengal,East,Free,Email
C06923,2025-09-22 20:57:06,42.0,Male,Kolkata,West Bengal,East,Free,Email
C06924,2025-08-26 04:54:21,24.0,Male,Delhi,Delhi,North,Free,Referral
C06925,2025-09-26 07:19:24,27.0,Female,Lucknow,Uttar Pradesh,North,Basic,Social Media
C06926,2025-02-01 22:48:44,36.0,Female,Kolkata,West Bengal,East,Premium,Paid Ads
C06927,2025-10-22 21:31:33,32.0,Female,Ahmedabad,Gujarat,West,Basic,Organic
C06928,2025-05-15 11:47:18,38.0,Female,Lucknow,Uttar Pradesh,North,Premium,Organic
C06929,2025-02-04 08:22:28,38.0,Male,Lucknow,Uttar Pradesh,North,Free,Paid Ads
C06930,2025-01-14 18:24:57,54.0,Female,Jaipur,Rajasthan,North,Free,Paid Ads
C06931,2025-05-28 15:09:16,45.0,Female,Pune,Maharashtra,West,Premium,Paid Ads
C06932,2025-03-20 07:15:19,49.0,Male,Guwahati,Assam,East,Premium,Organic
C06933,2025-08-24 14:29:09,58.0,Female,Ahmedabad,Gujarat,West,Free,Organic
C06934,2025-11-05 11:19:46,44.0,Other,Bhubaneswar,Odisha,East,Basic,Organic
C06935,2025-11-19 03:11:56,40.0,Female,Chennai,Tamil Nadu,South,Free,Email
C06936,2025-03-09 21:36:35,27.0,Male,Ahmedabad,Gujarat,West,Free,Email
C06937,2025-11-26 17:18:33,57.0,Female,Pune,Maharashtra,West,Premium,Organic
C06938,2025-11-20 02:57:35,58.0,Male,Bengaluru,Karnataka,South,Basic,Organic
C06939,2025-10-30 03:21:33,23.0,Female,Ahmedabad,Gujarat,West,Free,Email
C06940,2025-09-14 23:52:12,41.0,Female,Ahmedabad,Gujarat,West,Free,Organic
C06941,2025-10-23 11:15:15,35.0,Female,Chennai,Tamil Nadu,South,Free,Email
C06942,2025-05-27 10:10:37,27.0,Female,Bengaluru,Karnataka,South,Basic,Paid Ads
C06943,2025-08-13 06:10:58,32.0,Male,Jaipur,Rajasthan,North,Free,Paid Ads
C06944,2025-10-16 19:39:21,60.0,Female,Kolkata,West Bengal,East,Premium,Social Media
C06945,2025-11-12 08:00:38,51.0,Male,Delhi,Delhi,North,Basic,Organic
C06946,2025-08-18 17:51:00,25.0,Male,Hyderabad,Telangana,South,Free,Organic
C06947,2025-05-18 09:42:45,52.0,Male,Kolkata,West Bengal,East,Basic,Social Media
C06948,2025-09-18 10:25:31,44.0,Male,Guwahati,Assam,East,Basic,Email
C06949,2025-03-29 06:45:41,42.0,Female,Bengaluru,Karnataka,South,Free,Referral
C06950,2025-04-20 11:56:47,20.0,Female,Guwahati,Assam,East,Free,Social Media
C06951,2025-09-27 11:54:09,38.0,Female,Delhi,Delhi,North,Premium,Email
C06952,2025-08-29 17:17:16,56.0,Male,Pune,Maharashtra,West,Free,Organic
C06953,2025-01-19 05:22:50,49.0,Female,Mumbai,Maharashtra,West,Basic,Paid Ads
C06954,2025-09-10 10:15:05,38.0,Female,Bhubaneswar,Odisha,East,Free,Organic
C06955,2025-04-24 08:18:03,26.0,Male,Bengaluru,Karnataka,South,Free,Organic
C06956,2025-08-04 21:32:38,18.0,Other,Mumbai,Maharashtra,West,Basic,Social Media
C06957,2025-10-13 23:31:24,21.0,Female,Lucknow,Uttar Pradesh,North,Premium,Organic
C06958,2025-02-08 21:06:14,21.0,Female,Delhi,Delhi,North,Free,Organic
C06959,2025-09-07 23:33:29,43.0,Male,Delhi,Delhi,North,Free,Paid Ads
C06960,2025-08-16 03:34:51,,Male,Bengaluru,Karnataka,South,Basic,Organic
C06961,2025-06-05 07:46:11,44.0,Female,Jaipur,Rajasthan,North,Free,Organic
C06962,2025-07-10 04:38:55,32.0,Female,Ahmedabad,Gujarat,West,Basic,Organic
C06963,2025-09-04 14:57:25,49.0,Female,Hyderabad,Telangana,South,Free,Social Media
C06964,2025-05-02 20:45:07,58.0,Female,Delhi,Delhi,North,Basic,Social Media
C06965,2025-11-06 22:51:49,24.0,Female,Mumbai,Maharashtra,West,Basic,Social Media
C06966,2025-10-01 06:01:48,31.0,Female,Bhubaneswar,Odisha,East,Free,Social Media
C06967,2025-05-02 15:41:18,40.0,Male,Bengaluru,Karnataka,South,Free,Email
C06968,2025-05-11 09:02:30,18.0,Female,Ahmedabad,Gujarat,West,Free,Organic
C06969,2025-02-16 17:04:49,49.0,Male,Lucknow,Uttar Pradesh,North,Free,Email
C06970,2025-04-19 15:10:05,58.0,Male,Pune,Maharashtra,West,Basic,Paid Ads
C06971,2025-01-13 07:59:57,43.0,Female,Bhubaneswar,Odisha,East,Free,Organic
C06972,2025-06-13 04:16:36,26.0,Male,Lucknow,Uttar Pradesh,North,Basic,Referral
C06973,2025-09-12 12:22:13,33.0,Male,Bhubaneswar,Odisha,East,Basic,Paid Ads
C06974,2025-10-19 19:53:59,48.0,Male,Mumbai,Maharashtra,West,Free,Organic
C06975,2025-10-22 07:39:51,19.0,Male,Delhi,Delhi,North,Free,Organic
C06976,2025-07-03 23:30:22,49.0,Male,Pune,Maharashtra,West,Basic,Paid Ads
C06977,2025-05-27 16:17:54,27.0,Male,Lucknow,Uttar Pradesh,North,Free,Social Media
C06978,2025-06-19 17:22:48,42.0,Female,Chennai,Tamil Nadu,South,Basic,Paid Ads
C06979,2025-05-21 16:24:37,35.0,Female,Hyderabad,Telangana,South,Free,Social Media
C06980,2025-10-28 14:56:22,51.0,Female,Bhubaneswar,Odisha,East,Free,Organic
C06981,2025-03-29 07:58:16,46.0,Other,Bhubaneswar,Odisha,East,Free,Paid Ads
C06982,2025-09-13 07:28:45,41.0,Female,Jaipur,Rajasthan,North,Free,Organic
C06983,2025-11-24 01:52:28,20.0,Male,Bengaluru,Karnataka,South,Basic,Social Media
C06984,2025-06-08 08:55:50,32.0,Male,Bengaluru,Karnataka,South,Free,Email
C06985,2025-08-31 04:58:49,20.0,Female,Hyderabad,Telangana,South,Free,Paid Ads
C06986,2025-05-09 21:38:16,48.0,Female,Pune,Maharashtra,West,Basic,Email
C06987,2025-04-12 21:02:40,27.0,Male,Mumbai,Maharashtra,West,Free,Social Media
C06988,2025-07-14 12:53:32,55.0,Male,Pune,Maharashtra,West,Free,Organic
C06989,2025-08-24 10:55:27,39.0,Female,Guwahati,Assam,East,Basic,Paid Ads
C06990,2025-08-18 20:11:28,31.0,Female,Kolkata,West Bengal,East,Free,Social Media
C06991,2025-09-19 03:00:02,26.0,Female,Hyderabad,Telangana,South,Premium,Paid Ads
C06992,2025-07-07 01:05:48,35.0,Male,Mumbai,Maharashtra,West,Free,Referral
C06993,2025-06-05 00:30:32,25.0,Female,Bhubaneswar,Odisha,East,Free,Paid Ads
C06994,2025-01-21 03:51:28,55.0,Female,Guwahati,Assam,East,Premium,Paid Ads
C06995,2025-01-23 05:01:52,32.0,Female,Bengaluru,Karnataka,South,Basic,Organic
C06996,2025-03-26 12:45:24,32.0,Female,Delhi,Delhi,North,Free,Referral
C06997,2025-10-17 21:46:15,23.0,Female,Jaipur,Rajasthan,North,Basic,Social Media
C06998,2025-02-23 19:22:57,29.0,Female,Hyderabad,Telangana,South,Free,Social Media
C06999,2025-10-20 09:25:55,59.0,Female,Ahmedabad,Gujarat,West,Basic,Referral
C07000,2025-05-26 14:03:10,36.0,Male,Lucknow,Uttar Pradesh,North,Basic,Paid Ads
C07001,2025-11-20 11:29:57,57.0,Female,Bhubaneswar,Odisha,East,Free,Organic
C07002,2025-08-06 15:07:42,22.0,Female,Kolkata,West Bengal,East,Free,Email
C07003,2025-09-13 17:40:16,44.0,Female,Bengaluru,Karnataka,South,Basic,Paid Ads
C07004,2025-05-21 08:35:58,27.0,Other,Hyderabad,Telangana,South,Free,Referral
C07005,2025-11-29 07:39:31,60.0,Other,Mumbai,Maharashtra,West,Free,Organic
C07006,2025-10-05 09:24:51,31.0,Female,Ahmedabad,Gujarat,West,Free,Organic
C07007,2025-02-13 08:54:16,51.0,Male,Jaipur,Rajasthan,North,Basic,Organic
C07008,2025-10-16 00:17:12,32.0,Male,Bhubaneswar,Odisha,East,Basic,Social Media
C07009,2025-04-14 13:19:17,46.0,Female,Pune,Maharashtra,West,Free,Referral
C07010,2025-11-19 23:17:11,43.0,Male,Guwahati,Assam,East,Premium,Referral
C07011,2025-02-21 18:15:55,44.0,Other,Mumbai,Maharashtra,West,Basic,Email
C07012,2025-01-28 12:21:45,20.0,Male,Chennai,Tamil Nadu,South,Free,Organic
C07013,2025-02-14 16:27:31,20.0,Female,Ahmedabad,Gujarat,West,Premium,Organic
C07014,2025-04-05 15:50:33,52.0,Female,Guwahati,Assam,East,Premium,Organic
C07015,2025-04-14 08:52:07,52.0,Male,Pune,Maharashtra,West,Free,Paid Ads
C07016,2025-10-13 05:46:22,23.0,Female,Chennai,Tamil Nadu,South,Basic,Social Media
C07017,2025-02-14 16:12:50,31.0,Female,Pune,Maharashtra,West,Basic,Email
C07018,2025-06-23 06:53:53,43.0,Male,Kolkata,West Bengal,East,Free,Referral
C07019,2025-02-23 06:44:05,20.0,Male,Mumbai,Maharashtra,West,Free,Referral
C07020,2025-10-25 08:30:28,50.0,Female,Lucknow,Uttar Pradesh,North,Basic,Email
C07021,2025-03-26 02:53:43,59.0,Male,Jaipur,Rajasthan,North,Free,Referral
C07022,2025-10-02 00:53:50,30.0,Female,Chennai,Tamil Nadu,South,Premium,Organic
C07023,2025-03-03 19:11:28,46.0,Male,Bengaluru,Karnataka,South,Free,Referral
C07024,2025-04-03 08:27:11,26.0,Male,Chennai,Tamil Nadu,South,Premium,Social Media
C07025,2025-09-29 13:45:14,49.0,Male,Lucknow,Uttar Pradesh,North,Premium,Referral
C07026,2025-07-17 09:24:09,39.0,Male,Pune,Maharashtra,West,Basic,Organic
C07027,2025-02-10 14:59:14,39.0,Male,Kolkata,West Bengal,East,Free,Paid Ads
C07028,2025-08-01 22:49:26,51.0,Other,Hyderabad,Telangana,South,Basic,Paid Ads
C07029,2025-11-01 03:50:20,27.0,Male,Ahmedabad,Gujarat,West,Free,Organic
C07030,2025-03-24 08:59:27,42.0,Male,Bhubaneswar,Odisha,East,Basic,Paid Ads
C07031,2025-06-19 09:44:57,29.0,Male,Lucknow,Uttar Pradesh,North,Free,Organic
C07032,2025-10-20 06:17:47,20.0,Female,Pune,Maharashtra,West,Premium,Paid Ads
C07033,2025-11-04 14:19:31,36.0,Female,Jaipur,Rajasthan,North,Free,Organic
C07034,2025-11-29 13:07:27,50.0,Female,Delhi,Delhi,North,Basic,Email
C07035,2025-05-13 04:40:20,43.0,Male,Ahmedabad,Gujarat,West,Premium,Organic
C07036,2025-02-08 15:35:35,30.0,Female,Chennai,Tamil Nadu,South,Basic,Paid Ads
C07037,2025-08-01 03:40:32,24.0,Female,Pune,Maharashtra,West,Free,Organic
C07038,2025-02-05 05:44:59,51.0,Female,Pune,Maharashtra,West,Free,Organic
C07039,2025-01-28 02:01:42,39.0,Male,Lucknow,Uttar Pradesh,North,Basic,Referral
C07040,2025-08-29 19:07:58,37.0,Female,Lucknow,Uttar Pradesh,North,Free,Organic
C07041,2025-02-06 06:32:28,60.0,Male,Hyderabad,Telangana,South,Free,Referral
C07042,2025-03-04 08:19:07,40.0,Male,Pune,Maharashtra,West,Free,Organic
C07043,2025-01-27 18:57:39,31.0,Male,Lucknow,Uttar Pradesh,North,Basic,Paid Ads
C07044,2025-06-22 10:24:07,47.0,Male,Bhubaneswar,Odisha,East,Free,Social Media
C07045,2025-05-25 08:59:58,40.0,Male,Hyderabad,Telangana,South,Premium,Email
C07046,2025-09-07 00:20:13,36.0,Female,Ahmedabad,Gujarat,West,Free,Paid Ads
C07047,2025-09-02 00:10:57,56.0,Female,Jaipur,Rajasthan,North,Basic,Social Media
C07048,2025-08-17 12:40:13,58.0,Female,Guwahati,Assam,East,Free,Social Media
C07049,2025-11-21 13:43:00,53.0,Male,Bhubaneswar,Odisha,East,Premium,Organic
C07050,2025-03-11 06:02:16,23.0,Female,Ahmedabad,Gujarat,West,Free,Social Media
C07051,2025-10-21 20:15:40,40.0,Female,Hyderabad,Telangana,South,Free,Referral
C07052,2025-01-21 04:29:48,27.0,Male,Lucknow,Uttar Pradesh,North,Free,Organic
C07053,2025-07-08 15:15:04,52.0,Female,Hyderabad,Telangana,South,Free,Email
C07054,2025-04-13 15:08:34,38.0,Female,Mumbai,Maharashtra,West,Free,Organic
C07055,2025-10-02 09:45:14,49.0,Male,Pune,Maharashtra,West,Basic,Paid Ads
C07056,2025-01-02 12:36:17,47.0,Male,Kolkata,West Bengal,East,Free,Paid Ads
C07057,2025-04-11 17:17:42,50.0,Male,Hyderabad,Telangana,South,Basic,Referral
C07058,2025-07-23 19:39:01,23.0,Other,Ahmedabad,Gujarat,West,Basic,Referral
C07059,2025-08-05 18:54:06,22.0,Male,Chennai,Tamil Nadu,South,Premium,Organic
C07060,2025-10-31 01:44:04,32.0,Male,Chennai,Tamil Nadu,South,Free,Paid Ads
C07061,2025-11-30 07:15:50,60.0,Male,Chennai,Tamil Nadu,South,Free,Organic
C07062,2025-02-16 23:31:47,42.0,Female,Jaipur,Rajasthan,North,Free,Organic
C07063,2025-11-22 03:50:28,30.0,Male,Lucknow,Uttar Pradesh,North,Free,Social Media
C07064,2025-11-17 07:52:24,23.0,Female,Chennai,Tamil Nadu,South,Free,Social Media
C07065,2025-06-14 23:12:47,54.0,Female,Kolkata,West Bengal,East,Free,Paid Ads
C07066,2025-05-15 04:26:54,19.0,Female,Jaipur,Rajasthan,North,Free,Organic
C07067,2025-06-06 21:25:46,34.0,Female,Bhubaneswar,Odisha,East,Basic,Paid Ads
C07068,2025-04-19 11:52:47,41.0,Male,Mumbai,Maharashtra,West,Free,Organic
C07069,2025-01-01 16:43:36,29.0,Female,Kolkata,West Bengal,East,Free,Social Media
C07070,2025-02-25 11:11:31,31.0,Female,Kolkata,West Bengal,East,Free,Organic
C07071,2025-10-12 16:40:05,24.0,Female,Mumbai,Maharashtra,West,Basic,Paid Ads
C07072,2025-07-29 08:29:05,43.0,Female,Pune,Maharashtra,West,Basic,Referral
C07073,2025-01-29 21:06:42,49.0,Female,Delhi,Delhi,North,Basic,Email
C07074,2025-01-30 04:31:20,46.0,Male,Guwahati,Assam,East,Premium,Organic
C07075,2025-11-07 04:46:13,56.0,Male,Pune,Maharashtra,West,Basic,Organic
C07076,2025-11-11 15:04:23,26.0,Male,Guwahati,Assam,East,Free,Email
C07077,2025-03-08 03:14:38,31.0,Male,Jaipur,Rajasthan,North,Free,Paid Ads
C07078,2025-02-22 09:12:26,34.0,Female,Jaipur,Rajasthan,North,Premium,Social Media
C07079,2025-03-29 21:58:57,42.0,Male,Lucknow,Uttar Pradesh,North,Basic,Social Media
C07080,2025-04-12 18:39:01,47.0,Male,Delhi,Delhi,North,Basic,Paid Ads
C07081,2025-06-07 10:45:14,46.0,Female,Mumbai,Maharashtra,West,Basic,Organic
C07082,2025-08-07 09:29:50,46.0,Female,Hyderabad,Telangana,South,Free,Organic
C07083,2025-02-12 19:56:01,35.0,Female,Mumbai,Maharashtra,West,Premium,Social Media
C07084,2025-02-27 10:56:37,48.0,Female,Pune,Maharashtra,West,Free,Social Media
C07085,2025-02-10 16:55:51,36.0,Female,Jaipur,Rajasthan,North,Free,Referral
C07086,2025-11-16 01:17:00,34.0,Female,Bhubaneswar,Odisha,East,Free,Paid Ads
C07087,2025-04-29 07:35:28,23.0,Female,Delhi,Delhi,North,Basic,Organic
C07088,2025-03-22 08:35:59,29.0,Other,Delhi,Delhi,North,Free,Paid Ads
C07089,2025-01-24 10:08:35,55.0,Male,Ahmedabad,Gujarat,West,Free,Email
C07090,2025-11-03 07:12:17,20.0,Female,Bhubaneswar,Odisha,East,Basic,Social Media
C07091,2025-03-07 15:24:31,52.0,Female,Guwahati,Assam,East,Free,Paid Ads
C07092,2025-01-14 21:19:28,50.0,Female,Bengaluru,Karnataka,South,Free,Paid Ads
C07093,2025-04-20 10:48:05,46.0,Female,Lucknow,Uttar Pradesh,North,Basic,Social Media
C07094,2025-10-15 07:32:58,20.0,Female,Kolkata,West Bengal,East,Basic,Paid Ads
C07095,2025-10-05 01:40:21,22.0,Female,Pune,Maharashtra,West,Free,Referral
C07096,2025-04-05 03:53:52,31.0,Male,Jaipur,Rajasthan,North,Basic,Paid Ads
C07097,2025-07-17 03:02:27,53.0,Male,Bengaluru,Karnataka,South,Basic,Organic
C07098,2025-03-21 16:10:53,45.0,Male,Kolkata,West Bengal,East,Free,Organic
C07099,2025-05-17 18:04:13,58.0,Male,Kolkata,West Bengal,East,Free,Organic
C07100,2025-10-16 05:09:01,49.0,Male,Chennai,Tamil Nadu,South,Free,Organic
C07101,2025-11-11 10:39:15,35.0,Female,Kolkata,West Bengal,East,Basic,Organic
C07102,2025-04-16 04:05:27,59.0,Male,Bhubaneswar,Odisha,East,Basic,Organic
C07103,2025-10-25 03:59:49,57.0,Female,Hyderabad,Telangana,South,Free,Organic
C07104,2025-04-19 19:11:32,30.0,Female,Jaipur,Rajasthan,North,Basic,Organic
C07105,2025-06-30 02:05:55,19.0,Female,Ahmedabad,Gujarat,West,Premium,Paid Ads
C07106,2025-05-03 12:12:57,42.0,Male,Bhubaneswar,Odisha,East,Free,Paid Ads
C07107,2025-11-12 12:30:11,37.0,Female,Bhubaneswar,Odisha,East,Premium,Email
C07108,2025-08-31 17:07:07,24.0,Female,Mumbai,Maharashtra,West,Premium,Paid Ads
C07109,2025-11-24 03:20:23,28.0,Male,Chennai,Tamil Nadu,South,Basic,Organic
C07110,2025-06-25 05:45:06,22.0,Male,Mumbai,Maharashtra,West,Basic,Paid Ads
C07111,2025-11-20 08:38:07,46.0,Male,Delhi,Delhi,North,Free,Social Media
C07112,2025-01-24 13:49:51,35.0,Female,Bengaluru,Karnataka,South,Free,Paid Ads
C07113,2025-06-09 15:37:45,,Female,Pune,Maharashtra,West,Premium,Organic
C07114,2025-10-15 16:37:55,44.0,Female,Kolkata,West Bengal,East,Free,Email
C07115,2025-10-28 08:25:36,59.0,Male,Lucknow,Uttar Pradesh,North,Free,Organic
C07116,2025-06-26 06:53:14,19.0,Male,Hyderabad,Telangana,South,Free,Email
C07117,2025-07-24 22:10:36,52.0,Male,Chennai,Tamil Nadu,South,Basic,Social Media
C07118,2025-03-29 10:33:50,43.0,Male,Kolkata,West Bengal,East,Free,Referral
C07119,2025-08-06 11:58:01,40.0,Male,Lucknow,Uttar Pradesh,North,Free,Referral
C07120,2025-10-12 20:53:39,22.0,Male,Jaipur,Rajasthan,North,Basic,Organic
C07121,2025-08-04 09:29:57,33.0,Female,Chennai,Tamil Nadu,South,Free,Social Media
C07122,2025-10-14 08:05:05,59.0,Male,Bhubaneswar,Odisha,East,Basic,Paid Ads
C07123,2025-01-05 06:33:19,28.0,Male,Jaipur,Rajasthan,North,Free,Paid Ads
C07124,2025-01-30 20:58:28,36.0,Female,Chennai,Tamil Nadu,South,Free,Organic
C07125,2025-10-19 05:04:58,33.0,Female,Mumbai,Maharashtra,West,Free,Organic
C07126,2025-05-27 04:08:40,49.0,Female,Mumbai,Maharashtra,West,Basic,Paid Ads
C07127,2025-03-22 03:22:31,29.0,Male,Kolkata,West Bengal,East,Basic,Paid Ads
C07128,2025-03-03 02:30:10,19.0,Female,Mumbai,Maharashtra,West,Basic,Paid Ads
C07129,2025-10-30 22:54:08,60.0,Female,Pune,Maharashtra,West,Free,Paid Ads
C07130,2025-08-30 23:10:33,39.0,Male,Chennai,Tamil Nadu,South,Premium,Social Media
C07131,2025-09-10 12:28:02,43.0,Male,Ahmedabad,Gujarat,West,Free,Paid Ads
C07132,2025-10-26 05:42:50,50.0,Female,Ahmedabad,Gujarat,West,Free,Paid Ads
C07133,2025-10-16 14:16:18,41.0,Female,Delhi,Delhi,North,Premium,Referral
C07134,2025-10-29 02:42:44,22.0,Male,Bhubaneswar,Odisha,East,Free,Social Media
C07135,2025-03-06 15:46:41,38.0,Male,Ahmedabad,Gujarat,West,Basic,Paid Ads
C07136,2025-10-05 03:43:42,35.0,Female,Lucknow,Uttar Pradesh,North,Free,Email
C07137,2025-11-12 20:24:41,56.0,Male,Hyderabad,Telangana,South,Free,Paid Ads
C07138,2025-11-13 13:43:26,22.0,Female,Lucknow,Uttar Pradesh,North,Basic,Organic
C07139,2025-04-03 14:39:25,25.0,Male,Delhi,Delhi,North,Free,Referral
C07140,2025-01-14 02:37:08,38.0,Female,Bhubaneswar,Odisha,East,Free,Organic
C07141,2025-08-22 16:53:40,22.0,Male,Bengaluru,Karnataka,South,Free,Email
C07142,2025-05-12 10:20:37,30.0,Male,Guwahati,Assam,East,Free,Paid Ads
C07143,2025-05-10 07:09:21,36.0,Other,Hyderabad,Telangana,South,Basic,Referral
C07144,2025-11-02 02:49:44,46.0,Male,Pune,Maharashtra,West,Basic,Referral
C07145,2025-08-24 22:19:13,19.0,Male,Chennai,Tamil Nadu,South,Basic,Organic
C07146,2025-05-02 17:09:02,54.0,Female,Delhi,Delhi,North,Free,Referral
C07147,2025-11-16 14:16:52,43.0,Male,Jaipur,Rajasthan,North,Free,Social Media
C07148,2025-10-25 05:14:59,46.0,Male,Kolkata,West Bengal,East,Basic,Email
C07149,2025-08-31 22:51:49,22.0,Male,Mumbai,Maharashtra,West,Free,Paid Ads
C07150,2025-01-09 01:02:41,49.0,Female,Lucknow,Uttar Pradesh,North,Free,Paid Ads
C07151,2025-02-22 23:27:57,55.0,Female,Bengaluru,Karnataka,South,Premium,Social Media
C07152,2025-10-14 05:43:08,19.0,Female,Guwahati,Assam,East,Free,Organic
C07153,2025-05-31 15:46:43,22.0,Female,Bengaluru,Karnataka,South,Basic,Organic
C07154,2025-02-20 11:02:22,50.0,Male,Bengaluru,Karnataka,South,Free,Organic
C07155,2025-11-17 03:20:43,52.0,Male,Pune,Maharashtra,West,Basic,Email
C07156,2025-05-17 02:06:32,36.0,Female,Chennai,Tamil Nadu,South,Free,Organic
C07157,2025-04-03 15:02:54,32.0,Female,Lucknow,Uttar Pradesh,North,Premium,Social Media
C07158,2025-08-10 05:39:13,52.0,Female,Pune,Maharashtra,West,Free,Paid Ads
C07159,2025-03-10 17:40:31,25.0,Female,Mumbai,Maharashtra,West,Premium,Organic
C07160,2025-07-25 14:41:03,18.0,Male,Lucknow,Uttar Pradesh,North,Free,Email
C07161,2025-10-04 00:32:00,55.0,Female,Lucknow,Uttar Pradesh,North,Basic,Paid Ads
C07162,2025-07-06 15:49:23,39.0,Female,Ahmedabad,Gujarat,West,Premium,Referral
C07163,2025-04-03 14:35:26,34.0,Male,Delhi,Delhi,North,Free,Organic
C07164,2025-05-02 20:22:11,33.0,Male,Jaipur,Rajasthan,North,Free,Paid Ads
C07165,2025-03-20 09:09:20,18.0,Female,Lucknow,Uttar Pradesh,North,Premium,Social Media
C07166,2025-09-09 21:10:11,20.0,Female,Kolkata,West Bengal,East,Free,Paid Ads
C07167,2025-03-30 00:56:14,23.0,Female,Chennai,Tamil Nadu,South,Basic,Paid Ads
C07168,2025-07-08 04:26:10,20.0,Female,Pune,Maharashtra,West,Free,Organic
C07169,2025-02-05 05:21:16,47.0,Female,Ahmedabad,Gujarat,West,Basic,Social Media
C07170,2025-04-22 19:14:57,28.0,Male,Mumbai,Maharashtra,West,Free,Social Media
C07171,2025-08-18 04:44:28,44.0,Female,Pune,Maharashtra,West,Basic,Social Media
C07172,2025-10-15 06:22:33,39.0,Male,Bengaluru,Karnataka,South,Free,Organic
C07173,2025-10-14 16:59:10,23.0,Female,Pune,Maharashtra,West,Free,Paid Ads
C07174,2025-03-11 11:32:35,55.0,Female,Lucknow,Uttar Pradesh,North,Free,Organic
C07175,2025-04-10 08:18:14,58.0,Female,Guwahati,Assam,East,Basic,Paid Ads
C07176,2025-09-15 14:16:24,48.0,Male,Pune,Maharashtra,West,Free,Paid Ads
C07177,2025-02-25 04:56:07,60.0,Female,Bengaluru,Karnataka,South,Free,Email
C07178,2025-11-08 10:10:35,23.0,Female,Chennai,Tamil Nadu,South,Basic,Email
C07179,2025-02-24 18:35:29,,Female,Kolkata,West Bengal,East,Free,Referral
C07180,2025-08-21 07:59:45,58.0,Male,Pune,Maharashtra,West,Premium,Paid Ads
C07181,2025-05-16 17:35:55,28.0,Male,Guwahati,Assam,East,Basic,Paid Ads
C07182,2025-03-17 23:52:23,19.0,Female,Mumbai,Maharashtra,West,Basic,Organic
C07183,2025-10-10 19:51:07,48.0,Female,Hyderabad,Telangana,South,Free,Social Media
C07184,2025-09-24 05:34:23,55.0,Male,Bengaluru,Karnataka,South,Basic,Referral
C07185,2025-11-05 17:00:56,43.0,Female,Bhubaneswar,Odisha,East,Free,Referral
C07186,2025-10-10 20:42:09,44.0,Female,Hyderabad,Telangana,South,Basic,Social Media
C07187,2025-06-20 19:12:13,48.0,Male,Lucknow,Uttar Pradesh,North,Free,Email
C07188,2025-03-07 19:17:23,41.0,Male,Mumbai,Maharashtra,West,Free,Paid Ads
C07189,2025-06-30 21:18:20,30.0,Male,Mumbai,Maharashtra,West,Free,Paid Ads
C07190,2025-09-29 21:54:04,42.0,Male,Delhi,Delhi,North,Premium,Email
C07191,2025-10-07 07:31:26,54.0,Male,Lucknow,Uttar Pradesh,North,Basic,Referral
C07192,2025-07-16 00:04:14,58.0,Female,Pune,Maharashtra,West,Free,Social Media
C07193,2025-10-29 07:02:40,42.0,Male,Mumbai,Maharashtra,West,Premium,Organic
C07194,2025-11-21 20:21:38,46.0,Male,Bhubaneswar,Odisha,East,Free,Paid Ads
C07195,2025-08-15 06:15:01,48.0,Female,Bengaluru,Karnataka,South,Basic,Paid Ads
C07196,2025-06-07 07:17:46,60.0,Other,Jaipur,Rajasthan,North,Basic,Paid Ads
C07197,2025-07-10 15:11:44,56.0,Male,Kolkata,West Bengal,East,Premium,Email
C07198,2025-06-23 17:01:02,19.0,Female,Chennai,Tamil Nadu,South,Free,Paid Ads
C07199,2025-07-30 13:41:56,29.0,Male,Hyderabad,Telangana,South,Free,Email
C07200,2025-02-12 21:39:39,22.0,Male,Bengaluru,Karnataka,South,Basic,Paid Ads
C07201,2025-03-18 14:44:01,44.0,Female,Mumbai,Maharashtra,West,Free,Organic
C07202,2025-10-10 15:32:19,51.0,Female,Guwahati,Assam,East,Free,Organic
C07203,2025-04-14 15:23:00,31.0,Female,Delhi,Delhi,North,Basic,Organic
C07204,2025-01-07 10:09:59,24.0,Female,Kolkata,West Bengal,East,Basic,Referral
C07205,2025-10-16 09:37:37,54.0,Male,Hyderabad,Telangana,South,Free,Organic
C07206,2025-08-21 09:23:06,53.0,Female,Guwahati,Assam,East,Free,Paid Ads
C07207,2025-09-05 16:28:20,27.0,Female,Pune,Maharashtra,West,Free,Social Media
C07208,2025-05-10 11:58:49,46.0,Female,Ahmedabad,Gujarat,West,Basic,Organic
C07209,2025-10-05 20:03:15,33.0,Male,Ahmedabad,Gujarat,West,Basic,Organic
C07210,2025-05-19 17:11:14,55.0,Male,Bengaluru,Karnataka,South,Basic,Paid Ads
C07211,2025-04-26 15:47:43,38.0,Female,Ahmedabad,Gujarat,West,Basic,Referral
C07212,2025-04-14 08:11:24,55.0,Female,Kolkata,West Bengal,East,Basic,Email
C07213,2025-01-07 15:49:03,58.0,Male,Ahmedabad,Gujarat,West,Free,Referral
C07214,2025-04-27 14:47:39,50.0,Male,Ahmedabad,Gujarat,West,Free,Email
C07215,2025-04-13 12:20:56,46.0,Male,Bhubaneswar,Odisha,East,Basic,Organic
C07216,2025-05-18 21:35:51,,Female,Lucknow,Uttar Pradesh,North,Free,Paid Ads
C07217,2025-06-19 09:18:07,30.0,Male,Lucknow,Uttar Pradesh,North,Premium,Social Media
C07218,2025-01-24 00:40:45,23.0,Male,Delhi,Delhi,North,Premium,Social Media
C07219,2025-07-09 14:50:29,19.0,Female,Bengaluru,Karnataka,South,Basic,Referral
C07220,2025-07-24 06:48:30,25.0,Male,Chennai,Tamil Nadu,South,Free,Paid Ads
C07221,2025-03-10 23:40:45,49.0,Male,Hyderabad,Telangana,South,Basic,Organic
C07222,2025-10-31 13:29:36,53.0,Male,Mumbai,Maharashtra,West,Basic,Organic
C07223,2025-02-28 04:45:42,26.0,Male,Guwahati,Assam,East,Basic,Organic
C07224,2025-02-28 13:18:49,40.0,Male,Pune,Maharashtra,West,Free,Organic
C07225,2025-03-11 16:33:35,24.0,Male,Bengaluru,Karnataka,South,Basic,Social Media
C07226,2025-01-16 21:35:16,48.0,Male,Bengaluru,Karnataka,South,Basic,Organic
C07227,2025-02-19 11:26:00,38.0,Female,Chennai,Tamil Nadu,South,Free,Paid Ads
C07228,2025-01-01 18:16:23,18.0,Male,Guwahati,Assam,East,Free,Email
C07229,2025-03-12 21:34:54,19.0,Female,Bengaluru,Karnataka,South,Basic,Paid Ads
C07230,2025-05-01 13:57:01,,Male,Mumbai,Maharashtra,West,Free,Organic
C07231,2025-04-11 07:48:37,28.0,Male,Bhubaneswar,Odisha,East,Free,Referral
C07232,2025-08-19 06:15:39,54.0,Female,Pune,Maharashtra,West,Free,Social Media
C07233,2025-01-11 10:54:21,35.0,Male,Bhubaneswar,Odisha,East,Premium,Organic
C07234,2025-07-22 03:41:19,41.0,Male,Lucknow,Uttar Pradesh,North,Free,Social Media
C07235,2025-07-18 02:22:27,36.0,Female,Ahmedabad,Gujarat,West,Free,Organic
C07236,2025-04-09 00:22:30,22.0,Female,Ahmedabad,Gujarat,West,Free,Referral
C07237,2025-06-15 12:42:56,46.0,Female,Jaipur,Rajasthan,North,Basic,Organic
C07238,2025-04-08 01:34:05,56.0,Female,Bengaluru,Karnataka,South,Basic,Paid Ads
C07239,2025-10-17 20:11:26,,Male,Lucknow,Uttar Pradesh,North,Basic,Paid Ads
C07240,2025-03-25 10:59:55,34.0,Female,Pune,Maharashtra,West,Basic,Social Media
C07241,2025-08-23 10:28:59,28.0,Female,Hyderabad,Telangana,South,Basic,Referral
C07242,2025-08-03 06:55:33,54.0,Male,Bengaluru,Karnataka,South,Free,Social Media
C07243,2025-11-15 11:59:21,30.0,Female,Kolkata,West Bengal,East,Basic,Organic
C07244,2025-06-13 08:14:18,46.0,Male,Jaipur,Rajasthan,North,Free,Referral
C07245,2025-08-20 05:22:04,49.0,Female,Mumbai,Maharashtra,West,Basic,Organic
C07246,2025-07-02 19:30:52,57.0,Male,Bhubaneswar,Odisha,East,Free,Paid Ads
C07247,2025-04-23 00:08:47,60.0,Female,Jaipur,Rajasthan,North,Premium,Paid Ads
C07248,2025-04-27 22:04:29,25.0,Male,Chennai,Tamil Nadu,South,Basic,Organic
C07249,2025-03-01 12:07:34,27.0,Female,Bhubaneswar,Odisha,East,Basic,Organic
C07250,2025-10-08 15:17:16,42.0,Male,Bengaluru,Karnataka,South,Basic,Social Media
C07251,2025-02-09 10:22:16,28.0,Male,Bengaluru,Karnataka,South,Basic,Organic
C07252,2025-03-01 22:36:14,45.0,Female,Bengaluru,Karnataka,South,Free,Paid Ads
C07253,2025-01-16 01:36:15,50.0,Female,Mumbai,Maharashtra,West,Free,Referral
C07254,2025-07-23 23:38:30,56.0,Male,Chennai,Tamil Nadu,South,Free,Organic
C07255,2025-03-02 15:47:11,43.0,Female,Pune,Maharashtra,West,Free,Organic
C07256,2025-10-20 04:47:53,25.0,Male,Delhi,Delhi,North,Free,Paid Ads
C07257,2025-05-09 02:02:53,55.0,Female,Guwahati,Assam,East,Free,Organic
C07258,2025-06-18 12:19:36,43.0,Female,Guwahati,Assam,East,Premium,Email
C07259,2025-02-17 01:45:33,49.0,Female,Lucknow,Uttar Pradesh,North,Basic,Email
C07260,2025-08-07 06:33:01,45.0,Female,Mumbai,Maharashtra,West,Free,Paid Ads
C07261,2025-01-22 01:40:07,24.0,Female,Pune,Maharashtra,West,Free,Organic
C07262,2025-07-15 11:45:10,52.0,Male,Bhubaneswar,Odisha,East,Free,Paid Ads
C07263,2025-03-30 15:19:39,19.0,Female,Lucknow,Uttar Pradesh,North,Free,Organic
C07264,2025-05-16 23:09:54,39.0,Female,Guwahati,Assam,East,Basic,Paid Ads
C07265,2025-03-02 05:49:14,39.0,Male,Chennai,Tamil Nadu,South,Free,Organic
C07266,2025-11-25 16:39:09,20.0,Male,Guwahati,Assam,East,Premium,Referral
C07267,2025-08-25 01:50:10,25.0,Female,Guwahati,Assam,East,Free,Organic
C07268,2025-01-28 07:56:26,21.0,Other,Pune,Maharashtra,West,Free,Paid Ads
C07269,2025-04-29 14:07:50,32.0,Male,Ahmedabad,Gujarat,West,Premium,Organic
C07270,2025-06-14 11:27:40,56.0,Female,Ahmedabad,Gujarat,West,Free,Paid Ads
C07271,2025-02-23 23:46:03,29.0,Male,Mumbai,Maharashtra,West,Free,Organic
C07272,2025-05-11 08:57:13,46.0,Female,Hyderabad,Telangana,South,Free,Email
C07273,2025-07-22 10:39:02,26.0,Female,Delhi,Delhi,North,Basic,Paid Ads
C07274,2025-01-06 05:51:44,59.0,Male,Bhubaneswar,Odisha,East,Free,Organic
C07275,2025-09-20 01:18:07,57.0,Male,Mumbai,Maharashtra,West,Premium,Paid Ads
C07276,2025-06-21 19:35:59,37.0,Female,Chennai,Tamil Nadu,South,Premium,Organic
C07277,2025-04-19 01:55:19,51.0,Female,Mumbai,Maharashtra,West,Premium,Paid Ads
C07278,2025-07-24 11:50:08,43.0,Female,Kolkata,West Bengal,East,Free,Organic
C07279,2025-02-18 12:13:00,38.0,Female,Delhi,Delhi,North,Premium,Paid Ads
C07280,2025-06-20 01:20:10,40.0,Female,Lucknow,Uttar Pradesh,North,Basic,Paid Ads
C07281,2025-08-16 14:15:47,35.0,Female,Lucknow,Uttar Pradesh,North,Free,Social Media
C07282,2025-08-18 04:20:33,41.0,Female,Guwahati,Assam,East,Free,Paid Ads
C07283,2025-04-15 10:54:28,59.0,Female,Guwahati,Assam,East,Basic,Social Media
C07284,2025-08-22 16:06:29,46.0,Female,Lucknow,Uttar Pradesh,North,Basic,Email
C07285,2025-04-06 06:44:35,,Female,Kolkata,West Bengal,East,Free,Email
C07286,2025-03-09 07:21:03,55.0,Male,Ahmedabad,Gujarat,West,Basic,Organic
C07287,2025-05-13 11:05:17,30.0,Female,Jaipur,Rajasthan,North,Premium,Social Media
C07288,2025-05-03 12:54:03,49.0,Male,Mumbai,Maharashtra,West,Free,Paid Ads
C07289,2025-04-10 21:13:39,36.0,Female,Bengaluru,Karnataka,South,Free,Paid Ads
C07290,2025-08-02 18:49:42,34.0,Male,Chennai,Tamil Nadu,South,Premium,Social Media
C07291,2025-01-03 14:50:18,19.0,Female,Lucknow,Uttar Pradesh,North,Free,Organic
C07292,2025-07-29 13:21:23,35.0,Male,Bhubaneswar,Odisha,East,Premium,Paid Ads
C07293,2025-08-21 06:43:45,56.0,Male,Kolkata,West Bengal,East,Basic,Referral
C07294,2025-05-24 15:12:35,44.0,Male,Mumbai,Maharashtra,West,Free,Organic
C07295,2025-11-30 12:04:22,31.0,Male,Kolkata,West Bengal,East,Free,Social Media
C07296,2025-05-19 01:30:08,32.0,Female,Chennai,Tamil Nadu,South,Free,Paid Ads
C07297,2025-08-28 01:35:47,25.0,Male,Guwahati,Assam,East,Free,Referral
C07298,2025-03-22 15:33:51,26.0,Male,Mumbai,Maharashtra,West,Basic,Email
C07299,2025-05-23 03:49:41,38.0,Female,Ahmedabad,Gujarat,West,Free,Referral
C07300,2025-05-13 15:23:35,60.0,Male,Delhi,Delhi,North,Basic,Email
C07301,2025-07-24 21:59:56,52.0,Male,Guwahati,Assam,East,Basic,Organic
C07302,2025-10-29 17:21:08,31.0,Female,Pune,Maharashtra,West,Basic,Paid Ads
C07303,2025-01-17 10:47:41,44.0,Female,Mumbai,Maharashtra,West,Premium,Referral
C07304,2025-02-20 11:17:05,25.0,Male,Bengaluru,Karnataka,South,Basic,Referral
C07305,2025-11-12 10:26:09,52.0,Male,Kolkata,West Bengal,East,Premium,Organic
C07306,2025-10-01 12:53:44,35.0,Female,Chennai,Tamil Nadu,South,Free,Referral
C07307,2025-06-19 09:00:37,31.0,Male,Chennai,Tamil Nadu,South,Basic,Organic
C07308,2025-06-25 03:12:45,25.0,Female,Ahmedabad,Gujarat,West,Basic,Organic
C07309,2025-03-13 23:35:43,25.0,Female,Chennai,Tamil Nadu,South,Premium,Paid Ads
C07310,2025-01-06 09:23:22,54.0,Female,Kolkata,West Bengal,East,Basic,Referral
C07311,2025-03-21 08:02:03,19.0,Female,Hyderabad,Telangana,South,Free,Email
C07312,2025-11-16 06:20:32,34.0,Male,Jaipur,Rajasthan,North,Free,Referral
C07313,2025-04-10 03:56:18,30.0,Male,Ahmedabad,Gujarat,West,Free,Referral
C07314,2025-09-06 22:13:42,31.0,Female,Ahmedabad,Gujarat,West,Free,Organic
C07315,2025-11-26 14:59:02,58.0,Female,Guwahati,Assam,East,Free,Organic
C07316,2025-01-17 20:54:28,58.0,Female,Bengaluru,Karnataka,South,Premium,Referral
C07317,2025-11-21 13:38:07,26.0,Female,Kolkata,West Bengal,East,Free,Organic
C07318,2025-05-22 00:02:42,44.0,Female,Jaipur,Rajasthan,North,Free,Referral
C07319,2025-04-04 09:05:32,37.0,Male,Mumbai,Maharashtra,West,Premium,Organic
C07320,2025-05-11 13:43:10,55.0,Male,Hyderabad,Telangana,South,Free,Paid Ads
C07321,2025-02-13 13:21:58,29.0,Male,Ahmedabad,Gujarat,West,Premium,Social Media
C07322,2025-08-14 16:09:40,59.0,Male,Delhi,Delhi,North,Free,Social Media
C07323,2025-09-02 16:13:41,39.0,Female,Ahmedabad,Gujarat,West,Free,Paid Ads
C07324,2025-03-31 04:22:26,54.0,Female,Delhi,Delhi,North,Free,Organic
C07325,2025-03-29 06:00:37,56.0,Female,Guwahati,Assam,East,Premium,Email
C07326,2025-02-18 05:38:30,,Female,Bhubaneswar,Odisha,East,Premium,Social Media
C07327,2025-11-21 00:57:17,30.0,Male,Bhubaneswar,Odisha,East,Basic,Social Media
C07328,2025-11-02 21:44:23,18.0,Female,Delhi,Delhi,North,Free,Organic
C07329,2025-02-10 18:56:17,55.0,Male,Kolkata,West Bengal,East,Premium,Paid Ads
C07330,2025-01-09 19:17:49,57.0,Female,Delhi,Delhi,North,Premium,Organic
C07331,2025-06-22 21:35:33,26.0,Male,Kolkata,West Bengal,East,Free,Organic
C07332,2025-03-22 06:48:23,56.0,Female,Bengaluru,Karnataka,South,Basic,Organic
C07333,2025-06-26 18:55:00,27.0,Male,Hyderabad,Telangana,South,Premium,Paid Ads
C07334,2025-10-30 12:03:57,46.0,Female,Jaipur,Rajasthan,North,Free,Email
C07335,2025-11-24 05:08:16,57.0,Male,Ahmedabad,Gujarat,West,Free,Paid Ads
C07336,2025-02-25 20:46:01,47.0,Male,Bhubaneswar,Odisha,East,Premium,Referral
C07337,2025-07-14 13:05:44,19.0,Male,Guwahati,Assam,East,Free,Email
C07338,2025-02-24 08:55:15,35.0,Female,Ahmedabad,Gujarat,West,Premium,Organic
C07339,2025-10-17 20:57:15,45.0,Female,Lucknow,Uttar Pradesh,North,Basic,Organic
C07340,2025-02-23 03:41:13,49.0,Female,Delhi,Delhi,North,Free,Organic
C07341,2025-07-21 16:53:52,41.0,Female,Chennai,Tamil Nadu,South,Free,Email
C07342,2025-06-26 23:23:06,55.0,Male,Mumbai,Maharashtra,West,Basic,Referral
C07343,2025-08-09 14:14:15,31.0,Female,Delhi,Delhi,North,Free,Paid Ads
C07344,2025-03-06 09:35:45,42.0,Female,Ahmedabad,Gujarat,West,Free,Social Media
C07345,2025-04-04 00:00:11,42.0,Male,Jaipur,Rajasthan,North,Free,Organic
C07346,2025-03-05 11:33:21,,Female,Pune,Maharashtra,West,Basic,Organic
C07347,2025-01-16 10:12:16,44.0,Male,Pune,Maharashtra,West,Premium,Referral
C07348,2025-07-18 21:14:40,49.0,Male,Pune,Maharashtra,West,Basic,Social Media
C07349,2025-11-17 07:04:28,48.0,Female,Delhi,Delhi,North,Basic,Organic
C07350,2025-07-21 08:47:28,41.0,Female,Bengaluru,Karnataka,South,Free,Organic
C07351,2025-02-15 03:00:37,52.0,Female,Pune,Maharashtra,West,Basic,Paid Ads
C07352,2025-10-08 20:27:55,47.0,Male,Kolkata,West Bengal,East,Basic,Organic
C07353,2025-02-11 21:49:26,50.0,Female,Pune,Maharashtra,West,Basic,Social Media
C07354,2025-06-07 04:31:31,50.0,Female,Delhi,Delhi,North,Premium,Referral
C07355,2025-04-28 08:53:40,44.0,Female,Guwahati,Assam,East,Basic,Paid Ads
C07356,2025-03-12 11:02:43,50.0,Female,Hyderabad,Telangana,South,Premium,Social Media
C07357,2025-04-01 21:39:47,50.0,Female,Chennai,Tamil Nadu,South,Premium,Social Media
C07358,2025-01-31 14:09:29,21.0,Male,Chennai,Tamil Nadu,South,Free,Organic
C07359,2025-08-09 09:17:34,47.0,Female,Kolkata,West Bengal,East,Basic,Paid Ads
C07360,2025-05-17 18:22:56,32.0,Female,Chennai,Tamil Nadu,South,Premium,Paid Ads
C07361,2025-08-14 15:05:09,46.0,Male,Jaipur,Rajasthan,North,Premium,Social Media
C07362,2025-05-01 09:17:01,45.0,Female,Mumbai,Maharashtra,West,Free,Referral
C07363,2025-02-12 12:23:53,,Female,Jaipur,Rajasthan,North,Basic,Paid Ads
C07364,2025-06-14 16:09:17,53.0,Female,Chennai,Tamil Nadu,South,Free,Social Media
C07365,2025-09-07 14:46:01,47.0,Male,Ahmedabad,Gujarat,West,Free,Paid Ads
C07366,2025-04-02 04:50:14,59.0,Male,Ahmedabad,Gujarat,West,Premium,Social Media
C07367,2025-11-10 19:15:02,60.0,Male,Ahmedabad,Gujarat,West,Premium,Organic
C07368,2025-09-29 09:47:35,55.0,Female,Jaipur,Rajasthan,North,Basic,Organic
C07369,2025-03-31 15:49:10,,Male,Kolkata,West Bengal,East,Free,Social Media
C07370,2025-09-19 13:47:33,29.0,Male,Hyderabad,Telangana,South,Basic,Organic
C07371,2025-08-06 08:35:23,20.0,Other,Jaipur,Rajasthan,North,Free,Referral
C07372,2025-02-23 19:36:30,32.0,Male,Lucknow,Uttar Pradesh,North,Free,Social Media
C07373,2025-11-04 02:46:47,27.0,Female,Kolkata,West Bengal,East,Free,Referral
C07374,2025-04-05 12:32:18,39.0,Female,Delhi,Delhi,North,Free,Social Media
C07375,2025-08-17 22:27:20,40.0,Female,Kolkata,West Bengal,East,Basic,Paid Ads
C07376,2025-03-07 13:34:59,28.0,Female,Kolkata,West Bengal,East,Free,Email
C07377,2025-06-27 19:56:28,33.0,Other,Delhi,Delhi,North,Free,Referral
C07378,2025-06-20 08:28:25,33.0,Female,Mumbai,Maharashtra,West,Premium,Paid Ads
C07379,2025-01-13 20:51:43,31.0,Female,Jaipur,Rajasthan,North,Premium,Paid Ads
C07380,2025-09-04 22:08:45,23.0,Male,Guwahati,Assam,East,Free,Email
C07381,2025-10-03 22:01:41,59.0,Female,Mumbai,Maharashtra,West,Free,Organic
C07382,2025-08-08 14:24:27,34.0,Female,Guwahati,Assam,East,Basic,Referral
C07383,2025-02-07 07:10:53,48.0,Female,Hyderabad,Telangana,South,Free,Organic
C07384,2025-01-28 21:32:11,59.0,Female,Jaipur,Rajasthan,North,Free,Organic
C07385,2025-08-11 18:12:55,27.0,Female,Delhi,Delhi,North,Free,Email
C07386,2025-03-18 00:11:30,,Male,Mumbai,Maharashtra,West,Premium,Organic
C07387,2025-01-31 09:51:24,26.0,Male,Bhubaneswar,Odisha,East,Premium,Referral
C07388,2025-08-30 16:36:57,32.0,Male,Chennai,Tamil Nadu,South,Premium,Paid Ads
C07389,2025-01-10 10:05:41,56.0,Female,Pune,Maharashtra,West,Basic,Social Media
C07390,2025-02-24 22:27:16,19.0,Male,Pune,Maharashtra,West,Basic,Social Media
C07391,2025-07-11 20:48:04,21.0,Male,Jaipur,Rajasthan,North,Free,Organic
C07392,2025-11-05 05:00:20,41.0,Female,Guwahati,Assam,East,Basic,Paid Ads
C07393,2025-07-06 21:56:56,35.0,Male,Chennai,Tamil Nadu,South,Basic,Organic
C07394,2025-02-11 17:24:12,28.0,Female,Delhi,Delhi,North,Basic,Paid Ads
C07395,2025-05-03 21:27:18,54.0,Male,Mumbai,Maharashtra,West,Free,Referral
C07396,2025-01-23 13:33:15,43.0,Female,Bhubaneswar,Odisha,East,Free,Organic
C07397,2025-05-06 07:22:16,25.0,Male,Bhubaneswar,Odisha,East,Premium,Social Media
C07398,2025-07-03 21:41:02,39.0,Male,Chennai,Tamil Nadu,South,Free,Organic
C07399,2025-02-13 01:57:28,22.0,Female,Jaipur,Rajasthan,North,Free,Organic
C07400,2025-03-29 21:55:25,19.0,Female,Pune,Maharashtra,West,Free,Organic
C07401,2025-01-20 04:46:29,22.0,Male,Kolkata,West Bengal,East,Free,Organic
C07402,2025-05-11 21:38:05,52.0,Female,Lucknow,Uttar Pradesh,North,Free,Paid Ads
C07403,2025-09-01 16:54:13,49.0,Other,Jaipur,Rajasthan,North,Free,Organic
C07404,2025-02-22 17:41:07,36.0,Male,Pune,Maharashtra,West,Basic,Email
C07405,2025-01-28 02:16:07,56.0,Female,Pune,Maharashtra,West,Free,Email
C07406,2025-09-13 06:13:53,21.0,Male,Kolkata,West Bengal,East,Basic,Paid Ads
C07407,2025-08-19 18:53:24,40.0,Male,Delhi,Delhi,North,Free,Referral
C07408,2025-02-03 03:34:08,36.0,Male,Hyderabad,Telangana,South,Free,Email
C07409,2025-03-01 15:50:01,43.0,Male,Guwahati,Assam,East,Premium,Social Media
C07410,2025-05-04 19:22:53,43.0,Male,Lucknow,Uttar Pradesh,North,Basic,Organic
C07411,2025-05-22 13:37:36,24.0,Male,Ahmedabad,Gujarat,West,Basic,Social Media
C07412,2025-09-01 07:01:53,49.0,Male,Mumbai,Maharashtra,West,Free,Organic
C07413,2025-10-12 18:56:27,50.0,Female,Ahmedabad,Gujarat,West,Free,Paid Ads
C07414,2025-04-15 01:52:35,43.0,Female,Chennai,Tamil Nadu,South,Basic,Paid Ads
C07415,2025-05-08 06:38:36,41.0,Female,Mumbai,Maharashtra,West,Free,Referral
C07416,2025-04-19 02:41:51,40.0,Male,Delhi,Delhi,North,Basic,Organic
C07417,2025-11-05 13:04:36,55.0,Female,Mumbai,Maharashtra,West,Basic,Organic
C07418,2025-05-06 15:25:10,43.0,Male,Bhubaneswar,Odisha,East,Basic,Social Media
C07419,2025-05-13 18:58:49,48.0,Male,Kolkata,West Bengal,East,Basic,Social Media
C07420,2025-06-12 03:27:12,23.0,Female,Jaipur,Rajasthan,North,Free,Paid Ads
C07421,2025-03-20 18:10:03,48.0,Female,Guwahati,Assam,East,Free,Referral
C07422,2025-02-27 17:00:58,57.0,Male,Delhi,Delhi,North,Basic,Referral
C07423,2025-10-28 00:09:03,29.0,Male,Pune,Maharashtra,West,Basic,Paid Ads
C07424,2025-02-18 03:30:44,34.0,Female,Mumbai,Maharashtra,West,Free,Organic
C07425,2025-08-22 12:32:14,43.0,Female,Ahmedabad,Gujarat,West,Free,Paid Ads
C07426,2025-01-19 15:35:02,20.0,Male,Mumbai,Maharashtra,West,Free,Email
C07427,2025-11-25 14:22:01,32.0,Female,Guwahati,Assam,East,Basic,Social Media
C07428,2025-08-16 18:22:14,55.0,Male,Mumbai,Maharashtra,West,Free,Paid Ads
C07429,2025-02-10 11:09:39,41.0,Female,Jaipur,Rajasthan,North,Premium,Organic
C07430,2025-06-08 20:42:33,47.0,Male,Lucknow,Uttar Pradesh,North,Basic,Email
C07431,2025-06-09 16:52:20,53.0,Male,Mumbai,Maharashtra,West,Premium,Referral
C07432,2025-07-23 12:17:40,44.0,Male,Ahmedabad,Gujarat,West,Basic,Paid Ads
C07433,2025-01-07 14:00:10,39.0,Female,Guwahati,Assam,East,Free,Organic
C07434,2025-08-20 14:42:07,19.0,Male,Bhubaneswar,Odisha,East,Free,Social Media
C07435,2025-06-13 03:22:58,24.0,Female,Bhubaneswar,Odisha,East,Premium,Paid Ads
C07436,2025-03-30 06:38:28,33.0,Female,Chennai,Tamil Nadu,South,Basic,Referral
C07437,2025-08-09 23:30:15,41.0,Female,Bhubaneswar,Odisha,East,Free,Referral
C07438,2025-03-03 05:57:26,47.0,Male,Guwahati,Assam,East,Premium,Referral
C07439,2025-07-19 22:05:27,18.0,Male,Ahmedabad,Gujarat,West,Free,Paid Ads
C07440,2025-07-02 13:43:40,44.0,Male,Kolkata,West Bengal,East,Free,Referral
C07441,2025-01-15 22:42:44,26.0,Male,Delhi,Delhi,North,Basic,Organic
C07442,2025-01-27 06:05:14,24.0,Other,Kolkata,West Bengal,East,Premium,Referral
C07443,2025-10-11 10:05:05,22.0,Other,Bhubaneswar,Odisha,East,Free,Organic
C07444,2025-01-28 14:38:15,47.0,Male,Lucknow,Uttar Pradesh,North,Free,Paid Ads
C07445,2025-10-14 09:37:44,59.0,Male,Ahmedabad,Gujarat,West,Free,Paid Ads
C07446,2025-09-18 11:24:49,44.0,Female,Delhi,Delhi,North,Premium,Referral
C07447,2025-03-22 13:30:53,27.0,Female,Delhi,Delhi,North,Basic,Social Media
C07448,2025-06-21 22:28:15,42.0,Female,Ahmedabad,Gujarat,West,Free,Referral
C07449,2025-02-24 18:14:40,35.0,Male,Jaipur,Rajasthan,North,Basic,Organic
C07450,2025-05-25 05:33:47,24.0,Male,Kolkata,West Bengal,East,Free,Paid Ads
C07451,2025-06-06 15:46:13,48.0,Female,Delhi,Delhi,North,Basic,Organic
C07452,2025-09-03 16:44:18,49.0,Male,Ahmedabad,Gujarat,West,Premium,Paid Ads
C07453,2025-03-28 00:04:32,28.0,Female,Ahmedabad,Gujarat,West,Basic,Referral
C07454,2025-09-30 16:04:53,27.0,Male,Delhi,Delhi,North,Premium,Organic
C07455,2025-11-19 07:30:03,39.0,Female,Bengaluru,Karnataka,South,Basic,Paid Ads
C07456,2025-07-21 18:23:59,48.0,Female,Chennai,Tamil Nadu,South,Free,Email
C07457,2025-11-10 09:48:40,58.0,Male,Jaipur,Rajasthan,North,Basic,Social Media
C07458,2025-10-08 02:46:20,31.0,Male,Pune,Maharashtra,West,Free,Social Media
C07459,2025-09-11 20:26:45,20.0,Female,Bhubaneswar,Odisha,East,Basic,Social Media
C07460,2025-07-29 00:26:35,41.0,Male,Mumbai,Maharashtra,West,Basic,Paid Ads
C07461,2025-04-21 22:00:15,31.0,Female,Mumbai,Maharashtra,West,Premium,Social Media
C07462,2025-06-28 15:10:29,33.0,Male,Mumbai,Maharashtra,West,Free,Organic
C07463,2025-02-08 06:54:40,45.0,Male,Chennai,Tamil Nadu,South,Premium,Organic
C07464,2025-10-24 21:41:40,52.0,Female,Mumbai,Maharashtra,West,Premium,Paid Ads
C07465,2025-07-19 05:51:30,57.0,Female,Ahmedabad,Gujarat,West,Free,Organic
C07466,2025-06-10 17:55:34,19.0,Male,Pune,Maharashtra,West,Premium,Paid Ads
C07467,2025-05-04 04:44:59,51.0,Male,Hyderabad,Telangana,South,Free,Organic
C07468,2025-10-13 05:44:31,35.0,Female,Jaipur,Rajasthan,North,Free,Email
C07469,2025-10-04 07:17:48,24.0,Female,Delhi,Delhi,North,Premium,Social Media
C07470,2025-09-28 18:21:14,55.0,Male,Pune,Maharashtra,West,Free,Email
C07471,2025-10-20 11:20:37,59.0,Male,Hyderabad,Telangana,South,Basic,Social Media
C07472,2025-05-13 17:32:04,24.0,Male,Bhubaneswar,Odisha,East,Basic,Email
C07473,2025-01-01 15:44:42,,Female,Hyderabad,Telangana,South,Free,Paid Ads
C07474,2025-06-26 00:11:20,60.0,Female,Delhi,Delhi,North,Basic,Paid Ads
C07475,2025-04-27 21:36:15,33.0,Male,Ahmedabad,Gujarat,West,Free,Organic
C07476,2025-03-31 15:08:52,,Female,Mumbai,Maharashtra,West,Free,Referral
C07477,2025-08-04 16:59:58,37.0,Male,Lucknow,Uttar Pradesh,North,Premium,Social Media
C07478,2025-03-07 01:08:36,48.0,Female,Kolkata,West Bengal,East,Premium,Paid Ads
C07479,2025-01-17 08:11:37,36.0,Male,Hyderabad,Telangana,South,Free,Organic
C07480,2025-09-23 06:45:23,39.0,Female,Mumbai,Maharashtra,West,Free,Paid Ads
C07481,2025-11-17 12:17:08,38.0,Female,Mumbai,Maharashtra,West,Free,Organic
C07482,2025-01-14 02:46:30,35.0,Female,Kolkata,West Bengal,East,Premium,Social Media
C07483,2025-07-12 21:09:55,49.0,Female,Ahmedabad,Gujarat,West,Free,Paid Ads
C07484,2025-05-24 07:36:24,51.0,Female,Ahmedabad,Gujarat,West,Free,Email
C07485,2025-06-26 14:16:59,44.0,Female,Mumbai,Maharashtra,West,Premium,Email
C07486,2025-09-11 04:16:01,55.0,Male,Jaipur,Rajasthan,North,Free,Organic
C07487,2025-01-24 13:26:15,47.0,Male,Mumbai,Maharashtra,West,Free,Email
C07488,2025-07-04 14:07:52,50.0,Female,Chennai,Tamil Nadu,South,Free,Email
C07489,2025-01-29 17:55:16,44.0,Female,Delhi,Delhi,North,Premium,Referral
C07490,2025-01-04 22:52:54,40.0,Female,Hyderabad,Telangana,South,Free,Social Media
C07491,2025-09-25 07:27:17,60.0,Male,Bhubaneswar,Odisha,East,Free,Organic
C07492,2025-07-19 22:13:04,36.0,Female,Ahmedabad,Gujarat,West,Premium,Email
C07493,2025-10-26 00:45:19,48.0,Male,Pune,Maharashtra,West,Premium,Paid Ads
C07494,2025-07-11 01:05:11,21.0,Male,Jaipur,Rajasthan,North,Free,Email
C07495,2025-02-28 06:07:36,36.0,Female,Chennai,Tamil Nadu,South,Basic,Paid Ads
C07496,2025-01-18 04:42:17,,Male,Bhubaneswar,Odisha,East,Free,Social Media
C07497,2025-02-17 23:14:18,57.0,Male,Guwahati,Assam,East,Basic,Paid Ads
C07498,2025-04-04 04:46:56,39.0,Female,Chennai,Tamil Nadu,South,Free,Paid Ads
C07499,2025-04-27 06:02:19,26.0,Male,Kolkata,West Bengal,East,Free,Email
C07500,2025-07-01 14:28:53,48.0,Female,Delhi,Delhi,North,Basic,Referral
C07501,2025-04-18 21:56:57,27.0,Female,Jaipur,Rajasthan,North,Basic,Social Media
C07502,2025-08-09 15:08:39,27.0,Female,Hyderabad,Telangana,South,Free,Referral
C07503,2025-07-01 03:21:08,47.0,Other,Guwahati,Assam,East,Free,Email
C07504,2025-11-26 04:14:47,27.0,Female,Bhubaneswar,Odisha,East,Premium,Social Media
C07505,2025-06-12 21:16:54,53.0,Female,Lucknow,Uttar Pradesh,North,Free,Organic
C07506,2025-07-01 13:02:30,35.0,Female,Hyderabad,Telangana,South,Basic,Social Media
C07507,2025-06-26 11:57:42,60.0,Female,Ahmedabad,Gujarat,West,Free,Organic
C07508,2025-08-05 22:27:36,36.0,Male,Pune,Maharashtra,West,Basic,Social Media
C07509,2025-02-21 14:03:01,60.0,Female,Delhi,Delhi,North,Free,Paid Ads
C07510,2025-11-28 07:17:46,40.0,Female,Bengaluru,Karnataka,South,Free,Referral
C07511,2025-08-01 17:14:16,21.0,Female,Bengaluru,Karnataka,South,Basic,Social Media
C07512,2025-10-10 09:15:17,29.0,Female,Bengaluru,Karnataka,South,Free,Referral
C07513,2025-06-08 12:24:15,41.0,Female,Kolkata,West Bengal,East,Basic,Referral
C07514,2025-07-05 21:56:54,,Female,Guwahati,Assam,East,Free,Email
C07515,2025-10-01 21:11:42,21.0,Female,Lucknow,Uttar Pradesh,North,Free,Paid Ads
C07516,2025-05-03 10:24:54,44.0,Male,Hyderabad,Telangana,South,Basic,Referral
C07517,2025-09-29 05:21:05,55.0,Female,Pune,Maharashtra,West,Free,Organic
C07518,2025-05-07 09:43:24,56.0,Male,Guwahati,Assam,East,Free,Paid Ads
C07519,2025-07-23 04:14:51,25.0,Other,Bengaluru,Karnataka,South,Free,Organic
C07520,2025-04-27 09:38:15,43.0,Female,Guwahati,Assam,East,Free,Referral
C07521,2025-08-03 22:37:30,51.0,Female,Mumbai,Maharashtra,West,Free,Paid Ads
C07522,2025-09-22 00:23:33,26.0,Female,Ahmedabad,Gujarat,West,Free,Social Media
C07523,2025-10-07 21:46:59,,Female,Delhi,Delhi,North,Free,Paid Ads
C07524,2025-05-04 09:15:06,18.0,Male,Lucknow,Uttar Pradesh,North,Premium,Organic
C07525,2025-04-22 23:54:20,25.0,Female,Mumbai,Maharashtra,West,Free,Paid Ads
C07526,2025-09-01 20:30:39,27.0,Male,Delhi,Delhi,North,Premium,Organic
C07527,2025-01-30 20:39:03,60.0,Male,Jaipur,Rajasthan,North,Premium,Organic
C07528,2025-11-27 07:22:56,,Male,Lucknow,Uttar Pradesh,North,Free,Social Media
C07529,2025-03-24 16:36:09,48.0,Female,Delhi,Delhi,North,Free,Paid Ads
C07530,2025-11-23 10:31:24,56.0,Female,Ahmedabad,Gujarat,West,Free,Organic
C07531,2025-09-20 23:51:40,20.0,Male,Kolkata,West Bengal,East,Basic,Organic
C07532,2025-06-10 19:45:07,56.0,Male,Bhubaneswar,Odisha,East,Basic,Paid Ads
C07533,2025-08-27 03:00:35,55.0,Female,Bhubaneswar,Odisha,East,Basic,Social Media
C07534,2025-08-01 23:42:33,52.0,Male,Pune,Maharashtra,West,Basic,Paid Ads
C07535,2025-08-25 18:34:39,25.0,Male,Chennai,Tamil Nadu,South,Free,Organic
C07536,2025-03-01 02:34:00,18.0,Female,Delhi,Delhi,North,Premium,Paid Ads
C07537,2025-04-13 12:58:36,22.0,Male,Hyderabad,Telangana,South,Free,Email
C07538,2025-10-11 06:42:29,44.0,Male,Pune,Maharashtra,West,Premium,Paid Ads
C07539,2025-06-30 02:13:07,43.0,Male,Pune,Maharashtra,West,Free,Organic
C07540,2025-11-25 16:39:11,60.0,Female,Pune,Maharashtra,West,Free,Referral
C07541,2025-01-13 16:43:40,43.0,Female,Guwahati,Assam,East,Premium,Social Media
C07542,2025-07-16 08:32:16,28.0,Female,Kolkata,West Bengal,East,Basic,Organic
C07543,2025-06-15 14:37:27,51.0,Female,Delhi,Delhi,North,Basic,Referral
C07544,2025-04-22 11:51:52,58.0,Male,Bengaluru,Karnataka,South,Free,Social Media
C07545,2025-05-02 00:03:16,19.0,Male,Kolkata,West Bengal,East,Premium,Organic
C07546,2025-01-03 10:45:40,38.0,Male,Guwahati,Assam,East,Premium,Email
C07547,2025-07-30 15:30:33,43.0,Female,Hyderabad,Telangana,South,Free,Referral
C07548,2025-05-31 16:46:07,29.0,Female,Ahmedabad,Gujarat,West,Free,Paid Ads
C07549,2025-04-30 12:36:07,,Female,Chennai,Tamil Nadu,South,Basic,Email
C07550,2025-06-02 08:58:15,58.0,Male,Lucknow,Uttar Pradesh,North,Premium,Organic
C07551,2025-04-25 06:02:23,40.0,Male,Bengaluru,Karnataka,South,Basic,Social Media
C07552,2025-03-01 10:36:51,59.0,Male,Ahmedabad,Gujarat,West,Premium,Social Media
C07553,2025-04-15 22:27:49,22.0,Female,Jaipur,Rajasthan,North,Free,Paid Ads
C07554,2025-07-14 01:59:21,26.0,Male,Mumbai,Maharashtra,West,Premium,Organic
C07555,2025-10-22 15:57:40,27.0,Female,Lucknow,Uttar Pradesh,North,Free,Paid Ads
C07556,2025-06-10 05:17:59,27.0,Male,Mumbai,Maharashtra,West,Free,Organic
C07557,2025-06-17 05:14:48,31.0,Female,Kolkata,West Bengal,East,Free,Referral
C07558,2025-11-22 01:06:52,53.0,Male,Ahmedabad,Gujarat,West,Basic,Social Media
C07559,2025-11-16 14:15:44,27.0,Male,Lucknow,Uttar Pradesh,North,Free,Paid Ads
C07560,2025-11-16 02:51:20,54.0,Male,Chennai,Tamil Nadu,South,Premium,Referral
C07561,2025-05-02 10:30:36,58.0,Male,Lucknow,Uttar Pradesh,North,Premium,Organic
C07562,2025-05-23 09:47:49,55.0,Male,Lucknow,Uttar Pradesh,North,Basic,Organic
C07563,2025-01-16 01:33:29,39.0,Female,Guwahati,Assam,East,Free,Social Media
C07564,2025-04-21 11:20:04,40.0,Male,Delhi,Delhi,North,Free,Organic
C07565,2025-03-28 07:08:22,33.0,Male,Pune,Maharashtra,West,Free,Organic
C07566,2025-02-07 06:47:06,28.0,Female,Bengaluru,Karnataka,South,Basic,Email
C07567,2025-05-02 16:36:39,52.0,Female,Hyderabad,Telangana,South,Free,Paid Ads
C07568,2025-05-26 16:11:52,37.0,Male,Bhubaneswar,Odisha,East,Basic,Referral
C07569,2025-03-03 17:20:56,54.0,Female,Hyderabad,Telangana,South,Basic,Organic
C07570,2025-03-17 15:12:41,58.0,Female,Kolkata,West Bengal,East,Basic,Organic
C07571,2025-02-04 20:56:42,22.0,Male,Mumbai,Maharashtra,West,Free,Paid Ads
C07572,2025-04-20 12:16:34,53.0,Female,Lucknow,Uttar Pradesh,North,Basic,Referral
C07573,2025-04-03 21:09:27,30.0,Male,Bhubaneswar,Odisha,East,Free,Email
C07574,2025-11-27 22:37:04,34.0,Male,Delhi,Delhi,North,Free,Referral
C07575,2025-05-21 22:18:46,43.0,Other,Guwahati,Assam,East,Premium,Organic
C07576,2025-04-05 09:25:31,37.0,Male,Guwahati,Assam,East,Free,Paid Ads
C07577,2025-09-06 07:36:15,56.0,Male,Lucknow,Uttar Pradesh,North,Premium,Organic
C07578,2025-09-10 08:26:54,50.0,Other,Jaipur,Rajasthan,North,Free,Organic
C07579,2025-04-26 00:44:36,47.0,Female,Hyderabad,Telangana,South,Free,Paid Ads
C07580,2025-03-21 18:06:41,33.0,Female,Lucknow,Uttar Pradesh,North,Free,Paid Ads
C07581,2025-08-07 04:29:11,24.0,Female,Delhi,Delhi,North,Premium,Organic
C07582,2025-08-24 10:25:40,47.0,Female,Ahmedabad,Gujarat,West,Premium,Email
C07583,2025-01-07 18:15:41,19.0,Female,Bhubaneswar,Odisha,East,Free,Referral
C07584,2025-02-11 07:04:27,29.0,Male,Guwahati,Assam,East,Free,Organic
C07585,2025-09-22 14:44:50,60.0,Male,Jaipur,Rajasthan,North,Basic,Organic
C07586,2025-03-25 00:18:24,57.0,Male,Lucknow,Uttar Pradesh,North,Premium,Social Media
C07587,2025-04-19 10:21:46,18.0,Male,Ahmedabad,Gujarat,West,Basic,Email
C07588,2025-10-09 09:43:18,20.0,Male,Lucknow,Uttar Pradesh,North,Premium,Referral
C07589,2025-03-04 10:02:02,25.0,Female,Jaipur,Rajasthan,North,Free,Paid Ads
C07590,2025-05-17 23:36:11,43.0,Male,Kolkata,West Bengal,East,Basic,Social Media
C07591,2025-05-22 03:23:46,57.0,Male,Bhubaneswar,Odisha,East,Basic,Email
C07592,2025-11-05 08:48:54,28.0,Female,Bengaluru,Karnataka,South,Free,Organic
C07593,2025-03-24 11:59:55,38.0,Female,Jaipur,Rajasthan,North,Basic,Social Media
C07594,2025-08-17 06:32:33,22.0,Female,Hyderabad,Telangana,South,Premium,Social Media
C07595,2025-09-09 13:12:35,57.0,Female,Guwahati,Assam,East,Premium,Paid Ads
C07596,2025-03-31 05:50:09,43.0,Female,Bengaluru,Karnataka,South,Free,Organic
C07597,2025-05-27 04:53:40,38.0,Female,Kolkata,West Bengal,East,Free,Referral
C07598,2025-07-08 11:45:02,26.0,Female,Bhubaneswar,Odisha,East,Free,Organic
C07599,2025-08-14 17:45:43,34.0,Female,Chennai,Tamil Nadu,South,Free,Organic
C07600,2025-08-24 06:06:57,54.0,Female,Mumbai,Maharashtra,West,Premium,Email
C07601,2025-10-11 22:59:37,19.0,Female,Delhi,Delhi,North,Free,Paid Ads
C07602,2025-03-09 21:53:22,57.0,Female,Bhubaneswar,Odisha,East,Basic,Paid Ads
C07603,2025-06-26 05:59:05,45.0,Male,Delhi,Delhi,North,Free,Organic
C07604,2025-02-10 11:08:11,44.0,Female,Bengaluru,Karnataka,South,Basic,Paid Ads
C07605,2025-04-24 10:36:12,57.0,Female,Mumbai,Maharashtra,West,Free,Social Media
C07606,2025-10-30 02:36:52,18.0,Female,Delhi,Delhi,North,Free,Organic
C07607,2025-10-28 06:28:43,28.0,Male,Guwahati,Assam,East,Free,Paid Ads
C07608,2025-10-26 22:01:31,56.0,Male,Lucknow,Uttar Pradesh,North,Basic,Organic
C07609,2025-11-09 15:48:56,35.0,Male,Mumbai,Maharashtra,West,Basic,Paid Ads
C07610,2025-10-05 07:36:15,44.0,Female,Bhubaneswar,Odisha,East,Free,Social Media
C07611,2025-11-11 23:48:41,27.0,Female,Ahmedabad,Gujarat,West,Free,Organic
C07612,2025-07-18 07:27:54,53.0,Male,Bhubaneswar,Odisha,East,Basic,Organic
C07613,2025-05-07 14:45:24,38.0,Female,Chennai,Tamil Nadu,South,Basic,Paid Ads
C07614,2025-11-17 06:02:54,45.0,Male,Ahmedabad,Gujarat,West,Free,Referral
C07615,2025-01-04 16:55:09,18.0,Male,Pune,Maharashtra,West,Free,Paid Ads
C07616,2025-05-11 04:52:47,31.0,Female,Pune,Maharashtra,West,Free,Referral
C07617,2025-04-10 20:33:55,37.0,Female,Mumbai,Maharashtra,West,Free,Organic
C07618,2025-10-02 16:14:17,26.0,Female,Delhi,Delhi,North,Free,Paid Ads
C07619,2025-06-15 22:18:12,,Male,Bengaluru,Karnataka,South,Basic,Organic
C07620,2025-11-17 14:28:56,21.0,Female,Ahmedabad,Gujarat,West,Premium,Organic
C07621,2025-06-22 03:12:03,54.0,Female,Bengaluru,Karnataka,South,Free,Paid Ads
C07622,2025-04-21 04:58:28,35.0,Male,Jaipur,Rajasthan,North,Basic,Paid Ads
C07623,2025-03-08 20:06:12,,Other,Bhubaneswar,Odisha,East,Basic,Organic
C07624,2025-02-21 06:46:59,,Female,Jaipur,Rajasthan,North,Premium,Organic
C07625,2025-04-26 02:28:35,27.0,Male,Jaipur,Rajasthan,North,Basic,Referral
C07626,2025-09-29 20:46:18,26.0,Female,Jaipur,Rajasthan,North,Premium,Paid Ads
C07627,2025-01-31 01:15:00,45.0,Male,Hyderabad,Telangana,South,Basic,Organic
C07628,2025-01-27 14:52:43,45.0,Female,Pune,Maharashtra,West,Basic,Organic
C07629,2025-08-27 18:17:57,30.0,Female,Hyderabad,Telangana,South,Free,Social Media
C07630,2025-02-03 11:10:55,35.0,Male,Jaipur,Rajasthan,North,Free,Organic
C07631,2025-10-27 18:49:42,29.0,Female,Ahmedabad,Gujarat,West,Premium,Paid Ads
C07632,2025-09-01 21:50:38,25.0,Female,Lucknow,Uttar Pradesh,North,Basic,Paid Ads
C07633,2025-03-21 18:38:45,40.0,Other,Pune,Maharashtra,West,Free,Social Media
C07634,2025-09-02 00:21:36,22.0,Male,Chennai,Tamil Nadu,South,Premium,Social Media
C07635,2025-11-16 20:47:58,24.0,Female,Jaipur,Rajasthan,North,Free,Referral
C07636,2025-09-02 06:48:17,32.0,Female,Bhubaneswar,Odisha,East,Free,Paid Ads
C07637,2025-01-30 07:17:26,20.0,Male,Mumbai,Maharashtra,West,Basic,Referral
C07638,2025-07-09 02:12:13,35.0,Male,Delhi,Delhi,North,Basic,Referral
C07639,2025-08-06 02:28:34,,Female,Guwahati,Assam,East,Basic,Paid Ads
C07640,2025-04-05 05:54:35,43.0,Female,Guwahati,Assam,East,Free,Social Media
C07641,2025-05-18 16:10:49,55.0,Male,Mumbai,Maharashtra,West,Premium,Email
C07642,2025-05-17 15:26:18,50.0,Female,Ahmedabad,Gujarat,West,Premium,Paid Ads
C07643,2025-05-11 06:09:16,38.0,Male,Pune,Maharashtra,West,Free,Social Media
C07644,2025-08-07 09:43:49,,Male,Ahmedabad,Gujarat,West,Free,Paid Ads
C07645,2025-01-27 10:31:22,60.0,Female,Guwahati,Assam,East,Free,Paid Ads
C07646,2025-03-03 16:31:15,19.0,Female,Lucknow,Uttar Pradesh,North,Premium,Paid Ads
C07647,2025-06-18 15:33:15,42.0,Male,Delhi,Delhi,North,Premium,Organic
C07648,2025-07-21 07:57:50,58.0,Female,Kolkata,West Bengal,East,Basic,Email
C07649,2025-07-27 15:41:30,36.0,Female,Ahmedabad,Gujarat,West,Premium,Social Media
C07650,2025-06-02 16:56:36,55.0,Female,Jaipur,Rajasthan,North,Basic,Paid Ads
C07651,2025-07-16 16:26:38,42.0,Female,Guwahati,Assam,East,Free,Social Media
C07652,2025-10-22 20:21:25,56.0,Male,Kolkata,West Bengal,East,Free,Referral
C07653,2025-01-30 23:14:42,21.0,Female,Bhubaneswar,Odisha,East,Free,Organic
C07654,2025-05-23 08:48:00,20.0,Male,Hyderabad,Telangana,South,Free,Organic
C07655,2025-01-02 10:45:54,51.0,Other,Delhi,Delhi,North,Basic,Social Media
C07656,2025-02-25 12:40:21,59.0,Male,Jaipur,Rajasthan,North,Free,Social Media
C07657,2025-11-18 06:58:43,27.0,Male,Lucknow,Uttar Pradesh,North,Free,Email
C07658,2025-07-05 05:40:22,44.0,Male,Delhi,Delhi,North,Free,Organic
C07659,2025-07-29 10:01:00,43.0,Female,Pune,Maharashtra,West,Basic,Referral
C07660,2025-06-20 16:03:22,44.0,Male,Lucknow,Uttar Pradesh,North,Premium,Referral
C07661,2025-07-03 04:29:05,18.0,Female,Bhubaneswar,Odisha,East,Premium,Referral
C07662,2025-10-20 19:28:43,37.0,Female,Jaipur,Rajasthan,North,Basic,Referral
C07663,2025-03-14 14:24:03,42.0,Male,Chennai,Tamil Nadu,South,Basic,Organic
C07664,2025-01-14 19:47:35,27.0,Male,Mumbai,Maharashtra,West,Free,Organic
C07665,2025-10-08 05:20:10,18.0,Female,Ahmedabad,Gujarat,West,Free,Organic
C07666,2025-09-01 10:57:09,33.0,Male,Pune,Maharashtra,West,Free,Paid Ads
C07667,2025-08-01 20:52:09,28.0,Male,Jaipur,Rajasthan,North,Free,Paid Ads
C07668,2025-04-11 03:02:10,21.0,Male,Jaipur,Rajasthan,North,Basic,Social Media
C07669,2025-10-07 04:51:05,52.0,Male,Bengaluru,Karnataka,South,Free,Organic
C07670,2025-03-20 12:42:35,30.0,Male,Pune,Maharashtra,West,Basic,Paid Ads
C07671,2025-01-07 21:50:09,38.0,Female,Bengaluru,Karnataka,South,Free,Email
C07672,2025-01-22 04:08:46,32.0,Female,Delhi,Delhi,North,Free,Paid Ads
C07673,2025-04-15 14:44:18,27.0,Female,Chennai,Tamil Nadu,South,Premium,Organic
C07674,2025-08-13 13:37:20,55.0,Male,Jaipur,Rajasthan,North,Free,Organic
C07675,2025-06-11 13:08:48,28.0,Female,Delhi,Delhi,North,Free,Referral
C07676,2025-04-07 14:05:21,49.0,Male,Delhi,Delhi,North,Free,Organic
C07677,2025-02-04 09:08:45,50.0,Female,Jaipur,Rajasthan,North,Free,Email
C07678,2025-08-18 22:47:24,37.0,Female,Bengaluru,Karnataka,South,Basic,Referral
C07679,2025-05-24 14:43:20,53.0,Male,Kolkata,West Bengal,East,Basic,Referral
C07680,2025-09-03 09:57:59,47.0,Male,Bhubaneswar,Odisha,East,Free,Paid Ads
C07681,2025-01-23 22:11:55,27.0,Male,Chennai,Tamil Nadu,South,Premium,Email
C07682,2025-07-22 14:57:34,32.0,Male,Lucknow,Uttar Pradesh,North,Basic,Referral
C07683,2025-10-06 19:19:22,46.0,Female,Jaipur,Rajasthan,North,Free,Referral
C07684,2025-10-02 08:07:54,18.0,Male,Pune,Maharashtra,West,Free,Social Media
C07685,2025-09-29 21:53:50,38.0,Female,Bhubaneswar,Odisha,East,Basic,Social Media
C07686,2025-08-05 01:15:04,32.0,Male,Hyderabad,Telangana,South,Basic,Organic
C07687,2025-10-11 15:54:46,20.0,Female,Delhi,Delhi,North,Free,Organic
C07688,2025-11-24 18:32:20,50.0,Male,Pune,Maharashtra,West,Free,Organic
C07689,2025-08-19 12:25:19,55.0,Male,Pune,Maharashtra,West,Free,Organic
C07690,2025-11-25 01:13:42,36.0,Female,Hyderabad,Telangana,South,Free,Social Media
C07691,2025-07-03 04:08:51,21.0,Female,Guwahati,Assam,East,Free,Paid Ads
C07692,2025-03-12 16:30:44,29.0,Female,Hyderabad,Telangana,South,Premium,Paid Ads
C07693,2025-09-25 06:32:11,42.0,Female,Mumbai,Maharashtra,West,Basic,Organic
C07694,2025-09-07 16:09:20,51.0,Other,Lucknow,Uttar Pradesh,North,Basic,Email
C07695,2025-11-27 16:07:06,34.0,Female,Bengaluru,Karnataka,South,Free,Social Media
C07696,2025-07-12 21:15:15,23.0,Male,Jaipur,Rajasthan,North,Free,Referral
C07697,2025-01-02 03:15:13,29.0,Male,Pune,Maharashtra,West,Free,Social Media
C07698,2025-02-23 17:47:13,32.0,Female,Jaipur,Rajasthan,North,Basic,Social Media
C07699,2025-08-28 10:59:03,34.0,Female,Ahmedabad,Gujarat,West,Free,Referral
C07700,2025-11-24 22:38:08,,Female,Pune,Maharashtra,West,Free,Organic
C07701,2025-08-19 08:31:19,31.0,Male,Hyderabad,Telangana,South,Free,Social Media
C07702,2025-01-09 09:35:04,19.0,Female,Delhi,Delhi,North,Premium,Referral
C07703,2025-04-29 23:56:37,21.0,Female,Jaipur,Rajasthan,North,Basic,Social Media
C07704,2025-02-28 20:28:48,19.0,Female,Mumbai,Maharashtra,West,Free,Referral
C07705,2025-05-16 20:11:21,43.0,Male,Guwahati,Assam,East,Basic,Email
C07706,2025-02-08 16:24:59,57.0,Female,Guwahati,Assam,East,Basic,Referral
C07707,2025-10-02 12:48:14,50.0,Female,Jaipur,Rajasthan,North,Free,Referral
C07708,2025-02-09 08:27:42,56.0,Female,Chennai,Tamil Nadu,South,Free,Social Media
C07709,2025-06-26 00:55:42,23.0,Female,Lucknow,Uttar Pradesh,North,Basic,Paid Ads
C07710,2025-10-17 05:36:56,47.0,Female,Chennai,Tamil Nadu,South,Free,Paid Ads
C07711,2025-09-19 16:38:46,39.0,Male,Bhubaneswar,Odisha,East,Premium,Paid Ads
C07712,2025-01-31 23:02:12,44.0,Female,Mumbai,Maharashtra,West,Free,Referral
C07713,2025-08-05 13:22:04,36.0,Female,Guwahati,Assam,East,Free,Organic
C07714,2025-05-07 11:36:33,27.0,Male,Mumbai,Maharashtra,West,Free,Referral
C07715,2025-07-28 12:46:37,23.0,Male,Bhubaneswar,Odisha,East,Basic,Social Media
C07716,2025-08-23 21:56:01,43.0,Male,Bengaluru,Karnataka,South,Premium,Referral
C07717,2025-07-03 00:25:44,59.0,Female,Guwahati,Assam,East,Free,Paid Ads
C07718,2025-08-28 06:33:37,20.0,Female,Bengaluru,Karnataka,South,Free,Organic
C07719,2025-01-11 13:54:25,20.0,Male,Mumbai,Maharashtra,West,Free,Email
C07720,2025-04-19 17:40:32,23.0,Female,Chennai,Tamil Nadu,South,Premium,Social Media
C07721,2025-05-18 22:48:39,27.0,Female,Lucknow,Uttar Pradesh,North,Basic,Paid Ads
C07722,2025-08-01 22:42:41,55.0,Female,Chennai,Tamil Nadu,South,Free,Referral
C07723,2025-07-28 16:45:21,30.0,Female,Bhubaneswar,Odisha,East,Premium,Paid Ads
C07724,2025-07-15 04:42:39,55.0,Female,Lucknow,Uttar Pradesh,North,Basic,Organic
C07725,2025-10-22 12:12:12,29.0,Male,Bengaluru,Karnataka,South,Free,Organic
C07726,2025-08-22 14:05:49,44.0,Female,Bhubaneswar,Odisha,East,Basic,Organic
C07727,2025-04-26 20:34:35,25.0,Female,Kolkata,West Bengal,East,Free,Paid Ads
C07728,2025-08-24 21:53:17,22.0,Male,Ahmedabad,Gujarat,West,Basic,Referral
C07729,2025-04-30 11:46:59,53.0,Other,Chennai,Tamil Nadu,South,Free,Paid Ads
C07730,2025-01-20 17:27:29,55.0,Male,Delhi,Delhi,North,Premium,Paid Ads
C07731,2025-02-02 14:38:47,60.0,Female,Delhi,Delhi,North,Basic,Organic
C07732,2025-09-21 22:12:55,47.0,Female,Bhubaneswar,Odisha,East,Basic,Social Media
C07733,2025-10-22 10:28:12,54.0,Female,Guwahati,Assam,East,Free,Organic
C07734,2025-05-20 17:55:15,46.0,Female,Bengaluru,Karnataka,South,Premium,Referral
C07735,2025-05-06 07:32:13,39.0,Female,Guwahati,Assam,East,Basic,Paid Ads
C07736,2025-11-27 03:21:23,31.0,Female,Jaipur,Rajasthan,North,Premium,Organic
C07737,2025-10-07 12:50:48,27.0,Female,Bengaluru,Karnataka,South,Free,Paid Ads
C07738,2025-09-19 16:09:23,28.0,Female,Kolkata,West Bengal,East,Premium,Social Media
C07739,2025-07-17 04:10:06,52.0,Female,Delhi,Delhi,North,Basic,Paid Ads
C07740,2025-06-07 16:55:53,40.0,Female,Guwahati,Assam,East,Premium,Paid Ads
C07741,2025-03-08 16:19:38,25.0,Male,Delhi,Delhi,North,Free,Organic
C07742,2025-08-06 01:29:28,38.0,Female,Kolkata,West Bengal,East,Free,Referral
C07743,2025-02-08 10:10:58,54.0,Male,Jaipur,Rajasthan,North,Free,Social Media
C07744,2025-08-08 23:00:15,45.0,Female,Mumbai,Maharashtra,West,Free,Referral
C07745,2025-03-26 06:40:33,48.0,Male,Ahmedabad,Gujarat,West,Free,Organic
C07746,2025-02-24 17:52:30,45.0,Female,Jaipur,Rajasthan,North,Premium,Referral
C07747,2025-08-20 09:58:07,59.0,Male,Bhubaneswar,Odisha,East,Basic,Organic
C07748,2025-07-17 00:27:54,44.0,Male,Delhi,Delhi,North,Free,Social Media
C07749,2025-01-19 12:16:07,57.0,Female,Pune,Maharashtra,West,Premium,Email
C07750,2025-03-02 02:16:43,38.0,Male,Delhi,Delhi,North,Basic,Referral
C07751,2025-07-13 09:05:38,26.0,Male,Bhubaneswar,Odisha,East,Premium,Email
C07752,2025-10-07 17:45:16,46.0,Male,Lucknow,Uttar Pradesh,North,Premium,Organic
C07753,2025-07-23 20:05:53,32.0,Female,Kolkata,West Bengal,East,Basic,Organic
C07754,2025-05-12 04:34:20,50.0,Male,Ahmedabad,Gujarat,West,Free,Paid Ads
C07755,2025-07-15 22:55:22,54.0,Female,Mumbai,Maharashtra,West,Premium,Social Media
C07756,2025-11-14 22:44:23,53.0,Female,Lucknow,Uttar Pradesh,North,Free,Paid Ads
C07757,2025-10-18 09:51:42,45.0,Male,Ahmedabad,Gujarat,West,Basic,Paid Ads
C07758,2025-01-24 02:44:15,27.0,Male,Chennai,Tamil Nadu,South,Premium,Organic
C07759,2025-02-23 21:43:19,40.0,Other,Bengaluru,Karnataka,South,Free,Social Media
C07760,2025-09-06 02:08:20,45.0,Female,Bhubaneswar,Odisha,East,Basic,Organic
C07761,2025-08-08 11:21:12,51.0,Male,Lucknow,Uttar Pradesh,North,Free,Paid Ads
C07762,2025-02-09 18:26:18,22.0,Male,Kolkata,West Bengal,East,Free,Organic
C07763,2025-07-01 16:19:32,35.0,Male,Ahmedabad,Gujarat,West,Free,Organic
C07764,2025-07-19 21:24:43,23.0,Female,Lucknow,Uttar Pradesh,North,Premium,Organic
C07765,2025-05-21 05:51:02,59.0,Female,Lucknow,Uttar Pradesh,North,Free,Paid Ads
C07766,2025-10-22 20:46:05,40.0,Male,Lucknow,Uttar Pradesh,North,Premium,Paid Ads
C07767,2025-08-15 14:57:18,45.0,Male,Pune,Maharashtra,West,Basic,Paid Ads
C07768,2025-11-05 09:07:20,58.0,Male,Ahmedabad,Gujarat,West,Basic,Social Media
C07769,2025-03-02 07:39:22,30.0,Other,Bhubaneswar,Odisha,East,Premium,Email
C07770,2025-07-13 21:16:54,42.0,Female,Lucknow,Uttar Pradesh,North,Basic,Organic
C07771,2025-04-11 17:13:47,24.0,Female,Mumbai,Maharashtra,West,Free,Organic
C07772,2025-02-13 02:27:30,19.0,Male,Lucknow,Uttar Pradesh,North,Free,Paid Ads
C07773,2025-10-27 01:00:01,33.0,Female,Ahmedabad,Gujarat,West,Basic,Referral
C07774,2025-11-13 11:05:48,19.0,Male,Mumbai,Maharashtra,West,Basic,Organic
C07775,2025-01-14 01:24:58,53.0,Female,Mumbai,Maharashtra,West,Free,Referral
C07776,2025-04-02 10:05:52,19.0,Male,Guwahati,Assam,East,Basic,Referral
C07777,2025-07-06 20:36:53,55.0,Female,Ahmedabad,Gujarat,West,Free,Social Media
C07778,2025-06-11 08:27:00,27.0,Male,Chennai,Tamil Nadu,South,Basic,Paid Ads
C07779,2025-11-10 23:49:53,31.0,Female,Bengaluru,Karnataka,South,Basic,Paid Ads
C07780,2025-09-07 03:42:04,44.0,Male,Delhi,Delhi,North,Premium,Social Media
C07781,2025-04-25 04:51:56,32.0,Male,Pune,Maharashtra,West,Basic,Organic
C07782,2025-11-16 06:10:58,38.0,Male,Guwahati,Assam,East,Premium,Paid Ads
C07783,2025-08-16 19:00:56,29.0,Female,Hyderabad,Telangana,South,Basic,Organic
C07784,2025-05-03 22:07:46,60.0,Male,Kolkata,West Bengal,East,Basic,Referral
C07785,2025-08-01 22:57:26,50.0,Male,Chennai,Tamil Nadu,South,Free,Social Media
C07786,2025-05-31 03:19:50,57.0,Male,Ahmedabad,Gujarat,West,Free,Organic
C07787,2025-03-27 04:41:28,39.0,Male,Mumbai,Maharashtra,West,Premium,Referral
C07788,2025-02-02 15:28:27,55.0,Male,Hyderabad,Telangana,South,Free,Social Media
C07789,2025-08-25 06:20:15,35.0,Male,Guwahati,Assam,East,Free,Paid Ads
C07790,2025-07-08 19:32:23,19.0,Male,Lucknow,Uttar Pradesh,North,Premium,Paid Ads
C07791,2025-04-12 02:04:38,46.0,Male,Delhi,Delhi,North,Basic,Email
C07792,2025-03-03 12:56:57,24.0,Female,Bhubaneswar,Odisha,East,Free,Organic
C07793,2025-08-17 08:30:05,48.0,Male,Pune,Maharashtra,West,Free,Organic
C07794,2025-10-05 21:42:47,58.0,Female,Lucknow,Uttar Pradesh,North,Basic,Email
C07795,2025-05-24 00:53:03,35.0,Male,Jaipur,Rajasthan,North,Basic,Organic
C07796,2025-09-19 08:26:43,26.0,Female,Guwahati,Assam,East,Premium,Social Media
C07797,2025-07-06 15:05:34,25.0,Male,Bengaluru,Karnataka,South,Free,Paid Ads
C07798,2025-02-27 18:49:53,50.0,Female,Kolkata,West Bengal,East,Basic,Social Media
C07799,2025-01-26 11:10:05,22.0,Female,Kolkata,West Bengal,East,Premium,Referral
C07800,2025-03-16 20:15:57,31.0,Male,Ahmedabad,Gujarat,West,Premium,Paid Ads
C07801,2025-10-24 19:35:54,30.0,Male,Bhubaneswar,Odisha,East,Free,Paid Ads
C07802,2025-05-24 20:52:56,28.0,Male,Kolkata,West Bengal,East,Free,Organic
C07803,2025-11-08 17:22:54,37.0,Male,Hyderabad,Telangana,South,Basic,Organic
C07804,2025-06-17 03:26:27,40.0,Male,Pune,Maharashtra,West,Premium,Referral
C07805,2025-08-11 18:31:50,44.0,Female,Bhubaneswar,Odisha,East,Basic,Social Media
C07806,2025-01-04 23:00:33,32.0,Male,Bhubaneswar,Odisha,East,Basic,Social Media
C07807,2025-09-21 05:21:49,47.0,Male,Lucknow,Uttar Pradesh,North,Premium,Email
C07808,2025-01-03 03:24:30,33.0,Female,Hyderabad,Telangana,South,Free,Email
C07809,2025-02-09 04:19:51,57.0,Female,Ahmedabad,Gujarat,West,Premium,Social Media
C07810,2025-05-26 02:35:39,35.0,Male,Kolkata,West Bengal,East,Basic,Email
C07811,2025-10-12 14:19:35,59.0,Female,Guwahati,Assam,East,Premium,Organic
C07812,2025-11-17 16:35:23,40.0,Female,Kolkata,West Bengal,East,Premium,Social Media
C07813,2025-09-08 05:28:20,53.0,Male,Kolkata,West Bengal,East,Free,Social Media
C07814,2025-01-28 22:11:52,55.0,Male,Mumbai,Maharashtra,West,Free,Organic
C07815,2025-05-17 09:01:59,25.0,Male,Guwahati,Assam,East,Free,Email
C07816,2025-02-05 05:50:23,56.0,Male,Delhi,Delhi,North,Premium,Organic
C07817,2025-01-26 23:44:16,46.0,Male,Ahmedabad,Gujarat,West,Premium,Paid Ads
C07818,2025-10-01 18:00:08,29.0,Male,Hyderabad,Telangana,South,Free,Organic
C07819,2025-07-01 17:21:48,35.0,Female,Bengaluru,Karnataka,South,Free,Paid Ads
C07820,2025-08-27 21:15:41,36.0,Female,Delhi,Delhi,North,Basic,Paid Ads
C07821,2025-04-02 14:14:37,53.0,Female,Mumbai,Maharashtra,West,Free,Referral
C07822,2025-01-21 00:40:04,50.0,Female,Ahmedabad,Gujarat,West,Free,Social Media
C07823,2025-05-28 22:00:40,22.0,Female,Ahmedabad,Gujarat,West,Basic,Social Media
C07824,2025-01-11 10:07:21,56.0,Female,Delhi,Delhi,North,Free,Social Media
C07825,2025-01-06 14:54:39,45.0,Female,Mumbai,Maharashtra,West,Basic,Organic
C07826,2025-02-06 11:33:06,43.0,Male,Chennai,Tamil Nadu,South,Free,Paid Ads
C07827,2025-08-11 03:14:31,60.0,Male,Bengaluru,Karnataka,South,Premium,Social Media
C07828,2025-10-25 17:50:14,38.0,Female,Pune,Maharashtra,West,Basic,Referral
C07829,2025-02-12 15:44:30,40.0,Male,Jaipur,Rajasthan,North,Free,Referral
C07830,2025-05-02 19:09:26,38.0,Male,Guwahati,Assam,East,Basic,Organic
C07831,2025-11-28 08:24:25,28.0,Male,Guwahati,Assam,East,Free,Paid Ads
C07832,2025-09-11 08:30:09,59.0,Other,Pune,Maharashtra,West,Premium,Email
C07833,2025-04-24 02:43:27,56.0,Male,Bhubaneswar,Odisha,East,Basic,Social Media
C07834,2025-05-15 12:52:44,33.0,Male,Bengaluru,Karnataka,South,Basic,Organic
C07835,2025-05-25 16:07:38,50.0,Male,Bhubaneswar,Odisha,East,Free,Referral
C07836,2025-01-05 09:48:49,44.0,Female,Mumbai,Maharashtra,West,Free,Paid Ads
C07837,2025-01-22 02:37:01,18.0,Male,Lucknow,Uttar Pradesh,North,Basic,Paid Ads
C07838,2025-02-18 16:52:19,33.0,Male,Delhi,Delhi,North,Free,Paid Ads
C07839,2025-01-20 02:09:42,22.0,Female,Ahmedabad,Gujarat,West,Basic,Referral
C07840,2025-05-14 15:42:25,35.0,Female,Chennai,Tamil Nadu,South,Free,Email
C07841,2025-03-15 00:46:37,58.0,Female,Jaipur,Rajasthan,North,Free,Social Media
C07842,2025-07-14 23:31:20,51.0,Female,Pune,Maharashtra,West,Free,Social Media
C07843,2025-06-21 20:17:43,,Male,Kolkata,West Bengal,East,Premium,Referral
C07844,2025-05-01 09:19:36,59.0,Female,Ahmedabad,Gujarat,West,Premium,Organic
C07845,2025-02-08 23:14:14,51.0,Male,Hyderabad,Telangana,South,Free,Paid Ads
C07846,2025-09-13 03:37:22,32.0,Female,Lucknow,Uttar Pradesh,North,Free,Paid Ads
C07847,2025-08-05 14:11:05,21.0,Male,Hyderabad,Telangana,South,Free,Social Media
C07848,2025-07-03 13:04:22,21.0,Male,Ahmedabad,Gujarat,West,Free,Email
C07849,2025-01-11 21:41:00,42.0,Male,Kolkata,West Bengal,East,Premium,Paid Ads
C07850,2025-06-25 16:35:22,58.0,Male,Guwahati,Assam,East,Basic,Paid Ads
C07851,2025-10-23 12:03:33,30.0,Male,Pune,Maharashtra,West,Premium,Paid Ads
C07852,2025-02-28 23:35:45,59.0,Female,Lucknow,Uttar Pradesh,North,Premium,Referral
C07853,2025-06-15 07:30:56,42.0,Female,Chennai,Tamil Nadu,South,Basic,Organic
C07854,2025-09-29 08:53:47,20.0,Male,Mumbai,Maharashtra,West,Basic,Email
C07855,2025-03-01 04:10:43,52.0,Male,Mumbai,Maharashtra,West,Premium,Paid Ads
C07856,2025-04-13 01:19:31,26.0,Female,Pune,Maharashtra,West,Basic,Email
C07857,2025-10-27 08:34:29,31.0,Female,Ahmedabad,Gujarat,West,Free,Organic
C07858,2025-10-19 06:24:10,39.0,Male,Kolkata,West Bengal,East,Basic,Organic
C07859,2025-04-19 05:29:56,26.0,Female,Kolkata,West Bengal,East,Basic,Paid Ads
C07860,2025-02-18 04:39:20,41.0,Female,Kolkata,West Bengal,East,Premium,Social Media
C07861,2025-11-30 12:53:59,40.0,Male,Guwahati,Assam,East,Basic,Paid Ads
C07862,2025-09-25 04:06:39,54.0,Male,Bhubaneswar,Odisha,East,Free,Social Media
C07863,2025-01-14 16:56:09,32.0,Male,Bhubaneswar,Odisha,East,Free,Paid Ads
C07864,2025-11-16 02:06:46,53.0,Female,Lucknow,Uttar Pradesh,North,Premium,Social Media
C07865,2025-11-26 08:41:44,31.0,Male,Mumbai,Maharashtra,West,Premium,Organic
C07866,2025-01-26 00:06:58,37.0,Male,Hyderabad,Telangana,South,Basic,Paid Ads
C07867,2025-02-06 04:48:56,56.0,Female,Guwahati,Assam,East,Free,Organic
C07868,2025-02-08 06:45:53,53.0,Male,Pune,Maharashtra,West,Free,Organic
C07869,2025-03-16 22:20:56,44.0,Female,Ahmedabad,Gujarat,West,Free,Paid Ads
C07870,2025-06-13 15:16:28,34.0,Male,Guwahati,Assam,East,Premium,Paid Ads
C07871,2025-04-25 08:26:45,43.0,Other,Bengaluru,Karnataka,South,Premium,Social Media
C07872,2025-05-13 18:44:19,58.0,Female,Kolkata,West Bengal,East,Premium,Social Media
C07873,2025-08-14 14:53:47,21.0,Female,Chennai,Tamil Nadu,South,Basic,Paid Ads
C07874,2025-06-22 19:02:51,20.0,Male,Bengaluru,Karnataka,South,Premium,Email
C07875,2025-10-03 08:31:56,36.0,Male,Lucknow,Uttar Pradesh,North,Free,Email
C07876,2025-06-18 04:58:50,58.0,Female,Lucknow,Uttar Pradesh,North,Free,Email
C07877,2025-04-25 05:02:25,57.0,Male,Lucknow,Uttar Pradesh,North,Premium,Referral
C07878,2025-07-13 00:33:00,56.0,Female,Pune,Maharashtra,West,Free,Paid Ads
C07879,2025-04-04 02:37:45,,Female,Delhi,Delhi,North,Basic,Paid Ads
C07880,2025-03-19 14:24:34,53.0,Female,Guwahati,Assam,East,Basic,Organic
C07881,2025-07-01 05:53:08,36.0,Male,Kolkata,West Bengal,East,Free,Referral
C07882,2025-09-04 07:41:44,29.0,Female,Mumbai,Maharashtra,West,Free,Referral
C07883,2025-06-30 23:36:06,37.0,Female,Delhi,Delhi,North,Free,Referral
C07884,2025-03-11 10:44:26,55.0,Female,Bengaluru,Karnataka,South,Basic,Referral
C07885,2025-04-06 10:03:55,29.0,Female,Bhubaneswar,Odisha,East,Free,Organic
C07886,2025-03-29 03:50:20,46.0,Male,Chennai,Tamil Nadu,South,Free,Referral
C07887,2025-03-21 17:06:50,47.0,Female,Bhubaneswar,Odisha,East,Basic,Paid Ads
C07888,2025-07-01 23:32:34,37.0,Female,Ahmedabad,Gujarat,West,Free,Paid Ads
C07889,2025-07-24 04:42:52,21.0,Male,Ahmedabad,Gujarat,West,Free,Paid Ads
C07890,2025-03-16 05:21:07,19.0,Male,Ahmedabad,Gujarat,West,Free,Organic
C07891,2025-11-07 02:24:13,47.0,Male,Bhubaneswar,Odisha,East,Free,Social Media
C07892,2025-09-07 00:31:39,40.0,Female,Mumbai,Maharashtra,West,Basic,Organic
C07893,2025-11-10 07:26:50,23.0,Female,Chennai,Tamil Nadu,South,Premium,Referral
C07894,2025-03-22 02:31:35,35.0,Male,Ahmedabad,Gujarat,West,Free,Email
C07895,2025-02-18 12:03:33,39.0,Female,Ahmedabad,Gujarat,West,Premium,Organic
C07896,2025-08-18 05:30:26,54.0,Female,Bengaluru,Karnataka,South,Free,Paid Ads
C07897,2025-08-12 16:26:52,21.0,Female,Jaipur,Rajasthan,North,Basic,Paid Ads
C07898,2025-02-23 18:19:00,60.0,Female,Mumbai,Maharashtra,West,Premium,Organic
C07899,2025-06-23 18:22:12,28.0,Male,Pune,Maharashtra,West,Basic,Paid Ads
C07900,2025-07-21 06:46:51,58.0,Female,Hyderabad,Telangana,South,Free,Paid Ads
C07901,2025-05-12 12:32:32,52.0,Male,Delhi,Delhi,North,Free,Organic
C07902,2025-02-21 09:02:20,28.0,Female,Kolkata,West Bengal,East,Basic,Paid Ads
C07903,2025-04-02 21:19:32,51.0,Female,Pune,Maharashtra,West,Free,Organic
C07904,2025-01-10 19:11:17,,Male,Chennai,Tamil Nadu,South,Basic,Email
C07905,2025-02-28 21:34:49,48.0,Male,Bhubaneswar,Odisha,East,Free,Referral
C07906,2025-04-22 23:55:05,59.0,Male,Hyderabad,Telangana,South,Free,Organic
C07907,2025-08-07 23:32:10,49.0,Male,Bhubaneswar,Odisha,East,Basic,Social Media
C07908,2025-02-20 09:20:10,60.0,Female,Hyderabad,Telangana,South,Basic,Paid Ads
C07909,2025-09-16 21:12:42,52.0,Female,Pune,Maharashtra,West,Basic,Organic
C07910,2025-05-29 08:10:20,28.0,Male,Pune,Maharashtra,West,Free,Organic
C07911,2025-05-19 05:28:01,34.0,Male,Hyderabad,Telangana,South,Free,Referral
C07912,2025-04-12 19:45:22,53.0,Male,Pune,Maharashtra,West,Basic,Organic
C07913,2025-02-08 23:27:43,19.0,Male,Lucknow,Uttar Pradesh,North,Basic,Organic
C07914,2025-04-28 08:42:33,41.0,Male,Guwahati,Assam,East,Basic,Referral
C07915,2025-08-22 19:33:56,32.0,Male,Bhubaneswar,Odisha,East,Premium,Email
C07916,2025-03-13 18:15:41,45.0,Male,Pune,Maharashtra,West,Free,Paid Ads
C07917,2025-04-11 01:10:52,20.0,Male,Delhi,Delhi,North,Premium,Paid Ads
C07918,2025-01-07 19:45:22,46.0,Male,Bhubaneswar,Odisha,East,Basic,Email
C07919,2025-11-24 21:24:52,30.0,Female,Kolkata,West Bengal,East,Premium,Organic
C07920,2025-06-02 12:09:56,39.0,Male,Pune,Maharashtra,West,Free,Organic
C07921,2025-10-17 05:12:55,48.0,Male,Lucknow,Uttar Pradesh,North,Basic,Email
C07922,2025-11-02 05:55:37,24.0,Female,Lucknow,Uttar Pradesh,North,Basic,Referral
C07923,2025-03-17 11:50:00,43.0,Female,Kolkata,West Bengal,East,Basic,Organic
C07924,2025-03-23 02:16:23,48.0,Male,Bhubaneswar,Odisha,East,Free,Referral
C07925,2025-08-07 01:29:47,55.0,Male,Bengaluru,Karnataka,South,Free,Social Media
C07926,2025-03-17 03:58:10,55.0,Female,Pune,Maharashtra,West,Basic,Organic
C07927,2025-09-07 16:47:42,21.0,Female,Chennai,Tamil Nadu,South,Premium,Paid Ads
C07928,2025-07-01 02:31:42,52.0,Male,Hyderabad,Telangana,South,Free,Organic
C07929,2025-03-04 03:32:18,50.0,Male,Bengaluru,Karnataka,South,Free,Referral
C07930,2025-10-10 03:35:12,20.0,Female,Guwahati,Assam,East,Premium,Referral
C07931,2025-03-16 23:51:40,36.0,Female,Hyderabad,Telangana,South,Basic,Organic
C07932,2025-03-30 06:48:26,26.0,Male,Hyderabad,Telangana,South,Free,Referral
C07933,2025-01-15 08:09:44,36.0,Male,Delhi,Delhi,North,Free,Referral
C07934,2025-04-14 20:11:39,36.0,Male,Pune,Maharashtra,West,Basic,Organic
C07935,2025-04-18 12:40:47,43.0,Male,Pune,Maharashtra,West,Free,Referral
C07936,2025-08-20 08:48:50,30.0,Female,Kolkata,West Bengal,East,Free,Referral
C07937,2025-04-20 16:43:57,,Male,Pune,Maharashtra,West,Basic,Paid Ads
C07938,2025-04-17 01:03:49,25.0,Other,Delhi,Delhi,North,Free,Email
C07939,2025-01-15 04:44:40,41.0,Male,Mumbai,Maharashtra,West,Free,Paid Ads
C07940,2025-07-11 12:54:15,43.0,Male,Pune,Maharashtra,West,Free,Organic
C07941,2025-07-20 20:50:39,58.0,Male,Ahmedabad,Gujarat,West,Basic,Referral
C07942,2025-09-11 01:33:10,58.0,Female,Delhi,Delhi,North,Free,Referral
C07943,2025-05-25 22:47:48,20.0,Female,Bengaluru,Karnataka,South,Free,Email
C07944,2025-07-06 02:24:17,24.0,Female,Kolkata,West Bengal,East,Free,Organic
C07945,2025-11-08 16:38:07,19.0,Female,Mumbai,Maharashtra,West,Free,Paid Ads
C07946,2025-04-11 01:27:41,50.0,Male,Bhubaneswar,Odisha,East,Basic,Paid Ads
C07947,2025-07-11 10:37:03,29.0,Female,Jaipur,Rajasthan,North,Premium,Social Media
C07948,2025-05-19 06:37:36,29.0,Male,Delhi,Delhi,North,Basic,Paid Ads
C07949,2025-03-13 11:45:55,,Female,Hyderabad,Telangana,South,Free,Social Media
C07950,2025-04-17 12:41:16,58.0,Male,Pune,Maharashtra,West,Free,Organic
C07951,2025-05-20 09:04:10,44.0,Male,Hyderabad,Telangana,South,Free,Paid Ads
C07952,2025-07-06 00:24:27,35.0,Female,Guwahati,Assam,East,Free,Organic
C07953,2025-06-02 07:49:16,21.0,Male,Delhi,Delhi,North,Free,Email
C07954,2025-09-07 20:49:07,57.0,Female,Bhubaneswar,Odisha,East,Free,Organic
C07955,2025-09-03 20:49:29,40.0,Female,Bengaluru,Karnataka,South,Premium,Paid Ads
C07956,2025-05-07 18:35:25,38.0,Male,Delhi,Delhi,North,Premium,Organic
C07957,2025-01-29 01:48:52,53.0,Male,Lucknow,Uttar Pradesh,North,Basic,Email
C07958,2025-09-27 00:52:48,47.0,Female,Hyderabad,Telangana,South,Free,Referral
C07959,2025-10-03 04:04:15,38.0,Female,Guwahati,Assam,East,Basic,Email
C07960,2025-09-16 03:58:05,40.0,Male,Kolkata,West Bengal,East,Free,Organic
C07961,2025-11-18 07:56:54,38.0,Female,Bengaluru,Karnataka,South,Free,Organic
C07962,2025-09-06 00:52:25,25.0,Female,Mumbai,Maharashtra,West,Free,Paid Ads
C07963,2025-05-03 16:38:18,56.0,Male,Kolkata,West Bengal,East,Free,Referral
C07964,2025-03-04 23:39:45,30.0,Female,Mumbai,Maharashtra,West,Free,Paid Ads
C07965,2025-06-25 03:37:06,57.0,Male,Delhi,Delhi,North,Free,Referral
C07966,2025-06-13 07:47:32,39.0,Female,Kolkata,West Bengal,East,Free,Organic
C07967,2025-08-09 01:38:47,,Male,Mumbai,Maharashtra,West,Premium,Referral
C07968,2025-11-23 17:38:49,41.0,Male,Bhubaneswar,Odisha,East,Free,Paid Ads
C07969,2025-10-05 04:57:43,22.0,Female,Pune,Maharashtra,West,Free,Paid Ads
C07970,2025-02-27 04:14:37,43.0,Male,Chennai,Tamil Nadu,South,Free,Referral
C07971,2025-06-02 05:32:47,27.0,Female,Chennai,Tamil Nadu,South,Free,Organic
C07972,2025-04-22 11:51:45,28.0,Female,Delhi,Delhi,North,Basic,Email
C07973,2025-03-29 21:36:08,57.0,Male,Kolkata,West Bengal,East,Free,Social Media
C07974,2025-02-27 09:43:04,55.0,Male,Hyderabad,Telangana,South,Basic,Paid Ads
C07975,2025-04-23 05:43:31,28.0,Female,Lucknow,Uttar Pradesh,North,Basic,Referral
C07976,2025-04-29 04:43:57,47.0,Male,Bhubaneswar,Odisha,East,Basic,Organic
C07977,2025-03-28 08:25:49,21.0,Female,Hyderabad,Telangana,South,Free,Paid Ads
C07978,2025-09-08 09:01:35,19.0,Male,Jaipur,Rajasthan,North,Free,Paid Ads
C07979,2025-08-02 06:21:24,30.0,Female,Delhi,Delhi,North,Premium,Paid Ads
C07980,2025-02-03 12:01:03,56.0,Male,Delhi,Delhi,North,Basic,Social Media
C07981,2025-05-12 14:14:43,34.0,Male,Guwahati,Assam,East,Premium,Organic
C07982,2025-03-16 22:28:44,40.0,Male,Kolkata,West Bengal,East,Premium,Organic
C07983,2025-06-15 23:47:03,27.0,Male,Delhi,Delhi,North,Basic,Paid Ads
C07984,2025-01-07 02:54:38,30.0,Male,Bhubaneswar,Odisha,East,Free,Referral
C07985,2025-06-28 02:52:04,59.0,Female,Ahmedabad,Gujarat,West,Basic,Organic
C07986,2025-08-22 17:59:58,56.0,Male,Bengaluru,Karnataka,South,Basic,Referral
C07987,2025-03-26 17:09:51,59.0,Male,Hyderabad,Telangana,South,Basic,Organic
C07988,2025-07-28 04:54:00,46.0,Female,Mumbai,Maharashtra,West,Basic,Social Media
C07989,2025-10-10 10:02:46,33.0,Female,Chennai,Tamil Nadu,South,Basic,Paid Ads
C07990,2025-06-01 04:59:40,20.0,Female,Bengaluru,Karnataka,South,Basic,Social Media
C07991,2025-10-19 15:47:34,53.0,Male,Lucknow,Uttar Pradesh,North,Free,Paid Ads
C07992,2025-07-11 18:58:19,21.0,Female,Guwahati,Assam,East,Free,Social Media
C07993,2025-02-15 11:00:51,53.0,Female,Pune,Maharashtra,West,Premium,Referral
C07994,2025-11-01 00:17:19,33.0,Male,Mumbai,Maharashtra,West,Premium,Social Media
C07995,2025-10-28 23:56:09,58.0,Female,Bhubaneswar,Odisha,East,Basic,Social Media
C07996,2025-10-29 12:27:08,23.0,Female,Ahmedabad,Gujarat,West,Free,Paid Ads
C07997,2025-06-24 00:31:24,59.0,Female,Bhubaneswar,Odisha,East,Free,Paid Ads
C07998,2025-02-23 04:56:37,45.0,Female,Mumbai,Maharashtra,West,Free,Social Media
C07999,2025-10-13 19:31:48,53.0,Female,Bengaluru,Karnataka,South,Free,Paid Ads
C08000,2025-05-15 06:13:52,40.0,Male,Bhubaneswar,Odisha,East,Free,Organic
C08001,2025-04-04 00:59:10,29.0,Male,Lucknow,Uttar Pradesh,North,Free,Social Media
C08002,2025-11-14 13:44:13,59.0,Female,Lucknow,Uttar Pradesh,North,Free,Paid Ads
C08003,2025-05-01 16:18:04,48.0,Female,Bhubaneswar,Odisha,East,Basic,Organic
C08004,2025-11-29 22:52:24,29.0,Female,Bengaluru,Karnataka,South,Premium,Referral
C08005,2025-03-17 06:47:45,49.0,Female,Delhi,Delhi,North,Free,Email
C08006,2025-04-25 01:01:34,42.0,Female,Mumbai,Maharashtra,West,Free,Social Media
C08007,2025-03-12 23:21:02,46.0,Female,Delhi,Delhi,North,Premium,Referral
C08008,2025-01-27 11:35:43,36.0,Male,Ahmedabad,Gujarat,West,Premium,Organic
C08009,2025-06-25 17:59:03,39.0,Male,Delhi,Delhi,North,Free,Referral
C08010,2025-06-13 12:36:02,41.0,Male,Bhubaneswar,Odisha,East,Free,Referral
C08011,2025-07-23 00:36:29,50.0,Female,Chennai,Tamil Nadu,South,Free,Organic
C08012,2025-09-21 23:57:26,53.0,Male,Pune,Maharashtra,West,Free,Email
C08013,2025-03-28 05:55:15,57.0,Male,Jaipur,Rajasthan,North,Free,Organic
C08014,2025-10-05 09:39:00,33.0,Male,Kolkata,West Bengal,East,Free,Paid Ads
C08015,2025-07-11 18:30:56,19.0,Female,Lucknow,Uttar Pradesh,North,Basic,Organic
C08016,2025-02-03 10:57:33,25.0,Male,Bengaluru,Karnataka,South,Free,Email
C08017,2025-03-09 23:39:43,30.0,Male,Ahmedabad,Gujarat,West,Basic,Organic
C08018,2025-10-20 11:35:50,47.0,Male,Delhi,Delhi,North,Free,Paid Ads
C08019,2025-01-10 21:54:55,18.0,Male,Ahmedabad,Gujarat,West,Basic,Social Media
C08020,2025-05-05 14:50:03,29.0,Male,Chennai,Tamil Nadu,South,Basic,Organic
C08021,2025-07-13 08:02:01,24.0,Male,Pune,Maharashtra,West,Basic,Organic
C08022,2025-05-20 17:57:26,31.0,Male,Hyderabad,Telangana,South,Free,Organic
C08023,2025-07-31 04:08:09,59.0,Female,Hyderabad,Telangana,South,Free,Paid Ads
C08024,2025-10-22 18:16:41,52.0,Female,Ahmedabad,Gujarat,West,Free,Paid Ads
C08025,2025-05-27 02:19:47,45.0,Male,Bhubaneswar,Odisha,East,Basic,Referral
C08026,2025-03-29 09:49:31,29.0,Female,Pune,Maharashtra,West,Free,Organic
C08027,2025-10-05 14:21:25,57.0,Female,Bengaluru,Karnataka,South,Basic,Referral
C08028,2025-01-08 15:28:12,41.0,Female,Guwahati,Assam,East,Free,Email
C08029,2025-10-26 10:30:44,18.0,Male,Lucknow,Uttar Pradesh,North,Free,Social Media
C08030,2025-02-16 04:22:56,34.0,Male,Hyderabad,Telangana,South,Basic,Referral
C08031,2025-01-27 06:57:43,55.0,Female,Pune,Maharashtra,West,Free,Email
C08032,2025-10-26 01:03:23,45.0,Male,Lucknow,Uttar Pradesh,North,Free,Email
C08033,2025-05-06 15:14:30,50.0,Male,Ahmedabad,Gujarat,West,Basic,Referral
C08034,2025-01-29 09:17:19,41.0,Male,Bhubaneswar,Odisha,East,Basic,Organic
C08035,2025-02-12 22:26:06,23.0,Female,Hyderabad,Telangana,South,Free,Email
C08036,2025-04-27 15:39:27,38.0,Male,Kolkata,West Bengal,East,Free,Social Media
C08037,2025-07-23 03:09:56,21.0,Male,Pune,Maharashtra,West,Basic,Organic
C08038,2025-01-16 11:38:36,50.0,Female,Chennai,Tamil Nadu,South,Premium,Email
C08039,2025-01-27 17:35:53,27.0,Female,Pune,Maharashtra,West,Free,Paid Ads
C08040,2025-01-10 17:24:41,53.0,Male,Bengaluru,Karnataka,South,Basic,Paid Ads
C08041,2025-07-04 14:53:26,30.0,Male,Chennai,Tamil Nadu,South,Premium,Paid Ads
C08042,2025-05-14 22:57:29,53.0,Female,Pune,Maharashtra,West,Free,Paid Ads
C08043,2025-05-29 08:32:02,26.0,Male,Bhubaneswar,Odisha,East,Free,Paid Ads
C08044,2025-05-29 10:27:35,,Female,Jaipur,Rajasthan,North,Basic,Referral
C08045,2025-05-28 14:30:12,21.0,Female,Mumbai,Maharashtra,West,Free,Paid Ads
C08046,2025-02-22 12:15:29,37.0,Male,Guwahati,Assam,East,Free,Paid Ads
C08047,2025-01-12 13:56:49,25.0,Male,Lucknow,Uttar Pradesh,North,Free,Social Media
C08048,2025-04-09 02:52:03,44.0,Male,Bhubaneswar,Odisha,East,Free,Organic
C08049,2025-03-01 02:12:06,53.0,Female,Bengaluru,Karnataka,South,Free,Email
C08050,2025-05-27 02:03:09,26.0,Male,Bhubaneswar,Odisha,East,Basic,Referral
C08051,2025-04-28 01:49:29,60.0,Male,Guwahati,Assam,East,Premium,Referral
C08052,2025-08-26 10:14:43,41.0,Male,Guwahati,Assam,East,Free,Paid Ads
C08053,2025-02-24 21:20:40,54.0,Male,Bengaluru,Karnataka,South,Free,Email
C08054,2025-10-31 05:40:33,58.0,Female,Lucknow,Uttar Pradesh,North,Basic,Organic
C08055,2025-02-23 06:06:29,57.0,Male,Chennai,Tamil Nadu,South,Basic,Organic
C08056,2025-11-03 13:20:19,47.0,Female,Mumbai,Maharashtra,West,Basic,Social Media
C08057,2025-01-04 23:08:53,43.0,Male,Ahmedabad,Gujarat,West,Basic,Social Media
C08058,2025-08-17 08:12:41,21.0,Male,Bhubaneswar,Odisha,East,Premium,Organic
C08059,2025-05-09 13:33:44,18.0,Female,Mumbai,Maharashtra,West,Free,Referral
C08060,2025-04-06 22:58:49,37.0,Female,Jaipur,Rajasthan,North,Free,Paid Ads
C08061,2025-09-26 03:46:03,45.0,Female,Lucknow,Uttar Pradesh,North,Free,Paid Ads
C08062,2025-11-24 07:56:08,41.0,Male,Pune,Maharashtra,West,Free,Referral
C08063,2025-09-21 15:20:08,45.0,Male,Bengaluru,Karnataka,South,Premium,Email
C08064,2025-07-02 05:39:52,45.0,Female,Bhubaneswar,Odisha,East,Premium,Email
C08065,2025-07-28 05:15:46,22.0,Female,Hyderabad,Telangana,South,Premium,Email
C08066,2025-05-16 10:26:51,49.0,Female,Kolkata,West Bengal,East,Free,Referral
C08067,2025-10-11 15:47:54,47.0,Female,Mumbai,Maharashtra,West,Basic,Paid Ads
C08068,2025-06-10 11:29:49,38.0,Male,Ahmedabad,Gujarat,West,Free,Referral
C08069,2025-01-09 13:31:36,59.0,Female,Pune,Maharashtra,West,Premium,Referral
C08070,2025-04-27 09:50:10,33.0,Female,Jaipur,Rajasthan,North,Free,Paid Ads
C08071,2025-03-15 16:46:01,25.0,Male,Ahmedabad,Gujarat,West,Free,Referral
C08072,2025-02-28 16:45:38,29.0,Male,Mumbai,Maharashtra,West,Premium,Referral
C08073,2025-11-10 07:19:32,49.0,Female,Lucknow,Uttar Pradesh,North,Basic,Email
C08074,2025-04-08 22:31:49,42.0,Male,Delhi,Delhi,North,Premium,Organic
C08075,2025-01-24 15:18:32,20.0,Female,Bengaluru,Karnataka,South,Free,Referral
C08076,2025-11-17 09:12:00,43.0,Female,Pune,Maharashtra,West,Premium,Paid Ads
C08077,2025-05-31 18:03:58,53.0,Female,Lucknow,Uttar Pradesh,North,Basic,Organic
C08078,2025-11-24 20:23:51,34.0,Female,Delhi,Delhi,North,Basic,Paid Ads
C08079,2025-10-08 06:51:09,44.0,Female,Pune,Maharashtra,West,Basic,Organic
C08080,2025-03-12 07:16:51,39.0,Male,Ahmedabad,Gujarat,West,Basic,Paid Ads
C08081,2025-04-23 19:33:13,55.0,Female,Ahmedabad,Gujarat,West,Free,Organic
C08082,2025-09-01 04:01:42,52.0,Male,Kolkata,West Bengal,East,Free,Email
C08083,2025-01-07 12:29:57,24.0,Male,Kolkata,West Bengal,East,Basic,Organic
C08084,2025-03-10 07:33:34,20.0,Female,Kolkata,West Bengal,East,Basic,Social Media
C08085,2025-01-30 00:30:29,23.0,Male,Lucknow,Uttar Pradesh,North,Free,Email
C08086,2025-10-02 07:20:06,30.0,Male,Delhi,Delhi,North,Free,Paid Ads
C08087,2025-05-23 03:17:07,32.0,Male,Hyderabad,Telangana,South,Basic,Organic
C08088,2025-05-19 19:28:21,43.0,Female,Jaipur,Rajasthan,North,Free,Referral
C08089,2025-03-29 15:04:34,50.0,Male,Guwahati,Assam,East,Free,Organic
C08090,2025-09-07 13:15:32,32.0,Male,Bengaluru,Karnataka,South,Premium,Organic
C08091,2025-10-05 00:18:36,56.0,Female,Hyderabad,Telangana,South,Free,Referral
C08092,2025-01-21 14:02:37,58.0,Male,Mumbai,Maharashtra,West,Free,Paid Ads
C08093,2025-02-10 19:40:14,31.0,Male,Jaipur,Rajasthan,North,Free,Social Media
C08094,2025-07-24 13:30:20,36.0,Female,Bengaluru,Karnataka,South,Free,Referral
C08095,2025-08-06 06:22:57,45.0,Male,Delhi,Delhi,North,Free,Social Media
C08096,2025-09-19 12:45:22,41.0,Male,Bengaluru,Karnataka,South,Premium,Organic
C08097,2025-08-15 09:36:44,58.0,Female,Kolkata,West Bengal,East,Basic,Organic
C08098,2025-11-18 13:02:00,50.0,Male,Kolkata,West Bengal,East,Free,Referral
C08099,2025-11-06 00:02:29,29.0,Female,Mumbai,Maharashtra,West,Free,Email
C08100,2025-01-04 18:49:54,27.0,Female,Jaipur,Rajasthan,North,Basic,Social Media
C08101,2025-03-07 04:13:37,24.0,Male,Chennai,Tamil Nadu,South,Free,Referral
C08102,2025-07-19 02:03:53,18.0,Female,Hyderabad,Telangana,South,Premium,Referral
C08103,2025-01-12 18:31:09,32.0,Male,Mumbai,Maharashtra,West,Free,Referral
C08104,2025-06-20 11:46:28,18.0,Male,Guwahati,Assam,East,Basic,Organic
C08105,2025-04-28 01:23:28,37.0,Female,Chennai,Tamil Nadu,South,Basic,Referral
C08106,2025-04-18 02:41:06,19.0,Male,Jaipur,Rajasthan,North,Premium,Paid Ads
C08107,2025-08-24 16:14:32,20.0,Female,Kolkata,West Bengal,East,Free,Paid Ads
C08108,2025-07-25 08:30:27,53.0,Male,Mumbai,Maharashtra,West,Basic,Email
C08109,2025-09-26 18:13:22,33.0,Female,Lucknow,Uttar Pradesh,North,Free,Social Media
C08110,2025-08-29 15:17:13,46.0,Female,Chennai,Tamil Nadu,South,Basic,Organic
C08111,2025-11-22 20:15:08,53.0,Male,Ahmedabad,Gujarat,West,Free,Email
C08112,2025-04-23 16:38:00,56.0,Female,Ahmedabad,Gujarat,West,Free,Organic
C08113,2025-07-29 09:49:17,20.0,Female,Hyderabad,Telangana,South,Basic,Organic
C08114,2025-04-17 10:54:14,54.0,Female,Delhi,Delhi,North,Free,Email
C08115,2025-07-30 00:51:07,29.0,Male,Pune,Maharashtra,West,Free,Paid Ads
C08116,2025-10-21 06:50:46,37.0,Female,Ahmedabad,Gujarat,West,Free,Social Media
C08117,2025-06-21 22:15:56,40.0,Female,Jaipur,Rajasthan,North,Free,Organic
C08118,2025-07-20 06:42:15,,Female,Pune,Maharashtra,West,Premium,Social Media
C08119,2025-08-02 23:24:57,49.0,Female,Guwahati,Assam,East,Free,Social Media
C08120,2025-01-29 12:54:56,24.0,Female,Lucknow,Uttar Pradesh,North,Basic,Paid Ads
C08121,2025-05-27 04:29:46,39.0,Female,Mumbai,Maharashtra,West,Premium,Referral
C08122,2025-09-17 09:42:43,19.0,Female,Jaipur,Rajasthan,North,Free,Email
C08123,2025-03-02 23:48:44,31.0,Female,Guwahati,Assam,East,Free,Paid Ads
C08124,2025-04-21 01:23:40,33.0,Male,Lucknow,Uttar Pradesh,North,Free,Paid Ads
C08125,2025-10-31 07:16:04,41.0,Male,Pune,Maharashtra,West,Premium,Social Media
C08126,2025-07-12 08:27:00,24.0,Female,Guwahati,Assam,East,Basic,Paid Ads
C08127,2025-10-04 03:54:26,21.0,Other,Bhubaneswar,Odisha,East,Free,Email
C08128,2025-11-30 17:08:59,54.0,Female,Hyderabad,Telangana,South,Free,Organic
C08129,2025-04-01 23:49:10,58.0,Female,Chennai,Tamil Nadu,South,Premium,Paid Ads
C08130,2025-07-21 19:56:15,22.0,Female,Guwahati,Assam,East,Basic,Referral
C08131,2025-06-28 13:06:52,19.0,Male,Hyderabad,Telangana,South,Basic,Paid Ads
C08132,2025-06-03 18:27:25,22.0,Male,Delhi,Delhi,North,Basic,Organic
C08133,2025-10-31 08:28:20,20.0,Male,Chennai,Tamil Nadu,South,Basic,Paid Ads
C08134,2025-05-02 09:53:38,59.0,Male,Mumbai,Maharashtra,West,Premium,Email
C08135,2025-02-13 12:44:42,25.0,Female,Lucknow,Uttar Pradesh,North,Basic,Referral
C08136,2025-09-02 20:37:43,43.0,Female,Bhubaneswar,Odisha,East,Premium,Paid Ads
C08137,2025-03-30 19:45:52,27.0,Male,Pune,Maharashtra,West,Premium,Referral
C08138,2025-11-06 21:42:24,,Male,Hyderabad,Telangana,South,Free,Referral
C08139,2025-10-22 12:07:09,53.0,Male,Lucknow,Uttar Pradesh,North,Free,Referral
C08140,2025-04-12 12:05:25,29.0,Male,Ahmedabad,Gujarat,West,Premium,Paid Ads
C08141,2025-03-21 11:37:20,37.0,Male,Guwahati,Assam,East,Free,Organic
C08142,2025-05-16 10:53:55,46.0,Male,Jaipur,Rajasthan,North,Basic,Referral
C08143,2025-01-10 06:39:33,31.0,Male,Delhi,Delhi,North,Premium,Paid Ads
C08144,2025-03-25 17:55:12,22.0,Female,Pune,Maharashtra,West,Free,Paid Ads
C08145,2025-01-14 04:01:00,44.0,Male,Chennai,Tamil Nadu,South,Free,Organic
C08146,2025-07-09 06:43:52,21.0,Female,Bhubaneswar,Odisha,East,Free,Organic
C08147,2025-09-01 19:18:59,46.0,Female,Pune,Maharashtra,West,Free,Social Media
C08148,2025-09-07 00:16:40,20.0,Male,Hyderabad,Telangana,South,Basic,Paid Ads
C08149,2025-07-06 08:00:53,50.0,Female,Mumbai,Maharashtra,West,Free,Organic
C08150,2025-03-16 06:06:14,47.0,Female,Pune,Maharashtra,West,Premium,Organic
C08151,2025-07-28 14:52:14,53.0,Male,Jaipur,Rajasthan,North,Free,Organic
C08152,2025-10-23 19:56:47,26.0,Male,Bengaluru,Karnataka,South,Basic,Paid Ads
C08153,2025-05-14 02:34:04,18.0,Female,Guwahati,Assam,East,Free,Referral
C08154,2025-02-03 16:29:36,40.0,Male,Chennai,Tamil Nadu,South,Basic,Organic
C08155,2025-03-31 11:24:04,20.0,Male,Hyderabad,Telangana,South,Free,Paid Ads
C08156,2025-10-19 14:43:14,49.0,Male,Bhubaneswar,Odisha,East,Free,Organic
C08157,2025-03-29 05:16:41,41.0,Male,Jaipur,Rajasthan,North,Basic,Organic
C08158,2025-07-16 14:12:41,23.0,Female,Mumbai,Maharashtra,West,Premium,Social Media
C08159,2025-03-08 03:30:04,30.0,Female,Mumbai,Maharashtra,West,Free,Referral
C08160,2025-09-12 09:57:25,32.0,Female,Hyderabad,Telangana,South,Free,Social Media
C08161,2025-10-26 17:21:23,47.0,Male,Chennai,Tamil Nadu,South,Basic,Organic
C08162,2025-05-03 08:38:06,,Female,Guwahati,Assam,East,Premium,Paid Ads
C08163,2025-07-20 03:04:28,57.0,Female,Mumbai,Maharashtra,West,Free,Paid Ads
C08164,2025-01-05 06:05:33,52.0,Female,Mumbai,Maharashtra,West,Free,Referral
C08165,2025-04-30 00:59:56,45.0,Male,Mumbai,Maharashtra,West,Free,Paid Ads
C08166,2025-06-29 00:27:20,,Male,Mumbai,Maharashtra,West,Free,Referral
C08167,2025-09-27 14:07:18,24.0,Female,Kolkata,West Bengal,East,Free,Organic
C08168,2025-07-22 00:05:34,60.0,Male,Lucknow,Uttar Pradesh,North,Free,Paid Ads
C08169,2025-05-04 13:28:13,33.0,Female,Ahmedabad,Gujarat,West,Free,Social Media
C08170,2025-11-06 08:51:42,39.0,Female,Kolkata,West Bengal,East,Free,Paid Ads
C08171,2025-10-10 13:00:51,58.0,Male,Chennai,Tamil Nadu,South,Free,Organic
C08172,2025-09-09 16:02:04,42.0,Female,Chennai,Tamil Nadu,South,Free,Paid Ads
C08173,2025-10-24 01:41:30,20.0,Male,Pune,Maharashtra,West,Free,Social Media
C08174,2025-01-09 00:18:09,39.0,Female,Pune,Maharashtra,West,Free,Organic
C08175,2025-05-11 09:59:43,48.0,Other,Jaipur,Rajasthan,North,Free,Referral
C08176,2025-09-16 18:22:42,54.0,Female,Mumbai,Maharashtra,West,Free,Email
C08177,2025-06-30 12:44:14,39.0,Female,Guwahati,Assam,East,Basic,Paid Ads
C08178,2025-04-07 08:51:59,44.0,Female,Delhi,Delhi,North,Free,Organic
C08179,2025-09-30 16:16:38,19.0,Female,Bhubaneswar,Odisha,East,Basic,Referral
C08180,2025-03-22 21:46:18,39.0,Female,Bhubaneswar,Odisha,East,Free,Organic
C08181,2025-01-15 11:18:03,34.0,Male,Guwahati,Assam,East,Free,Organic
C08182,2025-04-11 07:32:19,37.0,Male,Kolkata,West Bengal,East,Basic,Organic
C08183,2025-10-29 16:43:41,41.0,Female,Guwahati,Assam,East,Free,Organic
C08184,2025-01-01 06:11:59,48.0,Male,Chennai,Tamil Nadu,South,Free,Social Media
C08185,2025-05-09 22:52:11,60.0,Female,Pune,Maharashtra,West,Free,Social Media
C08186,2025-07-11 09:16:41,25.0,Female,Guwahati,Assam,East,Free,Paid Ads
C08187,2025-05-12 18:18:14,22.0,Male,Pune,Maharashtra,West,Free,Email
C08188,2025-11-21 19:51:52,19.0,Male,Bengaluru,Karnataka,South,Basic,Referral
C08189,2025-10-30 00:10:37,21.0,Female,Jaipur,Rajasthan,North,Free,Paid Ads
C08190,2025-10-24 14:18:52,52.0,Female,Pune,Maharashtra,West,Premium,Organic
C08191,2025-11-05 07:39:48,51.0,Male,Bengaluru,Karnataka,South,Free,Social Media
C08192,2025-05-16 20:54:53,20.0,Female,Pune,Maharashtra,West,Free,Paid Ads
C08193,2025-07-18 22:33:36,37.0,Female,Ahmedabad,Gujarat,West,Premium,Paid Ads
C08194,2025-07-28 03:38:44,26.0,Female,Guwahati,Assam,East,Free,Organic
C08195,2025-03-22 07:06:29,23.0,Female,Pune,Maharashtra,West,Premium,Organic
C08196,2025-06-27 11:37:49,22.0,Male,Mumbai,Maharashtra,West,Free,Social Media
C08197,2025-08-24 14:03:54,58.0,Female,Delhi,Delhi,North,Free,Organic
C08198,2025-11-06 23:45:37,,Male,Ahmedabad,Gujarat,West,Free,Paid Ads
C08199,2025-01-14 12:40:23,52.0,Male,Jaipur,Rajasthan,North,Free,Organic
C08200,2025-08-15 02:55:24,48.0,Male,Kolkata,West Bengal,East,Basic,Referral
C08201,2025-05-12 01:28:46,30.0,Male,Kolkata,West Bengal,East,Free,Paid Ads
C08202,2025-10-31 13:32:29,43.0,Female,Ahmedabad,Gujarat,West,Free,Referral
C08203,2025-03-26 18:23:20,39.0,Male,Hyderabad,Telangana,South,Free,Organic
C08204,2025-06-20 00:31:25,,Female,Mumbai,Maharashtra,West,Free,Organic
C08205,2025-10-07 13:06:52,32.0,Female,Lucknow,Uttar Pradesh,North,Premium,Organic
C08206,2025-11-09 15:18:25,28.0,Female,Mumbai,Maharashtra,West,Free,Referral
C08207,2025-04-20 07:27:46,33.0,Female,Bhubaneswar,Odisha,East,Basic,Organic
C08208,2025-07-10 20:20:55,23.0,Other,Guwahati,Assam,East,Free,Referral
C08209,2025-05-10 15:44:26,28.0,Male,Ahmedabad,Gujarat,West,Free,Organic
C08210,2025-11-29 10:52:37,27.0,Female,Bhubaneswar,Odisha,East,Basic,Email
C08211,2025-06-19 13:49:36,33.0,Male,Kolkata,West Bengal,East,Premium,Paid Ads
C08212,2025-05-04 17:53:35,29.0,Female,Bengaluru,Karnataka,South,Premium,Organic
C08213,2025-05-02 11:42:11,24.0,Male,Guwahati,Assam,East,Basic,Organic
C08214,2025-02-22 06:59:00,56.0,Female,Delhi,Delhi,North,Free,Paid Ads
C08215,2025-04-19 05:10:37,44.0,Male,Mumbai,Maharashtra,West,Free,Email
C08216,2025-02-14 06:02:02,41.0,Male,Pune,Maharashtra,West,Basic,Organic
C08217,2025-03-17 08:50:10,32.0,Female,Jaipur,Rajasthan,North,Free,Social Media
C08218,2025-05-20 23:05:20,23.0,Female,Pune,Maharashtra,West,Premium,Paid Ads
C08219,2025-11-12 16:26:52,36.0,Male,Ahmedabad,Gujarat,West,Basic,Social Media
C08220,2025-10-13 19:11:20,25.0,Female,Jaipur,Rajasthan,North,Premium,Social Media
C08221,2025-08-10 21:40:33,53.0,Male,Chennai,Tamil Nadu,South,Basic,Email
C08222,2025-03-18 03:16:16,30.0,Female,Kolkata,West Bengal,East,Basic,Organic
C08223,2025-03-16 08:04:54,50.0,Female,Bhubaneswar,Odisha,East,Free,Social Media
C08224,2025-09-26 16:26:36,49.0,Male,Hyderabad,Telangana,South,Basic,Organic
C08225,2025-06-12 13:12:22,45.0,Male,Pune,Maharashtra,West,Free,Paid Ads
C08226,2025-07-01 12:49:08,57.0,Male,Lucknow,Uttar Pradesh,North,Basic,Referral
C08227,2025-01-31 12:24:33,27.0,Male,Mumbai,Maharashtra,West,Basic,Paid Ads
C08228,2025-09-28 01:18:21,50.0,Female,Kolkata,West Bengal,East,Basic,Referral
C08229,2025-08-26 06:39:12,18.0,Female,Jaipur,Rajasthan,North,Basic,Email
C08230,2025-11-15 04:05:48,38.0,Female,Delhi,Delhi,North,Basic,Social Media
C08231,2025-05-29 01:57:08,22.0,Male,Bhubaneswar,Odisha,East,Free,Paid Ads
C08232,2025-08-31 10:24:41,18.0,Female,Mumbai,Maharashtra,West,Premium,Referral
C08233,2025-11-01 13:20:03,38.0,Male,Hyderabad,Telangana,South,Free,Organic
C08234,2025-06-18 19:06:48,42.0,Female,Delhi,Delhi,North,Basic,Paid Ads
C08235,2025-05-09 16:50:07,37.0,Male,Bhubaneswar,Odisha,East,Free,Referral
C08236,2025-10-09 10:47:48,26.0,Other,Jaipur,Rajasthan,North,Basic,Referral
C08237,2025-04-09 17:50:49,33.0,Male,Jaipur,Rajasthan,North,Free,Email
C08238,2025-04-25 17:18:03,45.0,Female,Hyderabad,Telangana,South,Basic,Organic
C08239,2025-07-19 05:32:59,57.0,Male,Delhi,Delhi,North,Free,Email
C08240,2025-09-20 12:31:45,53.0,Female,Bhubaneswar,Odisha,East,Basic,Referral
C08241,2025-02-11 10:45:23,56.0,Female,Lucknow,Uttar Pradesh,North,Free,Organic
C08242,2025-03-11 10:34:36,41.0,Female,Lucknow,Uttar Pradesh,North,Basic,Paid Ads
C08243,2025-10-26 13:42:51,33.0,Female,Guwahati,Assam,East,Free,Paid Ads
C08244,2025-06-23 00:52:24,,Male,Mumbai,Maharashtra,West,Basic,Paid Ads
C08245,2025-03-11 09:48:23,51.0,Male,Mumbai,Maharashtra,West,Free,Organic
C08246,2025-01-10 22:26:58,41.0,Female,Delhi,Delhi,North,Free,Referral
C08247,2025-09-10 07:49:11,28.0,Male,Guwahati,Assam,East,Basic,Organic
C08248,2025-07-15 05:13:03,53.0,Female,Delhi,Delhi,North,Basic,Email
C08249,2025-01-22 14:21:00,18.0,Female,Chennai,Tamil Nadu,South,Basic,Social Media
C08250,2025-09-05 23:40:17,29.0,Male,Hyderabad,Telangana,South,Premium,Paid Ads
C08251,2025-01-17 19:38:58,38.0,Female,Bengaluru,Karnataka,South,Free,Organic
C08252,2025-08-28 20:43:48,,Female,Hyderabad,Telangana,South,Free,Referral
C08253,2025-10-17 13:44:58,56.0,Female,Guwahati,Assam,East,Free,Referral
C08254,2025-04-18 00:47:23,20.0,Female,Delhi,Delhi,North,Free,Email
C08255,2025-11-29 14:17:33,33.0,Male,Ahmedabad,Gujarat,West,Free,Organic
C08256,2025-10-27 17:26:49,21.0,Female,Bengaluru,Karnataka,South,Basic,Referral
C08257,2025-09-24 10:42:17,43.0,Male,Mumbai,Maharashtra,West,Free,Referral
C08258,2025-06-05 23:10:15,30.0,Female,Bengaluru,Karnataka,South,Free,Organic
C08259,2025-03-19 09:53:55,37.0,Male,Lucknow,Uttar Pradesh,North,Basic,Organic
C08260,2025-07-08 19:06:55,36.0,Male,Hyderabad,Telangana,South,Free,Referral
C08261,2025-04-01 17:21:20,44.0,Female,Kolkata,West Bengal,East,Free,Paid Ads
C08262,2025-05-12 02:24:00,19.0,Male,Guwahati,Assam,East,Free,Email
C08263,2025-10-31 18:07:55,27.0,Other,Delhi,Delhi,North,Premium,Email
C08264,2025-03-12 02:46:44,42.0,Male,Bhubaneswar,Odisha,East,Free,Referral
C08265,2025-08-20 15:43:49,36.0,Male,Hyderabad,Telangana,South,Premium,Referral
C08266,2025-02-26 11:08:32,32.0,Male,Guwahati,Assam,East,Basic,Organic
C08267,2025-07-18 14:32:10,56.0,Male,Jaipur,Rajasthan,North,Free,Email
C08268,2025-06-24 09:34:55,41.0,Female,Pune,Maharashtra,West,Free,Paid Ads
C08269,2025-02-10 07:49:55,33.0,Female,Jaipur,Rajasthan,North,Basic,Paid Ads
C08270,2025-06-27 07:55:37,34.0,Male,Delhi,Delhi,North,Premium,Social Media
C08271,2025-10-21 06:28:36,33.0,Male,Mumbai,Maharashtra,West,Free,Organic
C08272,2025-04-25 21:40:07,35.0,Male,Bhubaneswar,Odisha,East,Free,Paid Ads
C08273,2025-11-19 12:02:16,,Male,Kolkata,West Bengal,East,Free,Referral
C08274,2025-01-23 07:38:02,19.0,Female,Lucknow,Uttar Pradesh,North,Free,Organic
C08275,2025-02-05 19:21:19,48.0,Female,Jaipur,Rajasthan,North,Basic,Organic
C08276,2025-03-08 16:53:17,19.0,Female,Lucknow,Uttar Pradesh,North,Free,Paid Ads
C08277,2025-10-10 15:12:11,,Female,Mumbai,Maharashtra,West,Free,Referral
C08278,2025-02-11 13:48:01,32.0,Female,Pune,Maharashtra,West,Premium,Paid Ads
C08279,2025-10-22 16:46:45,60.0,Female,Mumbai,Maharashtra,West,Free,Email
C08280,2025-09-01 15:12:34,46.0,Male,Guwahati,Assam,East,Basic,Paid Ads
C08281,2025-04-20 01:10:09,51.0,Female,Mumbai,Maharashtra,West,Basic,Paid Ads
C08282,2025-11-23 15:52:11,57.0,Female,Hyderabad,Telangana,South,Free,Organic
C08283,2025-05-14 17:01:17,49.0,Male,Bengaluru,Karnataka,South,Free,Organic
C08284,2025-07-07 11:19:08,38.0,Female,Ahmedabad,Gujarat,West,Free,Paid Ads
C08285,2025-11-09 18:56:32,47.0,Other,Delhi,Delhi,North,Premium,Paid Ads
C08286,2025-10-11 20:01:39,41.0,Female,Chennai,Tamil Nadu,South,Basic,Social Media
C08287,2025-11-06 14:01:11,31.0,Male,Pune,Maharashtra,West,Free,Paid Ads
C08288,2025-07-15 09:28:18,45.0,Female,Kolkata,West Bengal,East,Basic,Organic
C08289,2025-05-24 20:18:37,31.0,Other,Guwahati,Assam,East,Basic,Referral
C08290,2025-06-16 08:06:49,51.0,Male,Delhi,Delhi,North,Free,Paid Ads
C08291,2025-01-13 17:35:32,31.0,Female,Chennai,Tamil Nadu,South,Free,Organic
C08292,2025-11-18 02:01:14,42.0,Female,Lucknow,Uttar Pradesh,North,Basic,Email
C08293,2025-03-01 11:48:08,,Male,Kolkata,West Bengal,East,Free,Paid Ads
C08294,2025-01-09 01:55:42,58.0,Female,Kolkata,West Bengal,East,Premium,Organic
C08295,2025-06-12 21:45:27,57.0,Male,Hyderabad,Telangana,South,Basic,Referral
C08296,2025-09-14 16:24:23,37.0,Female,Bengaluru,Karnataka,South,Free,Social Media
C08297,2025-05-12 03:09:48,59.0,Female,Jaipur,Rajasthan,North,Premium,Social Media
C08298,2025-11-13 16:20:12,24.0,Female,Jaipur,Rajasthan,North,Free,Referral
C08299,2025-02-28 23:02:40,32.0,Male,Guwahati,Assam,East,Premium,Paid Ads
C08300,2025-05-05 01:11:44,26.0,Female,Bengaluru,Karnataka,South,Free,Social Media
C08301,2025-06-11 22:36:17,21.0,Other,Bengaluru,Karnataka,South,Basic,Referral
C08302,2025-07-17 00:25:33,48.0,Male,Pune,Maharashtra,West,Basic,Referral
C08303,2025-04-24 03:10:15,40.0,Female,Lucknow,Uttar Pradesh,North,Free,Referral
C08304,2025-08-12 15:55:37,23.0,Male,Guwahati,Assam,East,Free,Organic
C08305,2025-10-24 16:25:04,45.0,Male,Guwahati,Assam,East,Basic,Organic
C08306,2025-04-05 21:15:42,29.0,Female,Bhubaneswar,Odisha,East,Basic,Email
C08307,2025-04-05 14:06:59,39.0,Female,Bhubaneswar,Odisha,East,Free,Email
C08308,2025-07-17 19:20:40,41.0,Female,Ahmedabad,Gujarat,West,Premium,Social Media
C08309,2025-05-24 13:09:21,51.0,Male,Ahmedabad,Gujarat,West,Basic,Paid Ads
C08310,2025-04-16 10:14:58,36.0,Male,Mumbai,Maharashtra,West,Free,Organic
C08311,2025-10-23 12:08:05,41.0,Female,Mumbai,Maharashtra,West,Basic,Paid Ads
C08312,2025-07-25 01:38:52,37.0,Male,Ahmedabad,Gujarat,West,Free,Social Media
C08313,2025-08-23 09:46:54,,Male,Bhubaneswar,Odisha,East,Premium,Paid Ads
C08314,2025-08-15 19:24:26,44.0,Female,Jaipur,Rajasthan,North,Free,Social Media
C08315,2025-04-07 20:10:17,46.0,Female,Mumbai,Maharashtra,West,Free,Referral
C08316,2025-05-08 22:15:30,18.0,Male,Ahmedabad,Gujarat,West,Free,Referral
C08317,2025-03-12 15:15:42,53.0,Male,Chennai,Tamil Nadu,South,Premium,Email
C08318,2025-09-10 02:06:43,60.0,Female,Jaipur,Rajasthan,North,Free,Email
C08319,2025-05-22 21:16:24,56.0,Other,Chennai,Tamil Nadu,South,Free,Referral
C08320,2025-11-25 07:41:44,24.0,Male,Pune,Maharashtra,West,Free,Organic
C08321,2025-01-19 10:36:25,60.0,Female,Kolkata,West Bengal,East,Free,Email
C08322,2025-10-10 21:55:00,37.0,Male,Jaipur,Rajasthan,North,Free,Organic
C08323,2025-06-16 10:29:12,37.0,Female,Bhubaneswar,Odisha,East,Basic,Paid Ads
C08324,2025-04-09 11:40:39,42.0,Male,Ahmedabad,Gujarat,West,Free,Social Media
C08325,2025-05-24 00:46:14,60.0,Female,Guwahati,Assam,East,Basic,Organic
C08326,2025-10-29 04:23:39,38.0,Female,Bengaluru,Karnataka,South,Free,Referral
C08327,2025-09-20 09:26:31,26.0,Female,Kolkata,West Bengal,East,Basic,Paid Ads
C08328,2025-06-30 14:12:04,44.0,Female,Bengaluru,Karnataka,South,Free,Referral
C08329,2025-01-16 09:18:12,45.0,Male,Bengaluru,Karnataka,South,Basic,Email
C08330,2025-05-28 11:27:27,42.0,Female,Pune,Maharashtra,West,Free,Social Media
C08331,2025-01-23 10:58:24,53.0,Male,Lucknow,Uttar Pradesh,North,Free,Organic
C08332,2025-11-18 20:59:33,51.0,Male,Jaipur,Rajasthan,North,Free,Organic
C08333,2025-06-09 21:03:32,19.0,Male,Chennai,Tamil Nadu,South,Free,Email
C08334,2025-02-05 19:51:51,26.0,Female,Pune,Maharashtra,West,Free,Referral
C08335,2025-02-17 02:10:15,36.0,Male,Hyderabad,Telangana,South,Basic,Organic
C08336,2025-06-29 00:35:29,32.0,Female,Mumbai,Maharashtra,West,Basic,Referral
C08337,2025-11-28 00:40:42,38.0,Female,Bengaluru,Karnataka,South,Free,Organic
C08338,2025-04-03 12:12:43,33.0,Female,Ahmedabad,Gujarat,West,Free,Organic
C08339,2025-02-14 06:43:21,19.0,Female,Ahmedabad,Gujarat,West,Basic,Referral
C08340,2025-08-31 12:38:49,43.0,Male,Bengaluru,Karnataka,South,Premium,Paid Ads
C08341,2025-05-06 07:50:29,46.0,Male,Chennai,Tamil Nadu,South,Free,Paid Ads
C08342,2025-02-20 20:30:42,50.0,Female,Delhi,Delhi,North,Free,Referral
C08343,2025-05-29 19:30:30,51.0,Male,Guwahati,Assam,East,Free,Social Media
C08344,2025-03-15 09:47:21,44.0,Male,Mumbai,Maharashtra,West,Free,Referral
C08345,2025-07-11 12:08:04,24.0,Male,Bengaluru,Karnataka,South,Free,Paid Ads
C08346,2025-02-13 10:47:55,32.0,Male,Delhi,Delhi,North,Premium,Referral
C08347,2025-06-11 02:13:35,34.0,Female,Hyderabad,Telangana,South,Free,Referral
C08348,2025-04-24 22:59:23,26.0,Male,Guwahati,Assam,East,Free,Social Media
C08349,2025-07-29 20:25:29,30.0,Female,Mumbai,Maharashtra,West,Premium,Paid Ads
C08350,2025-10-22 07:03:48,49.0,Male,Delhi,Delhi,North,Free,Organic
C08351,2025-08-22 17:45:30,19.0,Female,Chennai,Tamil Nadu,South,Free,Referral
C08352,2025-08-08 03:16:39,49.0,Female,Bhubaneswar,Odisha,East,Free,Organic
C08353,2025-03-03 04:20:43,37.0,Female,Bengaluru,Karnataka,South,Free,Paid Ads
C08354,2025-05-12 11:42:28,60.0,Male,Lucknow,Uttar Pradesh,North,Basic,Organic
C08355,2025-08-18 02:21:20,36.0,Male,Bhubaneswar,Odisha,East,Free,Paid Ads
C08356,2025-09-15 14:30:25,44.0,Female,Mumbai,Maharashtra,West,Basic,Paid Ads
C08357,2025-08-19 17:59:00,53.0,Male,Pune,Maharashtra,West,Basic,Email
C08358,2025-06-25 21:46:03,47.0,Male,Jaipur,Rajasthan,North,Free,Referral
C08359,2025-07-18 23:51:42,28.0,Female,Bhubaneswar,Odisha,East,Basic,Organic
C08360,2025-09-04 00:59:44,33.0,Other,Guwahati,Assam,East,Basic,Social Media
C08361,2025-03-30 05:17:30,43.0,Female,Bengaluru,Karnataka,South,Premium,Paid Ads
C08362,2025-09-28 06:03:29,47.0,Other,Guwahati,Assam,East,Free,Organic
C08363,2025-08-08 02:14:58,19.0,Female,Guwahati,Assam,East,Free,Paid Ads
C08364,2025-04-13 00:33:35,51.0,Female,Pune,Maharashtra,West,Premium,Organic
C08365,2025-02-03 13:09:47,58.0,Male,Delhi,Delhi,North,Free,Paid Ads
C08366,2025-06-07 22:37:11,39.0,Female,Chennai,Tamil Nadu,South,Free,Social Media
C08367,2025-10-18 08:47:58,48.0,Female,Ahmedabad,Gujarat,West,Basic,Referral
C08368,2025-07-03 11:35:31,38.0,Male,Hyderabad,Telangana,South,Free,Paid Ads
C08369,2025-06-17 19:04:23,53.0,Female,Delhi,Delhi,North,Free,Organic
C08370,2025-05-14 18:43:56,57.0,Male,Guwahati,Assam,East,Premium,Organic
C08371,2025-09-26 06:46:00,40.0,Female,Guwahati,Assam,East,Basic,Email
C08372,2025-09-14 02:21:54,43.0,Female,Mumbai,Maharashtra,West,Basic,Paid Ads
C08373,2025-11-27 03:25:35,35.0,Male,Pune,Maharashtra,West,Free,Referral
C08374,2025-09-25 19:49:41,32.0,Male,Delhi,Delhi,North,Basic,Paid Ads
C08375,2025-08-25 06:33:29,51.0,Other,Lucknow,Uttar Pradesh,North,Basic,Organic
C08376,2025-11-02 21:31:18,39.0,Female,Mumbai,Maharashtra,West,Free,Email
C08377,2025-06-13 10:03:36,45.0,Male,Bhubaneswar,Odisha,East,Free,Organic
C08378,2025-11-26 22:47:18,60.0,Female,Guwahati,Assam,East,Basic,Referral
C08379,2025-10-21 19:35:12,24.0,Male,Jaipur,Rajasthan,North,Free,Social Media
C08380,2025-08-07 10:10:32,57.0,Male,Pune,Maharashtra,West,Free,Social Media
C08381,2025-07-12 04:21:15,59.0,Female,Delhi,Delhi,North,Free,Social Media
C08382,2025-05-31 15:42:39,41.0,Female,Bhubaneswar,Odisha,East,Free,Social Media
C08383,2025-11-13 04:43:32,52.0,Male,Delhi,Delhi,North,Free,Paid Ads
C08384,2025-08-10 17:45:57,30.0,Female,Bengaluru,Karnataka,South,Basic,Email
C08385,2025-05-02 18:26:55,30.0,Male,Pune,Maharashtra,West,Free,Email
C08386,2025-05-19 03:40:30,48.0,Female,Mumbai,Maharashtra,West,Free,Paid Ads
C08387,2025-07-08 05:32:17,36.0,Male,Bengaluru,Karnataka,South,Free,Paid Ads
C08388,2025-11-13 15:10:11,46.0,Male,Pune,Maharashtra,West,Free,Paid Ads
C08389,2025-10-11 08:42:11,39.0,Male,Lucknow,Uttar Pradesh,North,Free,Organic
C08390,2025-04-11 00:59:16,,Male,Kolkata,West Bengal,East,Free,Organic
C08391,2025-03-19 00:27:18,38.0,Male,Delhi,Delhi,North,Free,Organic
C08392,2025-02-08 01:16:44,33.0,Male,Bhubaneswar,Odisha,East,Free,Social Media
C08393,2025-01-22 02:42:34,47.0,Female,Bengaluru,Karnataka,South,Free,Referral
C08394,2025-11-28 19:50:19,22.0,Male,Jaipur,Rajasthan,North,Premium,Social Media
C08395,2025-10-30 06:38:38,58.0,Male,Hyderabad,Telangana,South,Free,Social Media
C08396,2025-03-09 01:52:48,58.0,Female,Lucknow,Uttar Pradesh,North,Basic,Paid Ads
C08397,2025-10-17 02:56:31,23.0,Male,Jaipur,Rajasthan,North,Free,Organic
C08398,2025-06-20 19:29:45,38.0,Female,Ahmedabad,Gujarat,West,Free,Referral
C08399,2025-06-15 04:18:59,59.0,Male,Chennai,Tamil Nadu,South,Basic,Email
C08400,2025-02-20 03:24:12,28.0,Male,Bengaluru,Karnataka,South,Free,Social Media
C08401,2025-05-07 11:18:00,41.0,Male,Ahmedabad,Gujarat,West,Free,Social Media
C08402,2025-09-23 09:21:51,45.0,Male,Bengaluru,Karnataka,South,Free,Social Media
C08403,2025-09-30 11:10:23,,Female,Delhi,Delhi,North,Free,Paid Ads
C08404,2025-03-06 18:23:19,56.0,Male,Jaipur,Rajasthan,North,Basic,Organic
C08405,2025-10-16 17:53:06,57.0,Female,Ahmedabad,Gujarat,West,Basic,Organic
C08406,2025-11-07 20:43:33,36.0,Female,Guwahati,Assam,East,Free,Referral
C08407,2025-01-13 08:55:54,34.0,Male,Kolkata,West Bengal,East,Free,Paid Ads
C08408,2025-10-22 06:01:11,20.0,Female,Mumbai,Maharashtra,West,Premium,Social Media
C08409,2025-06-17 23:56:06,20.0,Male,Pune,Maharashtra,West,Free,Paid Ads
C08410,2025-05-02 00:21:26,56.0,Female,Ahmedabad,Gujarat,West,Basic,Organic
C08411,2025-10-10 00:23:26,45.0,Female,Pune,Maharashtra,West,Premium,Social Media
C08412,2025-10-14 05:07:48,48.0,Male,Chennai,Tamil Nadu,South,Free,Referral
C08413,2025-07-15 10:03:50,59.0,Female,Pune,Maharashtra,West,Free,Organic
C08414,2025-06-13 17:39:41,25.0,Male,Ahmedabad,Gujarat,West,Premium,Email
C08415,2025-04-26 15:37:48,34.0,Male,Bhubaneswar,Odisha,East,Free,Paid Ads
C08416,2025-10-06 14:48:49,52.0,Male,Guwahati,Assam,East,Free,Referral
C08417,2025-06-28 05:42:54,53.0,Female,Chennai,Tamil Nadu,South,Free,Email
C08418,2025-03-03 07:39:01,,Male,Delhi,Delhi,North,Free,Organic
C08419,2025-06-26 20:25:49,57.0,Male,Chennai,Tamil Nadu,South,Premium,Social Media
C08420,2025-03-21 04:02:25,50.0,Male,Bhubaneswar,Odisha,East,Free,Referral
C08421,2025-11-26 05:47:14,28.0,Male,Lucknow,Uttar Pradesh,North,Free,Organic
C08422,2025-07-30 11:59:12,38.0,Male,Mumbai,Maharashtra,West,Basic,Referral
C08423,2025-06-17 21:48:02,23.0,Male,Kolkata,West Bengal,East,Free,Social Media
C08424,2025-11-12 11:51:58,38.0,Male,Guwahati,Assam,East,Basic,Social Media
C08425,2025-01-13 04:37:58,45.0,Male,Guwahati,Assam,East,Premium,Social Media
C08426,2025-08-13 08:51:00,34.0,Female,Mumbai,Maharashtra,West,Premium,Organic
C08427,2025-03-23 20:10:11,35.0,Female,Guwahati,Assam,East,Free,Organic
C08428,2025-07-10 08:32:14,28.0,Male,Bengaluru,Karnataka,South,Basic,Referral
C08429,2025-01-16 03:55:42,42.0,Female,Pune,Maharashtra,West,Free,Referral
C08430,2025-10-05 02:04:12,47.0,Male,Bhubaneswar,Odisha,East,Free,Email
C08431,2025-05-18 02:36:43,42.0,Female,Kolkata,West Bengal,East,Free,Paid Ads
C08432,2025-07-17 21:59:19,24.0,Male,Delhi,Delhi,North,Basic,Paid Ads
C08433,2025-08-21 23:43:35,54.0,Female,Bhubaneswar,Odisha,East,Free,Organic
C08434,2025-10-10 07:55:59,44.0,Female,Chennai,Tamil Nadu,South,Basic,Organic
C08435,2025-01-17 11:33:52,43.0,Female,Bengaluru,Karnataka,South,Free,Organic
C08436,2025-02-26 14:23:20,30.0,Female,Ahmedabad,Gujarat,West,Premium,Referral
C08437,2025-02-01 22:00:47,41.0,Female,Ahmedabad,Gujarat,West,Free,Organic
C08438,2025-10-10 21:22:37,29.0,Male,Kolkata,West Bengal,East,Premium,Social Media
C08439,2025-08-02 07:21:28,31.0,Female,Lucknow,Uttar Pradesh,North,Basic,Referral
C08440,2025-08-31 10:37:21,26.0,Male,Pune,Maharashtra,West,Premium,Social Media
C08441,2025-01-05 00:41:37,48.0,Male,Pune,Maharashtra,West,Basic,Paid Ads
C08442,2025-01-29 15:40:23,21.0,Male,Guwahati,Assam,East,Basic,Referral
C08443,2025-01-23 01:43:07,36.0,Female,Delhi,Delhi,North,Free,Paid Ads
C08444,2025-02-19 17:44:10,18.0,Male,Pune,Maharashtra,West,Basic,Email
C08445,2025-04-06 19:51:01,46.0,Female,Bhubaneswar,Odisha,East,Free,Social Media
C08446,2025-07-04 16:00:50,23.0,Female,Jaipur,Rajasthan,North,Free,Referral
C08447,2025-10-02 06:01:31,18.0,Male,Lucknow,Uttar Pradesh,North,Basic,Referral
C08448,2025-04-14 12:24:49,42.0,Male,Bengaluru,Karnataka,South,Free,Organic
C08449,2025-01-03 06:41:08,44.0,Female,Guwahati,Assam,East,Free,Social Media
C08450,2025-05-09 21:58:06,39.0,Female,Bengaluru,Karnataka,South,Free,Email
C08451,2025-10-04 23:09:27,34.0,Male,Delhi,Delhi,North,Free,Organic
C08452,2025-10-03 22:21:57,46.0,Male,Guwahati,Assam,East,Free,Referral
C08453,2025-07-08 16:26:51,20.0,Male,Jaipur,Rajasthan,North,Free,Paid Ads
C08454,2025-05-23 06:30:10,34.0,Male,Mumbai,Maharashtra,West,Free,Social Media
C08455,2025-04-03 19:50:35,19.0,Male,Hyderabad,Telangana,South,Basic,Organic
C08456,2025-09-14 05:07:23,49.0,Female,Bhubaneswar,Odisha,East,Free,Organic
C08457,2025-04-01 15:27:04,39.0,Female,Delhi,Delhi,North,Premium,Organic
C08458,2025-08-01 19:45:59,56.0,Female,Mumbai,Maharashtra,West,Premium,Organic
C08459,2025-08-22 08:49:25,50.0,Male,Chennai,Tamil Nadu,South,Free,Referral
C08460,2025-08-30 03:00:01,39.0,Male,Mumbai,Maharashtra,West,Free,Organic
C08461,2025-04-23 08:19:14,21.0,Female,Hyderabad,Telangana,South,Free,Referral
C08462,2025-11-25 11:46:23,55.0,Female,Bengaluru,Karnataka,South,Premium,Social Media
C08463,2025-08-10 02:40:13,30.0,Male,Mumbai,Maharashtra,West,Basic,Organic
C08464,2025-07-23 09:34:55,40.0,Female,Chennai,Tamil Nadu,South,Basic,Organic
C08465,2025-11-02 03:11:51,30.0,Female,Hyderabad,Telangana,South,Premium,Email
C08466,2025-11-29 19:04:35,37.0,Female,Pune,Maharashtra,West,Premium,Referral
C08467,2025-05-31 17:00:42,50.0,Female,Ahmedabad,Gujarat,West,Premium,Organic
C08468,2025-06-13 18:37:53,51.0,Female,Jaipur,Rajasthan,North,Basic,Paid Ads
C08469,2025-01-10 08:23:18,55.0,Male,Mumbai,Maharashtra,West,Premium,Email
C08470,2025-01-05 18:59:21,46.0,Female,Guwahati,Assam,East,Premium,Organic
C08471,2025-02-20 16:50:46,49.0,Male,Guwahati,Assam,East,Free,Social Media
C08472,2025-10-26 23:42:17,28.0,Male,Mumbai,Maharashtra,West,Premium,Organic
C08473,2025-09-10 02:50:32,35.0,Male,Pune,Maharashtra,West,Basic,Paid Ads
C08474,2025-05-02 13:55:48,38.0,Male,Guwahati,Assam,East,Free,Email
C08475,2025-04-19 02:44:41,29.0,Other,Bengaluru,Karnataka,South,Free,Organic
C08476,2025-03-24 14:55:21,56.0,Male,Delhi,Delhi,North,Basic,Paid Ads
C08477,2025-05-06 20:56:05,37.0,Female,Guwahati,Assam,East,Free,Paid Ads
C08478,2025-09-20 12:18:35,24.0,Male,Lucknow,Uttar Pradesh,North,Premium,Referral
C08479,2025-06-11 04:45:53,44.0,Male,Lucknow,Uttar Pradesh,North,Free,Organic
C08480,2025-04-15 17:22:09,24.0,Female,Bengaluru,Karnataka,South,Premium,Paid Ads
C08481,2025-01-21 19:01:15,19.0,Male,Bhubaneswar,Odisha,East,Free,Paid Ads
C08482,2025-02-24 10:32:24,60.0,Female,Pune,Maharashtra,West,Free,Organic
C08483,2025-01-10 21:37:26,50.0,Male,Hyderabad,Telangana,South,Premium,Paid Ads
C08484,2025-08-31 07:10:04,38.0,Female,Bengaluru,Karnataka,South,Free,Email
C08485,2025-05-20 09:08:36,46.0,Male,Delhi,Delhi,North,Premium,Organic
C08486,2025-03-04 20:17:42,49.0,Female,Hyderabad,Telangana,South,Free,Referral
C08487,2025-02-13 02:04:08,29.0,Male,Kolkata,West Bengal,East,Premium,Organic
C08488,2025-04-01 16:05:13,30.0,Female,Delhi,Delhi,North,Free,Organic
C08489,2025-04-15 13:09:12,56.0,Female,Kolkata,West Bengal,East,Free,Organic
C08490,2025-09-28 21:48:32,57.0,Male,Guwahati,Assam,East,Premium,Paid Ads
C08491,2025-07-16 08:48:12,20.0,Male,Hyderabad,Telangana,South,Free,Organic
C08492,2025-09-20 02:18:54,56.0,Female,Guwahati,Assam,East,Premium,Referral
C08493,2025-06-01 01:59:55,25.0,Female,Pune,Maharashtra,West,Premium,Email
C08494,2025-08-04 00:30:58,19.0,Male,Chennai,Tamil Nadu,South,Free,Organic
C08495,2025-07-01 15:31:34,23.0,Female,Guwahati,Assam,East,Free,Referral
C08496,2025-10-24 13:15:47,58.0,Female,Bengaluru,Karnataka,South,Free,Organic
C08497,2025-10-26 04:27:29,32.0,Female,Bengaluru,Karnataka,South,Free,Organic
C08498,2025-01-06 17:56:11,29.0,Female,Lucknow,Uttar Pradesh,North,Free,Organic
C08499,2025-01-23 01:15:46,58.0,Female,Kolkata,West Bengal,East,Basic,Paid Ads
C08500,2025-11-04 17:20:38,49.0,Female,Mumbai,Maharashtra,West,Premium,Organic
C08501,2025-03-30 23:07:51,23.0,Female,Pune,Maharashtra,West,Free,Social Media
C08502,2025-07-25 15:35:06,44.0,Male,Mumbai,Maharashtra,West,Free,Organic
C08503,2025-11-20 04:58:00,30.0,Female,Mumbai,Maharashtra,West,Basic,Paid Ads
C08504,2025-02-13 11:58:45,40.0,Female,Hyderabad,Telangana,South,Free,Referral
C08505,2025-05-30 23:39:37,27.0,Female,Bhubaneswar,Odisha,East,Basic,Organic
C08506,2025-03-08 01:31:20,31.0,Male,Jaipur,Rajasthan,North,Free,Referral
C08507,2025-02-05 14:05:39,20.0,Male,Kolkata,West Bengal,East,Premium,Organic
C08508,2025-01-13 17:11:39,29.0,Female,Lucknow,Uttar Pradesh,North,Basic,Organic
C08509,2025-02-10 18:13:24,42.0,Female,Chennai,Tamil Nadu,South,Free,Social Media
C08510,2025-06-03 21:16:08,18.0,Male,Pune,Maharashtra,West,Basic,Paid Ads
C08511,2025-01-27 16:26:00,49.0,Male,Kolkata,West Bengal,East,Premium,Social Media
C08512,2025-04-29 04:26:32,41.0,Female,Jaipur,Rajasthan,North,Basic,Organic
C08513,2025-02-09 09:13:06,59.0,Female,Lucknow,Uttar Pradesh,North,Free,Paid Ads
C08514,2025-05-23 18:09:45,26.0,Female,Lucknow,Uttar Pradesh,North,Free,Organic
C08515,2025-11-10 13:27:53,18.0,Female,Pune,Maharashtra,West,Free,Paid Ads
C08516,2025-10-06 19:14:07,59.0,Male,Ahmedabad,Gujarat,West,Free,Paid Ads
C08517,2025-02-23 14:50:49,56.0,Female,Hyderabad,Telangana,South,Free,Organic
C08518,2025-08-29 03:04:55,27.0,Female,Bengaluru,Karnataka,South,Basic,Paid Ads
C08519,2025-08-25 16:53:54,60.0,Female,Pune,Maharashtra,West,Free,Organic
C08520,2025-05-22 02:40:28,58.0,Male,Chennai,Tamil Nadu,South,Free,Social Media
C08521,2025-10-15 23:46:12,47.0,Male,Mumbai,Maharashtra,West,Free,Paid Ads
C08522,2025-07-10 10:31:51,22.0,Female,Mumbai,Maharashtra,West,Free,Referral
C08523,2025-05-06 11:54:58,21.0,Female,Kolkata,West Bengal,East,Free,Social Media
C08524,2025-09-17 01:00:29,25.0,Female,Mumbai,Maharashtra,West,Basic,Organic
C08525,2025-08-05 02:25:47,33.0,Female,Lucknow,Uttar Pradesh,North,Premium,Paid Ads
C08526,2025-10-31 14:35:52,18.0,Male,Guwahati,Assam,East,Basic,Organic
C08527,2025-02-13 04:24:57,32.0,Female,Mumbai,Maharashtra,West,Free,Organic
C08528,2025-04-13 09:06:42,41.0,Female,Chennai,Tamil Nadu,South,Premium,Organic
C08529,2025-10-21 13:41:05,32.0,Female,Jaipur,Rajasthan,North,Free,Paid Ads
C08530,2025-09-30 18:27:47,23.0,Female,Jaipur,Rajasthan,North,Free,Paid Ads
C08531,2025-01-25 12:33:17,19.0,Male,Bengaluru,Karnataka,South,Free,Organic
C08532,2025-10-01 08:38:23,22.0,Female,Guwahati,Assam,East,Free,Organic
C08533,2025-03-11 18:59:17,56.0,Male,Lucknow,Uttar Pradesh,North,Basic,Organic
C08534,2025-09-16 06:20:15,58.0,Female,Hyderabad,Telangana,South,Premium,Organic
C08535,2025-06-26 00:34:33,51.0,Female,Lucknow,Uttar Pradesh,North,Basic,Referral
C08536,2025-04-05 00:45:02,56.0,Female,Pune,Maharashtra,West,Free,Referral
C08537,2025-05-24 08:08:30,49.0,Other,Bhubaneswar,Odisha,East,Free,Paid Ads
C08538,2025-05-19 21:40:00,46.0,Male,Hyderabad,Telangana,South,Free,Social Media
C08539,2025-09-03 17:35:26,46.0,Male,Mumbai,Maharashtra,West,Premium,Paid Ads
C08540,2025-03-17 23:01:11,41.0,Female,Hyderabad,Telangana,South,Free,Paid Ads
C08541,2025-01-18 03:23:16,48.0,Male,Lucknow,Uttar Pradesh,North,Free,Organic
C08542,2025-02-04 06:03:32,41.0,Male,Delhi,Delhi,North,Free,Organic
C08543,2025-06-24 17:32:41,32.0,Female,Hyderabad,Telangana,South,Basic,Social Media
C08544,2025-09-18 15:31:48,29.0,Female,Jaipur,Rajasthan,North,Basic,Email
C08545,2025-05-20 06:04:02,37.0,Male,Mumbai,Maharashtra,West,Free,Referral
C08546,2025-11-18 04:23:41,21.0,Male,Delhi,Delhi,North,Basic,Organic
C08547,2025-05-03 11:06:11,30.0,Male,Hyderabad,Telangana,South,Basic,Organic
C08548,2025-05-13 18:01:08,58.0,Female,Pune,Maharashtra,West,Basic,Paid Ads
C08549,2025-04-26 02:01:46,27.0,Male,Pune,Maharashtra,West,Premium,Social Media
C08550,2025-08-26 02:31:54,58.0,Female,Bhubaneswar,Odisha,East,Premium,Organic
C08551,2025-07-31 13:54:09,40.0,Female,Hyderabad,Telangana,South,Free,Social Media
C08552,2025-11-23 20:34:09,24.0,Male,Guwahati,Assam,East,Basic,Referral
C08553,2025-10-15 17:48:03,29.0,Male,Jaipur,Rajasthan,North,Basic,Social Media
C08554,2025-11-10 06:12:59,32.0,Female,Ahmedabad,Gujarat,West,Free,Referral
C08555,2025-09-25 00:29:35,24.0,Male,Pune,Maharashtra,West,Premium,Referral
C08556,2025-01-02 22:13:36,25.0,Female,Lucknow,Uttar Pradesh,North,Free,Organic
C08557,2025-02-01 12:37:33,24.0,Female,Kolkata,West Bengal,East,Basic,Social Media
C08558,2025-03-06 17:12:38,60.0,Male,Delhi,Delhi,North,Free,Social Media
C08559,2025-02-26 00:48:14,21.0,Male,Hyderabad,Telangana,South,Basic,Social Media
C08560,2025-06-28 20:36:45,24.0,Female,Hyderabad,Telangana,South,Free,Organic
C08561,2025-09-10 00:57:51,58.0,Male,Bhubaneswar,Odisha,East,Free,Referral
C08562,2025-04-24 09:44:07,47.0,Male,Bengaluru,Karnataka,South,Free,Email
C08563,2025-04-15 22:10:09,35.0,Male,Jaipur,Rajasthan,North,Free,Referral
C08564,2025-11-26 11:38:06,47.0,Female,Hyderabad,Telangana,South,Premium,Organic
C08565,2025-03-19 17:29:35,24.0,Female,Pune,Maharashtra,West,Free,Social Media
C08566,2025-05-28 06:51:34,40.0,Male,Jaipur,Rajasthan,North,Free,Organic
C08567,2025-05-10 08:23:31,54.0,Female,Hyderabad,Telangana,South,Basic,Organic
C08568,2025-01-12 12:47:22,24.0,Male,Bengaluru,Karnataka,South,Free,Paid Ads
C08569,2025-10-13 03:57:45,55.0,Female,Pune,Maharashtra,West,Free,Organic
C08570,2025-08-03 08:52:04,46.0,Male,Ahmedabad,Gujarat,West,Free,Organic
C08571,2025-08-28 09:46:00,51.0,Male,Pune,Maharashtra,West,Basic,Paid Ads
C08572,2025-02-19 08:03:33,56.0,Female,Ahmedabad,Gujarat,West,Premium,Referral
C08573,2025-07-29 05:19:05,58.0,Male,Ahmedabad,Gujarat,West,Premium,Email
C08574,2025-04-14 11:24:33,35.0,Male,Ahmedabad,Gujarat,West,Premium,Referral
C08575,2025-08-11 03:54:08,60.0,Female,Bengaluru,Karnataka,South,Basic,Social Media
C08576,2025-08-22 10:56:47,42.0,Female,Kolkata,West Bengal,East,Premium,Paid Ads
C08577,2025-11-23 20:04:59,44.0,Female,Lucknow,Uttar Pradesh,North,Free,Paid Ads
C08578,2025-08-25 06:29:15,44.0,Female,Kolkata,West Bengal,East,Free,Referral
C08579,2025-09-10 22:14:53,29.0,Female,Pune,Maharashtra,West,Free,Referral
C08580,2025-04-11 19:26:21,40.0,Male,Kolkata,West Bengal,East,Free,Referral
C08581,2025-10-13 23:06:55,34.0,Male,Mumbai,Maharashtra,West,Premium,Organic
C08582,2025-02-05 13:08:24,24.0,Male,Chennai,Tamil Nadu,South,Free,Paid Ads
C08583,2025-07-26 03:41:04,41.0,Male,Chennai,Tamil Nadu,South,Basic,Paid Ads
C08584,2025-02-03 16:08:02,24.0,Female,Bhubaneswar,Odisha,East,Free,Organic
C08585,2025-08-24 08:07:23,46.0,Male,Ahmedabad,Gujarat,West,Free,Social Media
C08586,2025-06-02 05:26:09,45.0,Male,Pune,Maharashtra,West,Free,Paid Ads
C08587,2025-11-23 10:13:02,40.0,Male,Chennai,Tamil Nadu,South,Free,Social Media
C08588,2025-08-17 16:42:54,27.0,Male,Chennai,Tamil Nadu,South,Premium,Organic
C08589,2025-02-22 01:17:50,33.0,Female,Lucknow,Uttar Pradesh,North,Basic,Referral
C08590,2025-01-11 04:16:27,60.0,Male,Delhi,Delhi,North,Basic,Email
C08591,2025-04-03 06:44:48,51.0,Male,Hyderabad,Telangana,South,Free,Organic
C08592,2025-01-15 12:42:38,42.0,Other,Kolkata,West Bengal,East,Free,Paid Ads
C08593,2025-06-12 09:45:07,19.0,Female,Pune,Maharashtra,West,Free,Paid Ads
C08594,2025-05-22 18:37:48,22.0,Female,Hyderabad,Telangana,South,Basic,Paid Ads
C08595,2025-09-22 09:17:00,31.0,Female,Lucknow,Uttar Pradesh,North,Free,Referral
C08596,2025-02-28 17:47:41,48.0,Female,Delhi,Delhi,North,Basic,Paid Ads
C08597,2025-04-16 18:00:35,57.0,Male,Lucknow,Uttar Pradesh,North,Basic,Referral
C08598,2025-08-14 19:08:06,23.0,Male,Ahmedabad,Gujarat,West,Free,Paid Ads
C08599,2025-11-04 11:11:03,45.0,Female,Delhi,Delhi,North,Basic,Organic
C08600,2025-08-17 05:37:16,26.0,Male,Lucknow,Uttar Pradesh,North,Basic,Email
C08601,2025-04-20 20:53:43,23.0,Male,Ahmedabad,Gujarat,West,Free,Organic
C08602,2025-09-24 14:01:11,34.0,Male,Jaipur,Rajasthan,North,Basic,Referral
C08603,2025-07-16 16:45:17,57.0,Male,Chennai,Tamil Nadu,South,Basic,Organic
C08604,2025-08-16 17:42:19,52.0,Female,Bhubaneswar,Odisha,East,Free,Email
C08605,2025-05-31 12:47:25,29.0,Male,Pune,Maharashtra,West,Free,Email
C08606,2025-09-12 17:38:32,35.0,Male,Pune,Maharashtra,West,Free,Paid Ads
C08607,2025-01-23 08:18:16,60.0,Female,Lucknow,Uttar Pradesh,North,Premium,Organic
C08608,2025-05-07 14:11:37,51.0,Female,Ahmedabad,Gujarat,West,Free,Social Media
C08609,2025-11-03 23:45:27,18.0,Female,Jaipur,Rajasthan,North,Free,Organic
C08610,2025-07-13 20:45:20,32.0,Male,Bengaluru,Karnataka,South,Free,Referral
C08611,2025-03-27 05:38:59,35.0,Male,Pune,Maharashtra,West,Free,Email
C08612,2025-11-09 13:32:28,39.0,Female,Hyderabad,Telangana,South,Free,Referral
C08613,2025-06-06 21:44:46,35.0,Male,Bengaluru,Karnataka,South,Free,Social Media
C08614,2025-08-08 14:54:52,18.0,Male,Bhubaneswar,Odisha,East,Free,Organic
C08615,2025-01-05 18:28:56,37.0,Female,Kolkata,West Bengal,East,Premium,Email
C08616,2025-10-18 04:37:03,53.0,Male,Chennai,Tamil Nadu,South,Premium,Organic
C08617,2025-01-01 11:55:28,55.0,Male,Hyderabad,Telangana,South,Free,Organic
C08618,2025-10-24 20:27:20,42.0,Male,Bhubaneswar,Odisha,East,Premium,Social Media
C08619,2025-11-06 03:47:17,33.0,Male,Kolkata,West Bengal,East,Free,Referral
C08620,2025-06-17 00:45:07,37.0,Male,Guwahati,Assam,East,Basic,Social Media
C08621,2025-06-16 21:18:35,55.0,Male,Chennai,Tamil Nadu,South,Free,Social Media
C08622,2025-01-05 11:44:15,50.0,Male,Bhubaneswar,Odisha,East,Free,Referral
C08623,2025-07-12 22:53:47,24.0,Male,Pune,Maharashtra,West,Free,Organic
C08624,2025-08-04 05:37:24,40.0,Male,Chennai,Tamil Nadu,South,Free,Referral
C08625,2025-07-24 15:00:30,28.0,Female,Guwahati,Assam,East,Basic,Organic
C08626,2025-03-10 12:37:58,50.0,Female,Lucknow,Uttar Pradesh,North,Free,Organic
C08627,2025-04-26 12:38:01,57.0,Male,Pune,Maharashtra,West,Free,Referral
C08628,2025-03-16 01:07:08,22.0,Other,Hyderabad,Telangana,South,Premium,Email
C08629,2025-03-25 02:10:11,58.0,Female,Mumbai,Maharashtra,West,Basic,Social Media
C08630,2025-10-12 16:32:23,25.0,Female,Lucknow,Uttar Pradesh,North,Free,Paid Ads
C08631,2025-09-28 00:14:58,34.0,Male,Delhi,Delhi,North,Free,Social Media
C08632,2025-09-15 18:33:21,35.0,Female,Kolkata,West Bengal,East,Premium,Email
C08633,2025-05-17 16:36:16,44.0,Female,Guwahati,Assam,East,Free,Paid Ads
C08634,2025-05-19 00:33:33,48.0,Male,Pune,Maharashtra,West,Basic,Organic
C08635,2025-03-14 21:43:40,21.0,Female,Ahmedabad,Gujarat,West,Basic,Organic
C08636,2025-05-20 14:37:41,19.0,Female,Bengaluru,Karnataka,South,Free,Paid Ads
C08637,2025-10-06 08:15:35,22.0,Male,Bengaluru,Karnataka,South,Premium,Organic
C08638,2025-10-02 18:57:02,34.0,Male,Ahmedabad,Gujarat,West,Free,Paid Ads
C08639,2025-10-15 13:00:58,56.0,Male,Delhi,Delhi,North,Basic,Social Media
C08640,2025-07-10 06:55:24,49.0,Male,Lucknow,Uttar Pradesh,North,Basic,Paid Ads
C08641,2025-07-16 16:59:47,46.0,Male,Hyderabad,Telangana,South,Basic,Email
C08642,2025-03-05 20:39:52,33.0,Female,Pune,Maharashtra,West,Premium,Paid Ads
C08643,2025-01-20 06:53:23,18.0,Female,Mumbai,Maharashtra,West,Basic,Organic
C08644,2025-04-23 05:48:19,29.0,Female,Ahmedabad,Gujarat,West,Basic,Paid Ads
C08645,2025-06-23 18:17:35,36.0,Female,Delhi,Delhi,North,Free,Email
C08646,2025-05-21 01:10:20,26.0,Male,Ahmedabad,Gujarat,West,Basic,Organic
C08647,2025-09-22 09:47:23,24.0,Male,Ahmedabad,Gujarat,West,Basic,Organic
C08648,2025-05-08 15:07:19,47.0,Female,Bhubaneswar,Odisha,East,Premium,Referral
C08649,2025-08-16 19:08:28,32.0,Male,Lucknow,Uttar Pradesh,North,Premium,Organic
C08650,2025-11-20 03:29:11,21.0,Female,Bhubaneswar,Odisha,East,Free,Social Media
C08651,2025-10-07 14:25:24,23.0,Male,Kolkata,West Bengal,East,Free,Paid Ads
C08652,2025-10-31 23:00:50,55.0,Female,Pune,Maharashtra,West,Premium,Social Media
C08653,2025-09-13 14:35:23,52.0,Male,Bhubaneswar,Odisha,East,Basic,Referral
C08654,2025-06-02 16:19:29,19.0,Male,Delhi,Delhi,North,Free,Organic
C08655,2025-05-22 06:18:22,22.0,Female,Pune,Maharashtra,West,Free,Paid Ads
C08656,2025-03-25 18:38:16,25.0,Female,Pune,Maharashtra,West,Free,Paid Ads
C08657,2025-04-09 04:32:45,47.0,Male,Lucknow,Uttar Pradesh,North,Basic,Social Media
C08658,2025-01-15 19:57:28,36.0,Female,Bhubaneswar,Odisha,East,Basic,Referral
C08659,2025-01-04 22:17:40,47.0,Male,Guwahati,Assam,East,Free,Social Media
C08660,2025-09-19 09:24:15,48.0,Male,Chennai,Tamil Nadu,South,Free,Paid Ads
C08661,2025-02-09 14:01:33,33.0,Female,Mumbai,Maharashtra,West,Basic,Referral
C08662,2025-10-13 10:44:12,55.0,Male,Mumbai,Maharashtra,West,Premium,Organic
C08663,2025-06-30 23:42:38,39.0,Female,Bhubaneswar,Odisha,East,Free,Organic
C08664,2025-11-03 03:34:31,50.0,Female,Ahmedabad,Gujarat,West,Premium,Organic
C08665,2025-08-31 03:13:26,39.0,Male,Jaipur,Rajasthan,North,Free,Social Media
C08666,2025-03-27 10:25:06,25.0,Male,Lucknow,Uttar Pradesh,North,Premium,Paid Ads
C08667,2025-02-21 01:39:55,54.0,Male,Jaipur,Rajasthan,North,Basic,Paid Ads
C08668,2025-08-13 23:39:16,29.0,Male,Kolkata,West Bengal,East,Premium,Email
C08669,2025-08-08 19:39:10,22.0,Female,Mumbai,Maharashtra,West,Basic,Paid Ads
C08670,2025-09-03 19:44:40,42.0,Male,Hyderabad,Telangana,South,Free,Referral
C08671,2025-02-18 17:19:15,46.0,Male,Chennai,Tamil Nadu,South,Premium,Email
C08672,2025-10-11 23:58:58,30.0,Female,Guwahati,Assam,East,Basic,Paid Ads
C08673,2025-04-20 03:32:38,43.0,Female,Mumbai,Maharashtra,West,Free,Social Media
C08674,2025-06-19 03:33:59,39.0,Female,Guwahati,Assam,East,Free,Paid Ads
C08675,2025-11-05 15:01:40,46.0,Female,Bhubaneswar,Odisha,East,Free,Organic
C08676,2025-06-16 15:42:04,29.0,Female,Ahmedabad,Gujarat,West,Basic,Social Media
C08677,2025-01-28 06:36:55,60.0,Female,Bhubaneswar,Odisha,East,Basic,Email
C08678,2025-05-22 23:36:36,45.0,Male,Jaipur,Rajasthan,North,Basic,Paid Ads
C08679,2025-07-20 04:07:52,26.0,Female,Delhi,Delhi,North,Free,Paid Ads
C08680,2025-03-18 11:40:22,27.0,Male,Bhubaneswar,Odisha,East,Free,Paid Ads
C08681,2025-01-15 10:34:12,59.0,Female,Bhubaneswar,Odisha,East,Free,Email
C08682,2025-10-18 08:25:32,43.0,Male,Chennai,Tamil Nadu,South,Free,Email
C08683,2025-07-22 09:44:36,53.0,Female,Guwahati,Assam,East,Premium,Organic
C08684,2025-09-01 05:32:55,57.0,Female,Delhi,Delhi,North,Premium,Social Media
C08685,2025-06-18 09:56:59,28.0,Female,Ahmedabad,Gujarat,West,Free,Referral
C08686,2025-01-14 04:01:07,23.0,Female,Lucknow,Uttar Pradesh,North,Basic,Organic
C08687,2025-08-09 02:36:24,21.0,Male,Mumbai,Maharashtra,West,Basic,Paid Ads
C08688,2025-10-22 07:24:43,44.0,Female,Guwahati,Assam,East,Free,Organic
C08689,2025-11-14 23:35:17,41.0,Male,Guwahati,Assam,East,Premium,Social Media
C08690,2025-11-26 14:56:21,22.0,Female,Bhubaneswar,Odisha,East,Free,Organic
C08691,2025-05-11 09:11:41,20.0,Female,Ahmedabad,Gujarat,West,Basic,Social Media
C08692,2025-01-26 09:59:46,24.0,Female,Delhi,Delhi,North,Basic,Email
C08693,2025-09-05 13:23:24,41.0,Male,Ahmedabad,Gujarat,West,Free,Organic
C08694,2025-06-15 02:24:34,39.0,Male,Bhubaneswar,Odisha,East,Free,Referral
C08695,2025-07-05 16:03:15,29.0,Female,Lucknow,Uttar Pradesh,North,Free,Referral
C08696,2025-04-19 10:57:36,52.0,Male,Delhi,Delhi,North,Free,Email
C08697,2025-02-11 18:33:57,34.0,Female,Chennai,Tamil Nadu,South,Free,Social Media
C08698,2025-05-21 00:54:24,20.0,Female,Lucknow,Uttar Pradesh,North,Premium,Referral
C08699,2025-01-23 13:20:10,28.0,Male,Mumbai,Maharashtra,West,Basic,Email
C08700,2025-02-08 06:32:47,23.0,Female,Delhi,Delhi,North,Premium,Organic
C08701,2025-11-19 16:03:15,60.0,Female,Hyderabad,Telangana,South,Premium,Paid Ads
C08702,2025-06-13 00:54:52,53.0,Female,Hyderabad,Telangana,South,Basic,Social Media
C08703,2025-03-06 20:46:35,34.0,Female,Pune,Maharashtra,West,Free,Organic
C08704,2025-02-15 21:00:21,39.0,Male,Guwahati,Assam,East,Basic,Email
C08705,2025-06-11 22:51:03,18.0,Male,Pune,Maharashtra,West,Free,Social Media
C08706,2025-06-17 19:48:03,20.0,Female,Ahmedabad,Gujarat,West,Free,Paid Ads
C08707,2025-06-17 14:36:56,33.0,Male,Delhi,Delhi,North,Basic,Paid Ads
C08708,2025-01-02 01:31:37,52.0,Female,Mumbai,Maharashtra,West,Basic,Organic
C08709,2025-07-08 21:06:15,31.0,Female,Kolkata,West Bengal,East,Free,Organic
C08710,2025-05-16 03:28:13,24.0,Female,Delhi,Delhi,North,Free,Paid Ads
C08711,2025-06-14 22:03:58,43.0,Other,Chennai,Tamil Nadu,South,Free,Social Media
C08712,2025-06-25 07:25:40,60.0,Female,Mumbai,Maharashtra,West,Basic,Paid Ads
C08713,2025-09-13 19:13:01,48.0,Male,Jaipur,Rajasthan,North,Premium,Paid Ads
C08714,2025-07-03 12:21:41,41.0,Male,Pune,Maharashtra,West,Basic,Paid Ads
C08715,2025-09-16 13:51:32,36.0,Male,Chennai,Tamil Nadu,South,Premium,Organic
C08716,2025-09-09 04:01:18,54.0,Male,Hyderabad,Telangana,South,Free,Email
C08717,2025-07-03 07:08:53,18.0,Female,Jaipur,Rajasthan,North,Free,Organic
C08718,2025-05-17 13:30:40,42.0,Female,Lucknow,Uttar Pradesh,North,Basic,Paid Ads
C08719,2025-11-24 21:51:36,27.0,Male,Chennai,Tamil Nadu,South,Free,Social Media
C08720,2025-05-14 08:32:35,35.0,Male,Ahmedabad,Gujarat,West,Free,Paid Ads
C08721,2025-06-23 17:25:21,59.0,Female,Ahmedabad,Gujarat,West,Basic,Paid Ads
C08722,2025-06-22 18:17:41,18.0,Female,Delhi,Delhi,North,Premium,Email
C08723,2025-03-27 04:28:50,46.0,Male,Bhubaneswar,Odisha,East,Free,Referral
C08724,2025-09-15 13:15:50,30.0,Male,Ahmedabad,Gujarat,West,Premium,Organic
C08725,2025-05-20 21:14:59,21.0,Female,Bengaluru,Karnataka,South,Basic,Social Media
C08726,2025-01-06 01:05:52,29.0,Male,Jaipur,Rajasthan,North,Free,Organic
C08727,2025-03-14 10:26:07,36.0,Female,Mumbai,Maharashtra,West,Basic,Paid Ads
C08728,2025-08-28 15:50:13,43.0,Female,Guwahati,Assam,East,Premium,Social Media
C08729,2025-10-27 18:40:40,55.0,Male,Mumbai,Maharashtra,West,Basic,Email
C08730,2025-02-22 22:13:06,33.0,Male,Mumbai,Maharashtra,West,Basic,Paid Ads
C08731,2025-01-20 18:00:56,42.0,Female,Bhubaneswar,Odisha,East,Basic,Organic
C08732,2025-05-04 17:20:37,27.0,Male,Lucknow,Uttar Pradesh,North,Basic,Referral
C08733,2025-02-05 23:05:53,54.0,Male,Pune,Maharashtra,West,Free,Email
C08734,2025-01-17 15:26:54,45.0,Female,Pune,Maharashtra,West,Free,Referral
C08735,2025-02-19 06:34:40,45.0,Male,Mumbai,Maharashtra,West,Free,Referral
C08736,2025-07-15 20:27:04,42.0,Female,Hyderabad,Telangana,South,Free,Paid Ads
C08737,2025-06-28 04:32:16,42.0,Female,Pune,Maharashtra,West,Basic,Referral
C08738,2025-06-01 14:26:53,29.0,Female,Guwahati,Assam,East,Premium,Email
C08739,2025-11-21 09:51:10,25.0,Male,Bhubaneswar,Odisha,East,Free,Paid Ads
C08740,2025-08-28 20:29:56,53.0,Male,Delhi,Delhi,North,Basic,Organic
C08741,2025-02-07 11:35:44,56.0,Male,Jaipur,Rajasthan,North,Free,Paid Ads
C08742,2025-10-31 07:49:40,41.0,Female,Pune,Maharashtra,West,Basic,Paid Ads
C08743,2025-10-01 00:56:20,40.0,Male,Pune,Maharashtra,West,Basic,Paid Ads
C08744,2025-08-23 08:54:14,54.0,Male,Guwahati,Assam,East,Free,Organic
C08745,2025-04-18 10:54:14,28.0,Female,Delhi,Delhi,North,Premium,Paid Ads
C08746,2025-03-04 09:24:58,,Female,Ahmedabad,Gujarat,West,Premium,Social Media
C08747,2025-03-11 16:42:49,45.0,Male,Bhubaneswar,Odisha,East,Free,Paid Ads
C08748,2025-01-10 21:17:04,20.0,Male,Kolkata,West Bengal,East,Basic,Email
C08749,2025-05-18 18:08:56,19.0,Female,Guwahati,Assam,East,Free,Referral
C08750,2025-08-23 16:52:16,46.0,Female,Bhubaneswar,Odisha,East,Free,Paid Ads
C08751,2025-07-02 22:50:12,51.0,Female,Delhi,Delhi,North,Premium,Organic
C08752,2025-10-02 21:09:03,31.0,Male,Kolkata,West Bengal,East,Basic,Referral
C08753,2025-04-29 09:06:14,50.0,Male,Pune,Maharashtra,West,Free,Paid Ads
C08754,2025-07-21 21:31:55,35.0,Female,Kolkata,West Bengal,East,Basic,Email
C08755,2025-03-21 06:09:43,46.0,Female,Bengaluru,Karnataka,South,Premium,Organic
C08756,2025-09-22 05:02:53,19.0,Male,Hyderabad,Telangana,South,Premium,Organic
C08757,2025-07-21 17:48:48,28.0,Male,Kolkata,West Bengal,East,Free,Organic
C08758,2025-03-05 12:05:39,48.0,Female,Ahmedabad,Gujarat,West,Basic,Referral
C08759,2025-02-15 17:03:39,30.0,Female,Guwahati,Assam,East,Premium,Social Media
C08760,2025-10-19 23:28:30,43.0,Male,Ahmedabad,Gujarat,West,Basic,Organic
C08761,2025-09-02 21:08:19,51.0,Female,Guwahati,Assam,East,Free,Referral
C08762,2025-04-22 14:02:01,27.0,Other,Delhi,Delhi,North,Free,Organic
C08763,2025-08-21 17:16:59,29.0,Female,Delhi,Delhi,North,Free,Referral
C08764,2025-09-14 22:39:17,39.0,Male,Hyderabad,Telangana,South,Free,Organic
C08765,2025-11-09 05:43:28,48.0,Female,Kolkata,West Bengal,East,Premium,Referral
C08766,2025-03-01 15:13:01,,Male,Hyderabad,Telangana,South,Basic,Paid Ads
C08767,2025-11-17 17:46:40,41.0,Male,Hyderabad,Telangana,South,Free,Organic
C08768,2025-08-19 10:08:02,42.0,Female,Guwahati,Assam,East,Basic,Referral
C08769,2025-10-03 01:33:40,52.0,Female,Pune,Maharashtra,West,Basic,Referral
C08770,2025-06-29 21:34:03,25.0,Female,Kolkata,West Bengal,East,Basic,Referral
C08771,2025-02-21 04:05:09,22.0,Male,Mumbai,Maharashtra,West,Free,Paid Ads
C08772,2025-08-02 21:24:36,39.0,Male,Ahmedabad,Gujarat,West,Free,Social Media
C08773,2025-08-26 14:19:56,45.0,Female,Delhi,Delhi,North,Free,Paid Ads
C08774,2025-08-30 12:19:08,29.0,Male,Ahmedabad,Gujarat,West,Free,Email
C08775,2025-09-18 16:49:16,50.0,Male,Bengaluru,Karnataka,South,Free,Email
C08776,2025-09-22 22:12:56,33.0,Female,Guwahati,Assam,East,Basic,Social Media
C08777,2025-06-13 13:32:43,43.0,Other,Hyderabad,Telangana,South,Free,Email
C08778,2025-05-17 03:58:51,29.0,Female,Bhubaneswar,Odisha,East,Free,Email
C08779,2025-05-26 02:59:44,40.0,Male,Hyderabad,Telangana,South,Premium,Organic
C08780,2025-11-18 13:30:45,43.0,Female,Pune,Maharashtra,West,Basic,Email
C08781,2025-01-18 05:56:40,58.0,Other,Kolkata,West Bengal,East,Basic,Organic
C08782,2025-06-06 03:40:06,30.0,Female,Bengaluru,Karnataka,South,Free,Organic
C08783,2025-09-09 07:18:47,40.0,Male,Pune,Maharashtra,West,Basic,Email
C08784,2025-07-27 01:41:56,48.0,Female,Delhi,Delhi,North,Free,Organic
C08785,2025-08-06 01:33:55,53.0,Female,Jaipur,Rajasthan,North,Basic,Referral
C08786,2025-04-03 23:33:57,44.0,Female,Mumbai,Maharashtra,West,Free,Email
C08787,2025-01-03 18:10:42,53.0,Female,Pune,Maharashtra,West,Basic,Organic
C08788,2025-01-06 03:09:36,59.0,Male,Jaipur,Rajasthan,North,Premium,Organic
C08789,2025-05-23 01:07:22,40.0,Female,Guwahati,Assam,East,Free,Referral
C08790,2025-04-28 09:35:31,55.0,Female,Delhi,Delhi,North,Free,Social Media
C08791,2025-06-21 18:14:48,20.0,Male,Hyderabad,Telangana,South,Free,Social Media
C08792,2025-08-26 09:40:35,47.0,Male,Bhubaneswar,Odisha,East,Basic,Email
C08793,2025-08-25 01:21:04,49.0,Male,Guwahati,Assam,East,Free,Organic
C08794,2025-09-09 17:20:29,32.0,Female,Jaipur,Rajasthan,North,Basic,Paid Ads
C08795,2025-06-13 14:07:18,55.0,Female,Mumbai,Maharashtra,West,Free,Referral
C08796,2025-07-15 01:52:34,28.0,Male,Mumbai,Maharashtra,West,Free,Referral
C08797,2025-03-25 12:34:49,19.0,Female,Kolkata,West Bengal,East,Basic,Paid Ads
C08798,2025-08-28 03:25:09,43.0,Female,Pune,Maharashtra,West,Basic,Paid Ads
C08799,2025-04-29 21:21:34,51.0,Female,Guwahati,Assam,East,Premium,Paid Ads
C08800,2025-09-13 14:03:41,18.0,Male,Mumbai,Maharashtra,West,Free,Email
C08801,2025-08-02 04:28:48,28.0,Female,Chennai,Tamil Nadu,South,Free,Email
C08802,2025-08-08 22:46:18,22.0,Female,Ahmedabad,Gujarat,West,Free,Organic
C08803,2025-03-01 22:01:39,43.0,Male,Pune,Maharashtra,West,Premium,Paid Ads
C08804,2025-01-04 11:52:50,23.0,Male,Chennai,Tamil Nadu,South,Basic,Paid Ads
C08805,2025-07-25 11:16:45,52.0,Male,Delhi,Delhi,North,Premium,Email
C08806,2025-01-04 06:11:12,22.0,Female,Chennai,Tamil Nadu,South,Premium,Email
C08807,2025-03-03 15:28:47,26.0,Female,Pune,Maharashtra,West,Basic,Referral
C08808,2025-09-22 00:47:14,45.0,Female,Hyderabad,Telangana,South,Free,Organic
C08809,2025-05-17 10:42:06,36.0,Male,Kolkata,West Bengal,East,Free,Organic
C08810,2025-05-30 06:21:08,22.0,Male,Bhubaneswar,Odisha,East,Free,Paid Ads
C08811,2025-01-20 04:03:33,40.0,Female,Bhubaneswar,Odisha,East,Premium,Email
C08812,2025-04-17 03:08:33,33.0,Male,Ahmedabad,Gujarat,West,Free,Organic
C08813,2025-09-11 10:49:37,24.0,Female,Chennai,Tamil Nadu,South,Basic,Social Media
C08814,2025-03-30 12:33:09,31.0,Male,Pune,Maharashtra,West,Free,Organic
C08815,2025-09-18 12:20:36,39.0,Male,Jaipur,Rajasthan,North,Free,Paid Ads
C08816,2025-09-06 15:19:46,26.0,Female,Jaipur,Rajasthan,North,Free,Social Media
C08817,2025-08-19 02:32:58,40.0,Other,Jaipur,Rajasthan,North,Basic,Referral
C08818,2025-09-01 16:51:48,60.0,Male,Ahmedabad,Gujarat,West,Free,Social Media
C08819,2025-01-05 08:11:42,21.0,Male,Jaipur,Rajasthan,North,Basic,Social Media
C08820,2025-04-18 22:28:44,60.0,Male,Pune,Maharashtra,West,Basic,Paid Ads
C08821,2025-08-07 19:27:55,43.0,Male,Bhubaneswar,Odisha,East,Premium,Paid Ads
C08822,2025-06-21 00:22:51,58.0,Female,Chennai,Tamil Nadu,South,Premium,Social Media
C08823,2025-07-18 17:02:25,23.0,Female,Kolkata,West Bengal,East,Basic,Organic
C08824,2025-02-12 09:12:32,48.0,Female,Kolkata,West Bengal,East,Basic,Paid Ads
C08825,2025-08-29 07:28:47,34.0,Female,Bengaluru,Karnataka,South,Free,Email
C08826,2025-09-06 05:08:40,26.0,Male,Mumbai,Maharashtra,West,Basic,Email
C08827,2025-04-15 17:18:54,44.0,Female,Lucknow,Uttar Pradesh,North,Free,Social Media
C08828,2025-01-02 05:50:12,23.0,Female,Mumbai,Maharashtra,West,Free,Organic
C08829,2025-05-16 15:30:41,23.0,Female,Ahmedabad,Gujarat,West,Basic,Email
C08830,2025-10-27 02:29:45,21.0,Female,Mumbai,Maharashtra,West,Free,Email
C08831,2025-03-16 14:01:07,60.0,Female,Ahmedabad,Gujarat,West,Free,Referral
C08832,2025-10-16 15:08:18,20.0,Female,Mumbai,Maharashtra,West,Free,Organic
C08833,2025-02-17 20:10:56,41.0,Female,Jaipur,Rajasthan,North,Premium,Paid Ads
C08834,2025-03-03 10:00:14,35.0,Female,Delhi,Delhi,North,Free,Social Media
C08835,2025-11-27 04:36:57,49.0,Female,Bengaluru,Karnataka,South,Free,Social Media
C08836,2025-06-20 07:56:59,38.0,Male,Kolkata,West Bengal,East,Premium,Paid Ads
C08837,2025-02-01 11:05:55,46.0,Female,Pune,Maharashtra,West,Free,Paid Ads
C08838,2025-07-29 11:20:06,49.0,Male,Lucknow,Uttar Pradesh,North,Premium,Social Media
C08839,2025-08-17 00:00:26,42.0,Male,Hyderabad,Telangana,South,Premium,Referral
C08840,2025-08-21 23:19:05,29.0,Female,Bhubaneswar,Odisha,East,Free,Paid Ads
C08841,2025-01-16 18:47:24,26.0,Female,Delhi,Delhi,North,Basic,Paid Ads
C08842,2025-11-03 02:06:28,24.0,Female,Bengaluru,Karnataka,South,Premium,Referral
C08843,2025-11-12 05:51:15,31.0,Female,Mumbai,Maharashtra,West,Basic,Organic
C08844,2025-11-22 20:44:35,37.0,Male,Hyderabad,Telangana,South,Free,Organic
C08845,2025-11-10 04:36:26,37.0,Female,Guwahati,Assam,East,Premium,Referral
C08846,2025-09-05 04:49:31,27.0,Female,Jaipur,Rajasthan,North,Free,Organic
C08847,2025-06-13 08:05:17,28.0,Female,Chennai,Tamil Nadu,South,Free,Social Media
C08848,2025-03-04 14:58:31,56.0,Male,Lucknow,Uttar Pradesh,North,Premium,Social Media
C08849,2025-11-18 10:44:27,36.0,Female,Mumbai,Maharashtra,West,Free,Referral
C08850,2025-11-03 14:41:19,36.0,Female,Kolkata,West Bengal,East,Basic,Email
C08851,2025-09-11 02:37:53,60.0,Male,Bengaluru,Karnataka,South,Free,Organic
C08852,2025-05-13 18:37:12,23.0,Female,Mumbai,Maharashtra,West,Basic,Organic
C08853,2025-09-09 13:49:49,25.0,Male,Bhubaneswar,Odisha,East,Free,Organic
C08854,2025-11-10 23:03:25,18.0,Female,Jaipur,Rajasthan,North,Free,Social Media
C08855,2025-06-23 08:47:59,,Female,Ahmedabad,Gujarat,West,Free,Paid Ads
C08856,2025-04-12 13:07:40,57.0,Female,Bhubaneswar,Odisha,East,Free,Organic
C08857,2025-07-20 00:16:27,54.0,Female,Kolkata,West Bengal,East,Free,Organic
C08858,2025-02-27 05:38:17,27.0,Male,Guwahati,Assam,East,Free,Email
C08859,2025-10-11 23:38:20,19.0,Female,Jaipur,Rajasthan,North,Premium,Referral
C08860,2025-04-29 04:55:59,53.0,Male,Jaipur,Rajasthan,North,Basic,Paid Ads
C08861,2025-03-12 18:55:26,19.0,Male,Pune,Maharashtra,West,Free,Email
C08862,2025-08-26 08:41:26,32.0,Male,Chennai,Tamil Nadu,South,Basic,Social Media
C08863,2025-08-29 06:54:24,37.0,Male,Chennai,Tamil Nadu,South,Premium,Organic
C08864,2025-05-14 22:00:27,59.0,Female,Delhi,Delhi,North,Basic,Paid Ads
C08865,2025-04-20 07:37:23,38.0,Female,Kolkata,West Bengal,East,Basic,Paid Ads
C08866,2025-07-04 16:48:35,47.0,Female,Delhi,Delhi,North,Free,Social Media
C08867,2025-03-13 15:43:15,41.0,Male,Pune,Maharashtra,West,Free,Organic
C08868,2025-03-14 11:32:24,19.0,Female,Lucknow,Uttar Pradesh,North,Free,Paid Ads
C08869,2025-02-20 14:07:33,55.0,Female,Delhi,Delhi,North,Basic,Referral
C08870,2025-07-03 15:21:38,39.0,Male,Mumbai,Maharashtra,West,Free,Email
C08871,2025-08-17 16:49:57,46.0,Male,Chennai,Tamil Nadu,South,Basic,Email
C08872,2025-06-17 02:51:45,31.0,Female,Guwahati,Assam,East,Free,Paid Ads
C08873,2025-07-26 00:47:13,22.0,Male,Delhi,Delhi,North,Free,Referral
C08874,2025-11-19 09:55:09,41.0,Male,Kolkata,West Bengal,East,Free,Social Media
C08875,2025-08-12 23:37:54,43.0,Male,Hyderabad,Telangana,South,Free,Social Media
C08876,2025-02-25 22:51:50,19.0,Male,Bhubaneswar,Odisha,East,Free,Social Media
C08877,2025-11-07 05:09:54,51.0,Male,Guwahati,Assam,East,Free,Email
C08878,2025-10-06 22:15:23,40.0,Female,Pune,Maharashtra,West,Basic,Social Media
C08879,2025-01-01 19:22:25,58.0,Male,Mumbai,Maharashtra,West,Basic,Organic
C08880,2025-01-02 00:41:55,52.0,Male,Guwahati,Assam,East,Free,Paid Ads
C08881,2025-08-19 00:04:14,32.0,Male,Lucknow,Uttar Pradesh,North,Basic,Paid Ads
C08882,2025-07-29 02:07:36,20.0,Female,Mumbai,Maharashtra,West,Basic,Referral
C08883,2025-06-20 23:05:51,29.0,Female,Kolkata,West Bengal,East,Basic,Paid Ads
C08884,2025-05-20 13:13:09,55.0,Female,Pune,Maharashtra,West,Free,Paid Ads
C08885,2025-01-11 00:05:48,34.0,Female,Bengaluru,Karnataka,South,Free,Paid Ads
C08886,2025-08-01 11:56:27,55.0,Female,Delhi,Delhi,North,Free,Email
C08887,2025-07-22 01:09:15,44.0,Male,Lucknow,Uttar Pradesh,North,Basic,Paid Ads
C08888,2025-02-06 23:46:45,36.0,Male,Jaipur,Rajasthan,North,Basic,Organic
C08889,2025-11-22 16:40:12,38.0,Male,Mumbai,Maharashtra,West,Basic,Organic
C08890,2025-05-10 18:52:42,57.0,Male,Guwahati,Assam,East,Free,Organic
C08891,2025-03-12 17:25:43,41.0,Male,Mumbai,Maharashtra,West,Free,Email
C08892,2025-02-04 00:12:20,41.0,Female,Bengaluru,Karnataka,South,Free,Email
C08893,2025-05-23 01:37:32,36.0,Male,Bengaluru,Karnataka,South,Free,Paid Ads
C08894,2025-05-02 04:51:42,48.0,Female,Mumbai,Maharashtra,West,Free,Referral
C08895,2025-11-13 11:28:44,57.0,Female,Bhubaneswar,Odisha,East,Free,Social Media
C08896,2025-09-13 18:52:35,37.0,Other,Guwahati,Assam,East,Basic,Organic
C08897,2025-07-06 05:14:14,32.0,Male,Ahmedabad,Gujarat,West,Free,Paid Ads
C08898,2025-04-23 23:21:47,57.0,Female,Delhi,Delhi,North,Basic,Referral
C08899,2025-07-24 15:48:45,52.0,Female,Guwahati,Assam,East,Basic,Email
C08900,2025-09-01 13:40:04,52.0,Female,Bengaluru,Karnataka,South,Basic,Social Media
C08901,2025-10-27 14:54:55,50.0,Female,Ahmedabad,Gujarat,West,Premium,Paid Ads
C08902,2025-06-03 16:23:31,57.0,Female,Chennai,Tamil Nadu,South,Free,Email
C08903,2025-10-22 05:13:01,58.0,Male,Chennai,Tamil Nadu,South,Free,Referral
C08904,2025-03-25 14:51:48,35.0,Male,Lucknow,Uttar Pradesh,North,Basic,Social Media
C08905,2025-10-14 00:00:15,34.0,Male,Delhi,Delhi,North,Free,Paid Ads
C08906,2025-01-26 14:54:18,25.0,Female,Delhi,Delhi,North,Premium,Organic
C08907,2025-06-26 11:07:47,37.0,Male,Delhi,Delhi,North,Free,Organic
C08908,2025-08-23 08:11:51,28.0,Male,Delhi,Delhi,North,Free,Email
C08909,2025-11-18 03:31:59,47.0,Female,Jaipur,Rajasthan,North,Basic,Organic
C08910,2025-06-14 20:35:19,44.0,Male,Bengaluru,Karnataka,South,Free,Referral
C08911,2025-01-18 09:09:36,56.0,Female,Delhi,Delhi,North,Free,Paid Ads
C08912,2025-04-05 13:09:19,31.0,Female,Bengaluru,Karnataka,South,Premium,Paid Ads
C08913,2025-09-29 07:07:25,59.0,Male,Bengaluru,Karnataka,South,Free,Paid Ads
C08914,2025-10-12 03:46:51,32.0,Male,Bhubaneswar,Odisha,East,Basic,Organic
C08915,2025-11-24 00:39:30,29.0,Female,Guwahati,Assam,East,Free,Organic
C08916,2025-02-05 14:10:34,37.0,Other,Ahmedabad,Gujarat,West,Free,Organic
C08917,2025-10-14 23:16:03,34.0,Female,Delhi,Delhi,North,Free,Organic
C08918,2025-08-24 10:46:23,57.0,Male,Bengaluru,Karnataka,South,Free,Organic
C08919,2025-11-30 10:21:21,43.0,Male,Ahmedabad,Gujarat,West,Free,Referral
C08920,2025-02-26 13:29:33,31.0,Male,Jaipur,Rajasthan,North,Premium,Organic
C08921,2025-05-17 10:01:16,42.0,Female,Jaipur,Rajasthan,North,Basic,Organic
C08922,2025-11-08 23:39:00,43.0,Male,Bhubaneswar,Odisha,East,Basic,Referral
C08923,2025-06-06 20:11:22,42.0,Male,Jaipur,Rajasthan,North,Free,Organic
C08924,2025-08-22 04:31:19,42.0,Female,Chennai,Tamil Nadu,South,Free,Email
C08925,2025-01-05 13:31:23,44.0,Male,Bhubaneswar,Odisha,East,Basic,Paid Ads
C08926,2025-05-20 18:24:49,60.0,Male,Jaipur,Rajasthan,North,Basic,Email
C08927,2025-01-01 20:07:25,29.0,Female,Jaipur,Rajasthan,North,Free,Organic
C08928,2025-10-14 23:13:44,37.0,Female,Bhubaneswar,Odisha,East,Free,Organic
C08929,2025-08-17 11:29:32,33.0,Female,Kolkata,West Bengal,East,Free,Referral
C08930,2025-01-31 05:25:58,42.0,Female,Chennai,Tamil Nadu,South,Free,Paid Ads
C08931,2025-09-29 03:41:57,44.0,Female,Mumbai,Maharashtra,West,Basic,Referral
C08932,2025-07-16 07:24:39,35.0,Female,Guwahati,Assam,East,Free,Paid Ads
C08933,2025-11-02 05:26:37,27.0,Female,Kolkata,West Bengal,East,Free,Paid Ads
C08934,2025-03-23 06:54:41,47.0,Female,Lucknow,Uttar Pradesh,North,Basic,Social Media
C08935,2025-03-12 09:43:41,18.0,Female,Delhi,Delhi,North,Free,Organic
C08936,2025-09-04 05:38:44,21.0,Female,Lucknow,Uttar Pradesh,North,Basic,Paid Ads
C08937,2025-11-18 23:24:35,40.0,Female,Kolkata,West Bengal,East,Premium,Paid Ads
C08938,2025-10-06 13:17:11,24.0,Male,Bengaluru,Karnataka,South,Free,Referral
C08939,2025-03-27 13:31:56,47.0,Male,Ahmedabad,Gujarat,West,Basic,Organic
C08940,2025-04-28 05:22:08,43.0,Female,Pune,Maharashtra,West,Free,Paid Ads
C08941,2025-05-12 07:08:59,18.0,Male,Pune,Maharashtra,West,Free,Paid Ads
C08942,2025-03-10 15:10:42,46.0,Male,Pune,Maharashtra,West,Basic,Email
C08943,2025-06-18 04:39:05,42.0,Female,Chennai,Tamil Nadu,South,Basic,Social Media
C08944,2025-06-13 15:43:19,57.0,Male,Chennai,Tamil Nadu,South,Basic,Organic
C08945,2025-10-07 23:26:28,43.0,Female,Mumbai,Maharashtra,West,Basic,Paid Ads
C08946,2025-01-19 10:09:23,34.0,Female,Chennai,Tamil Nadu,South,Free,Social Media
C08947,2025-05-20 04:59:55,48.0,Male,Bengaluru,Karnataka,South,Basic,Paid Ads
C08948,2025-07-16 12:04:36,25.0,Male,Hyderabad,Telangana,South,Basic,Paid Ads
C08949,2025-09-24 01:16:50,22.0,Male,Pune,Maharashtra,West,Free,Paid Ads
C08950,2025-06-15 11:54:21,18.0,Male,Jaipur,Rajasthan,North,Premium,Paid Ads
C08951,2025-08-30 17:36:52,32.0,Male,Pune,Maharashtra,West,Free,Organic
C08952,2025-05-02 05:10:59,53.0,Male,Chennai,Tamil Nadu,South,Basic,Social Media
C08953,2025-08-27 03:59:12,24.0,Female,Kolkata,West Bengal,East,Basic,Referral
C08954,2025-03-06 21:47:28,44.0,Male,Delhi,Delhi,North,Basic,Organic
C08955,2025-05-25 15:57:33,52.0,Female,Mumbai,Maharashtra,West,Free,Referral
C08956,2025-03-13 17:21:18,44.0,Female,Ahmedabad,Gujarat,West,Free,Paid Ads
C08957,2025-01-07 01:49:26,37.0,Male,Delhi,Delhi,North,Free,Organic
C08958,2025-01-19 02:59:15,35.0,Male,Chennai,Tamil Nadu,South,Basic,Social Media
C08959,2025-10-27 04:58:56,57.0,Male,Lucknow,Uttar Pradesh,North,Free,Social Media
C08960,2025-02-28 04:15:33,19.0,Female,Hyderabad,Telangana,South,Basic,Referral
C08961,2025-05-22 04:33:14,47.0,Female,Pune,Maharashtra,West,Free,Social Media
C08962,2025-09-08 09:48:59,55.0,Male,Jaipur,Rajasthan,North,Free,Paid Ads
C08963,2025-04-23 17:03:42,47.0,Female,Pune,Maharashtra,West,Free,Organic
C08964,2025-01-30 21:39:43,24.0,Female,Bhubaneswar,Odisha,East,Basic,Referral
C08965,2025-09-17 00:47:22,56.0,Female,Delhi,Delhi,North,Basic,Organic
C08966,2025-04-24 04:08:11,30.0,Female,Lucknow,Uttar Pradesh,North,Free,Social Media
C08967,2025-09-01 12:59:22,50.0,Male,Jaipur,Rajasthan,North,Free,Paid Ads
C08968,2025-08-31 19:36:58,57.0,Male,Delhi,Delhi,North,Premium,Referral
C08969,2025-03-18 10:25:52,47.0,Female,Jaipur,Rajasthan,North,Free,Referral
C08970,2025-11-28 06:15:03,47.0,Female,Kolkata,West Bengal,East,Basic,Social Media
C08971,2025-11-11 10:03:08,40.0,Female,Bhubaneswar,Odisha,East,Basic,Social Media
C08972,2025-05-06 05:29:44,41.0,Male,Jaipur,Rajasthan,North,Free,Organic
C08973,2025-09-05 03:44:42,37.0,Female,Pune,Maharashtra,West,Basic,Organic
C08974,2025-07-30 14:15:30,45.0,Female,Kolkata,West Bengal,East,Premium,Social Media
C08975,2025-07-03 21:04:38,36.0,Male,Pune,Maharashtra,West,Premium,Paid Ads
C08976,2025-02-10 17:50:54,30.0,Male,Delhi,Delhi,North,Basic,Paid Ads
C08977,2025-10-02 17:01:08,33.0,Female,Mumbai,Maharashtra,West,Basic,Organic
C08978,2025-11-06 16:15:30,32.0,Male,Lucknow,Uttar Pradesh,North,Free,Referral
C08979,2025-05-06 01:12:20,,Male,Delhi,Delhi,North,Free,Organic
C08980,2025-08-10 07:20:15,29.0,Male,Mumbai,Maharashtra,West,Free,Social Media
C08981,2025-01-19 01:54:17,39.0,Female,Delhi,Delhi,North,Premium,Organic
C08982,2025-01-26 18:21:26,42.0,Female,Delhi,Delhi,North,Free,Paid Ads
C08983,2025-11-05 10:22:16,20.0,Male,Delhi,Delhi,North,Free,Organic
C08984,2025-11-01 19:35:51,41.0,Female,Lucknow,Uttar Pradesh,North,Free,Referral
C08985,2025-07-19 23:21:55,42.0,Female,Bhubaneswar,Odisha,East,Free,Email
C08986,2025-08-25 19:18:38,26.0,Male,Lucknow,Uttar Pradesh,North,Free,Organic
C08987,2025-01-31 20:17:24,45.0,Female,Ahmedabad,Gujarat,West,Free,Organic
C08988,2025-05-25 05:43:16,47.0,Female,Chennai,Tamil Nadu,South,Free,Paid Ads
C08989,2025-04-29 06:51:21,24.0,Female,Bengaluru,Karnataka,South,Basic,Social Media
C08990,2025-06-08 05:57:31,28.0,Male,Jaipur,Rajasthan,North,Basic,Email
C08991,2025-05-01 04:01:21,27.0,Female,Mumbai,Maharashtra,West,Free,Organic
C08992,2025-04-26 07:46:03,20.0,Male,Bhubaneswar,Odisha,East,Basic,Social Media
C08993,2025-01-11 02:32:54,36.0,Male,Ahmedabad,Gujarat,West,Basic,Paid Ads
C08994,2025-03-03 08:51:02,19.0,Female,Mumbai,Maharashtra,West,Free,Organic
C08995,2025-03-12 16:52:56,34.0,Female,Ahmedabad,Gujarat,West,Free,Organic
C08996,2025-01-26 03:57:28,,Female,Delhi,Delhi,North,Basic,Email
C08997,2025-10-31 11:43:31,19.0,Male,Bhubaneswar,Odisha,East,Basic,Social Media
C08998,2025-08-13 00:26:44,33.0,Male,Chennai,Tamil Nadu,South,Free,Paid Ads
C08999,2025-01-24 06:29:58,27.0,Female,Bhubaneswar,Odisha,East,Free,Email
C09000,2025-02-11 06:59:37,21.0,Male,Chennai,Tamil Nadu,South,Basic,Organic
C09001,2025-08-02 23:00:14,60.0,Male,Chennai,Tamil Nadu,South,Basic,Paid Ads
C09002,2025-01-22 16:18:46,43.0,Female,Lucknow,Uttar Pradesh,North,Premium,Referral
C09003,2025-04-11 01:03:06,41.0,Female,Lucknow,Uttar Pradesh,North,Free,Email
C09004,2025-01-10 20:11:21,29.0,Female,Mumbai,Maharashtra,West,Free,Paid Ads
C09005,2025-09-12 06:00:42,38.0,Male,Lucknow,Uttar Pradesh,North,Basic,Social Media
C09006,2025-08-09 11:52:23,59.0,Male,Mumbai,Maharashtra,West,Free,Email
C09007,2025-02-18 17:16:40,33.0,Female,Mumbai,Maharashtra,West,Free,Organic
C09008,2025-11-21 01:12:58,53.0,Female,Lucknow,Uttar Pradesh,North,Free,Organic
C09009,2025-09-04 12:32:35,52.0,Other,Ahmedabad,Gujarat,West,Free,Organic
C09010,2025-01-31 10:31:12,26.0,Female,Delhi,Delhi,North,Premium,Social Media
C09011,2025-01-17 20:51:32,23.0,Female,Ahmedabad,Gujarat,West,Basic,Referral
C09012,2025-06-27 10:05:42,18.0,Male,Ahmedabad,Gujarat,West,Free,Organic
C09013,2025-06-25 21:47:16,31.0,Male,Guwahati,Assam,East,Basic,Paid Ads
C09014,2025-03-06 08:58:06,41.0,Male,Bhubaneswar,Odisha,East,Basic,Paid Ads
C09015,2025-09-23 18:33:16,27.0,Other,Pune,Maharashtra,West,Premium,Referral
C09016,2025-05-27 18:14:58,35.0,Male,Kolkata,West Bengal,East,Premium,Social Media
C09017,2025-01-04 13:46:02,26.0,Male,Guwahati,Assam,East,Free,Organic
C09018,2025-07-12 10:08:31,44.0,Female,Bengaluru,Karnataka,South,Premium,Paid Ads
C09019,2025-03-21 13:50:02,36.0,Male,Guwahati,Assam,East,Free,Organic
C09020,2025-05-21 15:32:16,53.0,Male,Jaipur,Rajasthan,North,Free,Social Media
C09021,2025-08-24 00:35:39,20.0,Female,Ahmedabad,Gujarat,West,Free,Referral
C09022,2025-02-20 00:39:45,55.0,Female,Hyderabad,Telangana,South,Free,Social Media
C09023,2025-10-05 16:41:20,26.0,Male,Ahmedabad,Gujarat,West,Basic,Organic
C09024,2025-11-10 11:59:36,27.0,Female,Pune,Maharashtra,West,Basic,Paid Ads
C09025,2025-01-02 16:40:51,26.0,Male,Jaipur,Rajasthan,North,Basic,Social Media
C09026,2025-04-14 18:58:14,34.0,Female,Pune,Maharashtra,West,Premium,Referral
C09027,2025-08-10 23:22:12,,Female,Delhi,Delhi,North,Free,Social Media
C09028,2025-02-12 13:49:49,55.0,Male,Guwahati,Assam,East,Free,Organic
C09029,2025-05-07 04:09:51,60.0,Female,Chennai,Tamil Nadu,South,Basic,Organic
C09030,2025-05-26 03:19:02,37.0,Male,Mumbai,Maharashtra,West,Premium,Paid Ads
C09031,2025-03-24 16:35:56,24.0,Male,Pune,Maharashtra,West,Premium,Paid Ads
C09032,2025-10-10 18:23:40,21.0,Female,Lucknow,Uttar Pradesh,North,Free,Organic
C09033,2025-11-29 00:45:34,27.0,Male,Mumbai,Maharashtra,West,Premium,Paid Ads
C09034,2025-09-06 13:01:10,38.0,Male,Chennai,Tamil Nadu,South,Premium,Referral
C09035,2025-01-16 04:21:04,31.0,Male,Pune,Maharashtra,West,Free,Referral
C09036,2025-11-29 07:10:08,42.0,Male,Delhi,Delhi,North,Basic,Organic
C09037,2025-05-19 15:57:46,34.0,Female,Kolkata,West Bengal,East,Free,Email
C09038,2025-07-29 19:22:58,45.0,Female,Bengaluru,Karnataka,South,Free,Referral
C09039,2025-04-11 01:52:41,31.0,Female,Delhi,Delhi,North,Premium,Paid Ads
C09040,2025-07-28 08:05:53,30.0,Male,Kolkata,West Bengal,East,Basic,Email
C09041,2025-08-03 10:13:33,51.0,Female,Bhubaneswar,Odisha,East,Basic,Organic
C09042,2025-11-22 00:50:10,58.0,Male,Mumbai,Maharashtra,West,Basic,Referral
C09043,2025-11-15 19:27:34,20.0,Male,Bengaluru,Karnataka,South,Free,Social Media
C09044,2025-05-01 22:16:27,21.0,Male,Ahmedabad,Gujarat,West,Free,Paid Ads
C09045,2025-09-28 20:58:50,32.0,Male,Pune,Maharashtra,West,Free,Social Media
C09046,2025-09-06 02:17:20,37.0,Female,Guwahati,Assam,East,Basic,Email
C09047,2025-06-03 14:22:06,25.0,Female,Pune,Maharashtra,West,Premium,Organic
C09048,2025-05-28 23:15:11,22.0,Female,Jaipur,Rajasthan,North,Basic,Organic
C09049,2025-01-16 06:21:06,19.0,Female,Chennai,Tamil Nadu,South,Premium,Paid Ads
C09050,2025-01-18 12:10:18,45.0,Male,Delhi,Delhi,North,Basic,Paid Ads
C09051,2025-03-10 22:23:10,39.0,Female,Hyderabad,Telangana,South,Basic,Organic
C09052,2025-11-21 04:07:01,26.0,Female,Jaipur,Rajasthan,North,Basic,Organic
C09053,2025-11-05 21:19:56,45.0,Female,Bhubaneswar,Odisha,East,Premium,Social Media
C09054,2025-09-18 22:06:00,18.0,Male,Pune,Maharashtra,West,Free,Referral
C09055,2025-06-16 10:47:46,53.0,Female,Lucknow,Uttar Pradesh,North,Free,Organic
C09056,2025-05-30 21:38:31,59.0,Female,Chennai,Tamil Nadu,South,Free,Email
C09057,2025-08-15 19:08:12,19.0,Male,Hyderabad,Telangana,South,Premium,Social Media
C09058,2025-10-31 07:50:21,55.0,Other,Guwahati,Assam,East,Premium,Paid Ads
C09059,2025-07-04 05:27:23,43.0,Male,Kolkata,West Bengal,East,Free,Social Media
C09060,2025-02-13 10:43:16,48.0,Male,Bhubaneswar,Odisha,East,Premium,Referral
C09061,2025-11-26 06:55:58,58.0,Female,Chennai,Tamil Nadu,South,Basic,Referral
C09062,2025-04-24 08:45:09,36.0,Male,Hyderabad,Telangana,South,Free,Paid Ads
C09063,2025-07-16 20:46:04,48.0,Female,Hyderabad,Telangana,South,Premium,Organic
C09064,2025-10-23 12:52:03,26.0,Male,Mumbai,Maharashtra,West,Basic,Organic
C09065,2025-03-20 00:12:32,20.0,Male,Pune,Maharashtra,West,Free,Organic
C09066,2025-06-07 05:59:10,55.0,Female,Ahmedabad,Gujarat,West,Free,Paid Ads
C09067,2025-03-03 18:54:37,23.0,Male,Pune,Maharashtra,West,Free,Paid Ads
C09068,2025-05-19 16:02:36,24.0,Female,Pune,Maharashtra,West,Basic,Organic
C09069,2025-05-14 12:34:23,58.0,Female,Bhubaneswar,Odisha,East,Free,Social Media
C09070,2025-01-03 09:24:51,42.0,Male,Guwahati,Assam,East,Basic,Referral
C09071,2025-03-23 03:05:52,42.0,Female,Chennai,Tamil Nadu,South,Basic,Paid Ads
C09072,2025-04-15 21:30:59,18.0,Female,Lucknow,Uttar Pradesh,North,Free,Email
C09073,2025-09-23 14:18:53,39.0,Female,Mumbai,Maharashtra,West,Basic,Email
C09074,2025-06-24 09:29:21,37.0,Female,Delhi,Delhi,North,Premium,Organic
C09075,2025-09-16 01:55:17,30.0,Female,Ahmedabad,Gujarat,West,Free,Referral
C09076,2025-06-06 15:43:17,57.0,Male,Jaipur,Rajasthan,North,Basic,Social Media
C09077,2025-05-11 14:38:31,38.0,Male,Bengaluru,Karnataka,South,Premium,Organic
C09078,2025-01-30 16:08:40,40.0,Female,Bengaluru,Karnataka,South,Free,Organic
C09079,2025-07-20 08:17:35,58.0,Female,Lucknow,Uttar Pradesh,North,Free,Organic
C09080,2025-11-29 03:21:59,50.0,Male,Guwahati,Assam,East,Basic,Organic
C09081,2025-10-24 00:04:48,26.0,Male,Ahmedabad,Gujarat,West,Basic,Email
C09082,2025-09-16 13:29:48,46.0,Female,Ahmedabad,Gujarat,West,Free,Social Media
C09083,2025-07-15 10:45:54,49.0,Female,Ahmedabad,Gujarat,West,Free,Organic
C09084,2025-01-17 05:55:17,28.0,Male,Lucknow,Uttar Pradesh,North,Basic,Social Media
C09085,2025-08-25 09:02:40,53.0,Female,Ahmedabad,Gujarat,West,Free,Organic
C09086,2025-03-17 01:29:11,46.0,Female,Bhubaneswar,Odisha,East,Basic,Paid Ads
C09087,2025-07-29 02:41:41,48.0,Female,Pune,Maharashtra,West,Basic,Paid Ads
C09088,2025-09-24 17:14:55,31.0,Male,Chennai,Tamil Nadu,South,Free,Organic
C09089,2025-01-30 06:36:25,42.0,Female,Bhubaneswar,Odisha,East,Free,Paid Ads
C09090,2025-10-07 14:08:21,43.0,Male,Delhi,Delhi,North,Basic,Social Media
C09091,2025-04-07 10:30:49,39.0,Female,Pune,Maharashtra,West,Basic,Organic
C09092,2025-01-15 19:29:17,,Male,Kolkata,West Bengal,East,Premium,Social Media
C09093,2025-07-15 04:29:43,50.0,Female,Mumbai,Maharashtra,West,Free,Organic
C09094,2025-10-21 01:00:20,40.0,Male,Delhi,Delhi,North,Basic,Referral
C09095,2025-02-25 00:24:16,52.0,Female,Lucknow,Uttar Pradesh,North,Free,Social Media
C09096,2025-01-16 07:33:33,37.0,Female,Bengaluru,Karnataka,South,Premium,Organic
C09097,2025-08-31 18:54:17,50.0,Other,Mumbai,Maharashtra,West,Free,Referral
C09098,2025-06-08 12:06:09,52.0,Male,Kolkata,West Bengal,East,Basic,Paid Ads
C09099,2025-11-30 22:24:35,47.0,Male,Hyderabad,Telangana,South,Free,Paid Ads
C09100,2025-02-18 08:56:19,47.0,Male,Pune,Maharashtra,West,Free,Organic
C09101,2025-08-23 15:39:02,39.0,Male,Jaipur,Rajasthan,North,Free,Referral
C09102,2025-01-03 18:21:53,18.0,Male,Bengaluru,Karnataka,South,Free,Paid Ads
C09103,2025-09-27 18:01:10,32.0,Female,Mumbai,Maharashtra,West,Free,Paid Ads
C09104,2025-04-16 14:15:02,42.0,Female,Jaipur,Rajasthan,North,Free,Referral
C09105,2025-09-25 02:29:06,,Male,Bhubaneswar,Odisha,East,Free,Email
C09106,2025-03-15 03:06:03,24.0,Male,Pune,Maharashtra,West,Free,Paid Ads
C09107,2025-01-15 15:59:33,33.0,Female,Bhubaneswar,Odisha,East,Basic,Social Media
C09108,2025-09-04 23:19:47,40.0,Male,Bengaluru,Karnataka,South,Basic,Email
C09109,2025-07-20 08:22:08,38.0,Female,Kolkata,West Bengal,East,Free,Organic
C09110,2025-05-29 14:07:52,18.0,Male,Delhi,Delhi,North,Free,Paid Ads
C09111,2025-04-01 08:31:13,37.0,Male,Chennai,Tamil Nadu,South,Free,Organic
C09112,2025-06-30 20:13:44,36.0,Male,Lucknow,Uttar Pradesh,North,Free,Social Media
C09113,2025-01-26 21:51:19,23.0,Male,Jaipur,Rajasthan,North,Free,Organic
C09114,2025-01-28 02:16:00,55.0,Female,Pune,Maharashtra,West,Free,Paid Ads
C09115,2025-11-02 01:17:46,49.0,Male,Ahmedabad,Gujarat,West,Premium,Referral
C09116,2025-11-09 18:14:14,18.0,Female,Ahmedabad,Gujarat,West,Premium,Social Media
C09117,2025-03-01 18:06:17,47.0,Male,Jaipur,Rajasthan,North,Free,Paid Ads
C09118,2025-04-08 22:28:34,33.0,Female,Hyderabad,Telangana,South,Basic,Referral
C09119,2025-06-08 00:29:35,44.0,Female,Hyderabad,Telangana,South,Free,Email
C09120,2025-01-01 00:10:17,35.0,Female,Hyderabad,Telangana,South,Free,Email
C09121,2025-03-28 05:43:40,30.0,Male,Chennai,Tamil Nadu,South,Premium,Referral
C09122,2025-07-18 15:59:05,45.0,Female,Pune,Maharashtra,West,Free,Email
C09123,2025-07-27 13:16:45,27.0,Male,Lucknow,Uttar Pradesh,North,Basic,Social Media
C09124,2025-01-20 12:18:05,31.0,Male,Bengaluru,Karnataka,South,Basic,Social Media
C09125,2025-09-08 09:12:45,46.0,Female,Ahmedabad,Gujarat,West,Basic,Email
C09126,2025-01-07 10:51:52,28.0,Female,Hyderabad,Telangana,South,Free,Social Media
C09127,2025-07-13 10:16:20,44.0,Male,Pune,Maharashtra,West,Basic,Paid Ads
C09128,2025-01-24 10:01:46,34.0,Female,Delhi,Delhi,North,Free,Paid Ads
C09129,2025-06-11 12:41:11,20.0,Male,Lucknow,Uttar Pradesh,North,Free,Organic
C09130,2025-05-01 10:35:55,48.0,Male,Bengaluru,Karnataka,South,Premium,Organic
C09131,2025-01-20 09:17:22,38.0,Female,Pune,Maharashtra,West,Basic,Social Media
C09132,2025-06-29 06:38:30,50.0,Female,Delhi,Delhi,North,Premium,Referral
C09133,2025-09-16 17:05:49,18.0,Male,Jaipur,Rajasthan,North,Free,Social Media
C09134,2025-11-19 10:12:54,23.0,Female,Ahmedabad,Gujarat,West,Free,Email
C09135,2025-06-04 03:48:47,21.0,Female,Chennai,Tamil Nadu,South,Basic,Paid Ads
C09136,2025-07-01 06:47:02,39.0,Female,Delhi,Delhi,North,Free,Organic
C09137,2025-07-31 09:55:25,30.0,Male,Delhi,Delhi,North,Basic,Referral
C09138,2025-04-23 01:59:07,47.0,Male,Mumbai,Maharashtra,West,Premium,Organic
C09139,2025-05-25 19:57:14,57.0,Female,Ahmedabad,Gujarat,West,Premium,Referral
C09140,2025-10-15 17:12:04,43.0,Female,Delhi,Delhi,North,Basic,Paid Ads
C09141,2025-11-22 16:07:23,56.0,Female,Mumbai,Maharashtra,West,Free,Referral
C09142,2025-10-22 21:16:26,56.0,Female,Kolkata,West Bengal,East,Premium,Paid Ads
C09143,2025-02-21 13:40:16,24.0,Male,Chennai,Tamil Nadu,South,Basic,Organic
C09144,2025-03-13 17:37:48,31.0,Female,Delhi,Delhi,North,Premium,Organic
C09145,2025-09-16 09:20:28,43.0,Male,Jaipur,Rajasthan,North,Basic,Referral
C09146,2025-08-17 21:06:31,35.0,Male,Mumbai,Maharashtra,West,Premium,Paid Ads
C09147,2025-07-14 08:01:58,41.0,Male,Pune,Maharashtra,West,Free,Referral
C09148,2025-03-08 18:53:22,42.0,Female,Pune,Maharashtra,West,Basic,Paid Ads
C09149,2025-09-15 01:39:53,49.0,Male,Ahmedabad,Gujarat,West,Free,Social Media
C09150,2025-06-29 19:42:10,23.0,Male,Lucknow,Uttar Pradesh,North,Basic,Email
C09151,2025-01-10 00:50:38,33.0,Male,Jaipur,Rajasthan,North,Basic,Paid Ads
C09152,2025-05-18 19:16:54,20.0,Male,Pune,Maharashtra,West,Free,Referral
C09153,2025-08-02 04:54:43,38.0,Male,Guwahati,Assam,East,Basic,Organic
C09154,2025-02-20 04:58:42,49.0,Female,Pune,Maharashtra,West,Free,Social Media
C09155,2025-05-10 05:33:19,19.0,Male,Guwahati,Assam,East,Free,Paid Ads
C09156,2025-09-07 05:10:45,37.0,Male,Guwahati,Assam,East,Free,Referral
C09157,2025-03-23 00:38:03,28.0,Female,Bengaluru,Karnataka,South,Free,Organic
C09158,2025-07-21 06:24:53,35.0,Female,Delhi,Delhi,North,Free,Social Media
C09159,2025-03-13 01:59:16,28.0,Female,Lucknow,Uttar Pradesh,North,Free,Organic
C09160,2025-09-28 05:34:35,52.0,Male,Ahmedabad,Gujarat,West,Free,Email
C09161,2025-03-12 12:13:06,53.0,Female,Chennai,Tamil Nadu,South,Free,Organic
C09162,2025-03-17 04:39:58,55.0,Male,Lucknow,Uttar Pradesh,North,Free,Organic
C09163,2025-11-20 22:16:28,29.0,Female,Hyderabad,Telangana,South,Basic,Referral
C09164,2025-02-27 12:03:37,48.0,Male,Mumbai,Maharashtra,West,Basic,Social Media
C09165,2025-01-25 05:31:48,53.0,Male,Hyderabad,Telangana,South,Premium,Referral
C09166,2025-03-24 02:15:20,47.0,Female,Chennai,Tamil Nadu,South,Free,Organic
C09167,2025-08-29 16:36:35,21.0,Male,Hyderabad,Telangana,South,Premium,Social Media
C09168,2025-09-08 18:34:41,19.0,Male,Kolkata,West Bengal,East,Free,Referral
C09169,2025-09-25 07:11:16,30.0,Female,Mumbai,Maharashtra,West,Free,Organic
C09170,2025-09-22 02:48:18,43.0,Female,Mumbai,Maharashtra,West,Free,Referral
C09171,2025-07-19 16:28:46,46.0,Female,Mumbai,Maharashtra,West,Free,Referral
C09172,2025-01-04 05:46:26,53.0,Female,Hyderabad,Telangana,South,Free,Referral
C09173,2025-02-04 14:21:23,45.0,Female,Bhubaneswar,Odisha,East,Basic,Social Media
C09174,2025-01-18 17:56:43,25.0,Female,Bhubaneswar,Odisha,East,Premium,Email
C09175,2025-07-12 23:10:11,22.0,Female,Pune,Maharashtra,West,Premium,Social Media
C09176,2025-09-22 18:13:56,49.0,Female,Guwahati,Assam,East,Basic,Referral
C09177,2025-05-25 17:11:02,47.0,Female,Guwahati,Assam,East,Basic,Organic
C09178,2025-06-26 09:29:07,31.0,Male,Hyderabad,Telangana,South,Free,Social Media
C09179,2025-07-27 19:12:10,60.0,Female,Jaipur,Rajasthan,North,Premium,Email
C09180,2025-07-25 06:28:06,27.0,Male,Guwahati,Assam,East,Basic,Paid Ads
C09181,2025-05-02 10:51:36,27.0,Female,Ahmedabad,Gujarat,West,Free,Referral
C09182,2025-01-19 18:18:42,23.0,Male,Mumbai,Maharashtra,West,Basic,Social Media
C09183,2025-05-30 18:57:40,33.0,Female,Kolkata,West Bengal,East,Free,Referral
C09184,2025-06-17 09:03:15,43.0,Male,Jaipur,Rajasthan,North,Basic,Email
C09185,2025-11-06 23:46:39,38.0,Female,Delhi,Delhi,North,Premium,Paid Ads
C09186,2025-11-27 18:18:22,53.0,Male,Delhi,Delhi,North,Basic,Paid Ads
C09187,2025-05-02 14:05:08,58.0,Male,Delhi,Delhi,North,Premium,Organic
C09188,2025-05-27 06:49:29,,Female,Guwahati,Assam,East,Premium,Email
C09189,2025-11-20 13:06:57,47.0,Male,Bengaluru,Karnataka,South,Free,Organic
C09190,2025-01-17 11:34:39,22.0,Male,Bengaluru,Karnataka,South,Free,Email
C09191,2025-07-27 16:16:47,27.0,Female,Bengaluru,Karnataka,South,Free,Organic
C09192,2025-01-31 01:32:25,48.0,Other,Guwahati,Assam,East,Premium,Organic
C09193,2025-01-12 08:08:32,28.0,Male,Chennai,Tamil Nadu,South,Free,Paid Ads
C09194,2025-09-12 12:49:46,55.0,Male,Hyderabad,Telangana,South,Basic,Referral
C09195,2025-11-03 15:36:16,24.0,Female,Hyderabad,Telangana,South,Free,Paid Ads
C09196,2025-02-10 01:49:11,29.0,Male,Kolkata,West Bengal,East,Basic,Paid Ads
C09197,2025-04-29 07:05:18,58.0,Male,Jaipur,Rajasthan,North,Free,Referral
C09198,2025-06-09 15:03:52,25.0,Female,Bengaluru,Karnataka,South,Free,Email
C09199,2025-09-05 00:08:38,45.0,Male,Delhi,Delhi,North,Free,Email
C09200,2025-07-10 20:41:28,33.0,Female,Jaipur,Rajasthan,North,Basic,Paid Ads
C09201,2025-03-22 04:58:33,20.0,Female,Chennai,Tamil Nadu,South,Free,Referral
C09202,2025-08-10 21:27:01,54.0,Female,Ahmedabad,Gujarat,West,Basic,Social Media
C09203,2025-10-07 17:18:38,49.0,Other,Jaipur,Rajasthan,North,Free,Referral
C09204,2025-09-30 17:00:30,38.0,Female,Ahmedabad,Gujarat,West,Basic,Organic
C09205,2025-07-06 15:49:54,35.0,Female,Hyderabad,Telangana,South,Premium,Paid Ads
C09206,2025-06-02 05:10:37,28.0,Female,Kolkata,West Bengal,East,Basic,Social Media
C09207,2025-10-14 19:55:41,25.0,Male,Mumbai,Maharashtra,West,Free,Organic
C09208,2025-08-19 04:30:00,29.0,Male,Delhi,Delhi,North,Premium,Paid Ads
C09209,2025-09-24 07:16:53,19.0,Female,Chennai,Tamil Nadu,South,Free,Organic
C09210,2025-01-15 13:17:28,58.0,Male,Jaipur,Rajasthan,North,Free,Email
C09211,2025-07-26 20:28:16,39.0,Male,Hyderabad,Telangana,South,Free,Social Media
C09212,2025-06-13 23:26:35,26.0,Female,Hyderabad,Telangana,South,Free,Organic
C09213,2025-01-31 11:33:51,31.0,Female,Guwahati,Assam,East,Basic,Social Media
C09214,2025-10-13 22:22:17,32.0,Male,Pune,Maharashtra,West,Basic,Paid Ads
C09215,2025-06-27 06:05:35,28.0,Male,Guwahati,Assam,East,Free,Referral
C09216,2025-03-21 02:10:12,30.0,Male,Ahmedabad,Gujarat,West,Free,Paid Ads
C09217,2025-09-20 13:10:18,45.0,Female,Jaipur,Rajasthan,North,Free,Paid Ads
C09218,2025-03-12 21:42:20,42.0,Female,Bengaluru,Karnataka,South,Free,Email
C09219,2025-04-15 21:33:36,54.0,Male,Chennai,Tamil Nadu,South,Free,Referral
C09220,2025-09-11 00:51:41,23.0,Female,Guwahati,Assam,East,Free,Organic
C09221,2025-06-03 17:46:56,54.0,Male,Kolkata,West Bengal,East,Basic,Organic
C09222,2025-03-17 05:23:17,50.0,Female,Jaipur,Rajasthan,North,Basic,Email
C09223,2025-11-04 19:00:09,42.0,Male,Delhi,Delhi,North,Free,Organic
C09224,2025-11-03 10:26:06,40.0,Female,Mumbai,Maharashtra,West,Premium,Social Media
C09225,2025-10-29 11:40:44,25.0,Male,Hyderabad,Telangana,South,Free,Paid Ads
C09226,2025-09-20 04:02:06,34.0,Male,Chennai,Tamil Nadu,South,Basic,Organic
C09227,2025-03-14 23:15:26,48.0,Male,Ahmedabad,Gujarat,West,Free,Social Media
C09228,2025-03-09 19:22:40,43.0,Male,Chennai,Tamil Nadu,South,Basic,Email
C09229,2025-02-16 12:58:39,28.0,Other,Pune,Maharashtra,West,Free,Organic
C09230,2025-11-17 15:37:05,47.0,Female,Jaipur,Rajasthan,North,Basic,Organic
C09231,2025-09-29 20:11:40,28.0,Female,Mumbai,Maharashtra,West,Free,Social Media
C09232,2025-05-09 14:28:45,20.0,Male,Kolkata,West Bengal,East,Free,Paid Ads
C09233,2025-01-25 07:49:38,57.0,Male,Hyderabad,Telangana,South,Basic,Referral
C09234,2025-06-08 08:12:38,57.0,Male,Pune,Maharashtra,West,Basic,Paid Ads
C09235,2025-10-04 13:44:31,38.0,Male,Jaipur,Rajasthan,North,Free,Paid Ads
C09236,2025-03-14 20:15:48,52.0,Male,Mumbai,Maharashtra,West,Free,Organic
C09237,2025-02-22 22:20:40,45.0,Female,Bhubaneswar,Odisha,East,Free,Referral
C09238,2025-10-06 22:58:51,39.0,Male,Guwahati,Assam,East,Free,Organic
C09239,2025-06-04 21:50:03,59.0,Female,Pune,Maharashtra,West,Free,Referral
C09240,2025-10-24 04:13:45,35.0,Female,Jaipur,Rajasthan,North,Free,Referral
C09241,2025-11-11 23:30:47,40.0,Male,Mumbai,Maharashtra,West,Basic,Social Media
C09242,2025-03-19 09:54:51,43.0,Female,Jaipur,Rajasthan,North,Basic,Email
C09243,2025-11-24 04:48:23,52.0,Male,Lucknow,Uttar Pradesh,North,Basic,Email
C09244,2025-04-27 13:54:18,46.0,Male,Lucknow,Uttar Pradesh,North,Basic,Referral
C09245,2025-01-12 22:16:33,28.0,Male,Ahmedabad,Gujarat,West,Basic,Paid Ads
C09246,2025-07-08 03:03:28,59.0,Female,Hyderabad,Telangana,South,Free,Paid Ads
C09247,2025-10-12 10:05:44,18.0,Male,Mumbai,Maharashtra,West,Premium,Referral
C09248,2025-03-08 03:27:53,33.0,Female,Pune,Maharashtra,West,Basic,Referral
C09249,2025-08-19 07:49:47,42.0,Male,Kolkata,West Bengal,East,Free,Organic
C09250,2025-06-21 14:08:03,55.0,Male,Ahmedabad,Gujarat,West,Premium,Email
C09251,2025-09-03 13:54:02,35.0,Male,Bhubaneswar,Odisha,East,Free,Organic
C09252,2025-08-13 04:56:27,33.0,Female,Delhi,Delhi,North,Basic,Referral
C09253,2025-04-05 03:44:58,36.0,Female,Pune,Maharashtra,West,Free,Paid Ads
C09254,2025-05-06 04:34:14,33.0,Female,Ahmedabad,Gujarat,West,Basic,Referral
C09255,2025-01-26 21:56:37,,Male,Hyderabad,Telangana,South,Basic,Paid Ads
C09256,2025-10-06 07:56:12,44.0,Male,Pune,Maharashtra,West,Basic,Organic
C09257,2025-05-22 04:19:36,23.0,Female,Pune,Maharashtra,West,Basic,Email
C09258,2025-10-19 23:03:37,51.0,Male,Guwahati,Assam,East,Basic,Email
C09259,2025-11-14 08:33:23,33.0,Male,Bengaluru,Karnataka,South,Free,Paid Ads
C09260,2025-05-30 03:34:37,40.0,Male,Guwahati,Assam,East,Premium,Organic
C09261,2025-09-19 22:04:16,60.0,Female,Pune,Maharashtra,West,Free,Organic
C09262,2025-02-20 09:05:08,49.0,Female,Mumbai,Maharashtra,West,Premium,Organic
C09263,2025-02-22 02:17:16,60.0,Male,Lucknow,Uttar Pradesh,North,Basic,Referral
C09264,2025-07-27 08:44:43,40.0,Female,Jaipur,Rajasthan,North,Free,Paid Ads
C09265,2025-06-20 21:48:00,,Female,Chennai,Tamil Nadu,South,Free,Paid Ads
C09266,2025-08-14 03:27:34,36.0,Male,Bhubaneswar,Odisha,East,Free,Paid Ads
C09267,2025-03-26 00:58:15,46.0,Male,Mumbai,Maharashtra,West,Premium,Social Media
C09268,2025-11-20 07:34:51,25.0,Female,Mumbai,Maharashtra,West,Free,Organic
C09269,2025-07-13 10:59:00,46.0,Female,Kolkata,West Bengal,East,Free,Referral
C09270,2025-11-10 01:35:13,35.0,Male,Mumbai,Maharashtra,West,Free,Referral
C09271,2025-03-13 23:02:50,22.0,Female,Pune,Maharashtra,West,Free,Email
C09272,2025-06-23 14:09:24,29.0,Female,Jaipur,Rajasthan,North,Free,Social Media
C09273,2025-06-20 16:49:10,27.0,Female,Delhi,Delhi,North,Free,Referral
C09274,2025-05-28 18:34:36,54.0,Male,Mumbai,Maharashtra,West,Premium,Social Media
C09275,2025-04-29 20:59:31,34.0,Male,Jaipur,Rajasthan,North,Basic,Email
C09276,2025-11-25 17:08:10,49.0,Female,Ahmedabad,Gujarat,West,Premium,Email
C09277,2025-05-22 03:42:39,21.0,Female,Ahmedabad,Gujarat,West,Basic,Organic
C09278,2025-09-04 16:23:25,48.0,Male,Jaipur,Rajasthan,North,Free,Referral
C09279,2025-06-03 12:39:39,43.0,Female,Kolkata,West Bengal,East,Premium,Social Media
C09280,2025-02-18 15:12:45,29.0,Female,Kolkata,West Bengal,East,Free,Referral
C09281,2025-02-20 11:32:45,35.0,Female,Pune,Maharashtra,West,Free,Paid Ads
C09282,2025-06-10 10:47:34,25.0,Male,Hyderabad,Telangana,South,Free,Paid Ads
C09283,2025-05-16 04:01:05,49.0,Female,Jaipur,Rajasthan,North,Basic,Referral
C09284,2025-06-22 10:01:52,37.0,Male,Bhubaneswar,Odisha,East,Free,Paid Ads
C09285,2025-01-29 11:04:42,57.0,Male,Chennai,Tamil Nadu,South,Basic,Paid Ads
C09286,2025-06-30 22:28:01,30.0,Male,Delhi,Delhi,North,Premium,Social Media
C09287,2025-11-02 01:39:23,40.0,Male,Delhi,Delhi,North,Basic,Paid Ads
C09288,2025-07-05 18:35:43,20.0,Male,Bengaluru,Karnataka,South,Free,Referral
C09289,2025-01-22 15:00:18,52.0,Male,Ahmedabad,Gujarat,West,Basic,Social Media
C09290,2025-02-20 18:43:25,56.0,Other,Bhubaneswar,Odisha,East,Premium,Referral
C09291,2025-04-07 13:36:14,38.0,Female,Jaipur,Rajasthan,North,Free,Paid Ads
C09292,2025-08-13 22:03:30,24.0,Female,Lucknow,Uttar Pradesh,North,Free,Organic
C09293,2025-08-11 11:07:21,43.0,Female,Delhi,Delhi,North,Free,Referral
C09294,2025-04-08 03:58:32,40.0,Female,Jaipur,Rajasthan,North,Free,Email
C09295,2025-06-11 21:26:33,49.0,Male,Hyderabad,Telangana,South,Basic,Social Media
C09296,2025-03-24 06:21:39,19.0,Female,Bengaluru,Karnataka,South,Basic,Referral
C09297,2025-07-25 08:52:06,56.0,Male,Bengaluru,Karnataka,South,Free,Paid Ads
C09298,2025-03-02 06:24:50,19.0,Male,Chennai,Tamil Nadu,South,Basic,Organic
C09299,2025-07-11 08:18:17,56.0,Male,Bengaluru,Karnataka,South,Basic,Referral
C09300,2025-05-20 06:26:24,32.0,Female,Guwahati,Assam,East,Basic,Organic
C09301,2025-09-21 13:32:45,33.0,Male,Mumbai,Maharashtra,West,Free,Email
C09302,2025-03-17 18:26:32,43.0,Female,Pune,Maharashtra,West,Free,Paid Ads
C09303,2025-10-08 04:59:40,25.0,Female,Hyderabad,Telangana,South,Free,Paid Ads
C09304,2025-02-03 05:51:28,33.0,Male,Mumbai,Maharashtra,West,Basic,Organic
C09305,2025-03-20 14:59:22,38.0,Male,Delhi,Delhi,North,Basic,Paid Ads
C09306,2025-08-01 01:32:48,56.0,Female,Kolkata,West Bengal,East,Free,Referral
C09307,2025-08-10 04:15:26,28.0,Male,Ahmedabad,Gujarat,West,Free,Paid Ads
C09308,2025-09-02 07:32:13,41.0,Female,Delhi,Delhi,North,Basic,Referral
C09309,2025-07-17 23:12:20,53.0,Female,Bhubaneswar,Odisha,East,Free,Referral
C09310,2025-05-13 06:25:42,35.0,Male,Ahmedabad,Gujarat,West,Free,Paid Ads
C09311,2025-11-24 16:18:30,40.0,Male,Ahmedabad,Gujarat,West,Free,Paid Ads
C09312,2025-01-10 23:12:09,30.0,Other,Mumbai,Maharashtra,West,Free,Social Media
C09313,2025-02-01 20:53:03,59.0,Female,Lucknow,Uttar Pradesh,North,Free,Organic
C09314,2025-05-28 08:25:04,,Male,Pune,Maharashtra,West,Free,Referral
C09315,2025-10-20 07:55:01,18.0,Male,Lucknow,Uttar Pradesh,North,Basic,Paid Ads
C09316,2025-07-04 18:33:12,24.0,Female,Bhubaneswar,Odisha,East,Premium,Referral
C09317,2025-06-27 18:32:37,38.0,Male,Bengaluru,Karnataka,South,Free,Paid Ads
C09318,2025-05-13 00:34:54,33.0,Female,Ahmedabad,Gujarat,West,Free,Organic
C09319,2025-06-03 00:27:26,31.0,Female,Jaipur,Rajasthan,North,Free,Email
C09320,2025-05-26 08:00:09,60.0,Female,Delhi,Delhi,North,Free,Organic
C09321,2025-10-05 00:30:48,60.0,Male,Bhubaneswar,Odisha,East,Basic,Organic
C09322,2025-09-02 21:04:15,19.0,Female,Hyderabad,Telangana,South,Free,Paid Ads
C09323,2025-03-13 22:34:52,48.0,Male,Lucknow,Uttar Pradesh,North,Free,Email
C09324,2025-10-22 12:52:02,56.0,Male,Pune,Maharashtra,West,Basic,Organic
C09325,2025-01-05 11:04:28,26.0,Female,Kolkata,West Bengal,East,Basic,Referral
C09326,2025-06-18 02:30:17,58.0,Female,Bengaluru,Karnataka,South,Free,Paid Ads
C09327,2025-01-29 05:38:27,31.0,Female,Delhi,Delhi,North,Free,Paid Ads
C09328,2025-02-04 02:26:11,27.0,Female,Kolkata,West Bengal,East,Basic,Referral
C09329,2025-05-09 23:12:19,41.0,Male,Pune,Maharashtra,West,Free,Paid Ads
C09330,2025-07-24 04:34:29,50.0,Male,Hyderabad,Telangana,South,Free,Referral
C09331,2025-10-21 13:43:56,51.0,Male,Jaipur,Rajasthan,North,Basic,Organic
C09332,2025-05-02 04:54:39,37.0,Male,Hyderabad,Telangana,South,Free,Email
C09333,2025-07-14 02:54:34,45.0,Female,Ahmedabad,Gujarat,West,Basic,Organic
C09334,2025-11-24 09:22:06,21.0,Female,Jaipur,Rajasthan,North,Basic,Referral
C09335,2025-06-02 14:20:30,51.0,Female,Pune,Maharashtra,West,Free,Email
C09336,2025-10-02 08:11:22,21.0,Female,Kolkata,West Bengal,East,Basic,Organic
C09337,2025-07-28 07:13:26,23.0,Male,Lucknow,Uttar Pradesh,North,Basic,Organic
C09338,2025-06-12 10:21:17,39.0,Male,Bengaluru,Karnataka,South,Free,Paid Ads
C09339,2025-01-16 07:16:08,21.0,Male,Mumbai,Maharashtra,West,Free,Social Media
C09340,2025-10-30 11:14:37,22.0,Male,Pune,Maharashtra,West,Basic,Referral
C09341,2025-01-27 03:37:14,28.0,Male,Delhi,Delhi,North,Basic,Social Media
C09342,2025-11-24 12:36:07,52.0,Male,Delhi,Delhi,North,Free,Paid Ads
C09343,2025-02-08 16:17:27,36.0,Other,Bengaluru,Karnataka,South,Free,Email
C09344,2025-08-22 13:15:28,28.0,Male,Chennai,Tamil Nadu,South,Premium,Paid Ads
C09345,2025-10-30 05:25:56,28.0,Female,Kolkata,West Bengal,East,Basic,Social Media
C09346,2025-04-05 13:23:53,44.0,Male,Bengaluru,Karnataka,South,Basic,Paid Ads
C09347,2025-08-09 17:16:15,19.0,Male,Jaipur,Rajasthan,North,Basic,Organic
C09348,2025-01-28 10:32:43,25.0,Male,Chennai,Tamil Nadu,South,Free,Paid Ads
C09349,2025-09-01 00:56:55,51.0,Male,Jaipur,Rajasthan,North,Premium,Organic
C09350,2025-05-09 16:32:43,57.0,Female,Hyderabad,Telangana,South,Free,Organic
C09351,2025-10-09 18:51:59,37.0,Female,Bhubaneswar,Odisha,East,Basic,Paid Ads
C09352,2025-07-05 12:43:11,40.0,Female,Ahmedabad,Gujarat,West,Free,Organic
C09353,2025-09-21 22:45:53,32.0,Female,Chennai,Tamil Nadu,South,Premium,Paid Ads
C09354,2025-07-27 16:32:34,30.0,Female,Bhubaneswar,Odisha,East,Basic,Organic
C09355,2025-10-06 04:04:47,48.0,Female,Bhubaneswar,Odisha,East,Basic,Paid Ads
C09356,2025-02-03 12:46:41,31.0,Female,Hyderabad,Telangana,South,Premium,Email
C09357,2025-06-07 01:14:41,18.0,Male,Bengaluru,Karnataka,South,Premium,Paid Ads
C09358,2025-09-01 20:17:29,44.0,Female,Bhubaneswar,Odisha,East,Free,Organic
C09359,2025-04-10 05:55:01,50.0,Female,Hyderabad,Telangana,South,Free,Paid Ads
C09360,2025-03-23 07:05:15,52.0,Female,Jaipur,Rajasthan,North,Basic,Social Media
C09361,2025-05-03 04:28:00,32.0,Female,Delhi,Delhi,North,Premium,Paid Ads
C09362,2025-03-03 13:05:05,22.0,Male,Hyderabad,Telangana,South,Free,Paid Ads
C09363,2025-03-20 20:19:17,54.0,Female,Pune,Maharashtra,West,Free,Social Media
C09364,2025-02-25 08:53:28,21.0,Female,Bhubaneswar,Odisha,East,Basic,Organic
C09365,2025-02-07 17:25:20,37.0,Female,Pune,Maharashtra,West,Free,Paid Ads
C09366,2025-08-20 06:55:00,56.0,Female,Mumbai,Maharashtra,West,Basic,Organic
C09367,2025-01-28 10:26:46,,Male,Lucknow,Uttar Pradesh,North,Free,Organic
C09368,2025-04-27 10:42:16,41.0,Male,Chennai,Tamil Nadu,South,Basic,Organic
C09369,2025-08-10 05:58:37,28.0,Female,Chennai,Tamil Nadu,South,Premium,Paid Ads
C09370,2025-06-19 00:02:34,23.0,Male,Lucknow,Uttar Pradesh,North,Free,Social Media
C09371,2025-08-27 10:03:52,,Female,Bengaluru,Karnataka,South,Free,Paid Ads
C09372,2025-10-26 13:29:07,27.0,Female,Kolkata,West Bengal,East,Basic,Paid Ads
C09373,2025-03-07 19:47:31,56.0,Male,Kolkata,West Bengal,East,Free,Paid Ads
C09374,2025-11-25 23:44:14,27.0,Male,Bengaluru,Karnataka,South,Basic,Paid Ads
C09375,2025-02-03 15:46:43,43.0,Female,Kolkata,West Bengal,East,Free,Paid Ads
C09376,2025-08-16 12:39:30,54.0,Male,Pune,Maharashtra,West,Basic,Email
C09377,2025-02-17 04:54:12,50.0,Male,Jaipur,Rajasthan,North,Premium,Organic
C09378,2025-07-19 00:08:54,25.0,Female,Pune,Maharashtra,West,Free,Referral
C09379,2025-03-11 17:44:21,45.0,Female,Hyderabad,Telangana,South,Premium,Email
C09380,2025-05-24 03:23:52,53.0,Female,Mumbai,Maharashtra,West,Free,Paid Ads
C09381,2025-11-27 02:34:05,57.0,Female,Guwahati,Assam,East,Basic,Referral
C09382,2025-02-04 20:03:30,42.0,Male,Mumbai,Maharashtra,West,Free,Referral
C09383,2025-10-31 07:14:10,53.0,Female,Delhi,Delhi,North,Free,Paid Ads
C09384,2025-01-09 23:20:17,30.0,Female,Ahmedabad,Gujarat,West,Basic,Organic
C09385,2025-05-30 08:47:43,24.0,Female,Jaipur,Rajasthan,North,Free,Organic
C09386,2025-07-09 12:25:37,18.0,Male,Hyderabad,Telangana,South,Free,Organic
C09387,2025-02-21 11:46:01,26.0,Male,Chennai,Tamil Nadu,South,Free,Social Media
C09388,2025-05-02 17:12:09,45.0,Female,Mumbai,Maharashtra,West,Basic,Paid Ads
C09389,2025-09-23 01:43:59,53.0,Male,Pune,Maharashtra,West,Free,Social Media
C09390,2025-06-09 01:16:30,47.0,Male,Delhi,Delhi,North,Free,Organic
C09391,2025-02-21 15:44:34,26.0,Other,Bengaluru,Karnataka,South,Basic,Social Media
C09392,2025-06-27 03:31:51,47.0,Male,Chennai,Tamil Nadu,South,Free,Paid Ads
C09393,2025-02-24 15:49:16,52.0,Male,Kolkata,West Bengal,East,Free,Organic
C09394,2025-07-04 23:32:15,44.0,Male,Jaipur,Rajasthan,North,Basic,Paid Ads
C09395,2025-05-25 16:00:17,46.0,Female,Ahmedabad,Gujarat,West,Basic,Email
C09396,2025-03-07 00:30:18,22.0,Female,Kolkata,West Bengal,East,Basic,Paid Ads
C09397,2025-04-11 08:00:10,18.0,Female,Kolkata,West Bengal,East,Basic,Paid Ads
C09398,2025-08-10 00:39:02,60.0,Female,Ahmedabad,Gujarat,West,Free,Paid Ads
C09399,2025-05-17 07:24:02,22.0,Female,Mumbai,Maharashtra,West,Basic,Paid Ads
C09400,2025-07-16 02:30:48,46.0,Female,Guwahati,Assam,East,Free,Organic
C09401,2025-09-26 16:53:26,34.0,Male,Lucknow,Uttar Pradesh,North,Free,Paid Ads
C09402,2025-02-10 15:50:54,54.0,Male,Mumbai,Maharashtra,West,Free,Paid Ads
C09403,2025-04-04 20:23:20,41.0,Male,Lucknow,Uttar Pradesh,North,Basic,Social Media
C09404,2025-01-06 17:04:01,44.0,Male,Ahmedabad,Gujarat,West,Basic,Organic
C09405,2025-03-22 12:41:40,26.0,Female,Guwahati,Assam,East,Premium,Referral
C09406,2025-04-05 00:37:33,55.0,Male,Mumbai,Maharashtra,West,Premium,Referral
C09407,2025-05-14 13:12:49,30.0,Female,Guwahati,Assam,East,Premium,Paid Ads
C09408,2025-04-24 05:31:15,43.0,Male,Jaipur,Rajasthan,North,Free,Referral
C09409,2025-01-04 21:59:31,28.0,Male,Bhubaneswar,Odisha,East,Basic,Referral
C09410,2025-09-10 04:30:15,41.0,Male,Ahmedabad,Gujarat,West,Free,Paid Ads
C09411,2025-10-06 22:51:34,50.0,Female,Bhubaneswar,Odisha,East,Basic,Paid Ads
C09412,2025-08-05 10:10:04,23.0,Female,Delhi,Delhi,North,Free,Social Media
C09413,2025-07-25 05:20:56,52.0,Other,Lucknow,Uttar Pradesh,North,Free,Email
C09414,2025-02-18 11:00:48,33.0,Female,Kolkata,West Bengal,East,Basic,Organic
C09415,2025-11-12 04:41:55,30.0,Female,Pune,Maharashtra,West,Premium,Email
C09416,2025-09-16 05:52:04,28.0,Male,Bhubaneswar,Odisha,East,Basic,Referral
C09417,2025-05-09 18:08:23,40.0,Female,Jaipur,Rajasthan,North,Free,Paid Ads
C09418,2025-03-18 03:20:02,19.0,Female,Pune,Maharashtra,West,Premium,Email
C09419,2025-09-21 19:31:41,47.0,Male,Delhi,Delhi,North,Free,Email
C09420,2025-08-10 05:14:03,36.0,Male,Lucknow,Uttar Pradesh,North,Premium,Organic
C09421,2025-04-15 11:38:26,57.0,Female,Bengaluru,Karnataka,South,Premium,Paid Ads
C09422,2025-08-28 13:13:16,32.0,Male,Lucknow,Uttar Pradesh,North,Basic,Social Media
C09423,2025-04-25 00:23:34,59.0,Female,Jaipur,Rajasthan,North,Basic,Paid Ads
C09424,2025-03-08 01:11:05,50.0,Female,Pune,Maharashtra,West,Basic,Organic
C09425,2025-05-18 08:13:22,58.0,Male,Chennai,Tamil Nadu,South,Basic,Email
C09426,2025-05-29 01:14:30,22.0,Male,Chennai,Tamil Nadu,South,Free,Organic
C09427,2025-09-12 22:57:33,39.0,Female,Mumbai,Maharashtra,West,Basic,Referral
C09428,2025-02-25 04:15:34,44.0,Female,Hyderabad,Telangana,South,Free,Paid Ads
C09429,2025-03-05 07:24:56,52.0,Female,Ahmedabad,Gujarat,West,Basic,Paid Ads
C09430,2025-08-13 14:38:51,36.0,Female,Chennai,Tamil Nadu,South,Basic,Organic
C09431,2025-11-09 17:18:03,56.0,Female,Bengaluru,Karnataka,South,Free,Organic
C09432,2025-05-26 21:44:21,24.0,Male,Bhubaneswar,Odisha,East,Basic,Organic
C09433,2025-11-24 13:46:04,56.0,Female,Lucknow,Uttar Pradesh,North,Free,Social Media
C09434,2025-05-28 03:12:09,51.0,Male,Ahmedabad,Gujarat,West,Free,Referral
C09435,2025-10-22 20:59:06,51.0,Male,Mumbai,Maharashtra,West,Free,Social Media
C09436,2025-10-17 04:17:22,44.0,Male,Ahmedabad,Gujarat,West,Free,Referral
C09437,2025-02-15 09:25:32,22.0,Male,Delhi,Delhi,North,Free,Organic
C09438,2025-05-29 00:24:04,21.0,Male,Bhubaneswar,Odisha,East,Free,Email
C09439,2025-11-26 06:33:32,24.0,Female,Bhubaneswar,Odisha,East,Free,Organic
C09440,2025-11-19 17:29:03,20.0,Male,Delhi,Delhi,North,Free,Paid Ads
C09441,2025-10-03 21:42:38,38.0,Female,Bhubaneswar,Odisha,East,Free,Referral
C09442,2025-08-15 00:21:40,51.0,Female,Kolkata,West Bengal,East,Basic,Organic
C09443,2025-10-06 16:49:06,26.0,Male,Bhubaneswar,Odisha,East,Basic,Organic
C09444,2025-05-27 15:36:39,37.0,Male,Pune,Maharashtra,West,Free,Social Media
C09445,2025-04-03 12:10:45,57.0,Male,Ahmedabad,Gujarat,West,Premium,Paid Ads
C09446,2025-09-01 10:58:36,29.0,Male,Guwahati,Assam,East,Free,Referral
C09447,2025-07-20 01:33:06,56.0,Male,Bengaluru,Karnataka,South,Basic,Social Media
C09448,2025-10-19 15:30:24,,Male,Jaipur,Rajasthan,North,Premium,Email
C09449,2025-04-14 01:23:21,50.0,Male,Pune,Maharashtra,West,Free,Organic
C09450,2025-07-18 18:18:52,27.0,Male,Pune,Maharashtra,West,Free,Organic
C09451,2025-10-15 18:43:38,28.0,Male,Ahmedabad,Gujarat,West,Basic,Social Media
C09452,2025-04-19 13:40:57,24.0,Female,Delhi,Delhi,North,Free,Organic
C09453,2025-01-23 22:19:55,35.0,Male,Kolkata,West Bengal,East,Free,Referral
C09454,2025-02-02 11:17:21,36.0,Female,Kolkata,West Bengal,East,Basic,Paid Ads
C09455,2025-08-27 16:50:17,31.0,Male,Chennai,Tamil Nadu,South,Basic,Referral
C09456,2025-01-31 18:45:40,34.0,Male,Mumbai,Maharashtra,West,Free,Referral
C09457,2025-01-15 16:19:34,40.0,Female,Ahmedabad,Gujarat,West,Basic,Social Media
C09458,2025-11-05 04:57:36,36.0,Male,Hyderabad,Telangana,South,Basic,Organic
C09459,2025-01-27 20:24:00,20.0,Male,Delhi,Delhi,North,Free,Referral
C09460,2025-10-12 23:08:47,,Female,Pune,Maharashtra,West,Free,Paid Ads
C09461,2025-02-22 10:19:40,42.0,Male,Lucknow,Uttar Pradesh,North,Basic,Paid Ads
C09462,2025-02-09 04:31:21,58.0,Male,Guwahati,Assam,East,Free,Organic
C09463,2025-04-12 01:19:10,48.0,Male,Jaipur,Rajasthan,North,Basic,Referral
C09464,2025-05-15 04:29:09,56.0,Male,Pune,Maharashtra,West,Free,Email
C09465,2025-08-10 04:06:48,31.0,Male,Bengaluru,Karnataka,South,Free,Social Media
C09466,2025-03-19 15:16:16,54.0,Female,Hyderabad,Telangana,South,Free,Organic
C09467,2025-04-02 10:29:40,37.0,Female,Hyderabad,Telangana,South,Premium,Referral
C09468,2025-10-18 11:22:16,49.0,Female,Bengaluru,Karnataka,South,Premium,Organic
C09469,2025-06-25 06:45:43,50.0,Female,Delhi,Delhi,North,Basic,Social Media
C09470,2025-03-07 03:43:34,48.0,Female,Ahmedabad,Gujarat,West,Basic,Social Media
C09471,2025-02-24 08:53:35,24.0,Female,Ahmedabad,Gujarat,West,Free,Paid Ads
C09472,2025-03-21 01:04:31,22.0,Female,Jaipur,Rajasthan,North,Basic,Organic
C09473,2025-06-22 12:43:59,21.0,Male,Chennai,Tamil Nadu,South,Free,Paid Ads
C09474,2025-05-20 12:15:08,28.0,Male,Guwahati,Assam,East,Basic,Organic
C09475,2025-01-23 06:33:13,36.0,Female,Hyderabad,Telangana,South,Premium,Referral
C09476,2025-08-18 02:29:51,55.0,Female,Chennai,Tamil Nadu,South,Free,Organic
C09477,2025-09-09 17:34:41,37.0,Male,Bengaluru,Karnataka,South,Basic,Organic
C09478,2025-10-25 03:27:36,44.0,Female,Bengaluru,Karnataka,South,Basic,Paid Ads
C09479,2025-09-29 08:23:07,46.0,Female,Ahmedabad,Gujarat,West,Free,Social Media
C09480,2025-10-27 00:08:28,35.0,Male,Guwahati,Assam,East,Basic,Paid Ads
C09481,2025-09-22 01:42:23,54.0,Female,Bhubaneswar,Odisha,East,Basic,Paid Ads
C09482,2025-03-05 12:39:51,42.0,Female,Ahmedabad,Gujarat,West,Basic,Organic
C09483,2025-07-09 03:44:12,37.0,Female,Delhi,Delhi,North,Free,Paid Ads
C09484,2025-10-13 21:40:30,23.0,Male,Chennai,Tamil Nadu,South,Free,Paid Ads
C09485,2025-11-20 16:25:45,53.0,Male,Chennai,Tamil Nadu,South,Premium,Email
C09486,2025-06-30 00:00:41,32.0,Male,Delhi,Delhi,North,Basic,Organic
C09487,2025-06-18 18:15:04,35.0,Male,Kolkata,West Bengal,East,Basic,Organic
C09488,2025-04-23 04:03:04,55.0,Female,Bhubaneswar,Odisha,East,Free,Organic
C09489,2025-08-16 13:39:04,42.0,Female,Guwahati,Assam,East,Free,Social Media
C09490,2025-11-23 00:36:18,37.0,Female,Mumbai,Maharashtra,West,Premium,Paid Ads
C09491,2025-02-23 12:40:22,39.0,Male,Pune,Maharashtra,West,Free,Social Media
C09492,2025-08-14 23:34:39,29.0,Male,Guwahati,Assam,East,Premium,Referral
C09493,2025-07-12 01:47:23,58.0,Female,Ahmedabad,Gujarat,West,Free,Email
C09494,2025-01-03 15:54:56,57.0,Male,Bhubaneswar,Odisha,East,Free,Organic
C09495,2025-08-30 19:56:08,50.0,Other,Delhi,Delhi,North,Free,Organic
C09496,2025-03-31 08:28:13,46.0,Female,Ahmedabad,Gujarat,West,Basic,Referral
C09497,2025-03-20 03:20:14,19.0,Female,Mumbai,Maharashtra,West,Basic,Referral
C09498,2025-05-18 21:58:16,43.0,Male,Pune,Maharashtra,West,Premium,Referral
C09499,2025-04-04 10:20:18,49.0,Female,Bengaluru,Karnataka,South,Free,Referral
C09500,2025-07-03 20:59:16,20.0,Male,Guwahati,Assam,East,Free,Referral
C09501,2025-08-28 00:22:19,47.0,Female,Jaipur,Rajasthan,North,Basic,Email
C09502,2025-02-18 01:24:28,36.0,Male,Lucknow,Uttar Pradesh,North,Basic,Email
C09503,2025-06-22 16:55:51,27.0,Female,Lucknow,Uttar Pradesh,North,Free,Organic
C09504,2025-08-19 14:18:01,42.0,Male,Chennai,Tamil Nadu,South,Free,Paid Ads
C09505,2025-03-22 04:59:37,36.0,Male,Pune,Maharashtra,West,Free,Paid Ads
C09506,2025-03-27 20:09:44,,Male,Mumbai,Maharashtra,West,Basic,Paid Ads
C09507,2025-04-11 12:50:05,38.0,Male,Bhubaneswar,Odisha,East,Free,Organic
C09508,2025-02-06 10:21:48,23.0,Female,Delhi,Delhi,North,Basic,Paid Ads
C09509,2025-01-23 01:34:10,31.0,Female,Pune,Maharashtra,West,Free,Email
C09510,2025-10-21 04:10:03,25.0,Female,Guwahati,Assam,East,Premium,Organic
C09511,2025-09-13 21:24:22,19.0,Male,Delhi,Delhi,North,Free,Social Media
C09512,2025-02-14 12:18:52,35.0,Male,Jaipur,Rajasthan,North,Free,Organic
C09513,2025-08-15 18:06:28,39.0,Male,Kolkata,West Bengal,East,Basic,Referral
C09514,2025-10-27 14:32:47,47.0,Male,Delhi,Delhi,North,Basic,Paid Ads
C09515,2025-04-11 00:50:43,53.0,Other,Delhi,Delhi,North,Free,Paid Ads
C09516,2025-10-19 18:10:12,45.0,Male,Guwahati,Assam,East,Premium,Social Media
C09517,2025-09-05 22:03:08,52.0,Female,Pune,Maharashtra,West,Basic,Email
C09518,2025-04-27 19:29:55,,Female,Jaipur,Rajasthan,North,Free,Paid Ads
C09519,2025-01-10 09:20:50,53.0,Female,Delhi,Delhi,North,Basic,Referral
C09520,2025-01-17 16:57:58,35.0,Female,Pune,Maharashtra,West,Basic,Referral
C09521,2025-08-30 10:20:53,60.0,Male,Ahmedabad,Gujarat,West,Basic,Organic
C09522,2025-05-26 03:25:23,26.0,Male,Delhi,Delhi,North,Premium,Organic
C09523,2025-11-27 14:50:32,45.0,Female,Hyderabad,Telangana,South,Basic,Social Media
C09524,2025-08-12 02:21:20,25.0,Female,Lucknow,Uttar Pradesh,North,Free,Paid Ads
C09525,2025-07-15 10:25:52,25.0,Male,Bhubaneswar,Odisha,East,Basic,Paid Ads
C09526,2025-11-24 00:30:32,22.0,Male,Pune,Maharashtra,West,Basic,Email
C09527,2025-10-03 01:58:39,,Female,Bengaluru,Karnataka,South,Basic,Organic
C09528,2025-03-19 06:46:14,24.0,Male,Guwahati,Assam,East,Free,Organic
C09529,2025-05-11 03:05:14,38.0,Female,Chennai,Tamil Nadu,South,Premium,Social Media
C09530,2025-03-31 08:02:33,46.0,Male,Bengaluru,Karnataka,South,Basic,Paid Ads
C09531,2025-05-25 21:14:52,54.0,Female,Kolkata,West Bengal,East,Basic,Referral
C09532,2025-03-18 03:01:07,31.0,Female,Chennai,Tamil Nadu,South,Free,Organic
C09533,2025-01-07 21:06:39,54.0,Female,Ahmedabad,Gujarat,West,Basic,Email
C09534,2025-01-07 01:32:11,21.0,Male,Bengaluru,Karnataka,South,Free,Organic
C09535,2025-11-07 11:26:20,39.0,Female,Pune,Maharashtra,West,Basic,Organic
C09536,2025-09-08 06:20:08,28.0,Female,Mumbai,Maharashtra,West,Free,Organic
C09537,2025-10-02 18:21:09,51.0,Female,Jaipur,Rajasthan,North,Basic,Paid Ads
C09538,2025-06-13 06:29:46,33.0,Male,Bengaluru,Karnataka,South,Free,Social Media
C09539,2025-10-26 09:49:48,26.0,Male,Guwahati,Assam,East,Basic,Organic
C09540,2025-07-15 07:49:17,33.0,Male,Delhi,Delhi,North,Basic,Organic
C09541,2025-09-28 17:22:45,56.0,Male,Bhubaneswar,Odisha,East,Free,Paid Ads
C09542,2025-04-17 19:22:20,33.0,Female,Pune,Maharashtra,West,Free,Email
C09543,2025-07-15 14:39:45,48.0,Female,Pune,Maharashtra,West,Premium,Organic
C09544,2025-01-11 18:22:15,48.0,Female,Ahmedabad,Gujarat,West,Basic,Paid Ads
C09545,2025-01-30 20:03:58,30.0,Male,Pune,Maharashtra,West,Free,Referral
C09546,2025-05-22 09:34:38,22.0,Male,Bhubaneswar,Odisha,East,Premium,Social Media
C09547,2025-06-20 00:16:07,56.0,Female,Guwahati,Assam,East,Basic,Social Media
C09548,2025-03-12 20:33:54,35.0,Female,Bhubaneswar,Odisha,East,Free,Organic
C09549,2025-10-10 20:06:14,,Female,Pune,Maharashtra,West,Basic,Paid Ads
C09550,2025-06-20 19:15:25,19.0,Female,Hyderabad,Telangana,South,Free,Organic
C09551,2025-08-29 14:09:42,57.0,Female,Kolkata,West Bengal,East,Free,Referral
C09552,2025-07-11 13:33:01,47.0,Female,Chennai,Tamil Nadu,South,Basic,Organic
C09553,2025-05-27 13:55:16,27.0,Female,Delhi,Delhi,North,Free,Organic
C09554,2025-04-16 09:00:04,59.0,Female,Lucknow,Uttar Pradesh,North,Free,Paid Ads
C09555,2025-05-26 11:52:46,28.0,Male,Jaipur,Rajasthan,North,Basic,Email
C09556,2025-07-09 20:09:27,46.0,Female,Chennai,Tamil Nadu,South,Premium,Referral
C09557,2025-02-02 18:52:16,57.0,Female,Guwahati,Assam,East,Free,Organic
C09558,2025-10-12 06:31:44,33.0,Male,Pune,Maharashtra,West,Free,Organic
C09559,2025-07-27 15:35:47,45.0,Male,Delhi,Delhi,North,Basic,Organic
C09560,2025-11-14 01:18:56,34.0,Female,Delhi,Delhi,North,Basic,Organic
C09561,2025-08-01 01:41:35,55.0,Female,Hyderabad,Telangana,South,Premium,Referral
C09562,2025-09-03 03:24:01,32.0,Other,Bhubaneswar,Odisha,East,Free,Social Media
C09563,2025-03-14 15:28:09,48.0,Male,Jaipur,Rajasthan,North,Basic,Social Media
C09564,2025-06-05 11:01:42,24.0,Male,Lucknow,Uttar Pradesh,North,Free,Email
C09565,2025-03-18 20:50:25,47.0,Male,Mumbai,Maharashtra,West,Basic,Paid Ads
C09566,2025-01-26 23:59:44,53.0,Female,Mumbai,Maharashtra,West,Free,Social Media
C09567,2025-10-24 08:34:05,43.0,Female,Lucknow,Uttar Pradesh,North,Premium,Social Media
C09568,2025-07-19 17:07:57,28.0,Female,Chennai,Tamil Nadu,South,Free,Paid Ads
C09569,2025-08-10 21:56:04,23.0,Male,Mumbai,Maharashtra,West,Basic,Email
C09570,2025-08-05 15:29:16,59.0,Male,Chennai,Tamil Nadu,South,Free,Email
C09571,2025-08-19 15:52:19,46.0,Male,Mumbai,Maharashtra,West,Basic,Email
C09572,2025-02-11 05:47:10,45.0,Female,Bhubaneswar,Odisha,East,Basic,Organic
C09573,2025-08-18 11:04:13,32.0,Male,Kolkata,West Bengal,East,Free,Organic
C09574,2025-04-21 03:00:58,46.0,Male,Bhubaneswar,Odisha,East,Free,Email
C09575,2025-11-18 13:03:08,23.0,Male,Ahmedabad,Gujarat,West,Free,Paid Ads
C09576,2025-09-16 04:55:59,29.0,Female,Mumbai,Maharashtra,West,Free,Social Media
C09577,2025-11-22 18:53:04,33.0,Male,Lucknow,Uttar Pradesh,North,Free,Referral
C09578,2025-03-24 11:32:18,55.0,Male,Delhi,Delhi,North,Basic,Social Media
C09579,2025-04-05 06:54:52,26.0,Female,Kolkata,West Bengal,East,Basic,Organic
C09580,2025-08-01 13:44:32,39.0,Female,Kolkata,West Bengal,East,Basic,Paid Ads
C09581,2025-10-14 04:06:12,50.0,Female,Pune,Maharashtra,West,Free,Social Media
C09582,2025-09-13 16:38:28,43.0,Male,Delhi,Delhi,North,Free,Paid Ads
C09583,2025-10-20 16:05:44,57.0,Female,Guwahati,Assam,East,Basic,Referral
C09584,2025-04-07 09:51:40,24.0,Other,Bhubaneswar,Odisha,East,Free,Social Media
C09585,2025-10-15 11:08:39,49.0,Female,Chennai,Tamil Nadu,South,Free,Organic
C09586,2025-11-01 02:50:44,57.0,Male,Bengaluru,Karnataka,South,Free,Organic
C09587,2025-02-26 12:19:48,60.0,Male,Bhubaneswar,Odisha,East,Free,Social Media
C09588,2025-06-23 02:24:22,41.0,Female,Mumbai,Maharashtra,West,Free,Organic
C09589,2025-07-02 01:07:23,58.0,Female,Ahmedabad,Gujarat,West,Basic,Paid Ads
C09590,2025-06-03 10:53:21,56.0,Female,Chennai,Tamil Nadu,South,Free,Email
C09591,2025-04-03 08:50:04,55.0,Male,Jaipur,Rajasthan,North,Premium,Referral
C09592,2025-10-03 21:25:35,54.0,Female,Guwahati,Assam,East,Premium,Email
C09593,2025-02-02 05:49:36,36.0,Male,Lucknow,Uttar Pradesh,North,Basic,Paid Ads
C09594,2025-08-30 08:37:17,60.0,Male,Mumbai,Maharashtra,West,Free,Referral
C09595,2025-05-31 03:34:28,22.0,Female,Pune,Maharashtra,West,Free,Organic
C09596,2025-09-27 02:02:38,47.0,Male,Ahmedabad,Gujarat,West,Free,Organic
C09597,2025-03-14 00:21:02,42.0,Male,Pune,Maharashtra,West,Free,Email
C09598,2025-10-09 07:43:23,47.0,Female,Ahmedabad,Gujarat,West,Premium,Organic
C09599,2025-09-05 21:29:41,42.0,Male,Pune,Maharashtra,West,Free,Organic
C09600,2025-08-03 17:12:44,26.0,Female,Ahmedabad,Gujarat,West,Basic,Social Media
C09601,2025-09-30 21:48:09,44.0,Female,Bhubaneswar,Odisha,East,Basic,Social Media
C09602,2025-08-18 03:13:20,41.0,Female,Bengaluru,Karnataka,South,Basic,Email
C09603,2025-06-12 06:54:54,57.0,Female,Bhubaneswar,Odisha,East,Basic,Organic
C09604,2025-06-15 22:10:16,60.0,Female,Kolkata,West Bengal,East,Basic,Organic
C09605,2025-04-28 07:09:44,55.0,Male,Delhi,Delhi,North,Premium,Paid Ads
C09606,2025-01-28 23:48:15,32.0,Female,Bengaluru,Karnataka,South,Free,Referral
C09607,2025-02-04 00:50:23,55.0,Female,Chennai,Tamil Nadu,South,Free,Organic
C09608,2025-06-29 21:42:08,43.0,Male,Pune,Maharashtra,West,Free,Organic
C09609,2025-08-14 16:45:39,47.0,Female,Kolkata,West Bengal,East,Free,Referral
C09610,2025-11-07 01:30:38,28.0,Male,Lucknow,Uttar Pradesh,North,Free,Referral
C09611,2025-05-04 10:40:12,46.0,Male,Jaipur,Rajasthan,North,Free,Organic
C09612,2025-03-04 12:02:36,32.0,Male,Pune,Maharashtra,West,Free,Email
C09613,2025-11-05 04:26:18,26.0,Male,Chennai,Tamil Nadu,South,Basic,Organic
C09614,2025-02-05 04:11:24,59.0,Other,Bhubaneswar,Odisha,East,Free,Email
C09615,2025-10-22 05:47:03,46.0,Female,Bengaluru,Karnataka,South,Premium,Email
C09616,2025-08-31 23:23:37,32.0,Female,Hyderabad,Telangana,South,Free,Paid Ads
C09617,2025-07-05 02:49:16,34.0,Female,Lucknow,Uttar Pradesh,North,Basic,Paid Ads
C09618,2025-08-02 09:52:43,33.0,Female,Hyderabad,Telangana,South,Free,Organic
C09619,2025-04-05 06:11:57,39.0,Female,Lucknow,Uttar Pradesh,North,Basic,Social Media
C09620,2025-05-21 20:55:40,57.0,Female,Kolkata,West Bengal,East,Free,Organic
C09621,2025-03-30 14:08:24,60.0,Male,Pune,Maharashtra,West,Free,Referral
C09622,2025-06-29 09:40:56,28.0,Male,Bhubaneswar,Odisha,East,Premium,Referral
C09623,2025-02-06 14:35:25,55.0,Female,Mumbai,Maharashtra,West,Premium,Organic
C09624,2025-05-27 18:52:48,42.0,Other,Jaipur,Rajasthan,North,Free,Email
C09625,2025-09-02 21:06:16,47.0,Female,Mumbai,Maharashtra,West,Premium,Social Media
C09626,2025-02-26 03:39:07,19.0,Female,Ahmedabad,Gujarat,West,Free,Organic
C09627,2025-09-03 22:51:55,18.0,Female,Delhi,Delhi,North,Free,Paid Ads
C09628,2025-04-19 16:48:23,55.0,Female,Chennai,Tamil Nadu,South,Basic,Paid Ads
C09629,2025-09-13 23:21:17,54.0,Female,Bhubaneswar,Odisha,East,Free,Email
C09630,2025-06-10 13:48:56,26.0,Male,Pune,Maharashtra,West,Free,Organic
C09631,2025-03-30 01:32:18,22.0,Male,Guwahati,Assam,East,Free,Email
C09632,2025-11-30 01:41:57,41.0,Female,Delhi,Delhi,North,Free,Organic
C09633,2025-10-01 00:59:14,44.0,Male,Kolkata,West Bengal,East,Free,Organic
C09634,2025-10-23 02:58:01,47.0,Male,Jaipur,Rajasthan,North,Free,Referral
C09635,2025-08-04 15:44:53,32.0,Female,Mumbai,Maharashtra,West,Premium,Organic
C09636,2025-06-09 20:41:35,26.0,Male,Bhubaneswar,Odisha,East,Free,Email
C09637,2025-09-18 02:56:52,54.0,Female,Bengaluru,Karnataka,South,Free,Organic
C09638,2025-07-30 17:04:34,47.0,Female,Guwahati,Assam,East,Basic,Email
C09639,2025-02-07 12:41:33,32.0,Female,Ahmedabad,Gujarat,West,Free,Social Media
C09640,2025-07-19 19:51:09,37.0,Female,Kolkata,West Bengal,East,Free,Social Media
C09641,2025-06-17 22:57:23,42.0,Female,Ahmedabad,Gujarat,West,Premium,Paid Ads
C09642,2025-06-20 22:25:05,26.0,Male,Ahmedabad,Gujarat,West,Premium,Paid Ads
C09643,2025-07-16 17:28:11,39.0,Male,Ahmedabad,Gujarat,West,Free,Paid Ads
C09644,2025-06-14 19:12:25,30.0,Female,Bhubaneswar,Odisha,East,Premium,Email
C09645,2025-01-28 12:25:13,54.0,Female,Mumbai,Maharashtra,West,Premium,Organic
C09646,2025-08-08 13:46:52,45.0,Male,Delhi,Delhi,North,Basic,Paid Ads
C09647,2025-02-08 00:43:09,31.0,Female,Chennai,Tamil Nadu,South,Basic,Email
C09648,2025-09-20 21:04:51,47.0,Female,Jaipur,Rajasthan,North,Free,Paid Ads
C09649,2025-10-14 04:27:11,56.0,Male,Lucknow,Uttar Pradesh,North,Free,Paid Ads
C09650,2025-11-20 22:43:47,22.0,Female,Kolkata,West Bengal,East,Basic,Referral
C09651,2025-09-02 21:37:22,29.0,Male,Pune,Maharashtra,West,Premium,Email
C09652,2025-10-25 07:30:29,52.0,Male,Guwahati,Assam,East,Basic,Organic
C09653,2025-02-12 09:07:12,58.0,Female,Mumbai,Maharashtra,West,Free,Email
C09654,2025-04-29 02:43:04,59.0,Female,Guwahati,Assam,East,Free,Organic
C09655,2025-01-03 02:25:14,18.0,Male,Delhi,Delhi,North,Basic,Social Media
C09656,2025-10-23 03:44:25,18.0,Female,Lucknow,Uttar Pradesh,North,Basic,Organic
C09657,2025-05-22 08:41:19,59.0,Male,Bengaluru,Karnataka,South,Free,Organic
C09658,2025-05-29 18:04:02,60.0,Male,Kolkata,West Bengal,East,Basic,Social Media
C09659,2025-09-05 08:44:02,37.0,Male,Delhi,Delhi,North,Basic,Paid Ads
C09660,2025-02-18 09:08:27,,Male,Bengaluru,Karnataka,South,Free,Paid Ads
C09661,2025-10-24 07:07:46,51.0,Male,Lucknow,Uttar Pradesh,North,Free,Paid Ads
C09662,2025-10-09 05:14:31,41.0,Female,Pune,Maharashtra,West,Free,Referral
C09663,2025-02-04 11:35:45,45.0,Male,Mumbai,Maharashtra,West,Premium,Organic
C09664,2025-11-20 01:12:16,28.0,Male,Kolkata,West Bengal,East,Free,Organic
C09665,2025-06-07 18:01:40,25.0,Female,Mumbai,Maharashtra,West,Basic,Paid Ads
C09666,2025-01-03 05:26:47,52.0,Male,Delhi,Delhi,North,Basic,Organic
C09667,2025-05-03 10:34:53,58.0,Female,Guwahati,Assam,East,Free,Referral
C09668,2025-07-15 00:25:22,33.0,Male,Bhubaneswar,Odisha,East,Free,Social Media
C09669,2025-02-27 18:17:09,33.0,Male,Jaipur,Rajasthan,North,Basic,Social Media
C09670,2025-08-09 06:16:34,59.0,Female,Chennai,Tamil Nadu,South,Basic,Paid Ads
C09671,2025-04-09 03:07:42,23.0,Male,Ahmedabad,Gujarat,West,Free,Referral
C09672,2025-09-05 20:44:53,37.0,Male,Jaipur,Rajasthan,North,Free,Organic
C09673,2025-10-15 10:19:55,28.0,Male,Ahmedabad,Gujarat,West,Basic,Email
C09674,2025-11-14 12:46:43,25.0,Male,Guwahati,Assam,East,Basic,Referral
C09675,2025-06-18 13:08:26,,Female,Mumbai,Maharashtra,West,Free,Paid Ads
C09676,2025-07-31 05:32:46,49.0,Male,Lucknow,Uttar Pradesh,North,Basic,Organic
C09677,2025-09-27 12:48:38,50.0,Female,Chennai,Tamil Nadu,South,Premium,Referral
C09678,2025-11-17 00:32:58,23.0,Female,Bhubaneswar,Odisha,East,Free,Referral
C09679,2025-07-21 10:31:53,45.0,Male,Pune,Maharashtra,West,Basic,Organic
C09680,2025-06-25 12:51:12,,Female,Mumbai,Maharashtra,West,Basic,Paid Ads
C09681,2025-10-25 14:42:23,31.0,Female,Mumbai,Maharashtra,West,Free,Referral
C09682,2025-09-28 02:23:43,20.0,Female,Kolkata,West Bengal,East,Basic,Organic
C09683,2025-10-16 04:09:18,19.0,Male,Ahmedabad,Gujarat,West,Premium,Paid Ads
C09684,2025-05-19 23:37:24,39.0,Female,Chennai,Tamil Nadu,South,Basic,Organic
C09685,2025-07-21 18:08:08,50.0,Male,Lucknow,Uttar Pradesh,North,Free,Organic
C09686,2025-06-01 20:11:48,60.0,Female,Ahmedabad,Gujarat,West,Basic,Paid Ads
C09687,2025-08-15 07:42:43,38.0,Male,Pune,Maharashtra,West,Free,Social Media
C09688,2025-10-04 01:30:47,23.0,Female,Mumbai,Maharashtra,West,Free,Organic
C09689,2025-09-24 06:57:00,57.0,Male,Pune,Maharashtra,West,Free,Social Media
C09690,2025-11-07 04:33:24,24.0,Female,Hyderabad,Telangana,South,Premium,Referral
C09691,2025-09-13 05:08:48,23.0,Male,Hyderabad,Telangana,South,Free,Paid Ads
C09692,2025-02-05 19:37:10,25.0,Female,Mumbai,Maharashtra,West,Premium,Email
C09693,2025-10-08 07:08:26,41.0,Female,Ahmedabad,Gujarat,West,Free,Email
C09694,2025-02-14 11:06:38,44.0,Male,Hyderabad,Telangana,South,Basic,Referral
C09695,2025-03-19 12:48:19,45.0,Female,Pune,Maharashtra,West,Free,Referral
C09696,2025-06-25 09:11:21,22.0,Male,Delhi,Delhi,North,Free,Organic
C09697,2025-09-20 15:54:20,36.0,Female,Bhubaneswar,Odisha,East,Premium,Email
C09698,2025-08-11 13:50:13,26.0,Other,Jaipur,Rajasthan,North,Free,Email
C09699,2025-07-19 20:49:16,42.0,Male,Jaipur,Rajasthan,North,Free,Social Media
C09700,2025-01-23 11:35:02,30.0,Female,Hyderabad,Telangana,South,Premium,Organic
C09701,2025-03-29 14:25:14,54.0,Male,Hyderabad,Telangana,South,Basic,Referral
C09702,2025-06-04 04:15:13,19.0,Male,Kolkata,West Bengal,East,Free,Organic
C09703,2025-03-27 06:03:42,57.0,Male,Lucknow,Uttar Pradesh,North,Basic,Organic
C09704,2025-01-10 00:38:53,31.0,Male,Bengaluru,Karnataka,South,Basic,Social Media
C09705,2025-06-25 11:42:54,48.0,Female,Pune,Maharashtra,West,Free,Email
C09706,2025-04-25 03:15:44,23.0,Male,Bhubaneswar,Odisha,East,Free,Organic
C09707,2025-10-27 11:08:50,42.0,Female,Guwahati,Assam,East,Free,Organic
C09708,2025-06-30 13:46:33,56.0,Male,Ahmedabad,Gujarat,West,Free,Organic
C09709,2025-04-07 15:47:07,48.0,Female,Mumbai,Maharashtra,West,Free,Email
C09710,2025-09-20 17:32:48,55.0,Male,Lucknow,Uttar Pradesh,North,Free,Referral
C09711,2025-06-12 12:10:11,33.0,Male,Guwahati,Assam,East,Free,Referral
C09712,2025-05-07 20:09:41,44.0,Female,Hyderabad,Telangana,South,Free,Paid Ads
C09713,2025-09-22 09:40:52,47.0,Female,Pune,Maharashtra,West,Free,Paid Ads
C09714,2025-10-13 17:58:52,21.0,Female,Guwahati,Assam,East,Free,Organic
C09715,2025-04-06 17:45:46,56.0,Female,Ahmedabad,Gujarat,West,Basic,Organic
C09716,2025-04-22 06:00:19,33.0,Male,Pune,Maharashtra,West,Premium,Social Media
C09717,2025-03-20 01:24:06,53.0,Male,Bhubaneswar,Odisha,East,Free,Paid Ads
C09718,2025-03-06 21:49:00,24.0,Female,Pune,Maharashtra,West,Free,Organic
C09719,2025-08-27 06:35:54,38.0,Male,Bhubaneswar,Odisha,East,Basic,Referral
C09720,2025-03-24 11:38:34,19.0,Male,Lucknow,Uttar Pradesh,North,Premium,Organic
C09721,2025-11-28 09:14:26,25.0,Female,Hyderabad,Telangana,South,Free,Paid Ads
C09722,2025-02-14 00:32:24,59.0,Female,Ahmedabad,Gujarat,West,Free,Organic
C09723,2025-04-24 23:16:30,44.0,Female,Delhi,Delhi,North,Free,Social Media
C09724,2025-04-29 15:38:28,,Male,Jaipur,Rajasthan,North,Basic,Paid Ads
C09725,2025-08-31 17:24:57,23.0,Female,Guwahati,Assam,East,Premium,Paid Ads
C09726,2025-09-02 18:32:00,21.0,Male,Hyderabad,Telangana,South,Basic,Social Media
C09727,2025-03-11 22:05:00,38.0,Male,Hyderabad,Telangana,South,Basic,Referral
C09728,2025-06-23 23:26:29,18.0,Female,Bhubaneswar,Odisha,East,Basic,Paid Ads
C09729,2025-07-22 14:34:28,55.0,Female,Bhubaneswar,Odisha,East,Free,Organic
C09730,2025-10-17 12:57:29,29.0,Female,Bhubaneswar,Odisha,East,Basic,Email
C09731,2025-02-15 19:37:55,44.0,Male,Guwahati,Assam,East,Free,Organic
C09732,2025-04-16 13:54:24,31.0,Female,Jaipur,Rajasthan,North,Free,Social Media
C09733,2025-10-22 22:47:22,32.0,Male,Ahmedabad,Gujarat,West,Free,Email
C09734,2025-01-21 12:15:45,41.0,Female,Bengaluru,Karnataka,South,Basic,Paid Ads
C09735,2025-04-11 16:15:19,35.0,Male,Jaipur,Rajasthan,North,Basic,Organic
C09736,2025-06-21 05:56:41,34.0,Male,Jaipur,Rajasthan,North,Basic,Organic
C09737,2025-11-27 00:49:43,26.0,Male,Lucknow,Uttar Pradesh,North,Free,Paid Ads
C09738,2025-04-07 22:20:15,35.0,Male,Bhubaneswar,Odisha,East,Free,Paid Ads
C09739,2025-10-22 18:20:12,35.0,Female,Pune,Maharashtra,West,Free,Paid Ads
C09740,2025-07-13 18:00:45,22.0,Female,Lucknow,Uttar Pradesh,North,Free,Social Media
C09741,2025-04-14 00:21:56,26.0,Male,Guwahati,Assam,East,Free,Email
C09742,2025-10-16 23:46:41,52.0,Female,Guwahati,Assam,East,Free,Paid Ads
C09743,2025-10-12 03:58:19,18.0,Female,Bengaluru,Karnataka,South,Basic,Social Media
C09744,2025-05-31 06:43:04,58.0,Female,Lucknow,Uttar Pradesh,North,Basic,Organic
C09745,2025-02-15 03:43:58,26.0,Male,Pune,Maharashtra,West,Free,Paid Ads
C09746,2025-10-21 19:08:43,49.0,Other,Delhi,Delhi,North,Basic,Organic
C09747,2025-01-31 01:13:28,37.0,Male,Hyderabad,Telangana,South,Free,Referral
C09748,2025-07-13 20:15:38,30.0,Female,Mumbai,Maharashtra,West,Free,Email
C09749,2025-05-11 00:54:17,57.0,Female,Kolkata,West Bengal,East,Premium,Email
C09750,2025-02-07 09:51:17,28.0,Male,Chennai,Tamil Nadu,South,Basic,Paid Ads
C09751,2025-04-25 04:31:53,60.0,Female,Mumbai,Maharashtra,West,Free,Organic
C09752,2025-11-30 06:15:11,59.0,Male,Guwahati,Assam,East,Premium,Organic
C09753,2025-08-22 21:49:08,43.0,Male,Mumbai,Maharashtra,West,Basic,Organic
C09754,2025-09-12 21:25:35,57.0,Male,Bengaluru,Karnataka,South,Free,Organic
C09755,2025-04-15 03:55:52,28.0,Female,Bhubaneswar,Odisha,East,Basic,Organic
C09756,2025-06-19 03:36:44,42.0,Female,Pune,Maharashtra,West,Free,Organic
C09757,2025-08-22 17:55:10,57.0,Male,Ahmedabad,Gujarat,West,Basic,Organic
C09758,2025-05-03 17:32:32,42.0,Male,Chennai,Tamil Nadu,South,Basic,Organic
C09759,2025-05-05 14:45:12,37.0,Male,Guwahati,Assam,East,Premium,Referral
C09760,2025-09-18 05:35:44,59.0,Female,Lucknow,Uttar Pradesh,North,Free,Referral
C09761,2025-03-13 07:03:05,28.0,Female,Chennai,Tamil Nadu,South,Free,Email
C09762,2025-09-28 07:09:27,27.0,Female,Kolkata,West Bengal,East,Premium,Paid Ads
C09763,2025-10-30 21:48:54,20.0,Female,Chennai,Tamil Nadu,South,Free,Paid Ads
C09764,2025-02-01 16:39:09,56.0,Female,Bengaluru,Karnataka,South,Basic,Organic
C09765,2025-10-09 09:57:41,44.0,Male,Bengaluru,Karnataka,South,Free,Organic
C09766,2025-11-15 09:54:25,52.0,Male,Guwahati,Assam,East,Free,Referral
C09767,2025-09-27 00:53:40,57.0,Female,Lucknow,Uttar Pradesh,North,Free,Organic
C09768,2025-06-15 05:54:58,48.0,Female,Chennai,Tamil Nadu,South,Basic,Social Media
C09769,2025-10-30 01:37:53,38.0,Female,Bengaluru,Karnataka,South,Free,Referral
C09770,2025-09-02 05:56:29,39.0,Male,Bhubaneswar,Odisha,East,Free,Social Media
C09771,2025-04-02 04:36:25,36.0,Male,Hyderabad,Telangana,South,Free,Referral
C09772,2025-01-28 14:41:12,31.0,Male,Mumbai,Maharashtra,West,Free,Referral
C09773,2025-10-24 01:14:57,54.0,Female,Bhubaneswar,Odisha,East,Basic,Referral
C09774,2025-11-20 20:56:44,40.0,Female,Pune,Maharashtra,West,Free,Referral
C09775,2025-11-22 18:44:10,,Male,Hyderabad,Telangana,South,Free,Paid Ads
C09776,2025-09-23 05:13:52,60.0,Female,Ahmedabad,Gujarat,West,Free,Organic
C09777,2025-10-03 18:42:05,57.0,Male,Lucknow,Uttar Pradesh,North,Basic,Organic
C09778,2025-03-28 16:56:54,29.0,Male,Hyderabad,Telangana,South,Free,Paid Ads
C09779,2025-05-11 16:15:20,18.0,Male,Pune,Maharashtra,West,Free,Organic
C09780,2025-05-04 08:37:09,51.0,Female,Lucknow,Uttar Pradesh,North,Free,Email
C09781,2025-09-08 18:03:59,36.0,Female,Ahmedabad,Gujarat,West,Free,Organic
C09782,2025-07-30 17:47:03,40.0,Female,Pune,Maharashtra,West,Premium,Organic
C09783,2025-07-10 18:28:46,24.0,Female,Jaipur,Rajasthan,North,Premium,Paid Ads
C09784,2025-11-11 14:44:26,24.0,Male,Bengaluru,Karnataka,South,Free,Social Media
C09785,2025-01-21 13:41:42,18.0,Male,Jaipur,Rajasthan,North,Basic,Paid Ads
C09786,2025-02-25 04:19:50,35.0,Female,Bengaluru,Karnataka,South,Basic,Organic
C09787,2025-09-23 08:17:00,,Female,Guwahati,Assam,East,Premium,Referral
C09788,2025-08-23 08:59:01,42.0,Male,Kolkata,West Bengal,East,Premium,Referral
C09789,2025-02-07 14:13:52,59.0,Male,Mumbai,Maharashtra,West,Free,Social Media
C09790,2025-02-23 07:36:08,46.0,Male,Guwahati,Assam,East,Premium,Social Media
C09791,2025-03-06 07:07:21,40.0,Male,Ahmedabad,Gujarat,West,Premium,Referral
C09792,2025-10-18 06:56:47,46.0,Male,Lucknow,Uttar Pradesh,North,Basic,Organic
C09793,2025-09-02 22:06:52,18.0,Female,Kolkata,West Bengal,East,Basic,Organic
C09794,2025-03-11 16:13:50,32.0,Female,Pune,Maharashtra,West,Basic,Email
C09795,2025-09-14 15:44:13,32.0,Male,Jaipur,Rajasthan,North,Free,Organic
C09796,2025-09-22 17:31:07,45.0,Female,Jaipur,Rajasthan,North,Basic,Organic
C09797,2025-08-19 11:01:30,53.0,Female,Hyderabad,Telangana,South,Basic,Social Media
C09798,2025-06-11 15:17:43,59.0,Male,Lucknow,Uttar Pradesh,North,Free,Referral
C09799,2025-03-01 15:22:36,57.0,Female,Pune,Maharashtra,West,Premium,Paid Ads
C09800,2025-11-30 19:55:43,49.0,Male,Hyderabad,Telangana,South,Premium,Organic
C09801,2025-08-31 13:02:53,30.0,Female,Bengaluru,Karnataka,South,Free,Organic
C09802,2025-02-15 16:18:26,38.0,Male,Kolkata,West Bengal,East,Basic,Referral
C09803,2025-01-28 05:38:20,56.0,Male,Guwahati,Assam,East,Free,Organic
C09804,2025-04-21 22:08:32,55.0,Female,Jaipur,Rajasthan,North,Basic,Paid Ads
C09805,2025-01-28 12:25:24,26.0,Male,Jaipur,Rajasthan,North,Free,Social Media
C09806,2025-08-06 20:45:06,37.0,Male,Bengaluru,Karnataka,South,Basic,Email
C09807,2025-09-03 18:15:10,37.0,Male,Lucknow,Uttar Pradesh,North,Free,Social Media
C09808,2025-10-23 01:45:23,25.0,Male,Jaipur,Rajasthan,North,Premium,Social Media
C09809,2025-05-07 08:05:51,31.0,Female,Chennai,Tamil Nadu,South,Basic,Paid Ads
C09810,2025-11-21 02:41:18,37.0,Male,Lucknow,Uttar Pradesh,North,Free,Email
C09811,2025-06-12 08:03:04,52.0,Male,Guwahati,Assam,East,Basic,Referral
C09812,2025-02-04 06:30:46,38.0,Male,Chennai,Tamil Nadu,South,Premium,Email
C09813,2025-04-20 09:51:54,58.0,Male,Ahmedabad,Gujarat,West,Free,Organic
C09814,2025-10-17 13:12:36,58.0,Female,Hyderabad,Telangana,South,Free,Organic
C09815,2025-06-20 20:14:47,39.0,Male,Hyderabad,Telangana,South,Premium,Paid Ads
C09816,2025-08-06 09:26:45,60.0,Female,Jaipur,Rajasthan,North,Basic,Social Media
C09817,2025-08-11 15:37:13,,Female,Delhi,Delhi,North,Premium,Paid Ads
C09818,2025-04-04 22:15:45,44.0,Male,Ahmedabad,Gujarat,West,Free,Email
C09819,2025-02-02 15:35:34,21.0,Female,Pune,Maharashtra,West,Premium,Organic
C09820,2025-09-01 15:20:00,21.0,Female,Mumbai,Maharashtra,West,Basic,Organic
C09821,2025-03-05 05:05:06,45.0,Male,Jaipur,Rajasthan,North,Basic,Social Media
C09822,2025-06-03 19:52:32,44.0,Male,Jaipur,Rajasthan,North,Basic,Referral
C09823,2025-10-19 08:31:57,34.0,Male,Jaipur,Rajasthan,North,Free,Paid Ads
C09824,2025-10-13 23:54:38,56.0,Male,Kolkata,West Bengal,East,Basic,Social Media
C09825,2025-02-07 02:37:36,55.0,Male,Pune,Maharashtra,West,Free,Social Media
C09826,2025-08-31 10:15:10,46.0,Female,Bengaluru,Karnataka,South,Basic,Paid Ads
C09827,2025-09-29 19:57:24,57.0,Female,Ahmedabad,Gujarat,West,Basic,Social Media
C09828,2025-07-03 07:18:45,24.0,Female,Delhi,Delhi,North,Basic,Paid Ads
C09829,2025-09-02 13:43:46,25.0,Female,Chennai,Tamil Nadu,South,Free,Referral
C09830,2025-04-26 22:15:41,58.0,Female,Delhi,Delhi,North,Basic,Organic
C09831,2025-10-22 12:12:50,50.0,Female,Pune,Maharashtra,West,Free,Organic
C09832,2025-09-26 23:42:10,49.0,Other,Hyderabad,Telangana,South,Free,Paid Ads
C09833,2025-01-14 11:30:08,52.0,Male,Kolkata,West Bengal,East,Free,Paid Ads
C09834,2025-03-13 15:41:13,35.0,Male,Hyderabad,Telangana,South,Basic,Organic
C09835,2025-10-25 17:16:57,60.0,Male,Kolkata,West Bengal,East,Premium,Paid Ads
C09836,2025-10-21 07:57:00,,Female,Bhubaneswar,Odisha,East,Basic,Paid Ads
C09837,2025-01-16 00:54:02,35.0,Male,Bengaluru,Karnataka,South,Premium,Organic
C09838,2025-06-19 07:27:01,55.0,Male,Ahmedabad,Gujarat,West,Free,Organic
C09839,2025-09-04 02:03:14,42.0,Female,Delhi,Delhi,North,Premium,Organic
C09840,2025-05-04 10:46:00,51.0,Female,Hyderabad,Telangana,South,Premium,Organic
C09841,2025-03-26 13:48:42,21.0,Female,Hyderabad,Telangana,South,Basic,Paid Ads
C09842,2025-01-26 14:36:50,22.0,Female,Chennai,Tamil Nadu,South,Free,Organic
C09843,2025-01-02 12:31:00,31.0,Male,Mumbai,Maharashtra,West,Free,Email
C09844,2025-08-02 06:48:52,18.0,Female,Lucknow,Uttar Pradesh,North,Free,Organic
C09845,2025-06-09 12:26:06,39.0,Female,Bhubaneswar,Odisha,East,Basic,Organic
C09846,2025-05-27 09:07:25,38.0,Female,Pune,Maharashtra,West,Free,Paid Ads
C09847,2025-09-09 12:43:16,30.0,Female,Chennai,Tamil Nadu,South,Free,Organic
C09848,2025-03-28 05:42:42,53.0,Male,Ahmedabad,Gujarat,West,Free,Organic
C09849,2025-04-02 00:26:12,46.0,Male,Delhi,Delhi,North,Free,Social Media
C09850,2025-11-27 18:29:08,55.0,Female,Ahmedabad,Gujarat,West,Free,Referral
C09851,2025-10-03 22:01:55,26.0,Male,Jaipur,Rajasthan,North,Free,Organic
C09852,2025-11-08 16:09:37,50.0,Male,Hyderabad,Telangana,South,Basic,Paid Ads
C09853,2025-06-03 13:22:00,39.0,Female,Guwahati,Assam,East,Free,Organic
C09854,2025-11-28 20:59:42,34.0,Male,Jaipur,Rajasthan,North,Basic,Paid Ads
C09855,2025-04-16 17:55:18,,Female,Bengaluru,Karnataka,South,Basic,Paid Ads
C09856,2025-02-07 17:14:08,53.0,Male,Pune,Maharashtra,West,Free,Social Media
C09857,2025-06-02 14:09:56,23.0,Male,Bhubaneswar,Odisha,East,Free,Social Media
C09858,2025-10-16 00:01:53,56.0,Other,Lucknow,Uttar Pradesh,North,Basic,Email
C09859,2025-07-31 12:58:45,46.0,Male,Pune,Maharashtra,West,Premium,Organic
C09860,2025-01-10 00:42:46,44.0,Female,Guwahati,Assam,East,Free,Paid Ads
C09861,2025-10-19 00:17:47,22.0,Male,Chennai,Tamil Nadu,South,Basic,Organic
C09862,2025-09-22 01:25:37,26.0,Female,Jaipur,Rajasthan,North,Basic,Social Media
C09863,2025-03-09 08:50:50,41.0,Male,Bengaluru,Karnataka,South,Basic,Paid Ads
C09864,2025-03-30 21:17:50,36.0,Female,Chennai,Tamil Nadu,South,Premium,Organic
C09865,2025-03-10 11:25:16,50.0,Male,Delhi,Delhi,North,Free,Paid Ads
C09866,2025-09-26 08:35:30,47.0,Female,Bhubaneswar,Odisha,East,Free,Organic
C09867,2025-07-01 08:04:40,57.0,Male,Pune,Maharashtra,West,Basic,Social Media
C09868,2025-03-04 01:34:54,21.0,Male,Bhubaneswar,Odisha,East,Free,Organic
C09869,2025-09-06 06:18:43,49.0,Female,Bengaluru,Karnataka,South,Free,Referral
C09870,2025-10-24 11:58:42,18.0,Female,Guwahati,Assam,East,Basic,Social Media
C09871,2025-06-15 13:35:27,51.0,Female,Mumbai,Maharashtra,West,Basic,Social Media
C09872,2025-01-11 18:44:42,38.0,Female,Jaipur,Rajasthan,North,Basic,Email
C09873,2025-06-28 01:56:02,48.0,Male,Ahmedabad,Gujarat,West,Free,Organic
C09874,2025-04-17 08:09:05,31.0,Male,Bhubaneswar,Odisha,East,Premium,Paid Ads
C09875,2025-06-17 11:55:52,43.0,Female,Delhi,Delhi,North,Free,Paid Ads
C09876,2025-11-28 17:24:23,39.0,Male,Kolkata,West Bengal,East,Free,Organic
C09877,2025-10-10 19:13:24,51.0,Male,Guwahati,Assam,East,Basic,Social Media
C09878,2025-07-09 09:01:33,50.0,Female,Mumbai,Maharashtra,West,Premium,Referral
C09879,2025-09-22 19:33:49,,Male,Jaipur,Rajasthan,North,Basic,Paid Ads
C09880,2025-10-31 05:51:24,49.0,Female,Lucknow,Uttar Pradesh,North,Basic,Paid Ads
C09881,2025-07-14 07:11:04,25.0,Male,Pune,Maharashtra,West,Basic,Email
C09882,2025-10-28 22:00:44,39.0,Female,Lucknow,Uttar Pradesh,North,Free,Organic
C09883,2025-01-02 00:46:09,58.0,Male,Ahmedabad,Gujarat,West,Basic,Paid Ads
C09884,2025-01-20 07:18:23,37.0,Male,Chennai,Tamil Nadu,South,Free,Email
C09885,2025-08-19 16:13:25,38.0,Female,Kolkata,West Bengal,East,Premium,Organic
C09886,2025-11-26 12:13:42,51.0,Male,Jaipur,Rajasthan,North,Free,Social Media
C09887,2025-05-08 15:51:58,47.0,Male,Bengaluru,Karnataka,South,Free,Referral
C09888,2025-04-14 07:31:46,23.0,Female,Bengaluru,Karnataka,South,Basic,Email
C09889,2025-01-25 11:51:25,52.0,Female,Bhubaneswar,Odisha,East,Free,Organic
C09890,2025-09-23 00:03:53,44.0,Male,Ahmedabad,Gujarat,West,Free,Email
C09891,2025-02-03 15:29:03,37.0,Male,Jaipur,Rajasthan,North,Free,Organic
C09892,2025-02-14 16:54:33,,Female,Guwahati,Assam,East,Free,Paid Ads
C09893,2025-07-08 10:18:48,57.0,Male,Bengaluru,Karnataka,South,Premium,Organic
C09894,2025-11-12 22:32:29,31.0,Female,Lucknow,Uttar Pradesh,North,Free,Organic
C09895,2025-03-02 14:36:14,27.0,Male,Jaipur,Rajasthan,North,Basic,Email
C09896,2025-07-26 10:42:51,59.0,Female,Guwahati,Assam,East,Basic,Referral
C09897,2025-11-10 16:31:51,32.0,Male,Delhi,Delhi,North,Basic,Paid Ads
C09898,2025-03-27 08:45:27,57.0,Male,Delhi,Delhi,North,Basic,Organic
C09899,2025-03-30 01:31:03,60.0,Male,Hyderabad,Telangana,South,Basic,Paid Ads
C09900,2025-11-18 18:47:04,20.0,Male,Kolkata,West Bengal,East,Free,Paid Ads
C09901,2025-11-29 04:34:56,32.0,Male,Kolkata,West Bengal,East,Basic,Organic
C09902,2025-07-15 05:53:11,48.0,Male,Ahmedabad,Gujarat,West,Free,Referral
C09903,2025-02-13 13:08:01,28.0,Female,Kolkata,West Bengal,East,Basic,Social Media
C09904,2025-09-21 06:41:23,56.0,Male,Lucknow,Uttar Pradesh,North,Free,Paid Ads
C09905,2025-10-18 19:56:00,36.0,Other,Hyderabad,Telangana,South,Free,Paid Ads
C09906,2025-06-23 06:46:51,32.0,Male,Mumbai,Maharashtra,West,Basic,Referral
C09907,2025-06-28 06:44:21,55.0,Female,Hyderabad,Telangana,South,Free,Organic
C09908,2025-03-16 03:44:41,37.0,Female,Kolkata,West Bengal,East,Premium,Social Media
C09909,2025-01-01 00:29:15,39.0,Female,Kolkata,West Bengal,East,Free,Social Media
C09910,2025-08-02 20:56:20,24.0,Male,Kolkata,West Bengal,East,Premium,Referral
C09911,2025-07-10 01:09:18,31.0,Female,Pune,Maharashtra,West,Free,Organic
C09912,2025-11-13 08:52:08,21.0,Male,Bengaluru,Karnataka,South,Free,Paid Ads
C09913,2025-07-19 16:39:28,26.0,Male,Guwahati,Assam,East,Free,Organic
C09914,2025-02-11 08:06:00,56.0,Female,Lucknow,Uttar Pradesh,North,Free,Social Media
C09915,2025-10-11 12:14:43,42.0,Male,Ahmedabad,Gujarat,West,Free,Paid Ads
C09916,2025-02-08 16:57:06,52.0,Male,Chennai,Tamil Nadu,South,Free,Paid Ads
C09917,2025-02-16 09:35:19,54.0,Male,Bhubaneswar,Odisha,East,Free,Email
C09918,2025-11-19 21:49:57,44.0,Male,Guwahati,Assam,East,Free,Paid Ads
C09919,2025-06-24 17:57:26,45.0,Male,Guwahati,Assam,East,Free,Social Media
C09920,2025-02-15 04:58:12,41.0,Female,Pune,Maharashtra,West,Free,Referral
C09921,2025-11-14 12:25:32,50.0,Male,Ahmedabad,Gujarat,West,Basic,Paid Ads
C09922,2025-01-21 09:56:31,50.0,Female,Bengaluru,Karnataka,South,Free,Organic
C09923,2025-11-23 19:52:02,33.0,Female,Delhi,Delhi,North,Premium,Social Media
C09924,2025-06-15 13:43:47,40.0,Female,Lucknow,Uttar Pradesh,North,Basic,Social Media
C09925,2025-02-18 09:49:45,28.0,Female,Delhi,Delhi,North,Basic,Organic
C09926,2025-10-20 22:31:50,57.0,Female,Guwahati,Assam,East,Free,Organic
C09927,2025-03-16 19:41:29,36.0,Male,Pune,Maharashtra,West,Basic,Social Media
C09928,2025-04-19 08:43:33,51.0,Male,Hyderabad,Telangana,South,Free,Email
C09929,2025-01-27 11:18:58,40.0,Female,Chennai,Tamil Nadu,South,Premium,Social Media
C09930,2025-05-31 01:09:02,27.0,Other,Bengaluru,Karnataka,South,Premium,Referral
C09931,2025-10-13 14:58:53,54.0,Female,Bengaluru,Karnataka,South,Basic,Email
C09932,2025-05-30 12:25:58,18.0,Male,Kolkata,West Bengal,East,Basic,Organic
C09933,2025-06-01 00:23:31,19.0,Male,Guwahati,Assam,East,Basic,Organic
C09934,2025-11-04 18:06:01,39.0,Female,Bhubaneswar,Odisha,East,Free,Paid Ads
C09935,2025-03-17 15:21:14,34.0,Female,Pune,Maharashtra,West,Basic,Email
C09936,2025-08-09 12:23:38,41.0,Female,Kolkata,West Bengal,East,Free,Email
C09937,2025-01-25 06:50:15,38.0,Female,Mumbai,Maharashtra,West,Basic,Organic
C09938,2025-05-19 21:51:58,57.0,Female,Jaipur,Rajasthan,North,Free,Paid Ads
C09939,2025-08-31 11:21:26,46.0,Male,Hyderabad,Telangana,South,Free,Organic
C09940,2025-06-24 13:36:54,31.0,Female,Delhi,Delhi,North,Basic,Social Media
C09941,2025-03-27 19:58:00,25.0,Male,Hyderabad,Telangana,South,Free,Paid Ads
C09942,2025-04-10 00:35:23,47.0,Female,Kolkata,West Bengal,East,Basic,Email
C09943,2025-01-29 01:50:08,39.0,Male,Kolkata,West Bengal,East,Basic,Organic
C09944,2025-02-13 18:11:43,40.0,Male,Lucknow,Uttar Pradesh,North,Premium,Social Media
C09945,2025-07-27 18:40:22,,Male,Ahmedabad,Gujarat,West,Free,Paid Ads
C09946,2025-01-31 02:14:38,30.0,Female,Ahmedabad,Gujarat,West,Basic,Organic
C09947,2025-11-09 11:58:42,45.0,Female,Ahmedabad,Gujarat,West,Premium,Paid Ads
C09948,2025-03-11 03:51:55,47.0,Male,Pune,Maharashtra,West,Free,Paid Ads
C09949,2025-06-03 06:25:41,22.0,Female,Jaipur,Rajasthan,North,Basic,Paid Ads
C09950,2025-01-28 07:06:44,27.0,Female,Mumbai,Maharashtra,West,Free,Referral
C09951,2025-11-10 23:49:59,56.0,Female,Delhi,Delhi,North,Free,Referral
C09952,2025-01-13 02:06:09,26.0,Female,Delhi,Delhi,North,Free,Organic
C09953,2025-06-03 09:37:56,31.0,Male,Pune,Maharashtra,West,Basic,Referral
C09954,2025-08-18 15:22:54,55.0,Male,Ahmedabad,Gujarat,West,Free,Referral
C09955,2025-02-12 22:19:46,27.0,Male,Kolkata,West Bengal,East,Free,Organic
C09956,2025-05-28 16:11:25,50.0,Female,Pune,Maharashtra,West,Free,Referral
C09957,2025-11-07 05:42:49,28.0,Male,Delhi,Delhi,North,Free,Social Media
C09958,2025-01-06 12:47:58,57.0,Male,Jaipur,Rajasthan,North,Basic,Social Media
C09959,2025-07-24 14:56:52,,Male,Lucknow,Uttar Pradesh,North,Free,Organic
C09960,2025-07-03 16:04:35,34.0,Male,Bhubaneswar,Odisha,East,Free,Referral
C09961,2025-03-15 16:10:16,53.0,Female,Lucknow,Uttar Pradesh,North,Free,Social Media
C09962,2025-09-25 03:17:42,23.0,Female,Delhi,Delhi,North,Basic,Paid Ads
C09963,2025-06-19 05:49:36,27.0,Male,Ahmedabad,Gujarat,West,Premium,Referral
C09964,2025-09-13 22:52:34,59.0,Female,Jaipur,Rajasthan,North,Basic,Organic
C09965,2025-11-18 08:56:35,22.0,Female,Mumbai,Maharashtra,West,Premium,Paid Ads
C09966,2025-04-11 15:23:31,36.0,Female,Delhi,Delhi,North,Free,Paid Ads
C09967,2025-10-01 10:31:37,24.0,Male,Jaipur,Rajasthan,North,Basic,Organic
C09968,2025-02-18 17:24:37,41.0,Male,Guwahati,Assam,East,Basic,Paid Ads
C09969,2025-10-19 09:09:38,59.0,Female,Jaipur,Rajasthan,North,Basic,Paid Ads
C09970,2025-01-03 15:48:46,36.0,Female,Guwahati,Assam,East,Premium,Organic
C09971,2025-02-03 01:00:20,28.0,Male,Guwahati,Assam,East,Free,Paid Ads
C09972,2025-03-26 07:46:53,20.0,Female,Bengaluru,Karnataka,South,Free,Social Media
C09973,2025-06-22 10:15:34,47.0,Female,Hyderabad,Telangana,South,Premium,Organic
C09974,2025-10-05 01:14:28,60.0,Male,Kolkata,West Bengal,East,Free,Referral
C09975,2025-11-20 18:02:13,55.0,Male,Pune,Maharashtra,West,Free,Organic
C09976,2025-07-14 07:57:11,23.0,Male,Bhubaneswar,Odisha,East,Free,Organic
C09977,2025-10-05 16:08:30,52.0,Female,Mumbai,Maharashtra,West,Free,Email
C09978,2025-02-16 19:08:55,39.0,Other,Bengaluru,Karnataka,South,Free,Referral
C09979,2025-07-14 20:53:53,28.0,Female,Hyderabad,Telangana,South,Premium,Organic
C09980,2025-02-05 19:49:14,25.0,Female,Delhi,Delhi,North,Free,Referral
C09981,2025-03-10 20:10:32,44.0,Female,Pune,Maharashtra,West,Basic,Organic
C09982,2025-07-09 09:16:09,46.0,Male,Delhi,Delhi,North,Free,Email
C09983,2025-06-20 18:40:59,25.0,Male,Mumbai,Maharashtra,West,Free,Organic
C09984,2025-06-12 04:50:35,40.0,Male,Bengaluru,Karnataka,South,Free,Social Media
C09985,2025-05-01 19:10:19,46.0,Female,Hyderabad,Telangana,South,Basic,Organic
C09986,2025-05-13 08:54:05,33.0,Female,Delhi,Delhi,North,Free,Referral
C09987,2025-07-23 03:32:22,52.0,Male,Ahmedabad,Gujarat,West,Basic,Email
C09988,2025-11-02 21:25:22,25.0,Male,Ahmedabad,Gujarat,West,Basic,Organic
C09989,2025-05-28 05:30:27,25.0,Female,Kolkata,West Bengal,East,Free,Organic
C09990,2025-06-07 22:12:37,50.0,Male,Hyderabad,Telangana,South,Free,Referral
C09991,2025-09-16 02:36:38,59.0,Female,Mumbai,Maharashtra,West,Free,Organic
C09992,2025-02-24 05:46:13,22.0,Male,Pune,Maharashtra,West,Basic,Social Media
C09993,2025-05-09 13:34:37,54.0,Female,Pune,Maharashtra,West,Premium,Referral
C09994,2025-07-20 05:13:15,34.0,Female,Hyderabad,Telangana,South,Basic,Paid Ads
C09995,2025-09-25 23:15:29,39.0,Male,Bhubaneswar,Odisha,East,Free,Referral
C09996,2025-06-12 07:48:27,31.0,Female,Bengaluru,Karnataka,South,Premium,Organic
C09997,2025-05-08 09:18:22,55.0,Male,Hyderabad,Telangana,South,Free,Email
C09998,2025-07-16 09:54:06,49.0,Male,Bengaluru,Karnataka,South,Free,Paid Ads
C09999,2025-07-30 12:43:48,31.0,Male,Ahmedabad,Gujarat,West,Basic,Social Media
C10000,2025-01-25 22:09:47,37.0,Female,Guwahati,Assam,East,Free,Organic
